DEPTH,ALCDLC,ALDD,DGDD,DGRCC,R09PC,R15PC,R27PC,R39PC,ROPA,TNDD,TNPL,TNPS,ALCDLC_TR,ALDD_TR,DGDD_TR,DGRCC_TR,R09PC_TR,R15PC_TR,R27PC_TR,R39PC_TR,ROPA_TR,TNDD_TR,TNPL_TR,TNPS_TR,ALCDLC_TR_TR,ALDD_TR_TR,DGDD_TR_TR,DGRCC_TR_TR,R09PC_TR_TR,R15PC_TR_TR,R27PC_TR_TR,R39PC_TR_TR,ROPA_TR_TR,TNDD_TR_TR,TNPL_TR_TR,TNPS_TR_TR,MISSING_FLAG
1535.1252,2.4606,115.791,8.6777,137.2687,1.4648,0.7297,1.2698,2.8109,408.7535,11.1826,0.161309,0.19639,,,,,,,,,,,,,,,,,,,,,,,,,1
1535.2776,2.2339,86.9549,10.2083,128.7834,1.8797,1.1775,1.8782,3.194,430.0049,8.7457,0.172306,0.208186,,,,,,,,,,,,,,,,,,,,,,,,,1
1535.43,2.1371,58.1188,11.7389,98.8315,2.0818,1.6253,2.4866,3.3788,451.2563,6.3087,0.179635,0.219982,,,,,,,,,,,,,,,,,,,,,,,,,1
1535.5824,2.1424,39.1501,13.3972,85.2627,2.2473,1.9349,2.7989,3.1393,468.4772,6.8798,0.191012,0.256333,,,,,,,,,,,,,,,,,,,,,,,,,1
1535.7348,2.1424,28.5639,15.1639,78.235,2.3096,2.1272,2.8596,2.9782,482.2741,10.0063,0.229976,0.313544,,,,,,,,,,,,,,,,,,,,,,,,,1
1535.8872,2.1499,17.9777,16.9307,69.5484,2.2726,2.3194,2.9203,2.9271,496.071,13.1328,0.324041,0.370755,,,,,,,,,,,,,,,,,,,,,,,,,1
1536.0396,2.1731,9.72,17.5738,65.9779,2.2592,2.3658,2.9032,2.8319,486.7889,15.8753,0.392303,0.41801,,,,,,,,,,,,,,,,,,,,,,,,,1
1536.192,2.1078,8.0947,15.0159,65.0097,1.3204,1.9968,2.6648,2.2011,411.7667,17.5241,0.439172,0.436908,,,,,,,,,,,,,,,,,,,,,,,,,1
1536.3444,2.0648,6.4694,12.4581,67.1123,0.7873,1.6277,2.4264,1.7986,336.7444,19.1729,0.445318,0.455806,,,,,,,,,,,,,,,,,,,,,,,,,1
1536.4968,2.2569,4.8441,9.9002,90.7999,0.9454,1.2586,2.188,1.6208,261.7222,20.8217,0.426154,0.474703,,,,,,,,,,,,,,,,,,,,,,,,,1
1536.6492,2.2585,4.7912,9.352,103.4692,1.0352,1.1776,1.8919,1.4729,241.8704,18.6975,0.418626,0.458748,,,,,,,,,,,,,,,,,,,,,,,,,1
1536.8016,2.0097,4.7719,8.8469,93.9984,1.107,1.1026,1.5946,1.2951,223.202,16.4925,0.400952,0.442045,,,,,,,,,,,,,,,,,,,,,,,,,1
1536.954,2.1907,4.7527,8.3419,99.1426,1.1514,1.0277,1.2972,1.2165,204.5335,14.2874,0.381214,0.425342,,,,,,,,,,,,,,,,,,,,,,,,,1
1537.1064,2.3541,39.9674,8.5329,106.7753,1.1573,1.0291,1.209,1.2078,216.1898,11.7487,0.350981,0.403595,,,,,,,,,,,,,,,,,,,,,,,,,1
1537.2588,2.3809,90.4149,9.0248,114.1163,1.1596,1.0634,1.2112,1.1942,240.9564,9.0659,0.321565,0.379668,,,,,,,,,,,,,,,,,,,,,,,,,1
1537.4112,2.3961,140.8623,9.5168,99.6646,1.1586,1.0978,1.2133,1.1805,265.723,6.383,0.303807,0.355742,,,,,,,,,,,,,,,,,,,,,,,,,1
1537.5636,2.4001,177.5994,9.3545,104.0258,1.1579,1.1222,1.2118,1.177,280.9885,5.7547,0.292003,0.340185,,,,,,,,,,,,,,,,,,,,,,,,,1
1537.716,2.4062,195.1936,8.279,130.5027,1.1679,1.1328,1.205,1.1786,282.9883,7.9949,0.287881,0.336314,,,,,,,,,,,,,,,,,,,,,,,,,1
1537.8684,2.4084,212.7878,7.2035,137.7407,1.1736,1.1434,1.1982,1.1764,284.9882,10.2351,0.287572,0.332443,,,,,,,,,,,,,,,,,,,,,,,,,1
1538.0208,2.4049,219.266,6.1949,120.6513,1.1552,1.1526,1.1915,1.1669,287.2011,15.9153,0.287628,0.32925,,,,,,,,,,,,,,,,,,,,,,,,,1
1538.1732,2.4081,155.4139,5.6103,121.4296,1.15,1.1522,1.1847,1.1584,290.7619,43.3598,0.288529,0.330347,,,,,,,,,,,,,,,,,,,,,,,,,1
1538.3256,2.4163,91.5618,5.0257,126.1813,1.153,1.1519,1.178,1.1523,294.3228,70.8043,0.290913,0.331444,,,,,,,,,,,,,,,,,,,,,,,,,1
1538.478,2.4165,27.7097,4.4411,125.8191,1.1503,1.1515,1.1713,1.1501,297.8836,98.2488,0.291043,0.332542,,,,,,,,,,,,,,,,,,,,,,,,,1
1538.6304,2.4155,95.641,4.7289,165.5349,1.1487,1.1525,1.1697,1.1559,343.3271,143.7176,0.290755,0.332074,,,,,,,,,,,,,,,,,,,,,,,,,1
1538.7828,2.4172,185.8057,5.1639,136.0971,1.1613,1.1536,1.1691,1.1592,395.8369,192.2274,0.291346,0.331343,,,,,,,,,,,,,,,,,,,,,,,,,1
1538.9352,2.4243,275.9704,5.5988,167.0268,1.1685,1.1548,1.1684,1.1583,448.3465,240.7371,0.290643,0.330611,,,,,,,,,,,,,,,,,,,,,,,,,1
1539.0876,2.428,307.2069,9.1115,246.4216,1.156,1.1555,1.1685,1.1578,428.6507,225.9855,0.286146,0.329231,,,,,,,,,,,,,,,,,,,,,,,,,1
1539.24,2.4255,294.8528,14.9009,273.7031,1.1437,1.1559,1.1692,1.1573,355.5427,164.4378,0.283326,0.327372,,,,,,,,,,,,,,,,,,,,,,,,,1
1539.3924,2.4245,282.4986,20.6903,274.6634,1.1442,1.1563,1.1699,1.157,282.4346,102.8901,0.283191,0.325513,,,,,,,,,,,,,,,,,,,,,,,,,1
1539.5448,2.427,282.1747,23.777,181.8148,1.1434,1.1563,1.1703,1.1546,235.393,56.1155,0.283619,0.324003,,,,,,,,,,,,,,,,,,,,,,,,,1
1539.6972,2.4284,310.7452,20.3726,124.9485,1.1461,1.1552,1.17,1.1533,250.9575,44.8226,0.282716,0.323332,,,,,,,,,,,,,,,,,,,,,,,,,1
1539.8496,2.4244,339.3157,16.9682,101.3128,1.151,1.1541,1.1696,1.1518,266.522,33.5296,0.281717,0.322662,,,,,,,,,,,,,,,,,,,,,,,,,1
1540.002,2.419,23651694.0,13.5776,89.2244,1.1518,1.153,1.1693,1.1532,281.8478,22.342,0.281181,0.32202,,,,,,,,,,,,,,,,,,,,,,,,,1
1540.1544,2.4152,1825882752.0,11.2263,98.2726,1.1518,1.1522,1.1708,1.1565,279.2274,19.0748,0.280936,0.323575,,,,,,,,,,,,,,,,,,,,,,,,,1
1540.3068,2.4171,3628113920.0,8.8749,103.4111,1.1589,1.1513,1.1722,1.1618,276.607,15.8077,0.283451,0.325129,,,,,,,,,,,,,,,,,,,,,,,,,1
1540.4592,2.4178,5430344704.0,6.5235,100.0808,1.1628,1.1505,1.1736,1.1666,273.9865,12.5405,0.286239,0.326684,,,,,,,,,,,,,,,,,,,,,,,,,1
1540.6116,2.4156,8499657216.0,5.7765,90.9959,1.1595,1.1514,1.1768,1.1853,258.7778,18.0553,0.288658,0.328194,,,,,,,,,,,,,,,,,,,,,,,,,1
1540.764,2.4159,12032202752.0,5.6161,89.4766,1.1566,1.1528,1.1805,1.1893,238.9669,26.7809,0.289791,0.329687,,,,,,,,,,,,,,,,,,,,,,,,,1
1540.9164,2.4146,15564748800.0,5.4556,90.9338,1.1587,1.1543,1.1843,1.1883,219.156,35.5064,0.290857,0.331181,,,,,,,,,,,,,,,,,,,,,,,,,1
1541.0688,2.4134,15269639168.0,5.6146,99.4183,1.1635,1.1584,1.19,1.1971,209.5421,37.6132,0.292038,0.331849,,,,,,,,,,,,,,,,,,,,,,,,,1
1541.2212,2.4135,10323480576.0,6.1616,95.6015,1.1653,1.1656,1.198,1.2042,212.3187,31.6777,0.292336,0.331513,,,,,,,,,,,,,,,,,,,,,,,,,1
1541.3736,2.416,5377322496.0,6.7086,98.0256,1.1735,1.1729,1.206,1.2154,215.0953,25.7421,0.291216,0.331178,,,,,,,,,,,,,,,,,,,,,,,,,1
1541.526,2.4156,1208697344.0,7.234,103.4796,1.1781,1.1834,1.2166,1.2474,224.9066,19.9827,0.289324,0.330411,,,,,,,,,,,,,,,,,,,,,,,,,1
1541.6784,2.4145,820078208.0,7.6542,102.6263,1.1897,1.2099,1.2398,1.2837,268.9177,15.0793,0.283498,0.327546,,,,,,,,,,,,,,,,,,,,,,,,,1
1541.8308,2.4121,431459168.0,8.0744,93.4972,1.1963,1.2365,1.2629,1.3098,312.9287,10.1759,0.280409,0.324681,,,,,,,,,,,,,,,,,,,,,,,,,1
1541.9832,2.4125,42840104.0,8.4946,95.8675,1.2542,1.263,1.2861,1.3212,356.9397,5.2725,0.281576,0.321816,,,,,,,,,,,,,,,,,,,,,,,,,1
1542.1356,2.413,180.1351,8.4779,104.2041,1.2703,1.2703,1.2941,1.3157,362.886,26.508,0.281854,0.318842,,,,,,,,,,,,,,,,,,,,,,,,,1
1542.288,2.4119,147.4675,8.4072,99.9299,1.2606,1.2753,1.3001,1.3053,364.1164,50.9819,0.276051,0.315855,,,,,,,,,,,,,,,,,,,,,,,,,1
1542.4404,2.4094,114.7999,8.3364,103.9733,1.2436,1.2803,1.3061,1.3015,365.3467,75.4558,0.272135,0.312868,,,,,,,,,,,,,,,,,,,,,,,,,1
1542.5928,2.407,44956572.0,9.3298,94.6851,1.1875,1.2778,1.3028,1.2701,346.3813,132.8773,0.270106,0.311514,,,,,,,,,,,,,,,,,,,,,,,,,1
1542.7452,2.4007,118785952.0,11.0067,85.7389,1.1604,1.2705,1.2934,1.2523,314.4452,211.459,0.269646,0.31121,,,,,,,,,,,,,,,,,,,,,,,,,1
1542.8976,2.3993,192615328.0,12.6836,90.3999,1.144,1.2633,1.2841,1.1906,282.5092,290.0408,0.270219,0.310905,,,,,,,,,,,,,,,,,,,,,,,,,1
1543.05,2.4017,253367856.0,13.2084,91.5374,1.1339,1.2714,1.3009,1.1548,262.3396,327.2133,0.26989,0.31099,,,,,,,,,,,,,,,,,,,,,,,,,1
1543.2024,2.406,287339008.0,11.3739,99.5434,1.1248,1.3109,1.3714,1.2039,266.2679,279.5798,0.270429,0.311874,,,,,,,,,,,,,,,,,,,,,,,,,1
1543.3548,2.4172,321310176.0,9.5394,108.1405,1.1181,1.3505,1.4419,1.3682,270.1961,231.9464,0.272431,0.312758,,,,,,,,,,,,,,,,,,,,,,,,,1
1543.5072,2.4695,348583488.0,7.7397,110.0974,1.6595,1.3933,1.5166,2.1531,272.8362,186.3462,0.267879,0.313181,,,,,,,,,,,,,,,,,,,,,,,,,1
1543.6596,2.497,240782944.0,6.6443,112.7525,2.0424,1.5007,1.6745,2.394,249.4962,181.7504,0.257593,0.304311,,,,,,,,,,,,,,,,,,,,,,,,,1
1543.812,2.4854,132982408.0,5.5489,114.2604,1.8577,1.6082,1.8325,2.2059,226.1562,177.1546,0.246676,0.295442,,,,,,,,,,,,,,,,,,,,,,,,,1
1543.9644,2.4617,25181880.0,4.4535,98.3148,1.6147,1.7157,1.9904,1.9976,202.8162,172.5589,0.241971,0.286572,,,,,,,,,,,,,,,,,,,,,,,,,1
1544.1168,2.45,134.5031,5.4256,89.2593,1.9856,1.8265,2.0865,2.0708,207.5633,973970496.0,0.242074,0.283893,,,,,,,,,,,,,,,,,,,,,,,,,1
1544.2692,2.4752,143.9227,7.0278,93.3669,2.6882,1.9384,2.1638,2.4477,220.8712,2244801536.0,0.239976,0.2831,,,,,,,,,,,,,,,,,,,,,,,,,1
1544.4216,2.4859,153.3423,8.63,88.8485,2.8747,2.0503,2.2411,1.8526,234.1792,3515632640.0,0.238919,0.282308,,,,,,,,,,,,,,,,,,,,,,,,,1
1544.574,2.4373,152.7458,11.2591,79.7415,1.8955,2.0355,2.1883,1.2177,224.1601,4417326080.0,0.243756,0.285023,,,,,,,,,,,,,,,,,,,,,,,,,1
1544.7264,2.4032,141.5376,14.9761,83.9474,1.2769,1.8866,1.9978,0.9561,189.4272,4927933440.0,0.247867,0.291454,,,,,,,,,,,,,,,,,,,,,,,,,1
1544.8788,2.4083,130.3293,18.693,83.6964,1.3628,1.7377,1.8073,1.18,154.6943,5438540800.0,0.259479,0.297885,,,,,,,,,,,,,,,,,,,,,,,,,1
1545.0312,2.4394,120.201,22.267,83.3913,1.4898,1.6285,1.6568,1.4661,127.3453,5479910400.0,0.267258,0.301852,,,,,,,,,,,,,,,,,,,,,,,,,1
1545.1836,2.4969,114.2679,25.2859,80.2011,2.8305,1.6732,1.6615,1.8117,128.6801,3698471936.0,0.258187,0.296244,,,,,,,,,,,,,,,,,,,,,,,,,1
1545.336,2.5481,108.3347,28.3047,77.1814,4.4003,1.718,1.6662,2.2098,130.015,1917033600.0,0.248099,0.290635,,,,,,,,,,,,,,,,,,,,,,,,,1
1545.4884,2.5331,102.4015,31.3235,75.2535,2.5903,1.7628,1.6709,1.7877,131.3498,135595216.0,0.244133,0.285027,,,,,,,,,,,,,,,,,,,,,,,,,1
1545.6408,2.4708,110.0373,27.8477,72.1329,1.3748,1.7213,1.6802,1.3656,141.5076,159.611,0.24668,0.288655,,,,,,,,,,,,,,,,,,,,,,,,,1
1545.7932,2.428,118.791,23.8368,69.1176,1.6331,1.6726,1.6899,1.394,152.3923,145.776,0.253894,0.293044,,,,,,,,,,,,,,,,,,,,,,,,,1
1545.9456,2.4163,127.5447,19.8259,78.6451,1.5946,1.624,1.6996,1.3255,163.277,131.9409,0.258813,0.297433,,,,,,,,,,,,,,,,,,,,,,,,,1
1546.098,2.3956,125.4369,15.9143,90.7631,1.3833,1.5185,1.6069,1.1858,173.5304,126.6723,0.263408,0.302508,,,,,,,,,,,,,,,,,,,,,,,,,1
1546.2504,2.3754,117.2999,12.0578,86.7868,1.2776,1.3814,1.4574,1.1178,183.4333,126.1589,0.267887,0.307964,,,,,,,,,,,,,,,,,,,,,,,,,1
1546.4028,2.3664,109.1629,8.2013,76.6235,1.2065,1.2444,1.3079,1.0751,193.3362,125.6455,0.274339,0.31342,,,,,,,,,,,,,,,,,,,,,,,,,1
1546.5552,2.362,102.927,5.5687,75.0135,1.138,1.1449,1.201,1.0558,178.8292,41606448.0,0.279432,0.317827,,,,,,,,,,,,,,,,,,,,,,,,,1
1546.7076,2.3586,100.0389,5.0912,80.7225,1.1278,1.1115,1.1689,1.0859,121.3397,156476080.0,0.281912,0.320388,,,,,,,,,,,,,,,,,,,,,,,,,1
1546.86,2.3636,97.1508,4.6136,76.0116,1.1251,1.078,1.1368,1.101,63.8501,271345696.0,0.283174,0.322948,,,,,,,,,,,,,,,,,,,,,,,,,1
1547.0124,2.3664,97.1604,4.2303,71.8166,1.0505,1.0469,1.1059,1.041,10.882,372263136.0,0.285158,0.325397,,,,,,,,,,,,,,,,,,,,,,,,,1
1547.1648,2.3658,129.8855,4.9114,71.5607,1.0249,1.0426,1.0881,0.9977,8.9627,315655616.0,0.28661,0.326585,,,,,,,,,,,,,,,,,,,,,,,,,1
1547.3172,2.3664,162.6106,5.5925,73.1042,1.078,1.0382,1.0703,1.049,7.0434,259048128.0,0.28875,0.327774,,,,,,,,,,,,,,,,,,,,,,,,,1
1547.4696,2.3669,195.3358,6.2736,77.7855,1.0831,1.0338,1.0525,1.0333,5.1242,202440624.0,0.288652,0.328963,,,,,,,,,,,,,,,,,,,,,,,,,1
1547.622,2.3641,176.1197,5.7231,79.4908,1.0336,1.0217,1.0401,1.0188,55.3265,144508544.0,0.288191,0.329493,,,,,,,,,,,,,,,,,,,,,,,,,1
1547.7744,2.3652,143.9609,4.8657,79.2439,1.0367,1.0078,1.029,1.0505,118.5165,86246400.0,0.289576,0.329859,,,,,,,,,,,,,,,,,,,,,,,,,1
1547.9268,2.369,111.8021,4.0083,79.2355,1.0571,0.9938,1.0179,1.0331,181.7065,27984264.0,0.290172,0.330224,,,,,,,,,,,,,,,,,,,,,,,,,1
1548.0792,2.372,95.5136,3.7859,78.7238,1.0597,0.9884,1.0154,1.0121,219.603,90.7404,0.288888,0.330099,,,,,,,,,,,,,,,,,,,,,,,,,1
1548.2316,2.3698,93.8931,4.1504,77.9214,1.0595,0.991,1.0208,0.9684,234.1223,96.2058,0.287754,0.32952,,,,,,,,,,,,,,,,,,,,,,,,,1
1548.384,2.3693,92.2725,4.515,79.2084,1.0277,0.9936,1.0262,0.9943,248.6416,101.6713,0.287755,0.328941,,,,,,,,,,,,,,,,,,,,,,,,,1
1548.5364,2.3652,102.0325,12.7419,80.0542,1.017,0.996,1.0373,1.0265,252.1557,107.9551,0.288219,0.328136,,,,,,,,,,,,,,,,,,,,,,,,,1
1548.6888,2.3613,148.0604,46.0251,70.5255,1.062,0.9979,1.0668,1.0367,220.5987,116.8472,0.287316,0.326612,,,,,,,,,,,,,,,,,,,,,,,,,1
1548.8412,2.3607,194.0882,79.3083,76.2773,1.0722,0.9997,1.0962,1.0354,189.0416,125.7393,0.284787,0.325088,,,,,,,,,,,,,,,,,,,,,,,,,1
1548.9936,2.3542,240.1161,112.5915,82.6078,1.2899,1.0015,1.1257,1.0528,157.4845,134.6314,0.282488,0.323564,,,,,,,,,,,,,,,,,,,,,,,,,1
1549.146,2.353,197.485,178.3478,80.4422,1.1558,0.9471,1.0715,1.1631,179.2533,119.0401,0.279887,0.32058,,,,,,,,,,,,,,,,,,,,,,,,,1
1549.2984,2.3387,150.9675,245.5276,71.657,0.9592,0.8903,1.0136,1.0415,203.3596,102.3756,0.275739,0.317532,,,,,,,,,,,,,,,,,,,,,,,,,1
1549.4508,2.326,104.4501,312.7074,66.3739,0.931,0.8335,0.9558,0.8496,227.4659,85.7111,0.273362,0.314484,,,,,,,,,,,,,,,,,,,,,,,,,1
1549.6032,2.333,116.9804,307.5354,63.8541,0.8102,0.814,0.9323,0.8121,253.9807,94.1996,0.272171,0.313789,,,,,,,,,,,,,,,,,,,,,,,,,1
1549.7556,2.3606,157.6615,267.8701,64.4834,0.7786,0.8123,0.9253,1.0098,281.6437,114.6797,0.272083,0.314216,,,,,,,,,,,,,,,,,,,,,,,,,1
1549.908,2.3435,198.3426,228.2047,71.6317,1.0491,0.8107,0.9183,1.0072,309.3067,135.1599,0.273831,0.314642,,,,,,,,,,,,,,,,,,,,,,,,,1
1550.0604,2.2959,213.8255,203.7029,76.6879,0.9887,0.8003,0.9085,0.8547,339.4566,148.8878,0.275784,0.31496,,,,,,,,,,,,,,,,,,,,,,,,,1
1550.2128,2.2837,190.9272,202.2977,71.2317,0.8028,0.7767,0.8947,0.8377,373.3943,152.3311,0.2764,0.315113,,,,,,,,,,,,,,,,,,,,,,,,,1
1550.3652,2.2909,168.0289,200.8926,63.3323,0.7235,0.753,0.8808,0.856,407.3319,155.7744,0.275826,0.315265,,,,,,,,,,,,,,,,,,,,,,,,,1
1550.5176,2.3093,149.0,273176288.0,62.5294,0.715,0.7352,0.8705,0.876,433.1899,157.2969,0.274926,0.315481,,,,,,,,,,,,,,,,,,,,,,,,,1
1550.67,2.3154,159.6078,2638632960.0,65.8702,0.6516,0.7617,0.8866,0.9136,397.1649,144.1083,0.27409,0.316182,,,,,,,,,,,,,,,,,,,,,,,,,1
1550.8224,2.3172,170.2156,5004089344.0,72.529,0.5994,0.7882,0.9026,0.8897,361.1398,130.9196,0.275076,0.316883,,,,,,,,,,,,,,,,,,,,,,,,,1
1550.9748,2.3338,180.8233,7369546240.0,77.0031,0.6812,0.8147,0.9187,0.803,325.1148,117.731,0.278734,0.317584,,,,,,,,,,,,,,,,,,,,,,,,,1
1551.1272,2.3657,157.7066,8057278976.0,79.0537,0.8823,0.9776,1.0164,0.9933,306.8737,109.7418,0.280336,0.312103,,,,,,,,,,,,,,,,,,,,,,,,,1
1551.2796,2.3806,127.9085,8412633088.0,81.5534,0.8808,1.1675,1.1303,1.0581,292.1559,102.7826,0.273093,0.305398,,,,,,,,,,,,,,,,,,,,,,,,,1
1551.432,2.3864,98.1104,8767986688.0,84.8936,0.8278,1.3575,1.2442,0.9926,277.4381,95.8234,0.261793,0.298692,,,,,,,,,,,,,,,,,,,,,,,,,1
1551.5844,2.4162,77.9719,7419743232.0,87.1384,1.0797,1.587,1.4457,1.1361,259.2661,115.0346,0.242329,0.287074,,,,,,,,,,,,,,,,,,,,,,,,,1
1551.7368,2.4614,65.6159,4698932736.0,84.0583,1.9773,1.8486,1.7177,1.6541,238.311,155.3309,0.22499,0.271499,,,,,,,,,,,,,,,,,,,,,,,,,1
1551.8892,2.4935,53.2598,1978122240.0,76.687,2.0778,2.1101,1.9897,2.126,217.3559,195.6272,0.208046,0.255924,,,,,,,,,,,,,,,,,,,,,,,,,1
1552.0416,2.4905,52.0813,218.9918,72.2949,2.0844,2.2861,2.1628,2.1592,223.0668,276.234,0.200881,0.244974,,,,,,,,,,,,,,,,,,,,,,,,,1
1552.194,2.4745,80.6734,203.962,67.4876,2.0956,2.234,2.0725,2.1685,299.8014,464.2061,0.202294,0.246346,,,,,,,,,,,,,,,,,,,,,,,,,1
1552.3464,2.46,109.2655,188.9322,65.8528,1.987,2.182,1.9822,2.0062,376.5361,652.1782,0.204731,0.247718,,,,,,,,,,,,,,,,,,,,,,,,,1
1552.4988,2.439,137.8576,173.9025,70.3318,1.82,2.1299,1.8918,1.8029,453.2708,840.1503,0.209491,0.249089,,,,,,,,,,,,,,,,,,,,,,,,,1
1552.6512,2.4223,127.2079,184.9157,72.9202,1.7325,2.1012,1.9519,1.7666,431.4032,625.2716,0.212976,0.250824,,,,,,,,,,,,,,,,,,,,,,,,,1
1552.8036,2.4271,116.2468,196.1357,72.9313,1.7931,2.0727,2.0132,1.9554,408.753,407.1957,0.215103,0.252561,,,,,,,,,,,,,,,,,,,,,,,,,1
1552.956,2.4462,105.2856,207.3556,73.3117,1.8543,2.0441,2.0745,2.09,386.1028,189.1198,0.215262,0.254298,,,,,,,,,,,,,,,,,,,,,,,,,1
1553.1084,2.4617,85.9312,96422520.0,69.6203,1.9103,2.1196,2.1981,2.2163,380.159,118.4258,0.212094,0.251223,,,,,,,,,,,,,,,,,,,,,,,,,1
1553.2608,2.4584,63.17,231983024.0,66.8873,1.9737,2.2372,2.3469,2.2172,380.9963,107.5547,0.208395,0.246194,,,,,,,,,,,,,,,,,,,,,,,,,1
1553.4132,2.4543,40.4088,367543552.0,67.1026,2.1755,2.3549,2.4957,2.3189,381.8337,96.6836,0.201077,0.241164,,,,,,,,,,,,,,,,,,,,,,,,,1
1553.5656,2.4594,25.46,406293824.0,64.781,2.3977,2.5471,2.7065,2.5411,414.0338,92.8244,0.19473,0.234797,,,,,,,,,,,,,,,,,,,,,,,,,1
1553.718,2.4755,20.8486,316947680.0,60.3827,2.7807,2.8378,2.9992,3.6198,487.7322,98.2431,0.184043,0.226659,,,,,,,,,,,,,,,,,,,,,,,,,1
1553.8704,2.4978,16.2372,227601536.0,52.2737,3.9122,3.1286,3.2919,5.1059,561.4305,103.6618,0.172777,0.218521,,,,,,,,,,,,,,,,,,,,,,,,,1
1554.0228,2.5123,12.435,144708160.0,47.6656,4.9285,3.3641,3.5166,4.7508,625.6243,107.5829,0.168726,0.212042,,,,,,,,,,,,,,,,,,,,,,,,,1
1554.1752,2.5062,13.2325,98493768.0,53.0878,3.4482,3.2853,3.3552,2.5828,635.7916,102.9918,0.16891,0.214999,,,,,,,,,,,,,,,,,,,,,,,,,1
1554.3276,2.4828,14.03,52279368.0,60.0694,2.5941,3.2064,3.1937,1.9773,645.9589,98.4006,0.172453,0.217955,,,,,,,,,,,,,,,,,,,,,,,,,1
1554.48,2.4793,14.8274,6064971.0,64.902,3.8678,3.1275,3.0322,4.074,656.1263,93.8094,0.181635,0.220912,,,,,,,,,,,,,,,,,,,,,,,,,1
1554.6324,2.4884,18.4337,94.7499,69.2252,3.9782,3.0234,3.04,4.541,580.3522,102.1809,0.188096,0.225802,,,,,,,,,,,,,,,,,,,,,,,,,1
1554.7848,2.4819,22.4643,100.6041,94.3882,2.4411,2.9154,3.0735,2.8014,491.5961,112.5106,0.193482,0.230983,,,,,,,,,,,,,,,,,,,,,,,,,1
1554.9372,2.4654,26.4948,106.4584,109.1339,1.8427,2.8074,3.1069,2.3025,402.8399,122.8402,0.197841,0.236165,,,,,,,,,,,,,,,,,,,,,,,,,1
1555.0896,2.4604,34.234,108.622,92.7776,2.683,2.9305,3.4033,3.6603,373.7448,120.3456,0.199064,0.235988,,,,,,,,,,,,,,,,,,,,,,,,,1
1555.242,2.4619,44.5726,108.1987,72.9937,2.8139,3.2155,3.8839,4.1546,386.4655,108.8625,0.194954,0.232056,,,,,,,,,,,,,,,,,,,,,,,,,1
1555.3944,2.4475,54.9112,107.7755,67.1497,2.4824,3.5005,4.3645,3.4607,399.1862,97.3794,0.187434,0.228124,,,,,,,,,,,,,,,,,,,,,,,,,1
1555.5468,2.433,64.7049,106.1221,69.8085,2.1343,4.4859,6.0775,2.6907,424.5413,89.4153,0.184691,0.221375,,,,,,,,,,,,,,,,,,,,,,,,,1
1555.6992,2.434,73.2691,101.6932,75.899,2.4288,7.0516,10.5713,2.6544,478.405,89.3915,0.177465,0.208269,,,,,,,,,,,,,,,,,,,,,,,,,1
1555.8516,2.4476,81.8334,97.2642,76.1721,4.7999,9.6173,15.0651,9.3322,532.2687,89.3677,0.166412,0.195162,,,,,,,,,,,,,,,,,,,,,,,,,1
1556.004,2.5052,89.6547,95.7754,55.2902,12.875,12.1356,19.4057,27.4932,584.6182,91.4093,0.134437,0.181997,,,,,,,,,,,,,,,,,,,,,,,,,1
1556.1564,2.5756,69.9107,203.3659,41.2865,13.5774,12.8932,18.0613,24.8112,580.7936,170.0802,0.107211,0.166635,,,,,,,,,,,,,,,,,,,,,,,,,1
1556.3088,2.5756,50.1667,310.9565,39.9447,12.6291,13.6509,16.7168,15.1378,576.9689,248.7511,0.094422,0.151273,,,,,,,,,,,,,,,,,,,,,,,,,1
1556.4612,2.5478,30.4228,418.547,40.1051,12.1237,14.4085,15.3724,12.5598,573.1443,327.4219,0.090609,0.135911,,,,,,,,,,,,,,,,,,,,,,,,,1
1556.6136,2.5384,23.4256,412.616,40.0879,18.5567,14.7417,15.8369,22.182,545.3005,296.5068,0.09101,0.132273,,,,,,,,,,,,,,,,,,,,,,,,,1
1556.766,2.5581,20.7821,367.9118,48.8434,28.793,14.93,16.9193,29.7528,509.2528,228.1627,0.092002,0.132638,,,,,,,,,,,,,,,,,,,,,,,,,1
1556.9184,2.5478,18.1386,323.2076,74.608,17.1414,15.1182,18.0017,17.2118,473.2052,159.8185,0.092336,0.133004,,,,,,,,,,,,,,,,,,,,,,,,,1
1557.0708,2.5099,16.4747,264.638,69.3699,16.4633,16.6356,20.522,17.0388,437.7269,108.4841,0.093767,0.13211,,,,,,,,,,,,,,,,,,,,,,,,,1
1557.2232,2.5169,15.9397,190.0878,53.5512,31.8784,19.6849,24.6995,38.2804,402.9047,76.754,0.093197,0.129763,,,,,,,,,,,,,,,,,,,,,,,,,1
1557.3756,2.5691,15.4048,115.5377,53.6774,32.1758,22.7342,28.877,36.433,368.0825,45.0239,0.086405,0.127416,,,,,,,,,,,,,,,,,,,,,,,,,1
1557.528,2.5942,15.0968,55.7605,64.1851,17.0071,24.2982,31.0497,19.0896,333.2525,18.7732,0.082043,0.126872,,,,,,,,,,,,,,,,,,,,,,,,,1
1557.6804,2.5709,15.7975,61.6176,72.151,12.3974,19.2634,24.3152,12.5121,298.3877,16.8663,0.088324,0.13434,,,,,,,,,,,,,,,,,,,,,,,,,1
1557.8328,2.5465,16.4982,67.4746,68.5226,13.0565,14.2286,17.5808,12.2773,263.5229,14.9594,0.098514,0.141807,,,,,,,,,,,,,,,,,,,,,,,,,1
1557.9852,2.5284,17.199,73.3317,61.3344,8.7397,9.1938,10.8463,7.7865,228.6581,13.0526,0.10969,0.149275,,,,,,,,,,,,,,,,,,,,,,,,,1
1558.1376,2.5213,26.1086,79.3739,55.8089,6.36,8.0801,9.4343,5.6091,226.4137,13.6591,0.116743,0.152642,,,,,,,,,,,,,,,,,,,,,,,,,1
1558.29,2.5146,35.9012,85.4361,49.0957,6.3557,7.3882,8.5948,6.9709,227.6779,14.536,0.119703,0.155568,,,,,,,,,,,,,,,,,,,,,,,,,1
1558.4424,2.5134,45.6939,91.4982,45.9013,7.3765,6.6962,7.7553,7.8381,228.9421,15.4129,0.119097,0.158494,,,,,,,,,,,,,,,,,,,,,,,,,1
1558.5948,2.5121,46.9169,93.5139,43.9148,6.9959,7.1395,7.9596,7.6074,260.944,15.505,0.115749,0.157211,,,,,,,,,,,,,,,,,,,,,,,,,1
1558.7472,2.497,42.933,93.0711,44.2513,5.6348,8.2726,8.798,7.1691,311.6221,15.1202,0.112131,0.153371,,,,,,,,,,,,,,,,,,,,,,,,,1
1558.8996,2.4856,38.9491,92.6283,42.6304,5.6038,9.4057,9.6364,7.0216,362.3001,14.7355,0.10803,0.14953,,,,,,,,,,,,,,,,,,,,,,,,,1
1559.052,2.4921,34.0075,90.9312,38.3601,6.5431,10.3482,10.5525,10.3175,394.7024,19.399,0.103083,0.14595,,,,,,,,,,,,,,,,,,,,,,,,,1
1559.2044,2.5513,27.2167,86.8124,39.3519,19.0142,10.9227,11.6183,11.6315,391.8186,33.8098,0.096098,0.142871,,,,,,,,,,,,,,,,,,,,,,,,,1
1559.3568,2.5864,20.4259,82.6936,44.9949,20.4397,11.4971,12.6841,17.0087,388.9348,48.2205,0.092881,0.139793,,,,,,,,,,,,,,,,,,,,,,,,,1
1559.5092,2.5601,14.0626,78.6901,52.2412,14.1663,11.9723,13.6245,12.196,387.4327,61.644,0.095761,0.137003,,,,,,,,,,,,,,,,,,,,,,,,,1
1559.6616,2.5483,14.3519,76.4825,54.0896,11.0797,10.9024,12.6126,7.4963,407.4369,59.7003,0.099669,0.13871,,,,,,,,,,,,,,,,,,,,,,,,,1
1559.814,2.5554,14.6413,74.2749,51.9955,10.2708,9.8325,11.6008,9.0249,427.4411,57.7566,0.102367,0.140417,,,,,,,,,,,,,,,,,,,,,,,,,1
1559.9664,2.5633,14.9307,72.0672,48.4784,9.0159,8.7626,10.5889,9.3191,447.4453,55.8129,0.102116,0.142124,,,,,,,,,,,,,,,,,,,,,,,,,1
1560.1188,2.5611,16.5441,72.823,46.6629,10.1871,8.4928,10.182,10.9891,395.8419,45.5788,0.097928,0.140053,,,,,,,,,,,,,,,,,,,,,,,,,1
1560.2712,2.5666,18.532,74.417,45.1026,10.0796,8.4493,9.9463,10.7946,323.9857,33.0,0.092583,0.136913,,,,,,,,,,,,,,,,,,,,,,,,,1
1560.4236,2.5628,20.5199,76.0109,46.4311,8.2964,8.4058,9.7105,8.2275,252.1296,20.4211,0.090445,0.133774,,,,,,,,,,,,,,,,,,,,,,,,,1
1560.576,2.5493,20.2856,81.3547,43.5469,8.5298,8.2864,9.4579,8.6971,205.7319,15.4252,0.092022,0.132793,,,,,,,,,,,,,,,,,,,,,,,,,1
1560.7284,2.5519,17.8176,90.4679,42.2536,9.8354,8.0907,9.1883,10.5463,184.9268,18.0521,0.093829,0.133982,,,,,,,,,,,,,,,,,,,,,,,,,1
1560.8808,2.5559,15.3496,99.5812,43.3705,9.87,7.8951,8.9187,9.6762,164.1217,20.679,0.094555,0.13517,,,,,,,,,,,,,,,,,,,,,,,,,1
1561.0332,2.55,13.3737,107.8661,43.6769,8.4391,7.6669,8.71,7.9748,158.3987,35.4178,0.095019,0.136644,,,,,,,,,,,,,,,,,,,,,,,,,1
1561.1856,2.5439,13.1647,113.1774,43.6873,8.024,7.3224,8.7194,9.5451,206.8254,93.6426,0.097751,0.139144,,,,,,,,,,,,,,,,,,,,,,,,,1
1561.338,2.541,12.9556,118.4887,46.1319,8.622,6.9779,8.7289,10.1055,255.2521,151.8673,0.100348,0.141643,,,,,,,,,,,,,,,,,,,,,,,,,1
1561.4904,2.526,12.7465,123.8,49.2745,6.6377,6.6334,8.7383,8.4583,303.6788,210.092,0.103296,0.144143,,,,,,,,,,,,,,,,,,,,,,,,,1
1561.6428,2.517,12.7568,110.1165,49.8649,8.816,6.5412,8.8723,13.725,288.7596,262.2221,0.107853,0.152982,,,,,,,,,,,,,,,,,,,,,,,,,1
1561.7952,2.5517,12.7818,95.1561,56.3699,11.4998,6.4659,9.0147,14.4366,269.5818,313.9426,0.117991,0.162248,,,,,,,,,,,,,,,,,,,,,,,,,1
1561.9476,2.5383,12.8069,80.1956,64.1174,7.5293,6.3906,9.157,8.0652,250.4039,365.663,0.128249,0.171514,,,,,,,,,,,,,,,,,,,,,,,,,1
1562.1,2.4767,12.543,71.1728,68.2358,4.2747,7.3305,10.4209,4.6895,229.0926,660.9628,0.144475,0.17744,,,,,,,,,,,,,,,,,,,,,,,,,1
1562.2524,2.4403,12.1278,65.2613,72.8165,3.3658,8.8025,12.2725,3.9309,206.6633,1083.8983,0.153813,0.181616,,,,,,,,,,,,,,,,,,,,,,,,,1
1562.4048,2.4267,11.7125,59.3498,63.7256,3.3984,10.2744,14.124,5.3089,184.234,1506.8337,0.150882,0.185792,,,,,,,,,,,,,,,,,,,,,,,,,1
1562.5572,2.4533,11.4314,63.6739,51.8493,7.1247,16.0898,22.8055,13.7351,175.5964,1633.8517,0.142732,0.182794,,,,,,,,,,,,,,,,,,,,,,,,,1
1562.7096,2.5057,11.3735,85.0334,49.8893,8.1509,29.1342,42.8542,15.2051,189.9129,1268.3634,0.123391,0.167859,,,,,,,,,,,,,,,,,,,,,,,,,1
1562.862,2.5489,11.3156,106.3928,48.8132,21.325,42.1785,62.903,37.3171,204.2294,902.8752,0.108687,0.152924,,,,,,,,,,,,,,,,,,,,,,,,,1
1563.0144,2.5886,11.2622,124.1597,59.3481,63.4393,53.2399,79.7381,77.0562,212.5287,555.929,0.0893,0.138504,,,,,,,,,,,,,,,,,,,,,,,,,1
1563.1668,2.5957,11.2516,107.4975,68.5739,42.0036,45.2984,65.7754,52.4199,163.1632,386.6772,0.075253,0.129025,,,,,,,,,,,,,,,,,,,,,,,,,1
1563.3192,2.5741,11.241,90.8352,60.8243,34.7151,37.3568,51.8126,30.1191,113.7978,217.4254,0.070842,0.119546,,,,,,,,,,,,,,,,,,,,,,,,,1
1563.4716,2.5752,11.2304,74.1729,52.1864,32.8462,29.4153,37.8499,25.2321,64.4324,48.1736,0.068369,0.110066,,,,,,,,,,,,,,,,,,,,,,,,,1
1563.624,2.5767,11.4834,58.0297,47.8832,21.954,23.3872,29.5594,17.8802,58.0138,16.6289,0.069286,0.116608,,,,,,,,,,,,,,,,,,,,,,,,,1
1563.7764,2.5678,11.7968,42.0054,46.8957,27.4415,17.7973,22.5681,24.5913,61.4314,16.6236,0.079994,0.126819,,,,,,,,,,,,,,,,,,,,,,,,,1
1563.9288,2.5519,12.1103,25.981,53.1403,19.9111,12.2074,15.5768,18.3888,64.849,16.6184,0.094046,0.13703,,,,,,,,,,,,,,,,,,,,,,,,,1
1564.0812,2.5176,12.3812,17.5804,65.4447,9.9515,9.4358,12.1009,8.8402,91.1698,17.4871,0.116567,0.148458,,,,,,,,,,,,,,,,,,,,,,,,,1
1564.2336,2.4842,12.6149,15.8645,75.2608,5.3968,9.1354,11.7074,5.2341,137.5732,19.1222,0.132914,0.160955,,,,,,,,,,,,,,,,,,,,,,,,,1
1564.386,2.4621,12.8485,14.1486,83.4223,4.2791,8.835,11.314,4.9556,183.9765,20.7574,0.141857,0.173452,,,,,,,,,,,,,,,,,,,,,,,,,1
1564.5384,2.4817,12.9971,13.0413,83.2303,8.3639,11.4295,15.4118,14.5126,207.0063,21.2636,0.141839,0.178545,,,,,,,,,,,,,,,,,,,,,,,,,1
1564.6908,2.5426,12.893,13.7405,71.1547,16.5311,22.6183,32.8431,31.4349,160.646,18.4184,0.119946,0.161659,,,,,,,,,,,,,,,,,,,,,,,,,1
1564.8432,2.5818,12.7889,14.4398,56.8117,71.7681,33.8072,50.2743,118.3944,114.2856,15.5732,0.098231,0.144773,,,,,,,,,,,,,,,,,,,,,,,,,1
1564.9956,2.6016,12.6848,15.139,42.8995,74.7172,44.996,67.7055,105.8016,67.9253,12.7279,0.081876,0.127888,,,,,,,,,,,,,,,,,,,,,,,,,1
1565.148,2.6036,12.817,15.177,37.9736,55.9142,37.2626,54.2274,48.5818,48.6028,12.5956,0.075071,0.127903,,,,,,,,,,,,,,,,,,,,,,,,,1
1565.3004,2.5505,12.9561,15.1954,49.3817,27.1379,28.9668,39.8303,19.0336,30.0841,12.5439,0.079957,0.128421,,,,,,,,,,,,,,,,,,,,,,,,,1
1565.4528,2.5174,13.0953,15.2137,58.085,13.8065,20.6709,25.4331,13.6202,11.5654,12.4922,0.086891,0.12894,,,,,,,,,,,,,,,,,,,,,,,,,1
1565.6052,2.529,14.3346,27.388,58.4257,15.0474,17.6244,20.9878,17.3714,5.1842,12.6303,0.093054,0.130383,,,,,,,,,,,,,,,,,,,,,,,,,1
1565.7576,2.5435,16.0674,45.0163,61.2878,21.0396,16.9332,21.0075,25.027,4.2487,12.8536,0.095172,0.132243,,,,,,,,,,,,,,,,,,,,,,,,,1
1565.91,2.5914,17.8003,62.6445,54.1925,22.6371,16.2419,21.0272,28.3425,3.3132,13.0768,0.094207,0.134102,,,,,,,,,,,,,,,,,,,,,,,,,1
1566.0624,2.6223,18.8053,71.5599,46.9993,16.3252,16.0363,21.6418,23.3856,2.5156,13.0272,0.09268,0.135662,,,,,,,,,,,,,,,,,,,,,,,,,1
1566.2148,2.568,18.7605,67.9086,48.2692,8.9315,16.5312,23.1147,14.9316,1.917,12.5838,0.092929,0.13679,,,,,,,,,,,,,,,,,,,,,,,,,1
1566.3672,2.5305,18.7157,64.2572,49.8553,10.5018,17.0261,24.5875,14.1859,1.3184,12.1404,0.095569,0.137917,,,,,,,,,,,,,,,,,,,,,,,,,1
1566.5196,2.5416,19.0069,59.2397,41.1632,13.9479,17.597,26.5452,14.0011,0.7737,11.7603,0.097757,0.138347,,,,,,,,,,,,,,,,,,,,,,,,,1
1566.672,2.5487,21.574,44.9654,40.6542,17.1017,18.6829,31.7881,40.9836,0.5937,11.8083,0.093006,0.13405,,,,,,,,,,,,,,,,,,,,,,,,,1
1566.8244,2.5562,24.1411,30.6911,37.7518,40.6611,19.7687,37.031,78.9689,0.4137,11.8563,0.088214,0.129752,,,,,,,,,,,,,,,,,,,,,,,,,1
1566.9768,2.5577,26.7082,16.4168,31.0884,38.4264,20.8546,42.274,47.3038,0.2337,11.9043,0.082927,0.125454,,,,,,,,,,,,,,,,,,,,,,,,,1
1567.1292,2.5588,39.0188,25.7883,38.3228,21.0525,19.7799,37.46,18.395,0.3679,11.8396,0.079288,0.122604,,,,,,,,,,,,,,,,,,,,,,,,,1
1567.2816,2.5665,53.079,39.4058,43.8913,16.1584,18.3172,30.8401,14.3496,0.5585,11.7547,0.077516,0.120013,,,,,,,,,,,,,,,,,,,,,,,,,1
1567.434,2.5649,67.1391,53.0233,44.389,15.941,16.8545,24.2203,15.1948,0.7491,11.6698,0.076454,0.117422,,,,,,,,,,,,,,,,,,,,,,,,,1
1567.5864,2.5538,66.7309,54.076,45.4378,12.6117,18.3887,21.7618,13.2085,1.2446,11.7447,0.074924,0.116386,,,,,,,,,,,,,,,,,,,,,,,,,1
1567.7388,2.5497,55.2705,45.5308,46.1935,11.7564,22.2123,22.4821,15.3043,1.973,11.9417,0.074391,0.116539,,,,,,,,,,,,,,,,,,,,,,,,,1
1567.8912,2.566,43.81,36.9855,36.9492,22.7152,26.036,23.2024,24.4586,2.7014,12.1387,0.075265,0.116691,,,,,,,,,,,,,,,,,,,,,,,,,1
1568.0436,2.5702,34.2698,30.2652,39.8721,22.3547,28.8426,24.2212,18.5914,3.269,12.3444,0.076465,0.118387,,,,,,,,,,,,,,,,,,,,,,,,,1
1568.196,2.5415,29.5215,28.0989,59.7896,20.542,29.1113,25.9847,11.0688,3.4353,12.5717,0.084298,0.123934,,,,,,,,,,,,,,,,,,,,,,,,,1
1568.3484,2.5163,24.7731,25.9326,73.2065,17.4678,29.3801,27.7481,8.8833,3.6016,12.7989,0.091689,0.129482,,,,,,,,,,,,,,,,,,,,,,,,,1
1568.5008,2.5307,20.0586,23.8464,60.6886,15.8027,29.6752,29.5422,13.6417,3.7648,13.025,0.093755,0.134972,,,,,,,,,,,,,,,,,,,,,,,,,1
1568.6532,2.5521,21.7743,36.9321,46.0298,27.8437,34.9646,37.1526,42.8467,3.3278,13.0324,0.090328,0.129546,,,,,,,,,,,,,,,,,,,,,,,,,1
1568.8056,2.5494,23.49,50.0178,51.763,26.7372,40.2541,44.7629,35.4121,2.8908,13.0399,0.081157,0.124121,,,,,,,,,,,,,,,,,,,,,,,,,1
1568.958,2.5571,25.2058,63.1035,52.5362,47.416,45.5436,52.3732,30.1386,2.4538,13.0473,0.076398,0.118695,,,,,,,,,,,,,,,,,,,,,,,,,1
1569.1104,2.5914,26.0961,64.3217,46.4657,60.501,43.1501,50.0311,50.2829,2.7569,14.1144,0.076893,0.117134,,,,,,,,,,,,,,,,,,,,,,,,,1
1569.2628,2.5881,26.6725,61.0251,47.4405,44.4591,37.8338,43.9027,40.6449,3.3416,15.5846,0.076507,0.117042,,,,,,,,,,,,,,,,,,,,,,,,,1
1569.4152,2.5757,27.2489,57.7285,48.509,24.8524,32.5175,37.7743,22.3413,3.9263,17.0548,0.07651,0.116951,,,,,,,,,,,,,,,,,,,,,,,,,1
1569.5676,2.5667,28.2299,50.5735,43.9904,33.7493,29.9292,34.7759,34.6666,4.0742,18.3551,0.077183,0.116643,,,,,,,,,,,,,,,,,,,,,,,,,1
1569.72,2.5378,29.7184,38.5782,38.4718,33.573,30.763,35.7037,30.5584,3.6742,19.4421,0.077209,0.116064,,,,,,,,,,,,,,,,,,,,,,,,,1
1569.8724,2.5422,31.207,26.583,33.679,19.7247,31.5968,36.6315,18.0398,3.2743,20.5292,0.076016,0.115485,,,,,,,,,,,,,,,,,,,,,,,,,1
1570.0248,2.5632,31.6809,16.5214,32.1081,17.4802,32.8651,37.6463,27.7987,2.955,21.4863,0.073168,0.11496,,,,,,,,,,,,,,,,,,,,,,,,,1
1570.1772,2.5914,26.9341,16.4091,28.8327,65.8846,36.3688,39.1084,62.4302,3.0511,21.775,0.070497,0.114716,,,,,,,,,,,,,,,,,,,,,,,,,1
1570.3296,2.6019,22.1874,16.2967,35.2927,114.5786,39.8726,40.5705,78.0085,3.1471,22.0637,0.07072,0.114473,,,,,,,,,,,,,,,,,,,,,,,,,1
1570.482,2.5728,17.4406,16.1844,46.5706,68.6642,43.3764,42.0326,44.1829,3.2432,22.3524,0.075509,0.114229,,,,,,,,,,,,,,,,,,,,,,,,,1
1570.6344,2.5557,16.4752,17.5958,58.4699,25.7376,38.5338,36.8423,18.1615,3.4165,23.0764,0.080196,0.114388,,,,,,,,,,,,,,,,,,,,,,,,,1
1570.7868,2.5646,16.0162,19.2113,54.1417,25.6275,32.5734,30.7611,20.4366,3.6002,23.8586,0.080607,0.114602,,,,,,,,,,,,,,,,,,,,,,,,,1
1570.9392,2.5784,15.5572,20.8268,50.5802,24.6504,26.613,24.6799,20.2843,3.7839,24.6409,0.077485,0.114815,,,,,,,,,,,,,,,,,,,,,,,,,1
1571.0916,2.5864,16.085,19.7757,41.4257,30.8417,24.8321,23.5027,18.9008,3.4894,28.6719,0.071472,0.113434,,,,,,,,,,,,,,,,,,,,,,,,,1
1571.244,2.5862,17.2679,16.9547,38.1348,22.5897,25.8255,25.5807,14.4457,2.8774,34.8593,0.06788,0.110996,,,,,,,,,,,,,,,,,,,,,,,,,1
1571.3964,2.5884,18.4507,14.1336,42.96,35.8862,26.8188,27.6586,33.1626,2.2654,41.0467,0.067172,0.108558,,,,,,,,,,,,,,,,,,,,,,,,,1
1571.5488,2.5884,20.64,12.2547,41.6566,33.4192,26.8095,28.3395,29.2368,1.9581,43.1757,0.068248,0.109486,,,,,,,,,,,,,,,,,,,,,,,,,1
1571.7012,2.5773,24.9661,12.376,41.9441,36.8496,24.6716,26.0544,25.0449,2.2976,36.6889,0.072854,0.117564,,,,,,,,,,,,,,,,,,,,,,,,,1
1571.8536,2.5655,29.2921,12.4972,48.6353,31.0653,22.5337,23.7693,21.1601,2.637,30.2021,0.079947,0.125641,,,,,,,,,,,,,,,,,,,,,,,,,1
1572.006,2.5346,33.3456,12.6218,51.7756,36.0713,20.441,21.5865,25.6933,3.0025,26.5876,0.097943,0.133857,,,,,,,,,,,,,,,,,,,,,,,,,1
1572.1584,2.5057,30.7489,12.8274,53.136,31.4993,19.4507,21.8993,21.6557,4.0045,93.0574,0.117761,0.14547,,,,,,,,,,,,,,,,,,,,,,,,,1
1572.3108,2.4441,28.1523,13.0331,66.6669,18.6373,18.4604,22.2121,11.8199,5.0064,159.5271,0.131307,0.157083,,,,,,,,,,,,,,,,,,,,,,,,,1
1572.4632,2.3858,25.5556,13.2387,77.6114,7.2303,17.47,22.5249,4.6081,6.0084,225.9969,0.134124,0.168696,,,,,,,,,,,,,,,,,,,,,,,,,1
1572.6156,2.4567,26.6482,12.8795,64.2947,67.7594,17.4882,23.8293,63.9778,6.0082,254.5816,0.124917,0.166992,,,,,,,,,,,,,,,,,,,,,,,,,1
1572.768,2.5128,28.9152,12.3403,42.7444,97.3584,17.8275,25.4495,82.3345,5.6889,271.1062,0.114679,0.161048,,,,,,,,,,,,,,,,,,,,,,,,,1
1572.9204,2.5134,31.1822,11.8012,34.7985,47.174,18.1668,27.0697,40.9226,5.3697,287.6307,0.110006,0.155104,,,,,,,,,,,,,,,,,,,,,,,,,1
1573.0728,2.5288,36.5282,11.5348,36.7248,20.0263,16.9356,25.4353,25.4511,5.0142,257.5023,0.109865,0.155378,,,,,,,,,,,,,,,,,,,,,,,,,1
1573.2252,2.5447,45.2406,11.5665,39.6778,17.8026,13.9872,20.2425,19.0261,4.6191,176.3632,0.116742,0.162449,,,,,,,,,,,,,,,,,,,,,,,,,1
1573.3776,2.518,53.9531,11.5983,49.2961,10.2122,11.0388,15.0496,9.8691,4.224,95.2242,0.128883,0.169521,,,,,,,,,,,,,,,,,,,,,,,,,1
1573.53,2.4751,59.8855,11.6308,67.537,4.6491,8.7365,11.1463,4.6301,3.9998,30.0539,0.138228,0.17499,,,,,,,,,,,,,,,,,,,,,,,,,1
1573.6824,2.5011,54.4752,11.6666,69.7698,6.9134,9.0704,12.5041,7.2367,4.4732,30.0364,0.143925,0.173923,,,,,,,,,,,,,,,,,,,,,,,,,1
1573.8348,2.5393,49.0649,11.7023,60.3737,9.2795,9.4043,13.8619,16.095,4.9467,30.0189,0.141299,0.172856,,,,,,,,,,,,,,,,,,,,,,,,,1
1573.9872,2.5481,43.6546,11.7381,58.938,10.268,9.7383,15.2198,18.3514,5.4201,30.0014,0.128531,0.17179,,,,,,,,,,,,,,,,,,,,,,,,,1
1574.1396,2.5429,51.95,11.9451,62.3646,5.8346,11.8009,16.1915,10.9465,5.4449,26.7043,0.11983,0.163966,,,,,,,,,,,,,,,,,,,,,,,,,1
1574.292,2.5761,61.5022,12.1678,65.1729,27.3004,14.022,17.1278,25.2031,5.4284,23.1065,0.113098,0.155523,,,,,,,,,,,,,,,,,,,,,,,,,1
1574.4444,2.5902,71.0543,12.3905,67.9261,32.8528,16.2432,18.0642,27.3091,5.412,19.5088,0.105225,0.14708,,,,,,,,,,,,,,,,,,,,,,,,,1
1574.5968,2.5598,79.4518,12.6581,80.1916,26.6064,16.2185,17.6748,13.0535,5.6798,20.0637,0.100423,0.141425,,,,,,,,,,,,,,,,,,,,,,,,,1
1574.7492,2.5626,87.1861,12.9515,83.9352,41.7417,14.9038,16.524,12.3092,6.1108,23.0039,0.097961,0.137371,,,,,,,,,,,,,,,,,,,,,,,,,1
1574.9016,2.5823,94.9205,13.2448,80.5348,27.7993,13.5891,15.3732,12.6505,6.5419,25.9441,0.092225,0.133317,,,,,,,,,,,,,,,,,,,,,,,,,1
1575.054,2.5863,93.7281,13.4169,83.1133,17.6719,12.8621,14.6538,18.2979,6.6457,27.3939,0.088954,0.129588,,,,,,,,,,,,,,,,,,,,,,,,,1
1575.2064,2.573,76.2694,13.368,90.6156,16.5211,13.206,14.7205,14.7276,6.1532,26.1279,0.086468,0.126448,,,,,,,,,,,,,,,,,,,,,,,,,1
1575.3588,2.5693,58.8107,13.3192,86.775,18.0603,13.5498,14.7873,12.5509,5.6606,24.8618,0.083478,0.123309,,,,,,,,,,,,,,,,,,,,,,,,,1
1575.5112,2.5795,42.5598,13.3571,77.884,14.459,13.8739,14.8521,13.783,5.1925,24.4605,0.078673,0.120449,,,,,,,,,,,,,,,,,,,,,,,,,1
1575.6636,2.5897,41.5365,14.489,70.1194,15.1546,13.9487,14.8933,15.8475,5.0323,34.9607,0.075926,0.12112,,,,,,,,,,,,,,,,,,,,,,,,,1
1575.816,2.5969,40.5132,15.6208,60.4813,26.5801,14.0236,14.9344,20.3518,4.872,45.461,0.077131,0.12179,,,,,,,,,,,,,,,,,,,,,,,,,1
1575.9684,2.5972,39.4899,16.7527,54.632,22.2196,14.0984,14.9756,16.8489,4.7117,55.9613,0.079658,0.122461,,,,,,,,,,,,,,,,,,,,,,,,,1
1576.1208,2.5848,39.6745,17.6932,58.9065,16.2241,14.9919,15.5132,10.0195,4.4076,50.7341,0.089338,0.135356,,,,,,,,,,,,,,,,,,,,,,,,,1
1576.2732,2.5814,40.1751,18.5837,71.7597,32.0694,16.0995,16.1808,28.3632,4.0658,41.3928,0.109862,0.15145,,,,,,,,,,,,,,,,,,,,,,,,,1
1576.4256,2.5747,40.6756,19.4742,91.027,23.3236,17.2071,16.8483,23.6072,3.724,32.0515,0.128012,0.167543,,,,,,,,,,,,,,,,,,,,,,,,,1
1576.578,2.5447,38.1352,20.6108,137.8033,10.9096,16.6503,16.7855,9.1418,4.1222,27.5937,0.15186,0.182233,,,,,,,,,,,,,,,,,,,,,,,,,1
1576.7304,2.534,32.6943,21.9822,163.9846,6.9681,14.5059,16.026,4.828,5.2264,27.7941,0.167311,0.195583,,,,,,,,,,,,,,,,,,,,,,,,,1
1576.8828,2.5623,27.2533,23.3536,132.7851,41.6924,12.3616,15.2666,52.7907,6.3306,27.9944,0.175968,0.208933,,,,,,,,,,,,,,,,,,,,,,,,,1
1577.0352,2.5945,22.7897,24.8307,113.6831,33.0126,10.3181,14.0625,40.1076,7.3292,28.6981,0.17643,0.219242,,,,,,,,,,,,,,,,,,,,,,,,,1
1577.1876,2.5457,21.5805,26.6602,153.9039,8.4204,8.6104,11.3783,7.6288,7.9765,31.0774,0.176203,0.219425,,,,,,,,,,,,,,,,,,,,,,,,,1
1577.34,2.5077,20.3714,28.4896,176.7615,4.3948,6.9028,8.6941,2.5068,8.6239,33.4567,0.181209,0.219608,,,,,,,,,,,,,,,,,,,,,,,,,1
1577.4924,2.5173,19.1622,30.3191,145.1642,4.5883,5.1952,6.01,4.8512,9.2712,35.836,0.175883,0.219791,,,,,,,,,,,,,,,,,,,,,,,,,1
1577.6448,2.5267,21.3719,35.5083,120.3945,3.8089,8.7262,10.8727,5.5578,8.707,45.3363,0.161168,0.205436,,,,,,,,,,,,,,,,,,,,,,,,,1
1577.7972,2.5523,23.761,40.8739,102.9182,18.5411,12.5322,16.1316,24.7839,8.0792,55.2103,0.141013,0.190318,,,,,,,,,,,,,,,,,,,,,,,,,1
1577.9496,2.5971,26.1502,46.2395,85.3202,46.5739,16.3382,21.3905,46.6463,7.4513,65.0844,0.128053,0.1752,,,,,,,,,,,,,,,,,,,,,,,,,1
1578.102,2.614,32.3867,42.8942,107.9849,26.4056,15.2404,19.8655,21.4862,7.5904,78.9688,0.122749,0.175239,,,,,,,,,,,,,,,,,,,,,,,,,1
1578.2544,2.5898,40.5243,35.2446,136.7429,7.3118,11.7194,14.9883,3.4579,8.1084,94.8348,0.128188,0.182767,,,,,,,,,,,,,,,,,,,,,,,,,1
1578.4068,2.5768,48.6619,27.5951,133.2687,7.5036,8.1984,10.1111,6.3974,8.6263,110.7008,0.146195,0.190296,,,,,,,,,,,,,,,,,,,,,,,,,1
1578.5592,2.5679,66.247,55.0631,122.6933,5.8145,5.6206,6.6293,5.3724,10.3011,113.1628,0.156369,0.198073,,,,,,,,,,,,,,,,,,,,,,,,,1
1578.7116,2.5175,98.7056,137.8176,138.0788,4.1314,4.5276,5.3441,3.3844,13.7969,94.5225,0.166593,0.206242,,,,,,,,,,,,,,,,,,,,,,,,,1
1578.864,2.4935,131.1642,220.5721,138.9011,3.5163,3.4346,4.0589,2.9469,17.2927,75.8822,0.176866,0.21441,,,,,,,,,,,,,,,,,,,,,,,,,1
1579.0164,2.4955,159.2275,291.9532,116.3606,3.2525,2.4438,2.8913,2.8938,20.5816,58.6203,0.181458,0.221693,,,,,,,,,,,,,,,,,,,,,,,,,1
1579.1688,2.4978,150.8423,269.0188,103.0615,2.7749,2.3005,2.6994,2.5511,22.1541,52.7879,0.181252,0.221632,,,,,,,,,,,,,,,,,,,,,,,,,1
1579.3212,2.4998,142.457,246.0845,102.4742,2.7299,2.1571,2.5075,2.4775,23.7267,46.9554,0.180536,0.221572,,,,,,,,,,,,,,,,,,,,,,,,,1
1579.4736,2.5022,134.0717,223.1501,107.5937,2.4036,2.0138,2.3156,2.2434,25.2992,41.123,0.180309,0.221511,,,,,,,,,,,,,,,,,,,,,,,,,1
1579.626,2.5092,112.6755,171.6361,110.1855,2.4974,2.1127,2.4283,2.5127,24.6496,42.6686,0.179754,0.220492,,,,,,,,,,,,,,,,,,,,,,,,,1
1579.7784,2.5056,88.5532,114.134,102.2777,2.8444,2.2622,2.6048,3.3891,23.5344,45.76,0.177459,0.219273,,,,,,,,,,,,,,,,,,,,,,,,,1
1579.9308,2.4885,64.431,56.6319,91.0669,2.8021,2.4118,2.7814,3.4847,22.4192,48.8514,0.175535,0.218054,,,,,,,,,,,,,,,,,,,,,,,,,1
1580.0832,2.4437,105.5918,30.2714,91.4596,2.4449,2.4138,2.7206,2.7508,21.7773,49.4832,0.177715,0.220861,,,,,,,,,,,,,,,,,,,,,,,,,1
1580.2356,2.4136,201.0506,29.8123,99.0462,2.0493,2.293,2.4625,2.0646,21.529,48.0692,0.182835,0.227018,,,,,,,,,,,,,,,,,,,,,,,,,1
1580.388,2.4127,296.5094,29.3532,104.9568,1.864,2.1722,2.2044,1.7564,21.2807,46.6552,0.194531,0.233175,,,,,,,,,,,,,,,,,,,,,,,,,1
1580.5404,2.4385,503.9434,28.0667,102.0026,1.7891,2.2722,2.2526,1.6473,20.6238,44.0738,0.201276,0.23572,,,,,,,,,,,,,,,,,,,,,,,,,1
1580.6928,2.5039,1021.8037,24.4863,90.9192,2.2789,2.9843,3.15,2.2774,18.834,38.2558,0.196706,0.228253,,,,,,,,,,,,,,,,,,,,,,,,,1
1580.8452,2.5586,1539.6641,20.9059,75.9103,2.6803,3.6965,4.0474,2.8149,17.0441,32.4378,0.187896,0.220785,,,,,,,,,,,,,,,,,,,,,,,,,1
1580.9976,2.5782,2057.5244,17.3256,52.017,5.5327,4.4086,4.9448,6.99,15.2543,26.6198,0.168017,0.213318,,,,,,,,,,,,,,,,,,,,,,,,,1
1581.15,2.5604,1542.9402,17.0404,41.227,6.4462,4.1049,4.6238,8.1295,13.3506,29.2336,0.151202,0.20786,,,,,,,,,,,,,,,,,,,,,,,,,1
1581.3024,2.5212,1011.8368,16.8079,62.5234,4.2998,3.785,4.2834,4.976,11.4451,31.9823,0.144194,0.202435,,,,,,,,,,,,,,,,,,,,,,,,,1
1581.4548,2.4949,480.7334,16.5754,79.1375,3.0805,3.4651,3.943,3.3435,9.5396,34.731,0.147894,0.197009,,,,,,,,,,,,,,,,,,,,,,,,,1
1581.6072,2.4973,4455102976.0,18.0266,90.3543,2.888,3.2107,3.6787,3.2247,11.8809,40.8391,0.166526,0.202904,,,,,,,,,,,,,,,,,,,,,,,,,1
1581.7596,2.5098,10788663296.0,20.1877,94.4809,2.9642,2.984,3.4465,3.4966,16.0129,48.3636,0.18063,0.213572,,,,,,,,,,,,,,,,,,,,,,,,,1
1581.912,2.4618,17122223104.0,22.3487,103.7386,2.6327,2.7572,3.2143,3.0898,20.145,55.8881,0.188065,0.22424,,,,,,,,,,,,,,,,,,,,,,,,,1
1582.0644,2.4259,22782343168.0,28.6526,108.2197,2.0829,2.7045,3.1489,2.3889,22.3045,60.5176,0.190154,0.230696,,,,,,,,,,,,,,,,,,,,,,,,,1
1582.2168,2.4835,27522232320.0,40.6174,107.3678,2.5299,2.8894,3.3116,2.6043,21.7687,61.1911,0.191239,0.231397,,,,,,,,,,,,,,,,,,,,,,,,,1
1582.3692,2.4824,32262123520.0,52.5822,98.149,3.5267,3.0744,3.4742,4.2246,21.2329,61.8646,0.192255,0.232098,,,,,,,,,,,,,,,,,,,,,,,,,1
1582.5216,2.4394,34760753152.0,61.2875,93.6797,2.9083,3.2446,3.613,3.431,20.8436,65.6142,0.189402,0.231788,,,,,,,,,,,,,,,,,,,,,,,,,1
1582.674,2.4885,23687301120.0,50.2548,99.9709,2.1404,3.3259,3.6073,2.0546,21.3411,87.9912,0.182534,0.225357,,,,,,,,,,,,,,,,,,,,,,,,,1
1582.8264,2.5407,12613851136.0,39.2221,103.1868,3.0069,3.4072,3.6015,2.6571,21.8386,110.3681,0.178388,0.218926,,,,,,,,,,,,,,,,,,,,,,,,,1
1582.9788,2.5588,1540401280.0,28.1894,98.866,3.3802,3.4885,3.5958,3.2811,22.3361,132.745,0.167687,0.212495,,,,,,,,,,,,,,,,,,,,,,,,,1
1583.1312,2.5686,32.9339,27.2134,99.2256,3.2575,3.7674,4.0803,3.4201,21.723,122.2153,0.154219,0.205355,,,,,,,,,,,,,,,,,,,,,,,,,1
1583.2836,2.5809,26.9933,27.8623,94.6262,5.2977,4.0782,4.6441,6.1235,20.9305,106.3684,0.145846,0.198101,,,,,,,,,,,,,,,,,,,,,,,,,1
1583.436,2.5734,21.0526,28.5113,87.9467,6.0343,4.3891,5.2079,7.0476,20.1379,90.5216,0.144238,0.190846,,,,,,,,,,,,,,,,,,,,,,,,,1
1583.5884,2.5444,19.763,32.4915,91.8274,4.1373,4.197,5.0534,4.1485,18.2973,75.5978,0.148172,0.191937,,,,,,,,,,,,,,,,,,,,,,,,,1
1583.7408,2.5355,21.8407,38.8836,101.1126,3.1048,3.6409,4.3789,2.4316,15.6979,61.3424,0.156578,0.199069,,,,,,,,,,,,,,,,,,,,,,,,,1
1583.8932,2.5545,23.9183,45.2757,90.1769,3.1698,3.0847,3.7045,3.0409,13.0985,47.0869,0.167152,0.206202,,,,,,,,,,,,,,,,,,,,,,,,,1
1584.0456,2.5446,25.3863,51.638,78.6929,3.4949,2.645,3.1606,3.4463,11.5264,37.3688,0.173715,0.213042,,,,,,,,,,,,,,,,,,,,,,,,,1
1584.198,2.4866,25.4264,57.9306,87.2641,2.86,2.478,2.9225,3.068,12.36,38.2776,0.183109,0.219199,,,,,,,,,,,,,,,,,,,,,,,,,1
1584.3504,2.4455,25.4665,64.2231,101.24,2.3369,2.311,2.6844,2.4531,13.1937,39.1864,0.191044,0.225356,,,,,,,,,,,,,,,,,,,,,,,,,1
1584.5028,2.4461,25.4911,70.483,110.1392,1.8632,2.1495,2.4533,1.7501,14.0616,40.3174,0.191724,0.231285,,,,,,,,,,,,,,,,,,,,,,,,,1
1584.6552,2.5023,24.6918,74.9964,112.0711,1.6497,2.2848,2.5935,1.5319,16.756,53.3193,0.186472,0.225006,,,,,,,,,,,,,,,,,,,,,,,,,1
1584.8076,2.541,23.8926,79.5098,90.9963,2.7422,2.4201,2.7338,2.6619,19.4503,66.3212,0.175545,0.218727,,,,,,,,,,,,,,,,,,,,,,,,,1
1584.96,2.5354,23.0933,84.0232,77.8385,3.6303,2.5555,2.874,4.0973,22.1447,79.323,0.169588,0.212448,,,,,,,,,,,,,,,,,,,,,,,,,1
1585.1124,2.4974,23.9805,76.5618,80.3839,2.9018,2.6448,2.8915,3.425,22.7009,96.8624,0.170431,0.208844,,,,,,,,,,,,,,,,,,,,,,,,,1
1585.2648,2.4741,25.468,64.8389,85.2671,2.2054,2.7177,2.8653,2.3852,22.4963,116.0166,0.170471,0.206192,,,,,,,,,,,,,,,,,,,,,,,,,1
1585.4172,2.5029,26.9555,53.116,85.2882,2.0612,2.7907,2.839,1.9863,22.2916,135.1708,0.164196,0.203541,,,,,,,,,,,,,,,,,,,,,,,,,1
1585.5696,2.5671,27.749,45.156,73.1258,4.228,2.9463,2.9691,3.9447,21.4685,138.5925,0.15229,0.203729,,,,,,,,,,,,,,,,,,,,,,,,,1
1585.722,2.5772,27.7171,41.6726,62.9196,6.2995,3.2003,3.285,6.2687,19.9097,123.298,0.149186,0.207295,,,,,,,,,,,,,,,,,,,,,,,,,1
1585.8744,2.5193,27.6852,38.1892,70.2572,5.3653,3.4543,3.6009,5.1515,18.3508,108.0036,0.164231,0.210861,,,,,,,,,,,,,,,,,,,,,,,,,1
1586.0268,2.478,27.4481,36.0472,88.6511,3.6959,3.5799,3.764,3.3832,17.4656,95.653,0.17979,0.214845,,,,,,,,,,,,,,,,,,,,,,,,,1
1586.1792,2.4785,26.2493,40.1921,100.2631,2.6044,3.104,3.2115,2.211,19.7374,97.0994,0.19118,0.220789,,,,,,,,,,,,,,,,,,,,,,,,,1
1586.3316,2.4889,25.0505,44.3371,102.8018,2.2625,2.6281,2.659,1.7867,22.0092,98.5457,0.194881,0.226732,,,,,,,,,,,,,,,,,,,,,,,,,1
1586.484,2.5038,23.8517,48.482,98.3237,2.3418,2.1522,2.1064,1.8792,24.281,99.9921,0.192276,0.232676,,,,,,,,,,,,,,,,,,,,,,,,,1
1586.6364,2.5106,23.3271,46.5978,88.9556,2.7563,2.0873,2.0721,2.0922,24.7379,78.3173,0.18803,0.233327,,,,,,,,,,,,,,,,,,,,,,,,,1
1586.7888,2.4969,22.8816,44.0064,88.1654,2.6774,2.0706,2.0985,2.3312,24.9818,53.9304,0.186145,0.233358,,,,,,,,,,,,,,,,,,,,,,,,,1
1586.9412,2.4843,22.4362,41.4149,91.3512,2.3077,2.0539,2.125,2.191,25.2258,29.5435,0.189763,0.233388,,,,,,,,,,,,,,,,,,,,,,,,,1
1587.0936,2.4864,23.9846,37.6278,91.0561,2.3811,1.9843,2.083,2.1903,25.101,20.1888,0.200957,0.237481,,,,,,,,,,,,,,,,,,,,,,,,,1
1587.246,2.4842,26.7856,33.0894,91.3249,2.3976,1.8814,1.9979,2.1163,24.7447,20.2773,0.208141,0.244126,,,,,,,,,,,,,,,,,,,,,,,,,1
1587.3984,2.4488,29.5866,28.5511,94.0468,1.7577,1.7786,1.9128,1.4767,24.3883,20.3658,0.213828,0.25077,,,,,,,,,,,,,,,,,,,,,,,,,1
1587.5508,2.4534,32.319,25.4515,103.0819,1.8322,1.7201,1.8953,1.6085,24.4053,22.2708,0.218186,0.254062,,,,,,,,,,,,,,,,,,,,,,,,,1
1587.7032,2.4838,34.9143,25.2295,101.7169,2.1802,1.7503,2.0131,2.318,25.1689,27.8088,0.212886,0.250648,,,,,,,,,,,,,,,,,,,,,,,,,1
1587.8556,2.4903,37.5096,25.0075,94.4619,2.0107,1.7806,2.1308,2.3031,25.9326,33.3469,0.205983,0.247235,,,,,,,,,,,,,,,,,,,,,,,,,1
1588.008,2.4884,40.6929,24.9026,96.666,1.9083,1.809,2.2365,2.082,26.6515,38.4117,0.203016,0.244141,,,,,,,,,,,,,,,,,,,,,,,,,1
1588.1604,2.4883,54.4882,26.9109,97.3239,1.9557,1.8062,2.1251,2.0087,26.562,34.9355,0.203676,0.246823,,,,,,,,,,,,,,,,,,,,,,,,,1
1588.3128,2.4827,68.2835,28.9192,100.7022,1.9084,1.8033,2.0136,1.9067,26.4725,31.4593,0.20727,0.249505,,,,,,,,,,,,,,,,,,,,,,,,,1
1588.4652,2.479,82.0788,30.9274,101.1849,1.8357,1.8005,1.9021,1.8158,26.3829,27.9831,0.210941,0.252188,,,,,,,,,,,,,,,,,,,,,,,,,1
1588.6176,2.4765,74.8142,40.0954,102.7382,1.8358,1.7892,1.8535,1.8154,26.5416,26.2543,0.215735,0.25454,,,,,,,,,,,,,,,,,,,,,,,,,1
1588.77,2.4711,61.3177,51.3821,108.5457,1.6932,1.7754,1.8235,1.7401,26.7736,25.0427,0.218693,0.256796,,,,,,,,,,,,,,,,,,,,,,,,,1
1588.9224,2.4649,47.8212,62.6689,110.3778,1.6456,1.7617,1.7935,1.6857,27.0056,23.8311,0.219838,0.259052,,,,,,,,,,,,,,,,,,,,,,,,,1
1589.0748,2.4763,38.0493,76.5461,111.8222,1.7121,1.7898,1.8194,1.7133,26.8312,24.1475,0.220519,0.259078,,,,,,,,,,,,,,,,,,,,,,,,,1
1589.2272,2.4816,32.1417,93.1109,111.7178,1.713,1.8614,1.9033,1.7271,26.2351,26.0492,0.219807,0.256792,,,,,,,,,,,,,,,,,,,,,,,,,1
1589.3796,2.4837,26.234,109.6756,112.5025,1.7646,1.933,1.9871,1.7381,25.639,27.9509,0.214835,0.254506,,,,,,,,,,,,,,,,,,,,,,,,,1
1589.532,2.4979,21.3919,119.9882,113.3658,2.0338,1.9996,2.068,1.9289,25.1009,30.0112,0.209621,0.25165,,,,,,,,,,,,,,,,,,,,,,,,,1
1589.6844,2.5352,20.5588,106.7769,113.2465,2.5431,2.0473,2.1373,2.7108,24.7809,32.6684,0.202679,0.246652,,,,,,,,,,,,,,,,,,,,,,,,,1
1589.8368,2.555,19.7256,93.5655,106.0454,2.6424,2.095,2.2066,2.9318,24.4608,35.3256,0.196921,0.241653,,,,,,,,,,,,,,,,,,,,,,,,,1
1589.9892,2.5372,18.8925,80.3542,113.5691,2.0265,2.1427,2.276,2.1448,24.1408,37.9828,0.195528,0.236654,,,,,,,,,,,,,,,,,,,,,,,,,1
1590.1416,2.5084,19.0699,67.2286,123.3119,1.7913,2.0984,2.2093,1.7144,24.3043,34.4711,0.199746,0.240406,,,,,,,,,,,,,,,,,,,,,,,,,1
1590.294,2.4968,19.3244,54.1096,124.5485,1.9218,2.047,2.1322,1.8283,24.5048,30.4889,0.207202,0.244826,,,,,,,,,,,,,,,,,,,,,,,,,1
1590.4464,2.5009,19.5789,40.9905,122.1985,1.9635,1.9956,2.0551,1.896,24.7052,26.5067,0.210483,0.249246,,,,,,,,,,,,,,,,,,,,,,,,,1
1590.5988,2.5108,25.799,36.7359,114.0728,2.1319,1.9697,2.0255,2.0818,24.5469,24.4872,0.210445,0.252717,,,,,,,,,,,,,,,,,,,,,,,,,1
1590.7512,2.5144,35.2554,37.2903,112.1895,2.3092,1.9576,2.0216,2.3097,24.1939,23.5324,0.210236,0.255673,,,,,,,,,,,,,,,,,,,,,,,,,1
1590.9036,2.5082,44.7119,37.8446,113.4124,1.9668,1.9455,2.0177,1.9231,23.841,22.5777,0.216387,0.25863,,,,,,,,,,,,,,,,,,,,,,,,,1
1591.056,2.4885,107763456.0,41.9421,113.0983,1.746,1.9171,1.9853,1.611,23.3279,22.4619,0.223982,0.260052,,,,,,,,,,,,,,,,,,,,,,,,,1
1591.2084,2.4728,401033856.0,52.1388,121.9764,1.6789,1.8607,1.9035,1.4983,22.5394,23.7903,0.225981,0.258833,,,,,,,,,,,,,,,,,,,,,,,,,1
1591.3608,2.4706,694304256.0,62.3355,126.8473,1.6538,1.8042,1.8218,1.4674,21.7508,25.1187,0.224397,0.257614,,,,,,,,,,,,,,,,,,,,,,,,,1
1591.5132,2.4777,951244160.0,71.9235,117.7145,1.7908,1.7606,1.7575,1.6672,20.978,26.6624,0.21499,0.256215,,,,,,,,,,,,,,,,,,,,,,,,,1
1591.6656,2.4911,825062272.0,75.093,105.9722,2.1606,1.8535,1.8774,2.1049,20.3708,30.4764,0.205954,0.252923,,,,,,,,,,,,,,,,,,,,,,,,,1
1591.818,2.5254,698880448.0,78.2624,97.6912,2.2837,1.9463,1.9974,2.4302,19.7637,34.2903,0.199773,0.249631,,,,,,,,,,,,,,,,,,,,,,,,,1
1591.9704,2.5335,572698560.0,81.4319,99.9593,1.8966,2.0391,2.1173,2.1057,19.1565,38.1042,0.204361,0.246339,,,,,,,,,,,,,,,,,,,,,,,,,1
1592.1228,2.5156,413555136.0,87.5965,109.7538,1.5917,1.9601,2.0335,1.6198,18.3435,43.6014,0.213239,0.250637,,,,,,,,,,,,,,,,,,,,,,,,,1
1592.2752,2.476,246466592.0,94.4831,121.06,1.565,1.8397,1.9007,1.4127,17.4807,49.5043,0.222095,0.256763,,,,,,,,,,,,,,,,,,,,,,,,,1
1592.4276,2.4605,79378056.0,101.3697,124.1034,1.5613,1.7193,1.7678,1.3742,16.618,55.4071,0.225819,0.26289,,,,,,,,,,,,,,,,,,,,,,,,,1
1592.58,2.4698,43.7867,106.4616,118.636,1.9576,1.7163,1.8429,2.3057,15.1725,54.0078,0.224724,0.264632,,,,,,,,,,,,,,,,,,,,,,,,,1
1592.7324,2.4928,58.0294,109.9293,113.536,2.3841,1.8195,2.1061,2.8546,13.1995,45.9999,0.222533,0.262407,,,,,,,,,,,,,,,,,,,,,,,,,1
1592.8848,2.5011,72.272,113.397,117.1119,1.7993,1.9227,2.3693,1.9639,11.2265,37.992,0.217809,0.260182,,,,,,,,,,,,,,,,,,,,,,,,,1
1593.0372,2.4863,84.7798,108.8992,115.2194,1.6772,1.9874,2.538,2.2924,9.9911,31.0586,0.216046,0.258321,,,,,,,,,,,,,,,,,,,,,,,,,1
1593.1896,2.4857,91.9152,79.7341,108.6492,1.8359,1.9331,2.414,2.6452,11.04,27.4526,0.215024,0.25759,,,,,,,,,,,,,,,,,,,,,,,,,1
1593.342,2.4935,99.0506,50.569,111.6921,1.7267,1.8787,2.29,1.9156,12.0888,23.8465,0.213407,0.256858,,,,,,,,,,,,,,,,,,,,,,,,,1
1593.4944,2.4802,106.186,21.4039,119.8037,1.7224,1.8243,2.1661,1.6298,13.1377,20.2405,0.215898,0.256127,,,,,,,,,,,,,,,,,,,,,,,,,1
1593.6468,2.4733,87.2527,20.1213,117.1061,1.7032,1.735,1.9811,1.6483,13.2509,19.8636,0.220343,0.260416,,,,,,,,,,,,,,,,,,,,,,,,,1
1593.7992,2.4736,67.325,19.9024,113.3364,1.6375,1.6443,1.7938,1.6193,13.3284,19.6099,0.225472,0.264896,,,,,,,,,,,,,,,,,,,,,,,,,1
1593.9516,2.4704,47.3973,19.6835,115.3622,1.5782,1.5536,1.6065,1.5683,13.406,19.3562,0.229158,0.269377,,,,,,,,,,,,,,,,,,,,,,,,,1
1594.104,2.4699,37.285,22.024,114.9294,1.549,1.5384,1.5555,1.5114,12.5214,19.3935,0.233799,0.271715,,,,,,,,,,,,,,,,,,,,,,,,,1
1594.2564,2.469,31.7406,25.5556,117.0238,1.5412,1.5584,1.5679,1.4797,11.189,19.5662,0.236028,0.273056,,,,,,,,,,,,,,,,,,,,,,,,,1
1594.4088,2.4626,26.1963,29.0872,121.2382,1.5448,1.5784,1.5804,1.4777,9.8567,19.7389,0.235909,0.274397,,,,,,,,,,,,,,,,,,,,,,,,,1
1594.5612,2.4636,23.4069,30.5031,120.2058,1.644,1.6502,1.6793,1.5944,10.014,23503794.0,0.23344,0.272899,,,,,,,,,,,,,,,,,,,,,,,,,1
1594.7136,2.4747,24.7229,28.7662,114.329,1.7157,1.799,1.9071,1.6878,12.391,82032800.0,0.224638,0.267169,,,,,,,,,,,,,,,,,,,,,,,,,1
1594.866,2.4877,26.0389,27.0294,103.7673,2.0154,1.9478,2.135,2.0777,14.768,140561808.0,0.217976,0.261438,,,,,,,,,,,,,,,,,,,,,,,,,1
1595.0184,2.5289,27.7163,25.415,102.7905,2.1393,2.0592,2.3071,2.4615,16.6465,237474688.0,0.214814,0.256963,,,,,,,,,,,,,,,,,,,,,,,,,1
1595.1708,2.5291,32.0256,24.6928,109.7536,1.779,1.8974,2.0733,1.9687,14.8941,613922240.0,0.216287,0.261626,,,,,,,,,,,,,,,,,,,,,,,,,1
1595.3232,2.5008,36.3349,23.9706,121.1692,1.5644,1.7357,1.8396,1.5319,13.1417,990369792.0,0.221591,0.26629,,,,,,,,,,,,,,,,,,,,,,,,,1
1595.4756,2.4774,40.6443,23.2484,126.0457,1.5197,1.5739,1.6058,1.4284,11.3893,1366817408.0,0.232857,0.270953,,,,,,,,,,,,,,,,,,,,,,,,,1
1595.628,2.4646,90.5164,24.7498,126.8718,1.4988,1.5355,1.5545,1.4024,12.8261,1155537920.0,0.242337,0.276359,,,,,,,,,,,,,,,,,,,,,,,,,1
1595.7804,2.4596,149.074,26.6751,134.8267,1.4886,1.5205,1.5379,1.4474,14.8709,832223104.0,0.24818,0.281907,,,,,,,,,,,,,,,,,,,,,,,,,1
1595.9328,2.457,207.6316,28.6004,137.8134,1.4685,1.5056,1.5213,1.4719,16.9157,508908192.0,0.250164,0.287454,,,,,,,,,,,,,,,,,,,,,,,,,1
1596.0852,2.4542,229.448,30.6079,131.5757,1.4528,1.5419,1.5781,1.4642,17.3653,303919136.0,0.250455,0.289048,,,,,,,,,,,,,,,,,,,,,,,,,1
1596.2376,2.4527,222.2853,32.6801,127.8249,1.491,1.6187,1.6929,1.498,16.5569,192257424.0,0.249516,0.287524,,,,,,,,,,,,,,,,,,,,,,,,,1
1596.39,2.4678,215.1227,34.7523,125.8698,1.7568,1.6955,1.8076,1.8033,15.7485,80595736.0,0.246413,0.286,,,,,,,,,,,,,,,,,,,,,,,,,1
1596.5424,2.4824,193.8316,35.2854,124.7298,1.7567,1.7576,1.9067,1.8107,15.1472,29.0463,0.24213,0.284298,,,,,,,,,,,,,,,,,,,,,,,,,1
1596.6948,2.4809,135.8864,31.8257,128.2959,1.7087,1.7816,1.9651,1.9544,15.0833,29.9472,0.237821,0.282134,,,,,,,,,,,,,,,,,,,,,,,,,1
1596.8472,2.4743,77.9413,28.3659,129.6087,1.9085,1.8057,2.0235,2.2343,15.0193,30.8481,0.236746,0.27997,,,,,,,,,,,,,,,,,,,,,,,,,1
1596.9996,2.4893,19.844,24.897,121.484,1.8342,1.8298,2.0821,2.0767,14.9552,31.7514,0.237,0.2778,,,,,,,,,,,,,,,,,,,,,,,,,1
1597.152,2.4979,20.4095,24.005,122.6492,1.9024,1.804,2.001,1.9901,14.7373,45.1219,0.238148,0.279411,,,,,,,,,,,,,,,,,,,,,,,,,1
1597.3044,2.4973,20.9765,23.1107,125.4013,1.761,1.7782,1.9197,1.7586,14.5188,58.5275,0.240777,0.281027,,,,,,,,,,,,,,,,,,,,,,,,,1
1597.4568,2.4831,21.5435,22.2163,127.7164,1.5718,1.7523,1.8384,1.5503,14.3002,71.9332,0.242283,0.282642,,,,,,,,,,,,,,,,,,,,,,,,,1
1597.6092,2.4688,20.589,23.0961,132.6716,1.5698,1.7546,1.8185,1.5448,14.5789,101.9829,0.245498,0.283056,,,,,,,,,,,,,,,,,,,,,,,,,1
1597.7616,2.4657,19.0325,24.6777,132.6531,1.5505,1.768,1.8228,1.5275,15.0542,138.6171,0.247136,0.282995,,,,,,,,,,,,,,,,,,,,,,,,,1
1597.914,2.4724,17.4761,26.2594,123.7623,1.6351,1.7813,1.8271,1.6872,15.5295,175.2513,0.244931,0.282934,,,,,,,,,,,,,,,,,,,,,,,,,1
1598.0664,2.4911,17.1473,28.6709,110.3722,1.8113,1.8009,1.8454,1.9494,15.6066,174.8952,0.241468,0.279646,,,,,,,,,,,,,,,,,,,,,,,,,1
1598.2188,2.5275,18.4085,32.1571,105.4354,2.1032,1.8284,1.8818,2.3918,15.1681,126.6302,0.231016,0.272179,,,,,,,,,,,,,,,,,,,,,,,,,1
1598.3712,2.5199,19.6697,35.6434,108.2306,1.9362,1.8559,1.9182,2.1653,14.7295,78.3651,0.219231,0.264711,,,,,,,,,,,,,,,,,,,,,,,,,1
1598.5236,2.5028,21.5757,39.3683,118.1121,1.7782,1.8752,1.941,1.9056,14.3323,37.1778,0.21735,0.258763,,,,,,,,,,,,,,,,,,,,,,,,,1
1598.676,2.4867,27.0008,44.3954,124.1867,1.5977,1.8498,1.889,1.6253,14.1603,34.6176,0.222673,0.26111,,,,,,,,,,,,,,,,,,,,,,,,,1
1598.8284,2.4715,32.426,49.4225,123.9788,1.5115,1.8245,1.8371,1.4833,13.9884,32.0575,0.226694,0.263457,,,,,,,,,,,,,,,,,,,,,,,,,1
1598.9808,2.4772,37.8511,54.4496,118.1061,1.6773,1.7991,1.7851,1.7154,13.8165,29.4974,0.225431,0.265804,,,,,,,,,,,,,,,,,,,,,,,,,1
1599.1332,2.4884,33.6149,48.2095,111.9307,1.9744,2.0239,2.0613,2.0398,13.2742,93.2604,0.220246,0.257655,,,,,,,,,,,,,,,,,,,,,,,,,1
1599.2856,2.5149,27.9861,40.3453,109.7404,2.1238,2.2847,2.3846,2.3146,12.6786,166.5835,0.207094,0.247993,,,,,,,,,,,,,,,,,,,,,,,,,1
1599.438,2.5248,22.3573,32.481,110.4482,2.1015,2.5455,2.708,2.2226,12.083,239.9065,0.195415,0.238331,,,,,,,,,,,,,,,,,,,,,,,,,1
1599.5904,2.5424,20.5447,27.6019,98.5856,2.5604,2.7144,2.9409,2.73,11.3577,281.5199,0.187006,0.231055,,,,,,,,,,,,,,,,,,,,,,,,,1
1599.7428,2.5723,21.3494,24.77,87.3265,3.0189,2.8203,3.1116,3.5795,10.5434,301.3854,0.181704,0.225416,,,,,,,,,,,,,,,,,,,,,,,,,1
1599.8952,2.5911,22.1541,21.9382,82.7775,3.1746,2.9263,3.2823,3.4996,9.7291,321.251,0.175298,0.219778,,,,,,,,,,,,,,,,,,,,,,,,,1
1600.0476,2.5828,22.389,19.9543,87.8662,2.8084,2.9422,3.3529,3.0765,9.1291,306.0729,0.172974,0.218061,2.5828,22.389,19.9543,87.8662,2.8084,2.9422,3.3529,3.0765,9.1291,306.0729,0.172974,0.218061,,,,,,,,,,,,,0
1600.2,2.5531,21.3692,19.8376,96.8579,3.0199,2.7602,3.2032,3.4504,9.0009,213.74,0.181846,0.22498,2.5531,21.3692,19.8376,96.8579,3.0199,2.7602,3.2032,3.4504,9.0009,213.74,0.181846,0.22498,,,,,,,,,,,,,0
1600.3524,2.5168,20.3494,19.7208,103.3858,2.6751,2.5782,3.0535,3.1293,8.8726,121.4072,0.190208,0.231899,2.5168,20.3494,19.7208,103.3858,2.6751,2.5782,3.0535,3.1293,8.8726,121.4072,0.190208,0.231899,,,,,,,,,,,,,0
1600.5048,2.464,19.3615,19.6169,103.6195,1.8183,2.4056,2.909,1.8167,8.7402,31.8531,0.201448,0.23847,2.464,19.3615,19.6169,103.6195,1.8183,2.4056,2.909,1.8167,8.7402,31.8531,0.201448,0.23847,,,,,,,,,,,,,0
1600.6572,2.4784,19.3566,19.9089,97.8028,2.6331,2.5222,2.9261,2.3163,8.4815,27.7463,0.208039,0.234356,2.4784,19.3566,19.9089,97.8028,2.6331,2.5222,2.9261,2.3163,8.4815,27.7463,0.208039,0.234356,,,,,,,,,,,,,0
1600.8096,2.545,19.3517,20.201,96.708,2.8801,2.6389,2.9432,3.328,8.2227,23.6395,0.197702,0.230241,2.545,19.3517,20.201,96.708,2.8801,2.6389,2.9432,3.328,8.2227,23.6395,0.197702,0.230241,,,,,,,,,,,,,0
1600.962,2.5669,19.3468,20.493,101.5249,2.5643,2.7555,2.9602,3.3732,7.9639,19.5328,0.186106,0.226126,2.5669,19.3468,20.493,101.5249,2.5643,2.7555,2.9602,3.3732,7.9639,19.5328,0.186106,0.226126,,,,,,,,,,,,,0
1601.1144,2.5502,17.9271,50919796.0,111.2338,2.3219,3.1269,3.3428,2.7776,7.5711,18.5182,0.177169,0.218236,2.5502,17.9271,50919796.0,111.2338,2.3219,3.1269,3.3428,2.7776,7.5711,18.5182,0.177169,0.218236,,,,,,,,,,,,,0
1601.2668,2.5284,16.0375,118753480.0,116.0211,2.1703,3.5829,3.8467,2.3681,7.1338,18.5308,0.170228,0.209092,2.5284,16.0375,118753480.0,116.0211,2.1703,3.5829,3.8467,2.3681,7.1338,18.5308,0.170228,0.209092,,,,,,,,,,,,,0
1601.4192,2.5453,14.1479,186587168.0,91.3531,3.8079,4.0388,4.3506,4.7295,6.6965,18.5434,0.158442,0.199948,2.5453,14.1479,186587168.0,91.3531,3.8079,4.0388,4.3506,4.7295,6.6965,18.5434,0.158442,0.199948,,,,,,,,,,,,,0
1601.5716,2.5802,14.1478,444146368.0,76.6885,4.5948,4.2032,4.536,5.3453,7.0149,18.7041,0.142887,0.193868,2.5802,14.1478,444146368.0,76.6885,4.5948,4.2032,4.536,5.3453,7.0149,18.7041,0.142887,0.193868,,,,,,,,,,,,,0
1601.724,2.5918,16.2801,915809216.0,82.9304,3.995,4.0385,4.3618,4.0906,8.1859,19.0319,0.13535,0.191247,2.5918,16.2801,915809216.0,82.9304,3.995,4.0385,4.3618,4.0906,8.1859,19.0319,0.13535,0.191247,,,,,,,,,,,,,0
1601.8764,2.5735,18.4124,1387472128.0,97.907,3.423,3.8737,4.1876,3.7598,9.3569,19.3597,0.140423,0.188626,2.5735,18.4124,1387472128.0,97.907,3.423,3.8737,4.1876,3.7598,9.3569,19.3597,0.140423,0.188626,,,,,,,,,,,,,0
1602.0288,2.558,22.9779,1688666496.0,104.0169,3.1194,3.7196,4.0182,3.3952,10.5477,19.8671,0.147153,0.188234,2.558,22.9779,1688666496.0,104.0169,3.1194,3.7196,4.0182,3.3952,10.5477,19.8671,0.147153,0.188234,,,,,,,,,,,,,0
1602.1812,2.5638,37.9864,1258267136.0,101.1758,4.3637,3.6111,3.8695,4.5311,11.8238,21.1451,0.157228,0.197408,2.5638,37.9864,1258267136.0,101.1758,4.3637,3.6111,3.8695,4.5311,11.8238,21.1451,0.157228,0.197408,,,,,,,,,,,,,0
1602.3336,2.5761,52.9948,827867712.0,104.8412,4.3006,3.5026,3.7208,4.6973,13.0998,22.4232,0.164898,0.206583,2.5761,52.9948,827867712.0,104.8412,4.3006,3.5026,3.7208,4.6973,13.0998,22.4232,0.164898,0.206583,,,,,,,,,,,,,0
1602.486,2.5665,68.0033,397468320.0,117.8206,3.1971,3.3941,3.5721,3.3072,14.3759,23.7012,0.176805,0.215757,2.5665,68.0033,397468320.0,117.8206,3.1971,3.3941,3.5721,3.3072,14.3759,23.7012,0.176805,0.215757,,,,,,,,,,,,,0
1602.6384,2.5454,66.8998,258855200.0,128.5386,2.6025,3.2075,3.2807,2.488,15.415,27.2748,0.189424,0.224572,2.5454,66.8998,258855200.0,128.5386,2.6025,3.2075,3.2807,2.488,15.415,27.2748,0.189424,0.224572,,,,,,,,,,,,,0
1602.7908,2.5157,64.1666,149758048.0,131.1296,2.0495,3.013,2.9748,2.0734,16.4302,31.0805,0.201719,0.23335,2.5157,64.1666,149758048.0,131.1296,2.0495,3.013,2.9748,2.0734,16.4302,31.0805,0.201719,0.23335,,,,,,,,,,,,,0
1602.9432,2.4903,61.4333,40660908.0,129.0832,1.7242,2.8186,2.669,1.6868,17.4454,34.8863,0.206946,0.242128,2.4903,61.4333,40660908.0,129.0832,1.7242,2.8186,2.669,1.6868,17.4454,34.8863,0.206946,0.242128,,,,,,,,,,,,,0
1603.0956,2.524,54.8636,29.0317,113.7547,3.2561,2.9718,2.8349,3.5325,17.2923,35.8162,0.201077,0.236815,2.524,54.8636,29.0317,113.7547,3.2561,2.9718,2.8349,3.5325,17.2923,35.8162,0.201077,0.236815,,,,,,,,,,,,,0
1603.248,2.5681,46.0146,30.0355,100.4668,3.6218,3.3317,3.2812,4.2639,16.4451,35.0374,0.187842,0.22313,2.5681,46.0146,30.0355,100.4668,3.6218,3.3317,3.2812,4.2639,16.4451,35.0374,0.187842,0.22313,,,,,,,,,,,,,0
1603.4004,2.5732,37.1655,31.0392,100.3285,3.3256,3.6916,3.7275,3.6923,15.5979,34.2586,0.166546,0.209444,2.5732,37.1655,31.0392,100.3285,3.3256,3.6916,3.7275,3.6923,15.5979,34.2586,0.166546,0.209444,,,,,,,,,,,,,0
1603.5528,2.5658,31.0264,36.8047,100.5371,3.9428,4.1628,4.2743,4.1659,14.5678,32.5306,0.152243,0.19598,2.5658,31.0264,36.8047,100.5371,3.9428,4.1628,4.2743,4.1659,14.5678,32.5306,0.152243,0.19598,,,,,,,,,,,,,0
1603.7052,2.5788,29.9993,51.5526,85.6349,4.1588,4.844,5.0109,4.5954,13.1926,29.0119,0.137847,0.182935,2.5788,29.9993,51.5526,85.6349,4.1588,4.844,5.0109,4.5954,13.1926,29.0119,0.137847,0.182935,,,,,,,,,,,,,0
1603.8576,2.5948,28.9721,66.3004,71.5232,4.5456,5.5251,5.7475,5.1581,11.8174,25.4933,0.12617,0.169889,2.5948,28.9721,66.3004,71.5232,4.5456,5.5251,5.7475,5.1581,11.8174,25.4933,0.12617,0.169889,,,,,,,,,,,,,0
1604.01,2.6116,28.1884,82.0531,64.2199,5.1291,6.2043,6.4862,5.9108,10.4037,22.1046,0.112868,0.157258,2.6116,28.1884,82.0531,64.2199,5.1291,6.2043,6.4862,5.9108,10.4037,22.1046,0.112868,0.157258,,,,,,,,,,,,,0
1604.1624,2.609,30.8722,112.1144,59.5329,5.4299,6.8544,7.2556,6.799,8.4422,20.565,0.102599,0.150522,2.609,30.8722,112.1144,59.5329,5.4299,6.8544,7.2556,6.799,8.4422,20.565,0.102599,0.150522,,,,,,,,,,,,,0
1604.3148,2.6319,33.5561,142.1757,61.5817,12.1763,7.5045,8.0249,13.4608,6.4807,19.0254,0.096018,0.143786,2.6319,33.5561,142.1757,61.5817,12.1763,7.5045,8.0249,13.4608,6.4807,19.0254,0.096018,0.143786,,,,,,,,,,,,,0
1604.4672,2.649,36.2399,172.2369,67.3708,13.4786,8.1546,8.7943,12.8743,4.5192,17.4858,0.09268,0.13705,2.649,36.2399,172.2369,67.3708,13.4786,8.1546,8.7943,12.8743,4.5192,17.4858,0.09268,0.13705,,,,,,,,,,,,,0
1604.6196,2.621,37.4904,145.2189,75.9236,8.1593,7.781,8.349,7.0673,3.4333,17.0993,0.096565,0.140193,2.621,37.4904,145.2189,75.9236,8.1593,7.781,8.349,7.0673,3.4333,17.0993,0.096565,0.140193,,,,,,,,,,,,,0
1604.772,2.6066,38.3478,102.5469,78.6548,6.0128,7.1266,7.5706,5.6244,2.5877,17.0291,0.103883,0.146045,2.6066,38.3478,102.5469,78.6548,6.0128,7.1266,7.5706,5.6244,2.5877,17.0291,0.103883,0.146045,,,,,,,,,,,,,0
1604.9244,2.61,39.2052,59.875,74.6931,6.7419,6.4723,6.7922,6.4644,1.742,16.9588,0.110044,0.151897,2.61,39.2052,59.875,74.6931,6.7419,6.4723,6.7922,6.4644,1.742,16.9588,0.110044,0.151897,,,,,,,,,,,,,0
1605.0768,2.6147,37.157,37.2706,83.5078,7.1725,5.7929,6.0285,7.0487,2.6478,16.3974,0.121886,0.163033,2.6147,37.157,37.2706,83.5078,7.1725,5.7929,6.0285,7.0487,2.6478,16.3974,0.121886,0.163033,,,,,,,,,,,,,0
1605.2292,2.5951,32.2485,34.4201,104.6262,4.8775,5.0887,5.2793,4.61,5.2776,15.3524,0.135919,0.17937,2.5951,32.2485,34.4201,104.6262,4.8775,5.0887,5.2793,4.61,5.2776,15.3524,0.135919,0.17937,,,,,,,,,,,,,0
1605.3816,2.5457,27.3401,31.5697,126.0571,3.2674,4.3846,4.5301,2.7657,7.9074,14.3074,0.158494,0.195708,2.5457,27.3401,31.5697,126.0571,3.2674,4.3846,4.5301,2.7657,7.9074,14.3074,0.158494,0.195708,,,,,,,,,,,,,0
1605.534,2.5422,25.4068,48.2452,124.7018,4.0365,3.8038,3.9178,3.4978,10.2012,14.1105,0.173702,0.209311,2.5422,25.4068,48.2452,124.7018,4.0365,3.8038,3.9178,3.4978,10.2012,14.1105,0.173702,0.209311,,,,,,,,,,,,,0
1605.6864,2.5828,33.8341,132.9171,112.7369,5.0909,3.6528,3.7823,5.0579,11.3248,16.8669,0.177876,0.213396,2.5828,33.8341,132.9171,112.7369,5.0909,3.6528,3.7823,5.0579,11.3248,16.8669,0.177876,0.213396,,,,,,,,,,,,,0
1605.8388,2.5991,42.2615,217.5889,119.9443,3.7713,3.5018,3.6467,4.1341,12.4484,19.6233,0.17911,0.21748,2.5991,42.2615,217.5889,119.9443,3.7713,3.5018,3.6467,4.1341,12.4484,19.6233,0.17911,0.21748,,,,,,,,,,,,,0
1605.9912,2.5769,50.6888,302.2607,135.8095,2.6646,3.3508,3.5112,2.6459,13.572,22.3797,0.18278,0.221564,2.5769,50.6888,302.2607,135.8095,2.6646,3.3508,3.5112,2.6459,13.572,22.3797,0.18278,0.221564,,,,,,,,,,,,,0
1606.1436,2.5751,48.4673,307.1383,135.8526,2.7482,3.7711,4.0171,2.7101,12.2581,30.6298,0.182978,0.216401,2.5751,48.4673,307.1383,135.8526,2.7482,3.7711,4.0171,2.7101,12.2581,30.6298,0.182978,0.216401,,,,,,,,,,,,,0
1606.296,2.6075,45.5932,307.1259,127.6744,4.1462,4.2263,4.5624,4.5837,10.7949,39.2165,0.17339,0.21067,2.6075,45.5932,307.1259,127.6744,4.1462,4.2263,4.5624,4.5837,10.7949,39.2165,0.17339,0.21067,,,,,,,,,,,,,0
1606.4484,2.6043,42.7191,307.1136,116.3063,4.941,4.6816,5.1076,5.7191,9.3316,47.8033,0.164609,0.20494,2.6043,42.7191,307.1136,116.3063,4.941,4.6816,5.1076,5.7191,9.3316,47.8033,0.164609,0.20494,,,,,,,,,,,,,0
1606.6008,2.5501,36.8123,251.3993,98.3567,5.4437,4.8482,5.2465,5.9577,8.1631,48.6171,0.149899,0.195621,2.5501,36.8123,251.3993,98.3567,5.4437,4.8482,5.2465,5.9577,8.1631,48.6171,0.149899,0.195621,,,,,,,,,,,,,0
1606.7532,2.5126,29.3531,167.171,91.2627,5.522,4.8672,5.1774,5.668,7.1455,45.4519,0.136358,0.184466,2.5126,29.3531,167.171,91.2627,5.522,4.8672,5.1774,5.668,7.1455,45.4519,0.136358,0.184466,,,,,,,,,,,,,0
1606.9056,2.4973,21.8938,82.9426,93.2109,5.2581,4.8862,5.1083,5.0972,6.1278,42.2867,0.124919,0.17331,2.4973,21.8938,82.9426,93.2109,5.2581,4.8862,5.1083,5.0972,6.1278,42.2867,0.124919,0.17331,,,,,,,,,,,,,0
1607.058,2.5005,23.0669,29.3553,89.0346,5.1245,4.8878,5.0672,4.8119,5.4942,38.8598,0.118587,0.165669,2.5005,23.0669,29.3553,89.0346,5.1245,4.8878,5.0672,4.8119,5.4942,38.8598,0.118587,0.165669,,,,,,,,,,,,,0
1607.2104,2.4961,38.29,25.639,87.4453,5.1253,4.8614,5.0718,4.8893,5.4856,35.0071,0.1175,0.163749,2.4961,38.29,25.639,87.4453,5.1253,4.8614,5.0718,4.8893,5.4856,35.0071,0.1175,0.163749,,,,,,,,,,,,,0
1607.3628,2.4986,53.5131,21.9226,91.2055,5.1549,4.8349,5.0763,5.0118,5.477,31.1544,0.117245,0.161829,2.4986,53.5131,21.9226,91.2055,5.1549,4.8349,5.0763,5.0118,5.477,31.1544,0.117245,0.161829,,,,,,,,,,,,,0
1607.5152,2.5001,68.4315,18.5697,94.2167,5.2149,4.7791,5.0492,5.0822,5.4452,28.0136,0.11812,0.160988,2.5001,68.4315,18.5697,94.2167,5.2149,4.7791,5.0492,5.0822,5.4452,28.0136,0.11812,0.160988,,,,,,,,,,,,,0
1607.6676,2.5104,80.6004,18.4975,94.8386,5.6988,4.4588,4.7363,5.4504,5.2045,31.2995,0.121634,0.169888,2.5104,80.6004,18.4975,94.8386,5.6988,4.4588,4.7363,5.4504,5.2045,31.2995,0.121634,0.169888,,,,,,,,,,,,,0
1607.82,2.5361,92.7693,18.4253,109.7774,5.3371,4.1385,4.4234,5.4693,4.9639,34.5854,0.131528,0.178788,2.5361,92.7693,18.4253,109.7774,5.3371,4.1385,4.4234,5.4693,4.9639,34.5854,0.131528,0.178788,,,,,,,,,,,,,0
1607.9724,2.5438,104.9382,18.3531,126.7433,3.9793,3.8181,4.1106,3.7544,4.7232,37.8713,0.149976,0.187688,2.5438,104.9382,18.3531,126.7433,3.9793,3.8181,4.1106,3.7544,4.7232,37.8713,0.149976,0.187688,,,,,,,,,,,,,0
1608.1248,2.5419,91.5696,18.677,133.5805,3.4148,3.5642,3.7912,2.8164,7.2305,46.5492,0.163987,0.197088,2.5419,91.5696,18.677,133.5805,3.4148,3.5642,3.7912,2.8164,7.2305,46.5492,0.163987,0.197088,,,,,,,,,,,,,0
1608.2772,2.5296,72.5532,19.0886,131.462,3.409,3.325,3.4704,2.9439,10.3456,56.4196,0.173687,0.206597,2.5296,72.5532,19.0886,131.462,3.409,3.325,3.4704,2.9439,10.3456,56.4196,0.173687,0.206597,,,,,,,,,,,,,0
1608.4296,2.5226,53.5369,19.5001,128.2375,3.2922,3.0858,3.1497,2.9948,13.4607,66.29,0.178858,0.216107,2.5226,53.5369,19.5001,128.2375,3.2922,3.0858,3.1497,2.9948,13.4607,66.29,0.178858,0.216107,,,,,,,,,,,,,0
1608.582,2.5286,39.2226,20.3676,135.0246,3.2228,2.9676,2.9986,3.0417,15.0929,70.3758,0.180948,0.220861,2.5286,39.2226,20.3676,135.0246,3.2228,2.9676,2.9986,3.0417,15.0929,70.3758,0.180948,0.220861,,,,,,,,,,,,,0
1608.7344,2.5347,28.9454,21.6266,138.6803,3.1712,2.9534,2.9933,3.0109,15.452,69.4952,0.181919,0.221531,2.5347,28.9454,21.6266,138.6803,3.1712,2.9534,2.9933,3.0109,15.452,69.4952,0.181919,0.221531,,,,,,,,,,,,,0
1608.8868,2.5342,18.6682,22.8856,135.9959,3.0786,2.9392,2.988,2.9258,15.8112,68.6147,0.181717,0.222202,2.5342,18.6682,22.8856,135.9959,3.0786,2.9392,2.988,2.9258,15.8112,68.6147,0.181717,0.222202,,,,,,,,,,,,,0
1609.0392,2.5317,10.9429,24.762,136.4391,3.0651,2.9389,2.9964,2.94,15.9046,65.4318,0.18099,0.222394,2.5317,10.9429,24.762,136.4391,3.0651,2.9389,2.9964,2.94,15.9046,65.4318,0.18099,0.222394,,,,,,,,,,,,,0
1609.1916,2.5338,10.5873,28.4213,135.9503,3.171,2.9788,3.0448,3.0748,15.2311,55.6005,0.179998,0.221206,2.5338,10.5873,28.4213,135.9503,3.171,2.9788,3.0448,3.0748,15.2311,55.6005,0.179998,0.221206,,,,,,,,,,,,,0
1609.344,2.5265,10.2316,32.0806,132.5058,3.1849,3.0187,3.0932,3.1532,14.5575,45.7692,0.178771,0.220017,2.5265,10.2316,32.0806,132.5058,3.1849,3.0187,3.0932,3.1532,14.5575,45.7692,0.178771,0.220017,,,,,,,,,,,,,0
1609.4964,2.5291,9.876,35.7399,130.1979,3.2043,3.0587,3.1416,3.205,13.8839,35.9378,0.176642,0.218828,2.5291,9.876,35.7399,130.1979,3.2043,3.0587,3.1416,3.205,13.8839,35.9378,0.176642,0.218828,,,,,,,,,,,,,0
1609.6488,2.5384,10.0253,34.6349,127.8425,3.1897,3.0946,3.1831,3.1869,12.6843,45.4195,0.174169,0.216419,2.5384,10.0253,34.6349,127.8425,3.1897,3.0946,3.1831,3.1869,12.6843,45.4195,0.174169,0.216419,,,,,,,,,,,,,0
1609.8012,2.5372,10.1869,33.4147,124.4601,3.1658,3.1305,3.2245,3.162,11.472,55.3684,0.171387,0.213981,2.5372,10.1869,33.4147,124.4601,3.1658,3.1305,3.2245,3.162,11.472,55.3684,0.171387,0.213981,,,,,,,,,,,,,0
1609.9536,2.5312,10.3484,32.1945,121.4486,3.1479,3.1664,3.2659,3.1855,10.2596,65.3172,0.169662,0.211542,2.5312,10.3484,32.1945,121.4486,3.1479,3.1664,3.2659,3.1855,10.2596,65.3172,0.169662,0.211542,,,,,,,,,,,,,0
1610.106,2.5334,19.0646,29.7789,129.8495,3.2543,3.2222,3.3163,3.3754,9.815,60.9999,0.167578,0.209528,2.5334,19.0646,29.7789,129.8495,3.2543,3.2222,3.3163,3.3754,9.815,60.9999,0.167578,0.209528,,,,,,,,,,,,,0
1610.2584,2.5308,31.5256,26.84,131.965,3.3611,3.2868,3.3707,3.4331,9.7065,50.4378,0.165707,0.207699,2.5308,31.5256,26.84,131.965,3.3611,3.2868,3.3707,3.4331,9.7065,50.4378,0.165707,0.207699,,,,,,,,,,,,,0
1610.4108,2.5318,43.9865,23.9011,129.1936,3.3873,3.3514,3.4251,3.4271,9.5979,39.8757,0.163733,0.20587,2.5318,43.9865,23.9011,129.1936,3.3873,3.3514,3.4251,3.4271,9.5979,39.8757,0.163733,0.20587,,,,,,,,,,,,,0
1610.5632,2.536,49.3763,21.5707,125.8225,3.4136,3.4055,3.477,3.4322,9.9386,31.5001,0.162454,0.204181,2.536,49.3763,21.5707,125.8225,3.4136,3.4055,3.477,3.4322,9.9386,31.5001,0.162454,0.204181,,,,,,,,,,,,,0
1610.7156,2.5501,44.7861,20.0991,123.6099,3.4735,3.4447,3.5254,3.4579,10.9133,26.2104,0.160797,0.202687,2.5501,44.7861,20.0991,123.6099,3.4735,3.4447,3.5254,3.4579,10.9133,26.2104,0.160797,0.202687,,,,,,,,,,,,,0
1610.868,2.556,40.1958,18.6275,124.2301,3.5291,3.484,3.5738,3.5273,11.888,20.9206,0.159235,0.201194,2.556,40.1958,18.6275,124.2301,3.5291,3.484,3.5738,3.5273,11.888,20.9206,0.159235,0.201194,,,,,,,,,,,,,0
1611.0204,2.5514,35.193,17.3099,127.3361,3.6418,3.5239,3.6228,3.6521,12.6909,17.0296,0.157397,0.199888,2.5514,35.193,17.3099,127.3361,3.6418,3.5239,3.6228,3.6521,12.6909,17.0296,0.157397,0.199888,,,,,,,,,,,,,0
1611.1728,2.5467,27.5203,16.9889,119.1244,3.8379,3.5676,3.6757,3.8095,12.3824,22.1888,0.155133,0.199796,2.5467,27.5203,16.9889,119.1244,3.8379,3.5676,3.6757,3.8095,12.3824,22.1888,0.155133,0.199796,,,,,,,,,,,,,0
1611.3252,2.5443,19.8477,16.6678,117.3345,4.0177,3.6113,3.7285,3.993,12.0739,27.3479,0.154683,0.199705,2.5443,19.8477,16.6678,117.3345,4.0177,3.6113,3.7285,3.993,12.0739,27.3479,0.154683,0.199705,,,,,,,,,,,,,0
1611.4776,2.5427,12.175,16.3468,121.9293,3.8255,3.6551,3.7814,3.7887,11.7654,32.5071,0.157898,0.199613,2.5427,12.175,16.3468,121.9293,3.8255,3.6551,3.7814,3.7887,11.7654,32.5071,0.157898,0.199613,,,,,,,,,,,,,0
1611.63,2.5401,12.6291,15.6178,128.7347,3.6457,3.6051,3.7179,3.5571,12.3411,55.8071,0.161194,0.201186,2.5401,12.6291,15.6178,128.7347,3.6457,3.6051,3.7179,3.5571,12.3411,55.8071,0.161194,0.201186,,,,,,,,,,,,,0
1611.7824,2.5411,14.4834,14.8184,129.1717,3.6374,3.5391,3.6343,3.4901,13.0691,82.2329,0.163376,0.203045,2.5411,14.4834,14.8184,129.1717,3.6374,3.5391,3.6343,3.4901,13.0691,82.2329,0.163376,0.203045,,,,,,,,,,,,,0
1611.9348,2.5526,16.3378,14.0191,124.3248,3.57,3.473,3.5507,3.4507,13.7971,108.6588,0.164036,0.204905,2.5526,16.3378,14.0191,124.3248,3.57,3.473,3.5507,3.4507,13.7971,108.6588,0.164036,0.204905,,,,,,,,,,,,,0
1612.0872,2.5481,19.0598,15.4136,125.4237,3.6432,3.4298,3.5022,3.5428,14.1007,104.4384,0.164255,0.206241,2.5481,19.0598,15.4136,125.4237,3.6432,3.4298,3.5022,3.5428,14.1007,104.4384,0.164255,0.206241,,,,,,,,,,,,,0
1612.2396,2.5422,22.4306,18.4484,129.4553,3.6886,3.4039,3.4801,3.6095,14.087,77.3036,0.164974,0.207186,2.5422,22.4306,18.4484,129.4553,3.6886,3.4039,3.4801,3.6095,14.087,77.3036,0.164974,0.207186,,,,,,,,,,,,,0
1612.392,2.5482,25.8014,21.4833,129.1845,3.5647,3.3779,3.4579,3.4884,14.0732,50.1689,0.166831,0.20813,2.5482,25.8014,21.4833,129.1845,3.5647,3.3779,3.4579,3.4884,14.0732,50.1689,0.166831,0.20813,,,,,,,,,,,,,0
1612.5444,2.5458,28.6388,26.1343,127.5522,3.5392,3.3427,3.4234,3.4548,13.8707,29.1721,0.169103,0.209573,2.5458,28.6388,26.1343,127.5522,3.5392,3.3427,3.4234,3.4548,13.8707,29.1721,0.169103,0.209573,,,,,,,,,,,,,0
1612.6968,2.5434,30.1786,34.7163,129.9571,3.4691,3.2848,3.359,3.4122,13.2088,23.1055,0.171622,0.212224,2.5434,30.1786,34.7163,129.9571,3.4691,3.2848,3.359,3.4122,13.2088,23.1055,0.171622,0.212224,,,,,,,,,,,,,0
1612.8492,2.5392,31.7184,43.2984,131.5406,3.3389,3.227,3.2945,3.3168,12.547,17.0389,0.174131,0.214876,2.5392,31.7184,43.2984,131.5406,3.3389,3.227,3.2945,3.3168,12.547,17.0389,0.174131,0.214876,,,,,,,,,,,,,0
1613.0016,2.5398,33.3298,51.7515,131.5269,3.3021,3.1697,3.2306,3.2305,11.8661,11.0321,0.175829,0.217512,2.5398,33.3298,51.7515,131.5269,3.3021,3.1697,3.2306,3.2305,11.8661,11.0321,0.175829,0.217512,,,,,,,,,,,,,0
1613.154,2.5381,41.6954,48.058,128.8075,3.3105,3.1562,3.2252,3.2085,9.394,10.6569,0.177384,0.21864,2.5381,41.6954,48.058,128.8075,3.3105,3.1562,3.2252,3.2085,9.394,10.6569,0.177384,0.21864,,,,,,,,,,,,,0
1613.3064,2.5364,50.061,44.3645,122.7649,3.2687,3.1428,3.2197,3.1993,6.9218,10.2816,0.179467,0.219767,2.5364,50.061,44.3645,122.7649,3.2687,3.1428,3.2197,3.1993,6.9218,10.2816,0.179467,0.219767,,,,,,,,,,,,,0
1613.4588,2.5402,58.4266,40.6709,122.8994,3.267,3.1294,3.2142,3.2219,4.4496,9.9064,0.179726,0.220895,2.5402,58.4266,40.6709,122.8994,3.267,3.1294,3.2142,3.2219,4.4496,9.9064,0.179726,0.220895,,,,,,,,,,,,,0
1613.6112,2.5399,64.4681,36.9398,128.8831,3.2016,3.1046,3.1976,3.2388,3.8413,11.8576,0.180931,0.222557,2.5399,64.4681,36.9398,128.8831,3.2016,3.1046,3.1976,3.2388,3.8413,11.8576,0.180931,0.222557,,,,,,,,,,,,,0
1613.7636,2.539,69.6484,33.1946,133.1759,3.1177,3.0756,3.1769,3.1766,3.9235,14.6708,0.183012,0.224416,2.539,69.6484,33.1946,133.1759,3.1177,3.0756,3.1769,3.1766,3.9235,14.6708,0.183012,0.224416,,,,,,,,,,,,,0
1613.916,2.5414,74.8287,29.4495,135.1375,3.1325,3.0466,3.1561,3.1459,4.0058,17.4839,0.185167,0.226275,2.5414,74.8287,29.4495,135.1375,3.1325,3.0466,3.1561,3.1459,4.0058,17.4839,0.185167,0.226275,,,,,,,,,,,,,0
1614.0684,2.5453,73.8252,28.8029,137.4427,3.1394,3.0159,3.1162,3.1156,4.1122,24.2603,0.186255,0.227792,2.5453,73.8252,28.8029,137.4427,3.1394,3.0159,3.1162,3.1156,4.1122,24.2603,0.186255,0.227792,,,,,,,,,,,,,0
1614.2208,2.5439,65.2275,31.9614,137.2896,3.0793,2.9833,3.0527,3.0999,4.2482,35.9036,0.187739,0.22889,2.5439,65.2275,31.9614,137.2896,3.0793,2.9833,3.0527,3.0999,4.2482,35.9036,0.187739,0.22889,,,,,,,,,,,,,0
1614.3732,2.5452,56.6298,35.1199,136.2254,2.9642,2.9507,2.9892,2.9839,4.3843,47.547,0.189265,0.229987,2.5452,56.6298,35.1199,136.2254,2.9642,2.9507,2.9892,2.9839,4.3843,47.547,0.189265,0.229987,,,,,,,,,,,,,0
1614.5256,2.5501,49.0441,39.616,136.9253,2.8789,2.9213,2.9389,2.8799,4.9765,55.7157,0.190912,0.230531,2.5501,49.0441,39.616,136.9253,2.8789,2.9213,2.9389,2.8799,4.9765,55.7157,0.190912,0.230531,,,,,,,,,,,,,0
1614.678,2.5541,46.4715,50.7378,133.3293,3.0446,2.908,2.9537,3.0542,7.8279,46.674,0.191154,0.228337,2.5541,46.4715,50.7378,133.3293,3.0446,2.908,2.9537,3.0542,7.8279,46.674,0.191154,0.228337,,,,,,,,,,,,,0
1614.8304,2.5571,43.8988,61.8596,135.4133,2.9244,2.8948,2.9684,2.9275,10.6793,37.6323,0.188923,0.226142,2.5571,43.8988,61.8596,135.4133,2.9244,2.8948,2.9684,2.9275,10.6793,37.6323,0.188923,0.226142,,,,,,,,,,,,,0
1614.9828,2.5296,41.3262,72.9814,137.4797,3.0896,2.8815,2.9832,2.8536,13.5307,28.5907,0.179445,0.223948,2.5296,41.3262,72.9814,137.4797,3.0896,2.8815,2.9832,2.8536,13.5307,28.5907,0.179445,0.223948,,,,,,,,,,,,,0
1615.1352,2.4824,34.3558,71.1824,125.8675,3.6005,2.89,3.1442,3.4219,14.8287,23.1594,0.170491,0.217075,2.4824,34.3558,71.1824,125.8675,3.6005,2.89,3.1442,3.4219,14.8287,23.1594,0.170491,0.217075,,,,,,,,,,,,,0
1615.2876,2.4306,26.8259,67.7395,98.4455,3.2507,2.9012,3.3237,3.6816,15.9291,18.1874,0.16185,0.209608,2.4306,26.8259,67.7395,98.4455,3.2507,2.9012,3.3237,3.6816,15.9291,18.1874,0.16185,0.209608,,,,,,,,,,,,,0
1615.44,2.4091,19.296,64.2967,79.3265,2.9054,2.9125,3.5032,3.5906,17.0296,13.2155,0.157343,0.20214,2.4091,19.296,64.2967,79.3265,2.9054,2.9125,3.5032,3.5906,17.0296,13.2155,0.157343,0.20214,,,,,,,,,,,,,0
1615.5924,2.4076,15.4644,58.4282,76.8156,2.8853,3.3125,3.8977,3.6822,17.2038,13.2,0.154823,0.197407,2.4076,15.4644,58.4282,76.8156,2.8853,3.3125,3.8977,3.6822,17.2038,13.2,0.154823,0.197407,,,,,,,,,,,,,0
1615.7448,2.4046,14.0342,50.9845,75.523,2.6524,3.965,4.4318,3.6569,16.7766,16.4031,0.153572,0.194451,2.4046,14.0342,50.9845,75.523,2.6524,3.965,4.4318,3.6569,16.7766,16.4031,0.153572,0.194451,,,,,,,,,,,,,0
1615.8972,2.3875,12.604,43.5408,71.9322,2.507,4.6175,4.9658,3.1402,16.3494,19.6062,0.150502,0.191494,2.3875,12.604,43.5408,71.9322,2.507,4.6175,4.9658,3.1402,16.3494,19.6062,0.150502,0.191494,,,,,,,,,,,,,0
1616.0496,2.3826,11.5339,41.8936,70.2798,2.5643,5.8976,6.2041,2.9326,15.3723,22.157,0.146568,0.18576,2.3826,11.5339,41.8936,70.2798,2.5643,5.8976,6.2041,2.9326,15.3723,22.157,0.146568,0.18576,,,,,,,,,,,,,0
1616.202,2.4057,11.2101,52.2603,71.6452,2.6919,8.4784,8.902,3.3473,13.2553,23.3559,0.137455,0.174269,2.4057,11.2101,52.2603,71.6452,2.6919,8.4784,8.902,3.3473,13.2553,23.3559,0.137455,0.174269,,,,,,,,,,,,,0
1616.3544,2.451,10.8863,62.6269,69.9631,4.9602,11.0593,11.5998,8.599,11.1383,24.5549,0.12675,0.162778,2.451,10.8863,62.6269,69.9631,4.9602,11.0593,11.5998,8.599,11.1383,24.5549,0.12675,0.162778,,,,,,,,,,,,,0
1616.5068,2.5642,10.5958,71.977,61.8308,11.4761,13.5163,14.1788,15.7472,9.024,25.8388,0.106681,0.151449,2.5642,10.5958,71.977,61.8308,11.4761,13.5163,14.1788,15.7472,9.024,25.8388,0.106681,0.151449,,,,,,,,,,,,,0
1616.6592,2.6535,11.0174,59.5606,55.0848,15.14,13.3211,14.212,18.7589,6.9687,28.9424,0.089902,0.143585,2.6535,11.0174,59.5606,55.0848,15.14,13.3211,14.212,18.7589,6.9687,28.9424,0.089902,0.143585,,,,,,,,,,,,,0
1616.8116,2.679,11.439,47.1442,53.7761,20.4735,13.126,14.2452,19.6474,4.9134,32.0461,0.080725,0.135721,2.679,11.439,47.1442,53.7761,20.4735,13.126,14.2452,19.6474,4.9134,32.0461,0.080725,0.135721,,,,,,,,,,,,,0
1616.964,2.6522,11.8606,34.7278,55.2625,20.4438,12.9308,14.2784,16.5055,2.8581,35.1498,0.080196,0.127858,2.6522,11.8606,34.7278,55.2625,20.4438,12.9308,14.2784,16.5055,2.8581,35.1498,0.080196,0.127858,,,,,,,,,,,,,0
1617.1164,2.5646,17.1196,28.1669,64.1799,11.8916,10.7052,11.8989,8.4065,2.0788,51.6171,0.093235,0.138688,2.5646,17.1196,28.1669,64.1799,11.8916,10.7052,11.8989,8.4065,2.0788,51.6171,0.093235,0.138688,,,,,,,,,,,,,0
1617.2688,2.4684,23.8748,23.417,76.1278,6.3946,7.8517,8.7732,4.432,1.6941,72.2175,0.118141,0.155299,2.4684,23.8748,23.417,76.1278,6.3946,7.8517,8.7732,4.432,1.6941,72.2175,0.118141,0.155299,,,,,,,,,,,,,0
1617.4212,2.421,30.6299,18.6671,81.244,5.0162,4.9982,5.6476,4.0391,1.3095,92.8178,0.135452,0.171911,2.421,30.6299,18.6671,81.244,5.0162,4.9982,5.6476,4.0391,1.3095,92.8178,0.135452,0.171911,,,,,,,,,,,,,0
1617.5736,2.3676,35.9369,19.0481,78.6549,3.0858,3.3961,3.9045,2.7363,3.0621,105.7403,0.148202,0.182899,2.3676,35.9369,19.0481,78.6549,3.0858,3.3961,3.9045,2.7363,3.0621,105.7403,0.148202,0.182899,,,,,,,,,,,,,0
1617.726,2.3413,39.6936,24.9224,68.3125,2.1862,3.1338,3.6419,1.9916,7.1029,110.4424,0.155815,0.187868,2.3413,39.6936,24.9224,68.3125,2.1862,3.1338,3.6419,1.9916,7.1029,110.4424,0.155815,0.187868,,,,,,,,,,,,,0
1617.8784,2.3634,43.4502,30.7968,61.4971,2.3772,2.8715,3.3792,2.3949,11.1438,115.1444,0.15679,0.192836,2.3634,43.4502,30.7968,61.4971,2.3772,2.8715,3.3792,2.3949,11.1438,115.1444,0.15679,0.192836,,,,,,,,,,,,,0
1618.0308,2.3968,44.4214,40.3838,65.2017,2.8235,2.7233,3.2568,3.718,14.3079,638.4686,0.154268,0.196018,2.3968,44.4214,40.3838,65.2017,2.8235,2.7233,3.2568,3.718,14.3079,638.4686,0.154268,0.196018,,,,,,,,,,,,,0
1618.1832,2.4187,34.3959,64.6289,74.7336,3.0181,3.0256,3.6881,4.3627,14.0104,3209.3396,0.147451,0.192147,2.4187,34.3959,64.6289,74.7336,3.0181,3.0256,3.6881,4.3627,14.0104,3209.3396,0.147451,0.192147,,,,,,,,,,,,,0
1618.3356,2.4302,24.3704,88.874,80.383,3.1724,3.3279,4.1193,4.3407,13.7129,5780.2109,0.142769,0.188276,2.4302,24.3704,88.874,80.383,3.1724,3.3279,4.1193,4.3407,13.7129,5780.2109,0.142769,0.188276,,,,,,,,,,,,,0
1618.488,2.4412,14.3449,113.119,84.2172,3.3787,3.6302,4.5506,4.5963,13.4154,8351.082,0.141581,0.184405,2.4412,14.3449,113.119,84.2172,3.3787,3.6302,4.5506,4.5963,13.4154,8351.082,0.141581,0.184405,,,,,,,,,,,,,0
1618.6404,2.4518,14.1258,90.6892,86.466,3.5485,3.7913,4.7065,5.0229,13.0635,7447.0786,0.140954,0.182668,2.4518,14.1258,90.6892,86.466,3.5485,3.7913,4.7065,5.0229,13.0635,7447.0786,0.140954,0.182668,,,,,,,,,,,,,0
1618.7928,2.457,14.7448,64.2701,84.6843,3.7234,3.9404,4.8388,5.0634,12.7069,6246.0776,0.139169,0.181113,2.457,14.7448,64.2701,84.6843,3.7234,3.9404,4.8388,5.0634,12.7069,6246.0776,0.139169,0.181113,,,,,,,,,,,,,0
1618.9452,2.4655,15.3638,37.8509,88.4742,3.7999,4.0894,4.9711,4.9365,12.3503,5045.0767,0.137216,0.179559,2.4655,15.3638,37.8509,88.4742,3.7999,4.0894,4.9711,4.9365,12.3503,5045.0767,0.137216,0.179559,,,,,,,,,,,,,0
1619.0976,2.4581,15.5967,24.9707,89.8818,4.5382,4.2277,5.0739,5.3973,12.5027,3715.4707,0.134814,0.178395,2.4581,15.5967,24.9707,89.8818,4.5382,4.2277,5.0739,5.3973,12.5027,3715.4707,0.134814,0.178395,,,,,,,,,,,,,0
1619.25,2.4521,15.6129,19.6922,96.2261,4.9125,4.3601,5.1601,5.6465,12.9408,2313.6565,0.133545,0.17745,2.4521,15.6129,19.6922,96.2261,4.9125,4.3601,5.1601,5.6465,12.9408,2313.6565,0.133545,0.17745,,,,,,,,,,,,,0
1619.4024,2.4609,15.6291,14.4137,92.8572,4.3838,4.4924,5.2463,5.4234,13.3789,911.842,0.133591,0.176505,2.4609,15.6291,14.4137,92.8572,4.3838,4.4924,5.2463,5.4234,13.3789,911.842,0.133591,0.176505,,,,,,,,,,,,,0
1619.5548,2.4611,15.9894,10.8927,85.155,3.9578,4.6748,5.3779,5.243,13.8584,13.7888,0.13421,0.175231,2.4611,15.9894,10.8927,85.155,3.9578,4.6748,5.3779,5.243,13.8584,13.7888,0.13421,0.175231,,,,,,,,,,,,,0
1619.7072,2.4649,16.9629,10.5015,88.3896,3.8405,4.9465,5.5905,5.0522,14.4117,12.9455,0.134117,0.173372,2.4649,16.9629,10.5015,88.3896,3.8405,4.9465,5.5905,5.0522,14.4117,12.9455,0.134117,0.173372,,,,,,,,,,,,,0
1619.8596,2.4763,17.9364,10.1104,88.0089,4.2255,5.2182,5.803,5.3886,14.965,12.1021,0.131923,0.171513,2.4763,17.9364,10.1104,88.0089,4.2255,5.2182,5.803,5.3886,14.965,12.1021,0.131923,0.171513,,,,,,,,,,,,,0
1620.012,2.5034,19.3522,10.029,91.536,4.5895,5.4664,6.0067,5.7626,15.4286,11.3133,0.126144,0.169486,2.5034,19.3522,10.029,91.536,4.5895,5.4664,6.0067,5.7626,15.4286,11.3133,0.126144,0.169486,,,,,,,,,,,,,0
1620.1644,2.5057,25.9434,13.5709,92.1537,4.3902,5.44,6.1069,5.4608,14.8426,11.1636,0.120375,0.165493,2.5057,25.9434,13.5709,92.1537,4.3902,5.44,6.1069,5.4608,14.8426,11.1636,0.120375,0.165493,,,,,,,,,,,,,0
1620.3168,2.5107,32.5345,17.1127,87.9669,5.3424,5.4136,6.2071,6.9399,14.2567,11.0139,0.116176,0.1615,2.5107,32.5345,17.1127,87.9669,5.3424,5.4136,6.2071,6.9399,14.2567,11.0139,0.116176,0.1615,,,,,,,,,,,,,0
1620.4692,2.5205,39.1257,20.6546,91.5669,5.3797,5.3871,6.3073,6.6395,13.6708,10.8642,0.114226,0.157507,2.5205,39.1257,20.6546,91.5669,5.3797,5.3871,6.3073,6.6395,13.6708,10.8642,0.114226,0.157507,,,,,,,,,,,,,0
1620.6216,2.5194,54.8077,30.782,92.137,5.0908,5.2742,6.1034,5.8763,12.9613,11.2964,0.114346,0.158062,2.5194,54.8077,30.782,92.137,5.0908,5.2742,6.1034,5.8763,12.9613,11.2964,0.114346,0.158062,,,,,,,,,,,,,0
1620.774,2.5125,72.7923,42.5776,95.6153,5.0791,5.1393,5.8225,5.6465,12.2204,11.876,0.116832,0.159769,2.5125,72.7923,42.5776,95.6153,5.0791,5.1393,5.8225,5.6465,12.2204,11.876,0.116832,0.159769,,,,,,,,,,,,,0
1620.9264,2.5052,90.7769,54.3731,98.123,4.8713,5.0044,5.5416,5.3333,11.4795,12.4556,0.119312,0.161476,2.5052,90.7769,54.3731,98.123,4.8713,5.0044,5.5416,5.3333,11.4795,12.4556,0.119312,0.161476,,,,,,,,,,,,,0
1621.0788,2.5044,120.9682,54.6896,94.5,4.7895,4.9606,5.383,5.0256,11.2768,18.8481,0.12287,0.163009,2.5044,120.9682,54.6896,94.5,4.7895,4.9606,5.383,5.0256,11.2768,18.8481,0.12287,0.163009,,,,,,,,,,,,,0
1621.2312,2.5123,162.5607,44.2846,96.3778,4.7896,5.002,5.3387,4.9075,11.5769,30.67,0.124755,0.164381,2.5123,162.5607,44.2846,96.3778,4.7896,5.002,5.3387,4.9075,11.5769,30.67,0.124755,0.164381,,,,,,,,,,,,,0
1621.3836,2.518,204.1532,33.8797,99.6073,4.9891,5.0434,5.2944,5.1615,11.8769,42.4919,0.124709,0.165752,2.518,204.1532,33.8797,99.6073,4.9891,5.0434,5.2944,5.1615,11.8769,42.4919,0.124709,0.165752,,,,,,,,,,,,,0
1621.536,2.5261,238.5476,24.8803,97.4729,5.2838,5.0571,5.2423,5.4872,12.1861,54.0829,0.124345,0.166966,2.5261,238.5476,24.8803,97.4729,5.2838,5.0571,5.2423,5.4872,12.1861,54.0829,0.124345,0.166966,,,,,,,,,,,,,0
1621.6884,2.5366,249.6681,20.4255,100.9936,5.3284,4.9813,5.1649,5.57,12.5248,64.9275,0.123881,0.167667,2.5366,249.6681,20.4255,100.9936,5.3284,4.9813,5.1649,5.57,12.5248,64.9275,0.123881,0.167667,,,,,,,,,,,,,0
1621.8408,2.539,260.7885,15.9707,102.1813,5.2131,4.9056,5.0874,5.4419,12.8634,75.7721,0.124146,0.168368,2.539,260.7885,15.9707,102.1813,5.2131,4.9056,5.0874,5.4419,12.8634,75.7721,0.124146,0.168368,,,,,,,,,,,,,0
1621.9932,2.5317,271.909,11.5159,108.6128,5.1582,4.8298,5.01,4.915,13.2021,86.6167,0.127717,0.169069,2.5317,271.909,11.5159,108.6128,5.1582,4.8298,5.01,4.915,13.2021,86.6167,0.127717,0.169069,,,,,,,,,,,,,0
1622.1456,2.5261,205.185,14.7027,113.3307,5.1853,4.7621,4.9455,4.8055,14.5549,68.668,0.130939,0.172128,2.5261,205.185,14.7027,113.3307,5.1853,4.7621,4.9455,4.8055,14.5549,68.668,0.130939,0.172128,,,,,,,,,,,,,0
1622.298,2.5283,134.8254,18.2465,117.15,4.9023,4.6947,4.8816,4.7696,15.9552,49.3745,0.134251,0.175298,2.5283,134.8254,18.2465,117.15,4.9023,4.6947,4.8816,4.7696,15.9552,49.3745,0.134251,0.175298,,,,,,,,,,,,,0
1622.4504,2.5291,64.4658,21.7903,120.6908,4.7752,4.6274,4.8177,4.7117,17.3554,30.081,0.13672,0.178468,2.5291,64.4658,21.7903,120.6908,4.7752,4.6274,4.8177,4.7117,17.3554,30.081,0.13672,0.178468,,,,,,,,,,,,,0
1622.6028,2.5324,38.9285,23.3575,117.2392,4.7384,4.5843,4.7988,4.6289,17.9054,22.1645,0.139469,0.181494,2.5324,38.9285,23.3575,117.2392,4.7384,4.5843,4.7988,4.6289,17.9054,22.1645,0.139469,0.181494,,,,,,,,,,,,,0
1622.7552,2.5356,35.0177,23.971,118.8185,4.7124,4.553,4.8015,4.7791,18.0451,19.7375,0.141848,0.184451,2.5356,35.0177,23.971,118.8185,4.7124,4.553,4.8015,4.7791,18.0451,19.7375,0.141848,0.184451,,,,,,,,,,,,,0
1622.9076,2.5327,31.1068,24.5846,116.9565,4.8255,4.5216,4.8043,4.8718,18.1849,17.3104,0.145498,0.187407,2.5327,31.1068,24.5846,116.9565,4.8255,4.5216,4.8043,4.8718,18.1849,17.3104,0.145498,0.187407,,,,,,,,,,,,,0
1623.06,2.5315,28.466,26.472,111.5573,4.8022,4.4759,4.7796,4.6711,18.4133,15.8748,0.149241,0.18986,2.5315,28.466,26.472,111.5573,4.8022,4.4759,4.7796,4.6711,18.4133,15.8748,0.149241,0.18986,,,,,,,,,,,,,0
1623.2124,2.5333,27.7812,30.3211,120.1601,4.6589,4.408,4.7125,4.6729,18.7782,15.9659,0.152824,0.191536,2.5333,27.7812,30.3211,120.1601,4.6589,4.408,4.7125,4.6729,18.7782,15.9659,0.152824,0.191536,,,,,,,,,,,,,0
1623.3648,2.5344,27.0964,34.1703,126.4601,4.4546,4.3402,4.6454,4.648,19.1432,16.0571,0.154009,0.193213,2.5344,27.0964,34.1703,126.4601,4.4546,4.3402,4.6454,4.648,19.1432,16.0571,0.154009,0.193213,,,,,,,,,,,,,0
1623.5172,2.5347,27.3075,40.0828,125.4685,4.6873,4.313,4.6322,4.5439,19.4157,16.5472,0.153645,0.19417,2.5347,27.3075,40.0828,125.4685,4.6873,4.313,4.6322,4.5439,19.4157,16.5472,0.153645,0.19417,,,,,,,,,,,,,0
1623.6696,2.5368,34.5606,62.2148,125.4781,5.0056,4.605,5.0429,4.6359,18.9617,20.1743,0.149291,0.189476,2.5368,34.5606,62.2148,125.4781,5.0056,4.605,5.0429,4.6359,18.9617,20.1743,0.149291,0.189476,,,,,,,,,,,,,0
1623.822,2.54,41.8138,84.3467,125.5856,5.2855,4.8971,5.4535,5.0401,18.5077,23.8013,0.143839,0.184782,2.54,41.8138,84.3467,125.5856,5.2855,4.8971,5.4535,5.0401,18.5077,23.8013,0.143839,0.184782,,,,,,,,,,,,,0
1623.9744,2.5494,49.0669,106.4787,115.5408,5.9049,5.1891,5.8641,6.2786,18.0538,27.4283,0.136232,0.180088,2.5494,49.0669,106.4787,115.5408,5.9049,5.1891,5.8641,6.2786,18.0538,27.4283,0.136232,0.180088,,,,,,,,,,,,,0
1624.1268,2.559,54.5173,113.4896,108.0345,6.7105,5.2214,5.9272,7.3661,17.01,51.3121,0.130413,0.177271,2.559,54.5173,113.4896,108.0345,6.7105,5.2214,5.9272,7.3661,17.01,51.3121,0.130413,0.177271,,,,,,,,,,,,,0
1624.2792,2.5568,59.6038,117.4476,110.3694,6.2795,5.2011,5.9201,6.4878,15.8473,79.2855,0.126895,0.174833,2.5568,59.6038,117.4476,110.3694,6.2795,5.2011,5.9201,6.4878,15.8473,79.2855,0.126895,0.174833,,,,,,,,,,,,,0
1624.4316,2.5453,64.6902,121.4057,114.4793,5.643,5.1809,5.9131,5.7054,14.6845,107.259,0.127422,0.172394,2.5453,64.6902,121.4057,114.4793,5.643,5.1809,5.9131,5.7054,14.6845,107.259,0.127422,0.172394,,,,,,,,,,,,,0
1624.584,2.5356,65.3831,1707.4717,120.5289,5.1662,5.1065,5.8375,5.5025,14.8983,114.9054,0.132354,0.174139,2.5356,65.3831,1707.4717,120.5289,5.1662,5.1065,5.8375,5.5025,14.8983,114.9054,0.132354,0.174139,,,,,,,,,,,,,0
1624.7364,2.5315,62.4984,4581.8257,123.3351,4.8484,4.988,5.7063,5.4231,16.2331,105.9997,0.136641,0.17929,2.5315,62.4984,4581.8257,123.3351,4.8484,4.988,5.7063,5.4231,16.2331,105.9997,0.136641,0.17929,,,,,,,,,,,,,0
1624.8888,2.5357,59.6137,7456.1797,123.1097,4.8247,4.8695,5.575,5.4602,17.5679,97.094,0.14252,0.184441,2.5357,59.6137,7456.1797,123.1097,4.8247,4.8695,5.575,5.4602,17.5679,97.094,0.14252,0.184441,,,,,,,,,,,,,0
1625.0412,2.5356,66.1946,9108.9551,118.707,4.8633,4.7306,5.4137,5.4962,18.58,96.6073,0.146922,0.189345,2.5356,66.1946,9108.9551,118.707,4.8633,4.7306,5.4137,5.4962,18.58,96.6073,0.146922,0.189345,,,,,,,,,,,,,0
1625.1936,2.5319,98.3231,7464.6543,118.6748,4.9091,4.5367,5.1715,5.6789,18.7211,118.8434,0.152492,0.193582,2.5319,98.3231,7464.6543,118.6748,4.9091,4.5367,5.1715,5.6789,18.7211,118.8434,0.152492,0.193582,,,,,,,,,,,,,0
1625.346,2.5334,130.4516,5820.353,124.8805,4.7245,4.3429,4.9292,5.4747,18.8622,141.0796,0.156376,0.197819,2.5334,130.4516,5820.353,124.8805,4.7245,4.3429,4.9292,5.4747,18.8622,141.0796,0.156376,0.197819,,,,,,,,,,,,,0
1625.4984,2.5357,162.5801,4176.0522,128.8464,4.1215,4.149,4.6869,4.533,19.0032,163.3158,0.161501,0.202056,2.5357,162.5801,4176.0522,128.8464,4.1215,4.149,4.6869,4.533,19.0032,163.3158,0.161501,0.202056,,,,,,,,,,,,,0
1625.6508,2.5337,416.2924,2908.4658,129.6309,3.7871,4.1313,4.6799,4.0015,19.3281,147.1861,0.165977,0.205418,2.5337,416.2924,2908.4658,129.6309,3.7871,4.1313,4.6799,4.0015,19.3281,147.1861,0.165977,0.205418,,,,,,,,,,,,,0
1625.8032,2.5422,672.3557,1644.8765,129.8747,3.9217,4.1154,4.6754,4.2,19.655,130.6493,0.169779,0.20877,2.5422,672.3557,1644.8765,129.8747,3.9217,4.1154,4.6754,4.2,19.655,130.6493,0.169779,0.20877,,,,,,,,,,,,,0
1625.9556,2.5547,928.4191,381.2871,124.9606,4.2283,4.0995,4.6708,4.6908,19.9819,114.1126,0.172384,0.212123,2.5547,928.4191,381.2871,124.9606,4.2283,4.0995,4.6708,4.6908,19.9819,114.1126,0.172384,0.212123,,,,,,,,,,,,,0
1626.108,2.5591,825.784,12.7532,119.5727,4.2246,4.0114,4.5423,4.8677,20.0306,93.4354,0.173638,0.214958,2.5591,825.784,12.7532,119.5727,4.2246,4.0114,4.5423,4.8677,20.0306,93.4354,0.173638,0.214958,,,,,,,,,,,,,0
1626.2604,2.5543,575.684,12.1866,122.143,3.9629,3.8936,4.3627,4.6518,19.965,71.056,0.174064,0.217579,2.5543,575.684,12.1866,122.143,3.9629,3.8936,4.3627,4.6518,19.965,71.056,0.174064,0.217579,,,,,,,,,,,,,0
1626.4128,2.545,325.584,11.6199,133.2084,3.6842,3.7757,4.1832,3.9658,19.8993,48.6766,0.177735,0.2202,2.545,325.584,11.6199,133.2084,3.6842,3.7757,4.1832,3.9658,19.8993,48.6766,0.177735,0.2202,,,,,,,,,,,,,0
1626.5652,2.5381,167.6459,11.2384,143.1967,3.6728,3.6656,4.0056,3.6681,20.4226,35.1216,0.182032,0.224699,2.5381,167.6459,11.2384,143.1967,3.6728,3.6656,4.0056,3.6681,20.4226,35.1216,0.182032,0.224699,,,,,,,,,,,,,0
1626.7176,2.5356,132.9673,11.1044,137.2383,3.548,3.5658,3.8306,3.6793,21.7336,33.3685,0.190826,0.23171,2.5356,132.9673,11.1044,137.2383,3.548,3.5658,3.8306,3.6793,21.7336,33.3685,0.190826,0.23171,,,,,,,,,,,,,0
1626.87,2.5437,98.2888,10.9704,132.2982,3.3356,3.466,3.6556,3.5856,23.0445,31.6153,0.201287,0.23872,2.5437,98.2888,10.9704,132.2982,3.3356,3.466,3.6556,3.5856,23.0445,31.6153,0.201287,0.23872,,,,,,,,,,,,,0
1627.0224,2.5569,68.6955,10.9566,133.3535,3.0874,3.5229,3.6486,3.3479,23.9003,30.1662,0.206394,0.243876,2.5569,68.6955,10.9566,133.3535,3.0874,3.5229,3.6486,3.3479,23.9003,30.1662,0.206394,0.243876,,,,,,,,,,,,,0
1627.1748,2.5756,68.6142,11.64,122.4092,2.9208,4.489,4.6168,3.273,22.1153,30.4814,0.206726,0.238267,2.5756,68.6142,11.64,122.4092,2.9208,4.489,4.6168,3.273,22.1153,30.4814,0.206726,0.238267,,,,,,,,,,,,,0
1627.3272,2.5905,68.533,12.3235,114.1423,2.8702,5.4552,5.5851,3.3489,20.3302,30.7966,0.201744,0.232659,2.5905,68.533,12.3235,114.1423,2.8702,5.4552,5.5851,3.3489,20.3302,30.7966,0.201744,0.232659,,,,,,,,,,,,,0
1627.4796,2.5972,68.4518,13.007,107.7082,4.0437,6.4213,6.5533,4.95,18.5451,31.1118,0.184494,0.227051,2.5972,68.4518,13.007,107.7082,4.0437,6.4213,6.5533,4.95,18.5451,31.1118,0.184494,0.227051,,,,,,,,,,,,,0
1627.632,2.6065,62.9431,24.0562,93.0031,8.8143,7.4034,7.5904,10.428,15.789,35.806,0.168419,0.211912,2.6065,62.9431,24.0562,93.0031,8.8143,7.4034,7.5904,10.428,15.789,35.806,0.168419,0.211912,,,,,,,,,,,,,0
1627.7844,2.6722,56.5955,36.7075,79.5052,16.185,8.3881,8.6382,15.5364,12.8828,41.1771,0.148246,0.1953,2.6722,56.5955,36.7075,79.5052,16.185,8.3881,8.6382,15.5364,12.8828,41.1771,0.148246,0.1953,,,,,,,,,,,,,0
1627.9368,2.7134,50.248,49.3587,80.1037,12.9245,9.3727,9.686,11.0596,9.9766,46.5481,0.131838,0.178689,2.7134,50.248,49.3587,80.1037,12.9245,9.3727,9.686,11.0596,9.9766,46.5481,0.131838,0.178689,,,,,,,,,,,,,0
1628.0892,2.632,46.2021,61.07,82.5897,7.1254,8.8994,9.2239,6.0666,8.6497,49.838,0.122434,0.17378,2.632,46.2021,61.07,82.5897,7.1254,8.8994,9.2239,6.0666,8.6497,49.838,0.122434,0.17378,,,,,,,,,,,,,0
1628.2416,2.5535,43.7869,72.1155,83.0741,5.5369,7.3933,7.692,4.855,8.4418,51.6535,0.122689,0.177164,2.5535,43.7869,72.1155,83.0741,5.5369,7.3933,7.692,4.855,8.4418,51.6535,0.122689,0.177164,,,,,,,,,,,,,0
1628.394,2.5033,41.3717,83.161,86.7853,5.0787,5.8871,6.1601,4.8784,8.2339,53.469,0.135215,0.180547,2.5033,41.3717,83.161,86.7853,5.0787,5.8871,6.1601,4.8784,8.2339,53.469,0.135215,0.180547,,,,,,,,,,,,,0
1628.5464,2.4717,40.5175,84.4855,87.8663,4.7867,4.8458,5.1115,4.9083,8.4718,58.2176,0.14602,0.184672,2.4717,40.5175,84.4855,87.8663,4.7867,4.8458,5.1115,4.9083,8.4718,58.2176,0.14602,0.184672,,,,,,,,,,,,,0
1628.6988,2.4606,43.2291,63.603,92.7516,4.7167,4.8665,5.167,5.069,9.7281,69.6669,0.154313,0.190494,2.4606,43.2291,63.603,92.7516,4.7167,4.8665,5.167,5.069,9.7281,69.6669,0.154313,0.190494,,,,,,,,,,,,,0
1628.8512,2.4594,45.9407,42.7204,104.4183,4.7772,4.8872,5.2226,5.2928,10.9844,81.1162,0.158457,0.196316,2.4594,45.9407,42.7204,104.4183,4.7772,4.8872,5.2226,5.2928,10.9844,81.1162,0.158457,0.196316,,,,,,,,,,,,,0
1629.0036,2.4753,48.6915,22.2866,107.8593,4.7484,4.9127,5.2805,5.3634,12.2363,92.3333,0.16085,0.201988,2.4753,48.6915,22.2866,107.8593,4.7484,4.9127,5.2805,5.3634,12.2363,92.3333,0.16085,0.201988,,,,,,,,,,,,,0
1629.156,2.4967,53.0659,20.4039,115.69,4.7316,5.1349,5.4391,5.2301,13.3067,93.9503,0.162346,0.20147,2.4967,53.0659,20.4039,115.69,4.7316,5.1349,5.4391,5.2301,13.3067,93.9503,0.162346,0.20147,,,,,,,,,,,,,0
1629.3084,2.5143,57.4403,18.5212,127.5183,5.1932,5.3572,5.5977,5.239,14.3771,95.5674,0.161962,0.200951,2.5143,57.4403,18.5212,127.5183,5.1932,5.3572,5.5977,5.239,14.3771,95.5674,0.161962,0.200951,,,,,,,,,,,,,0
1629.4608,2.5239,61.8147,16.6386,130.7612,5.4128,5.5795,5.7563,5.2273,15.4476,97.1844,0.160197,0.200433,2.5239,61.8147,16.6386,130.7612,5.4128,5.5795,5.7563,5.2273,15.4476,97.1844,0.160197,0.200433,,,,,,,,,,,,,0
1629.6132,2.5267,60.3209,16.1887,114.2941,5.856,5.7382,5.924,5.8099,14.8386,92.3766,0.153851,0.195478,2.5267,60.3209,16.1887,114.2941,5.856,5.7382,5.924,5.8099,14.8386,92.3766,0.153851,0.195478,,,,,,,,,,,,,0
1629.7656,2.5241,56.7951,16.2349,105.542,6.3397,5.8748,6.0947,6.3563,13.648,85.3439,0.147511,0.188985,2.5241,56.7951,16.2349,105.542,6.3397,5.8748,6.0947,6.3563,13.648,85.3439,0.147511,0.188985,,,,,,,,,,,,,0
1629.918,2.5137,53.2692,16.2812,105.0954,6.5162,6.0114,6.2655,6.4695,12.4574,78.3113,0.139194,0.182493,2.5137,53.2692,16.2812,105.0954,6.5162,6.0114,6.2655,6.4695,12.4574,78.3113,0.139194,0.182493,,,,,,,,,,,,,0
1630.0704,2.5153,53.3959,18.1622,111.0389,6.4181,6.0416,6.2962,6.3013,11.5657,98.8325,0.134735,0.179929,2.5153,53.3959,18.1622,111.0389,6.4181,6.0416,6.2962,6.3013,11.5657,98.8325,0.134735,0.179929,,,,,,,,,,,,,0
1630.2228,2.5206,57.7771,22.1802,113.9487,6.2581,5.948,6.1637,6.0492,11.0222,151.4478,0.135958,0.181941,2.5206,57.7771,22.1802,113.9487,6.2581,5.948,6.1637,6.0492,11.0222,151.4478,0.135958,0.181941,,,,,,,,,,,,,0
1630.3752,2.5321,62.1583,26.1982,117.4203,6.0114,5.8543,6.0311,5.7073,10.4786,204.0631,0.141428,0.183953,2.5321,62.1583,26.1982,117.4203,6.0114,5.8543,6.0311,5.7073,10.4786,204.0631,0.141428,0.183953,,,,,,,,,,,,,0
1630.5276,2.542,1390086.625,35.1873,118.6658,5.9097,5.7521,5.8899,5.4854,10.3054,249.2466,0.145531,0.186296,2.542,1390086.625,35.1873,118.6658,5.9097,5.7521,5.8899,5.4854,10.3054,249.2466,0.145531,0.186296,,,,,,,,,,,,,0
1630.68,2.5404,9065420.0,66.6545,115.688,6.1642,5.6115,5.7096,5.594,11.8066,260.8258,0.149398,0.190136,2.5404,9065420.0,66.6545,115.688,6.1642,5.6115,5.7096,5.594,11.8066,260.8258,0.149398,0.190136,,,,,,,,,,,,,0
1630.8324,2.5415,16740752.0,98.1217,120.0647,6.2058,5.4709,5.5292,5.6473,13.3078,272.405,0.152758,0.193976,2.5415,16740752.0,98.1217,120.0647,6.2058,5.4709,5.5292,5.6473,13.3078,272.405,0.152758,0.193976,,,,,,,,,,,,,0
1630.9848,2.5443,24416086.0,129.5889,126.022,5.8875,5.3303,5.3488,5.3408,14.809,283.9842,0.156953,0.197817,2.5443,24416086.0,129.5889,126.022,5.8875,5.3303,5.3488,5.3408,14.809,283.9842,0.156953,0.197817,,,,,,,,,,,,,0
1631.1372,2.5438,33233654.0,122.0988,126.5313,5.673,5.2078,5.2219,5.0818,15.2534,226.0875,0.160905,0.202206,2.5438,33233654.0,122.0988,126.5313,5.673,5.2078,5.2219,5.0818,15.2534,226.0875,0.160905,0.202206,,,,,,,,,,,,,0
1631.2896,2.5479,42177768.0,110.2927,134.2137,5.5553,5.0873,5.101,4.9026,15.5806,160.4938,0.165927,0.206656,2.5479,42177768.0,110.2927,134.2137,5.5553,5.0873,5.101,4.9026,15.5806,160.4938,0.165927,0.206656,,,,,,,,,,,,,0
1631.442,2.5502,51121884.0,98.4865,138.6465,5.5927,4.9669,4.9801,4.9111,15.9079,94.9,0.170205,0.211106,2.5502,51121884.0,98.4865,138.6465,5.5927,4.9669,4.9801,4.9111,15.9079,94.9,0.170205,0.211106,,,,,,,,,,,,,0
1631.5944,2.5512,44231376.0,108.1427,133.6227,5.624,4.7874,4.8041,4.9908,15.5802,64.8823,0.176566,0.217124,2.5512,44231376.0,108.1427,133.6227,5.624,4.7874,4.8041,4.9908,15.5802,64.8823,0.176566,0.217124,,,,,,,,,,,,,0
1631.7468,2.5528,27611972.0,130.9854,135.2185,5.513,4.5717,4.5942,4.8929,14.8499,56.7227,0.182817,0.224103,2.5528,27611972.0,130.9854,135.2185,5.513,4.5717,4.5942,4.8929,14.8499,56.7227,0.182817,0.224103,,,,,,,,,,,,,0
1631.8992,2.5564,10992566.0,153.8281,137.1653,5.1963,4.356,4.3842,4.5043,14.1196,48.5631,0.191142,0.231083,2.5564,10992566.0,153.8281,137.1653,5.1963,4.356,4.3842,4.5043,14.1196,48.5631,0.191142,0.231083,,,,,,,,,,,,,0
1632.0516,2.5611,188.7583,162.1027,138.2553,4.928,4.1486,4.1789,4.1778,14.0892,42.806,0.198499,0.238621,2.5611,188.7583,162.1027,138.2553,4.928,4.1486,4.1789,4.1778,14.0892,42.806,0.198499,0.238621,,,,,,,,,,,,,0
1632.204,2.5599,147.6627,141.9187,140.5381,4.721,3.9576,3.9824,3.9483,15.4261,41.7422,0.207552,0.247246,2.5599,147.6627,141.9187,140.5381,4.721,3.9576,3.9824,3.9483,15.4261,41.7422,0.207552,0.247246,,,,,,,,,,,,,0
1632.3564,2.5558,106.5671,121.7347,141.781,4.4599,3.7667,3.7859,3.7541,16.7629,40.6783,0.215199,0.255872,2.5558,106.5671,121.7347,141.781,4.4599,3.7667,3.7859,3.7541,16.7629,40.6783,0.215199,0.255872,,,,,,,,,,,,,0
1632.5088,2.5527,68.4311,101.5344,144.0095,4.1802,3.579,3.5944,3.5233,17.9934,39.8718,0.22489,0.264512,2.5527,68.4311,101.5344,144.0095,4.1802,3.579,3.5944,3.5233,17.9934,39.8718,0.22489,0.264512,,,,,,,,,,,,,0
1632.6612,2.5495,78.5922,81.0686,148.3453,4.0484,3.4449,3.483,3.422,17.488,43.264,0.232963,0.273382,2.5495,78.5922,81.0686,148.3453,4.0484,3.4449,3.483,3.422,17.488,43.264,0.232963,0.273382,,,,,,,,,,,,,0
1632.8136,2.5333,88.7533,60.6028,150.3459,3.9575,3.3109,3.3717,3.3551,16.9826,46.6563,0.242754,0.282252,2.5333,88.7533,60.6028,150.3459,3.9575,3.3109,3.3717,3.3551,16.9826,46.6563,0.242754,0.282252,,,,,,,,,,,,,0
1632.966,2.5308,98.9144,40.1371,151.937,3.7649,3.1768,3.2603,3.227,16.4773,50.0486,0.250161,0.291121,2.5308,98.9144,40.1371,151.937,3.7649,3.1768,3.2603,3.227,16.4773,50.0486,0.250161,0.291121,,,,,,,,,,,,,0
1633.1184,2.5328,100.8483,34.1746,152.8942,3.6341,3.0763,3.1773,3.2019,14.4199,57.1836,0.260255,0.299944,2.5328,100.8483,34.1746,152.8942,3.6341,3.0763,3.1773,3.2019,14.4199,57.1836,0.260255,0.299944,,,,,,,,,,,,,0
1633.2708,2.5383,100.4197,32.3771,156.2989,3.493,2.9855,3.1024,3.161,11.9168,65.3934,0.272654,0.308752,2.5383,100.4197,32.3771,156.2989,3.493,2.9855,3.1024,3.161,11.9168,65.3934,0.272654,0.308752,,,,,,,,,,,,,0
1633.4232,2.5366,99.9911,30.5795,164.2553,3.3554,2.8947,3.0275,3.0695,9.4137,73.6033,0.280253,0.317561,2.5366,99.9911,30.5795,164.2553,3.3554,2.8947,3.0275,3.0695,9.4137,73.6033,0.280253,0.317561,,,,,,,,,,,,,0
1633.5756,2.5298,110.6412,30.075,165.0,3.2414,2.8193,2.9609,2.9292,9.9907,73.1834,0.285799,0.323709,2.5298,110.6412,30.075,165.0,3.2414,2.8193,2.9609,2.9292,9.9907,73.1834,0.285799,0.323709,,,,,,,,,,,,,0
1633.728,2.5272,132.5459,30.8842,164.1355,3.1632,2.7596,2.9027,2.8949,13.6967,63.9968,0.289176,0.327153,2.5272,132.5459,30.8842,164.1355,3.1632,2.7596,2.9027,2.8949,13.6967,63.9968,0.289176,0.327153,,,,,,,,,,,,,0
1633.8804,2.524,154.4506,31.6934,164.6126,2.9881,2.6999,2.8445,2.8674,17.4026,54.8103,0.291686,0.330597,2.524,154.4506,31.6934,164.6126,2.9881,2.6999,2.8445,2.8674,17.4026,54.8103,0.291686,0.330597,,,,,,,,,,,,,0
1634.0328,2.5181,176.9302,33.4675,166.1678,2.8693,2.6428,2.7879,2.8152,20.826,48.518,0.293657,0.333123,2.5181,176.9302,33.4675,166.1678,2.8693,2.6428,2.7879,2.8152,20.826,48.518,0.293657,0.333123,,,,,,,,,,,,,0
1634.1852,2.5184,201.5061,38.7596,162.5225,2.6956,2.5947,2.7371,2.6858,23.2189,52.779,0.293498,0.3323,2.5184,201.5061,38.7596,162.5225,2.6956,2.5947,2.7371,2.6858,23.2189,52.779,0.293498,0.3323,,,,,,,,,,,,,0
1634.3376,2.5325,226.082,44.0517,160.1063,2.6081,2.5466,2.6862,2.6231,25.6118,57.0401,0.291569,0.331477,2.5325,226.082,44.0517,160.1063,2.6081,2.5466,2.6862,2.6231,25.6118,57.0401,0.291569,0.331477,,,,,,,,,,,,,0
1634.49,2.5429,250.6579,49.3438,167.8281,2.6128,2.4986,2.6354,2.6105,28.0047,61.3011,0.288787,0.330654,2.5429,250.6579,49.3438,167.8281,2.6128,2.4986,2.6354,2.6105,28.0047,61.3011,0.288787,0.330654,,,,,,,,,,,,,0
1634.6424,2.5491,250.655,51.3064,169.2252,2.5642,2.4458,2.607,2.5582,28.7334,10912236.0,0.287381,0.330685,2.5491,250.655,51.3064,169.2252,2.5642,2.4458,2.607,2.5582,28.7334,10912236.0,0.287381,0.330685,,,,,,,,,,,,,0
1634.7948,2.5512,248.9261,53.0352,167.1949,2.5053,2.3928,2.5801,2.5768,29.3453,22590714.0,0.288539,0.330777,2.5512,248.9261,53.0352,167.1949,2.5053,2.3928,2.5801,2.5768,29.3453,22590714.0,0.288539,0.330777,,,,,,,,,,,,,0
1634.9472,2.5537,247.1971,54.764,168.1083,2.4307,2.3398,2.5532,2.5675,29.9571,34269192.0,0.28981,0.330868,2.5537,247.1971,54.764,168.1083,2.4307,2.3398,2.5532,2.5675,29.9571,34269192.0,0.28981,0.330868,,,,,,,,,,,,,0
1635.0996,2.5559,217.7917,62.733,169.8275,2.2454,2.3053,2.5186,2.5086,30.0257,37717136.0,0.290546,0.329426,2.5559,217.7917,62.733,169.8275,2.2454,2.3053,2.5186,2.5086,30.0257,37717136.0,0.290546,0.329426,,,,,,,,,,,,,0
1635.252,2.5526,173.7144,74.0101,171.9043,2.1984,2.2808,2.48,2.5171,29.8063,36801904.0,0.28978,0.32717,2.5526,173.7144,74.0101,171.9043,2.1984,2.2808,2.48,2.5171,29.8063,36801904.0,0.28978,0.32717,,,,,,,,,,,,,0
1635.4044,2.549,129.6371,85.2871,175.022,2.1423,2.2562,2.4413,2.4639,29.5868,35886672.0,0.285756,0.324915,2.549,129.6371,85.2871,175.022,2.1423,2.2562,2.4413,2.4639,29.5868,35886672.0,0.285756,0.324915,,,,,,,,,,,,,0
1635.5568,2.5496,105.2984,92.5945,175.9858,2.0499,2.351,2.5878,2.3676,28.0174,31301064.0,0.279463,0.318627,2.5496,105.2984,92.5945,175.9858,2.0499,2.351,2.5878,2.3676,28.0174,31301064.0,0.279463,0.318627,,,,,,,,,,,,,0
1635.7092,2.5645,114.1817,93.2203,159.6753,1.9363,2.6467,3.046,2.1763,24.1759,20537842.0,0.265265,0.305551,2.5645,114.1817,93.2203,159.6753,1.9363,2.6467,3.046,2.1763,24.1759,20537842.0,0.265265,0.305551,,,,,,,,,,,,,0
1635.8616,2.59,123.0651,93.8462,144.9868,1.8677,2.9424,3.5041,2.1243,20.3343,9774622.0,0.252286,0.292475,2.59,123.0651,93.8462,144.9868,1.8677,2.9424,3.5041,2.1243,20.3343,9774622.0,0.252286,0.292475,,,,,,,,,,,,,0
1636.014,2.6736,132.4718,93.84,114.6159,4.0862,3.2204,3.9326,5.5537,16.8717,146.5251,0.235115,0.279973,2.6736,132.4718,93.84,114.6159,4.0862,3.2204,3.9326,5.5537,16.8717,146.5251,0.235115,0.279973,,,,,,,,,,,,,0
1636.1664,2.7308,147.0516,87.5853,93.7473,5.1504,3.3222,4.0688,7.5751,17.1553,119.8486,0.219491,0.273145,2.7308,147.0516,87.5853,93.7473,5.1504,3.3222,4.0688,7.5751,17.1553,119.8486,0.219491,0.273145,,,,,,,,,,,,,0
1636.3188,2.6933,161.6314,81.3307,110.6141,4.1481,3.424,4.2049,6.4205,17.4389,93.1722,0.210663,0.266318,2.6933,161.6314,81.3307,110.6141,4.1481,3.424,4.2049,6.4205,17.4389,93.1722,0.210663,0.266318,,,,,,,,,,,,,0
1636.4712,2.6126,176.2112,75.076,138.7113,2.7244,3.5258,4.3411,3.9229,17.7226,66.4957,0.216172,0.25949,2.6126,176.2112,75.076,138.7113,2.7244,3.5258,4.3411,3.9229,17.7226,66.4957,0.216172,0.25949,,,,,,,,,,,,,0
1636.6236,2.5749,200.148,121.5663,149.25,2.2985,3.8039,4.3894,2.9062,20.2141,75.8945,0.224463,0.263762,2.5749,200.148,121.5663,149.25,2.2985,3.8039,4.3894,2.9062,20.2141,75.8945,0.224463,0.263762,,,,,,,,,,,,,0
1636.776,2.5672,226.2651,180.3468,146.1259,2.6543,4.1231,4.4172,3.159,23.22,93.6991,0.233743,0.27062,2.5672,226.2651,180.3468,146.1259,2.6543,4.1231,4.4172,3.159,23.22,93.6991,0.233743,0.27062,,,,,,,,,,,,,0
1636.9284,2.5633,252.3822,239.1272,138.3189,3.1968,4.4422,4.445,3.9354,26.226,111.5038,0.239458,0.277478,2.5633,252.3822,239.1272,138.3189,3.1968,4.4422,4.445,3.9354,26.226,111.5038,0.239458,0.277478,,,,,,,,,,,,,0
1637.0808,2.5201,240.1127,264.7304,136.0149,3.4723,4.9769,4.8172,4.5372,26.8882,115.2157,0.242058,0.278648,2.5201,240.1127,264.7304,136.0149,3.4723,4.9769,4.8172,4.5372,26.8882,115.2157,0.242058,0.278648,,,,,,,,,,,,,0
1637.2332,2.4284,193.8272,260.9341,135.7892,5.8885,5.7025,5.4946,6.7655,25.4735,106.4394,0.243128,0.274777,2.4284,193.8272,260.9341,135.7892,5.8885,5.7025,5.4946,6.7655,25.4735,106.4394,0.243128,0.274777,,,,,,,,,,,,,0
1637.3856,2.3513,147.5417,257.1378,133.3642,7.2987,6.428,6.1719,6.9671,24.0588,97.6632,0.235355,0.270906,2.3513,147.5417,257.1378,133.3642,7.2987,6.428,6.1719,6.9671,24.0588,97.6632,0.235355,0.270906,,,,,,,,,,,,,0
1637.538,2.3981,110.189,240.066,131.366,6.4785,6.9066,6.6635,5.2963,22.3387,97.8253,0.221078,0.261753,2.3981,110.189,240.066,131.366,6.4785,6.9066,6.6635,5.2963,22.3387,97.8253,0.221078,0.261753,,,,,,,,,,,,,0
1637.6904,2.5035,99.7288,183.028,119.7568,7.4402,6.6414,6.5959,6.543,19.6989,124.8966,0.187437,0.236698,2.5035,99.7288,183.028,119.7568,7.4402,6.6414,6.5959,6.543,19.6989,124.8966,0.187437,0.236698,,,,,,,,,,,,,0
1637.8428,2.544,89.2686,125.99,108.1631,7.5489,6.3762,6.5283,7.4518,17.0591,151.9679,0.161231,0.211644,2.544,89.2686,125.99,108.1631,7.5489,6.3762,6.5283,7.4518,17.0591,151.9679,0.161231,0.211644,,,,,,,,,,,,,0
1637.9952,2.5558,78.8083,68.952,107.3254,6.2212,6.1111,6.4606,6.3936,14.4193,179.0392,0.141368,0.186589,2.5558,78.8083,68.952,107.3254,6.2212,6.1111,6.4606,6.3936,14.4193,179.0392,0.141368,0.186589,,,,,,,,,,,,,0
1638.1476,2.561,111.8648,59.8275,106.2844,6.1226,6.5043,6.9266,6.3564,13.2712,462.437,0.129063,0.17594,2.561,111.8648,59.8275,106.2844,6.1226,6.5043,6.9266,6.3564,13.2712,462.437,0.129063,0.17594,,,,,,,,,,,,,0
1638.3,2.5538,146.3364,52.2611,95.7463,7.1463,6.9189,7.4099,7.5641,12.1716,754.1706,0.118883,0.16576,2.5538,146.3364,52.2611,95.7463,7.1463,6.9189,7.4099,7.5641,12.1716,754.1706,0.118883,0.16576,,,,,,,,,,,,,0
1638.4524,2.5494,180.8081,44.6947,86.8539,7.6616,7.3335,7.8932,8.1254,11.072,1045.9042,0.111694,0.15558,2.5494,180.8081,44.6947,86.8539,7.6616,7.3335,7.8932,8.1254,11.072,1045.9042,0.111694,0.15558,,,,,,,,,,,,,0
1638.6048,2.5451,265.6576,41.7501,84.9498,7.9109,7.7921,8.4212,8.4414,9.1479,991.2448,0.105635,0.149256,2.5451,265.6576,41.7501,84.9498,7.9109,7.7921,8.4212,8.4414,9.1479,991.2448,0.105635,0.149256,,,,,,,,,,,,,0
1638.7572,2.537,373.3887,40.9047,83.4007,8.2832,8.2707,8.9696,8.5595,6.8494,779.2543,0.10074,0.144684,2.537,373.3887,40.9047,83.4007,8.2832,8.2707,8.9696,8.5595,6.8494,779.2543,0.10074,0.144684,,,,,,,,,,,,,0
1638.9096,2.5424,481.1199,40.0592,84.1872,9.6546,8.7492,9.5179,9.6572,4.5508,567.2639,0.096402,0.140112,2.5424,481.1199,40.0592,84.1872,9.6546,8.7492,9.5179,9.6572,4.5508,567.2639,0.096402,0.140112,,,,,,,,,,,,,0
1639.062,2.5506,489.5065,41.0498,84.2473,10.928,8.8121,9.6739,11.0222,3.5152,402.8197,0.093998,0.139,2.5506,489.5065,41.0498,84.2473,10.928,8.8121,9.6739,11.0222,3.5152,402.8197,0.093998,0.139,,,,,,,,,,,,,0
1639.2144,2.561,353.0426,44.7176,84.5762,10.8283,8.269,9.258,9.7015,4.321,307.701,0.095131,0.142932,2.561,353.0426,44.7176,84.5762,10.8283,8.269,9.258,9.7015,4.321,307.701,0.095131,0.142932,,,,,,,,,,,,,0
1639.3668,2.5643,216.5786,48.3854,87.2096,10.184,7.7259,8.842,8.8429,5.1267,212.5825,0.098743,0.146863,2.5643,216.5786,48.3854,87.2096,10.184,7.7259,8.842,8.8429,5.1267,212.5825,0.098743,0.146863,,,,,,,,,,,,,0
1639.5192,2.5581,106.6662,52.7209,93.2386,8.9976,7.1689,8.3715,8.4401,5.7674,129.7724,0.110569,0.152681,2.5581,106.6662,52.7209,93.2386,8.9976,7.1689,8.3715,8.4401,5.7674,129.7724,0.110569,0.152681,,,,,,,,,,,,,0
1639.6716,2.5615,180.9552,61.6887,110.5673,7.499,6.5156,7.5219,7.247,5.2625,132.353,0.134386,0.171578,2.5615,180.9552,61.6887,110.5673,7.499,6.5156,7.5219,7.247,5.2625,132.353,0.134386,0.171578,,,,,,,,,,,,,0
1639.824,2.5718,255.2441,70.6566,120.8902,6.723,5.8623,6.6724,5.6818,4.7577,134.9335,0.153338,0.190476,2.5718,255.2441,70.6566,120.8902,6.723,5.8623,6.6724,5.6818,4.7577,134.9335,0.153338,0.190476,,,,,,,,,,,,,0
1639.9764,2.5707,329.5331,79.6244,130.8586,6.1817,5.209,5.8229,4.5872,4.2528,137.5141,0.175138,0.209374,2.5707,329.5331,79.6244,130.8586,6.1817,5.209,5.8229,4.5872,4.2528,137.5141,0.175138,0.209374,,,,,,,,,,,,,0
1640.1288,2.5678,354.7793,72.4165,137.6219,5.7821,4.6409,5.1158,4.1106,4.6716,147.5053,0.192098,0.225669,2.5678,354.7793,72.4165,137.6219,5.7821,4.6409,5.1158,4.1106,4.6716,147.5053,0.192098,0.225669,,,,,,,,,,,,,0
1640.2812,2.5651,371.0395,62.2447,148.478,4.6824,4.0885,4.435,3.5965,5.2597,158.8544,0.208291,0.241489,2.5651,371.0395,62.2447,148.478,4.6824,4.0885,4.435,3.5965,5.2597,158.8544,0.208291,0.241489,,,,,,,,,,,,,0
1640.4336,2.5623,387.2996,52.073,156.9118,3.9809,3.5361,3.7541,3.3397,5.8478,170.2036,0.220713,0.257308,2.5623,387.2996,52.073,156.9118,3.9809,3.5361,3.7541,3.3397,5.8478,170.2036,0.220713,0.257308,,,,,,,,,,,,,0
1640.586,2.5538,406.1007,50.2499,157.3144,3.5726,3.2201,3.4228,3.2957,8.6095,190.7814,0.233084,0.268706,2.5538,406.1007,50.2499,157.3144,3.5726,3.2201,3.4228,3.2957,8.6095,190.7814,0.233084,0.268706,,,,,,,,,,,,,0
1640.7384,2.5481,426.8637,54.8728,158.8146,3.42,3.0866,3.3616,3.2475,13.0496,218.4848,0.241999,0.276692,2.5481,426.8637,54.8728,158.8146,3.42,3.0866,3.3616,3.2475,13.0496,218.4848,0.241999,0.276692,,,,,,,,,,,,,0
1640.8908,2.5547,447.6267,59.4957,164.015,3.3322,2.9531,3.3003,3.1737,17.4896,246.1882,0.247863,0.284678,2.5547,447.6267,59.4957,164.015,3.3322,2.9531,3.3003,3.1737,17.4896,246.1882,0.247863,0.284678,,,,,,,,,,,,,0
1641.0432,2.561,428.1894,3726651.75,166.2119,3.2499,2.8541,3.2915,3.133,21.1337,252.444,0.252998,0.291955,2.561,428.1894,3726651.75,166.2119,3.2499,2.8541,3.2915,3.133,21.1337,252.444,0.252998,0.291955,,,,,,,,,,,,,0
1641.1956,2.5679,307.1347,16873230.0,162.5707,3.2083,2.8427,3.4154,3.2194,22.7654,204.4849,0.258654,0.297442,2.5679,307.1347,16873230.0,162.5707,3.2083,2.8427,3.4154,3.2194,22.7654,204.4849,0.258654,0.297442,,,,,,,,,,,,,0
1641.348,2.5673,186.08,30019808.0,162.0633,3.1709,2.8312,3.5393,3.5318,24.3972,156.5259,0.263515,0.302928,2.5673,186.08,30019808.0,162.0633,3.1709,2.8312,3.5393,3.5318,24.3972,156.5259,0.263515,0.302928,,,,,,,,,,,,,0
1641.5004,2.5662,65.343,43131880.0,164.1461,3.1028,2.8197,3.6629,3.6313,26.0247,108.6927,0.269018,0.3084,2.5662,65.343,43131880.0,164.1461,3.1028,2.8197,3.6629,3.6313,26.0247,108.6927,0.269018,0.3084,,,,,,,,,,,,,0
1641.6528,2.5669,144.0518,39167284.0,166.7931,2.954,2.7779,3.5215,3.6144,26.9602,116.2745,0.273405,0.311578,2.5669,144.0518,39167284.0,166.7931,2.954,2.7779,3.5215,3.6144,26.9602,116.2745,0.273405,0.311578,,,,,,,,,,,,,0
1641.8052,2.5685,222.5546,35213068.0,166.6061,2.8865,2.7363,3.3805,3.5069,27.8933,123.8364,0.276769,0.314748,2.5685,222.5546,35213068.0,166.6061,2.8865,2.7363,3.3805,3.5069,27.8933,123.8364,0.276769,0.314748,,,,,,,,,,,,,0
1641.9576,2.5655,301.0573,31258852.0,167.6756,2.876,2.6946,3.2394,3.2511,28.8264,131.3983,0.277872,0.317918,2.5655,301.0573,31258852.0,167.6756,2.876,2.6946,3.2394,3.2511,28.8264,131.3983,0.277872,0.317918,,,,,,,,,,,,,0
1642.11,2.5562,274.5949,23523854.0,171.7725,2.6718,2.6749,3.1117,2.9757,28.6295,145.9587,0.280351,0.318646,2.5562,274.5949,23523854.0,171.7725,2.6718,2.6749,3.1117,2.9757,28.6295,145.9587,0.280351,0.318646,,,,,,,,,,,,,0
1642.2624,2.5499,207.6731,14331538.0,174.9839,2.4976,2.6637,2.989,2.8496,27.997,163.2168,0.28231,0.318433,2.5499,207.6731,14331538.0,174.9839,2.4976,2.6637,2.989,2.8496,27.997,163.2168,0.28231,0.318433,,,,,,,,,,,,,0
1642.4148,2.5536,140.7514,5139222.5,168.98,2.3411,2.6526,2.8664,2.6488,27.3646,180.4748,0.280942,0.318219,2.5536,140.7514,5139222.5,168.98,2.3411,2.6526,2.8664,2.6488,27.3646,180.4748,0.280942,0.318219,,,,,,,,,,,,,0
1642.5672,2.5681,93.896,211.7381,163.8893,2.2183,2.9202,3.0806,2.5322,25.8332,170.2573,0.275472,0.310574,2.5681,93.896,211.7381,163.8893,2.2183,2.9202,3.0806,2.5322,25.8332,170.2573,0.275472,0.310574,,,,,,,,,,,,,0
1642.7196,2.6136,72.4818,213.4475,148.3568,2.3895,3.5414,3.7218,2.7654,23.1621,125.2046,0.257402,0.293505,2.6136,72.4818,213.4475,148.3568,2.3895,3.5414,3.7218,2.7654,23.1621,125.2046,0.257402,0.293505,,,,,,,,,,,,,0
1642.872,2.6379,51.0677,215.1569,123.3025,3.007,4.1626,4.363,3.9075,20.491,80.1519,0.229785,0.276436,2.6379,51.0677,215.1569,123.3025,3.007,4.1626,4.363,3.9075,20.491,80.1519,0.229785,0.276436,,,,,,,,,,,,,0
1643.0244,2.6336,33.0414,236.1888,109.2932,3.7449,4.7686,4.9749,5.2471,17.9657,43.6443,0.211064,0.260514,2.6336,33.0414,236.1888,109.2932,3.7449,4.7686,4.9749,5.2471,17.9657,43.6443,0.211064,0.260514,,,,,,,,,,,,,0
1643.1768,2.616,32.7874,358.5849,104.1686,9.5726,5.2951,5.4325,10.0483,16.2049,51.9634,0.194446,0.250608,2.616,32.7874,358.5849,104.1686,9.5726,5.2951,5.4325,10.0483,16.2049,51.9634,0.194446,0.250608,,,,,,,,,,,,,0
1643.3292,2.5867,32.5335,480.981,115.3841,9.3861,5.8217,5.8902,9.7511,14.444,60.2824,0.186771,0.240702,2.5867,32.5335,480.981,115.3841,9.3861,5.8217,5.8902,9.7511,14.444,60.2824,0.186771,0.240702,,,,,,,,,,,,,0
1643.4816,2.4982,32.2795,603.377,129.1259,6.836,6.3482,6.3478,6.798,12.6832,68.6015,0.188341,0.230796,2.4982,32.2795,603.377,129.1259,6.836,6.3482,6.3478,6.798,12.6832,68.6015,0.188341,0.230796,,,,,,,,,,,,,0
1643.634,2.4622,32.505,499.5692,133.8983,5.7306,5.9728,5.9635,5.0911,15.0611,71.715,0.188352,0.22684,2.4622,32.505,499.5692,133.8983,5.7306,5.9728,5.9635,5.0911,15.0611,71.715,0.188352,0.22684,,,,,,,,,,,,,0
1643.7864,2.4976,32.7963,364.7005,136.9456,5.4572,5.4734,5.4635,4.8572,18.0073,74.1136,0.183235,0.2237,2.4976,32.7963,364.7005,136.9456,5.4572,5.4734,5.4635,4.8572,18.0073,74.1136,0.183235,0.2237,,,,,,,,,,,,,0
1643.9388,2.5195,33.0877,229.8318,133.4496,4.8055,4.9741,4.9635,4.6738,20.9535,76.5123,0.178723,0.220561,2.5195,33.0877,229.8318,133.4496,4.8055,4.9741,4.9635,4.6738,20.9535,76.5123,0.178723,0.220561,,,,,,,,,,,,,0
1644.0912,2.5274,41.3451,155.6139,131.1521,4.5229,4.7393,4.7672,4.6986,22.0789,92.168,0.17524,0.218625,2.5274,41.3451,155.6139,131.1521,4.5229,4.7393,4.7672,4.6986,22.0789,92.168,0.17524,0.218625,,,,,,,,,,,,,0
1644.2436,2.5285,54.9482,122.0958,131.8105,4.8895,4.6819,4.7748,5.3949,21.9824,116.72,0.173581,0.217497,2.5285,54.9482,122.0958,131.8105,4.8895,4.6819,4.7748,5.3949,21.9824,116.72,0.173581,0.217497,,,,,,,,,,,,,0
1644.396,2.5253,68.5513,88.5777,129.1058,3.8617,4.6245,4.7824,4.3489,21.8859,141.272,0.173528,0.21637,2.5253,68.5513,88.5777,129.1058,3.8617,4.6245,4.7824,4.3489,21.8859,141.272,0.173528,0.21637,,,,,,,,,,,,,0
1644.5484,2.5267,77.135,72.5287,129.7987,3.3265,4.6411,4.8427,4.2698,21.7218,150.0422,0.174557,0.215697,2.5267,77.135,72.5287,129.7987,3.3265,4.6411,4.8427,4.2698,21.7218,150.0422,0.174557,0.215697,,,,,,,,,,,,,0
1644.7008,2.524,74.9334,94.0166,133.916,4.5919,4.8167,5.0162,5.2356,21.4122,124.9011,0.176758,0.216002,2.524,74.9334,94.0166,133.916,4.5919,4.8167,5.0162,5.2356,21.4122,124.9011,0.176758,0.216002,,,,,,,,,,,,,0
1644.8532,2.5185,72.7317,115.5045,136.5002,5.0513,4.9923,5.1896,5.4856,21.1027,99.7599,0.177254,0.216306,2.5185,72.7317,115.5045,136.5002,5.0513,4.9923,5.1896,5.4856,21.1027,99.7599,0.177254,0.216306,,,,,,,,,,,,,0
1645.0056,2.5176,70.1393,136.2816,134.7376,4.8718,5.1649,5.3623,5.5717,20.7805,75.0626,0.174831,0.216513,2.5176,70.1393,136.2816,134.7376,4.8718,5.1649,5.3623,5.5717,20.7805,75.0626,0.174831,0.216513,,,,,,,,,,,,,0
1645.158,2.5189,57.302,138.4225,134.5504,4.6098,5.2579,5.5152,5.4309,20.128,61.9993,0.172069,0.214135,2.5189,57.302,138.4225,134.5504,4.6098,5.2579,5.5152,5.4309,20.128,61.9993,0.172069,0.214135,,,,,,,,,,,,,0
1645.3104,2.5269,44.4648,140.5633,131.7517,4.4638,5.3508,5.6682,5.3016,19.4755,48.936,0.169478,0.211758,2.5269,44.4648,140.5633,131.7517,4.4638,5.3508,5.6682,5.3016,19.4755,48.936,0.169478,0.211758,,,,,,,,,,,,,0
1645.4628,2.5325,31.6275,142.7042,124.3526,5.0106,5.4438,5.8211,6.0016,18.823,35.8727,0.167543,0.20938,2.5325,31.6275,142.7042,124.3526,5.0106,5.4438,5.8211,6.0016,18.823,35.8727,0.167543,0.20938,,,,,,,,,,,,,0
1645.6152,2.5342,25.4849,147.6999,124.5941,4.6421,5.573,6.0323,6.088,17.7874,41.6423,0.164385,0.207256,2.5342,25.4849,147.6999,124.5941,4.6421,5.573,6.0323,6.088,17.7874,41.6423,0.164385,0.207256,,,,,,,,,,,,,0
1645.7676,2.5369,21.5041,153.6173,124.4208,4.1732,5.7139,6.2624,5.911,16.6282,53.4935,0.162772,0.205214,2.5369,21.5041,153.6173,124.4208,4.1732,5.7139,6.2624,5.911,16.6282,53.4935,0.162772,0.205214,,,,,,,,,,,,,0
1645.92,2.5335,17.5233,159.5348,122.5548,4.4282,5.8547,6.4924,6.2351,15.4689,65.3446,0.161361,0.203172,2.5335,17.5233,159.5348,122.5548,4.4282,5.8547,6.4924,6.2351,15.4689,65.3446,0.161361,0.203172,,,,,,,,,,,,,0
1646.0724,2.5341,15.6809,179.4613,118.42,4.802,6.0112,6.8015,6.8473,14.152,84.4724,0.156582,0.199523,2.5341,15.6809,179.4613,118.42,4.802,6.0112,6.8015,6.8473,14.152,84.4724,0.156582,0.199523,,,,,,,,,,,,,0
1646.2248,2.5362,16.2016,214.8675,117.5543,5.0602,6.1848,7.1979,7.3214,12.6607,111.6407,0.151876,0.194097,2.5362,16.2016,214.8675,117.5543,5.0602,6.1848,7.1979,7.3214,12.6607,111.6407,0.151876,0.194097,,,,,,,,,,,,,0
1646.3772,2.5279,16.7222,250.2737,111.5457,5.5611,6.3585,7.5943,7.4751,11.1694,138.809,0.145525,0.188672,2.5279,16.7222,250.2737,111.5457,5.5611,6.3585,7.5943,7.4751,11.1694,138.809,0.145525,0.188672,,,,,,,,,,,,,0
1646.5296,2.4882,16.949,271.112,100.3561,6.0524,6.3824,8.0216,8.4612,9.5248,153.1902,0.140085,0.182684,2.4882,16.949,271.112,100.3561,6.0524,6.3824,8.0216,8.4612,9.5248,153.1902,0.140085,0.182684,,,,,,,,,,,,,0
1646.682,2.4452,15.9567,231.5139,86.6885,6.03,5.7852,8.5774,9.2091,7.244,114.5224,0.129862,0.174363,2.4452,15.9567,231.5139,86.6885,6.03,5.7852,8.5774,9.2091,7.244,114.5224,0.129862,0.174363,,,,,,,,,,,,,0
1646.8344,2.3957,14.9644,191.9158,74.5124,5.3369,5.188,9.1332,9.299,4.9632,75.8546,0.120372,0.166042,2.3957,14.9644,191.9158,74.5124,5.3369,5.188,9.1332,9.299,4.9632,75.8546,0.120372,0.166042,,,,,,,,,,,,,0
1646.9868,2.3136,13.972,152.3177,59.0847,4.3761,4.5907,9.689,9.4252,2.6824,37.1868,0.11308,0.157721,2.3136,13.972,152.3177,59.0847,4.3761,4.5907,9.689,9.4252,2.6824,37.1868,0.11308,0.157721,,,,,,,,,,,,,0
1647.1392,2.2605,14.1447,159.0917,48.9258,3.6546,4.4467,10.7227,9.7053,2.0056,34.1107,0.109826,0.157167,2.2605,14.1447,159.0917,48.9258,3.6546,4.4467,10.7227,9.7053,2.0056,34.1107,0.109826,0.157167,,,,,,,,,,,,,0
1647.2916,2.248,14.4278,170.2631,47.3351,3.017,4.3457,11.8019,12.0057,1.4809,34.4096,0.111413,0.15735,2.248,14.4278,170.2631,47.3351,3.017,4.3457,11.8019,12.0057,1.4809,34.4096,0.111413,0.15735,,,,,,,,,,,,,0
1647.444,2.2515,14.711,181.4345,47.7087,3.0832,4.2446,12.881,13.984,0.9561,34.7086,0.114413,0.157533,2.2515,14.711,181.4345,47.7087,3.0832,4.2446,12.881,13.984,0.9561,34.7086,0.114413,0.157533,,,,,,,,,,,,,0
1647.5964,2.2597,14.4109,263.0508,51.6217,4.2155,4.7349,14.243,13.9581,2.5057,37.6273,0.119582,0.15895,2.2597,14.4109,263.0508,51.6217,4.2155,4.7349,14.243,13.9581,2.5057,37.6273,0.119582,0.15895,,,,,,,,,,,,,0
1647.7488,2.2755,13.772,385.5895,57.0337,5.2304,5.5687,15.7693,13.658,5.2602,42.068,0.122538,0.161083,2.2755,13.772,385.5895,57.0337,5.2304,5.5687,15.7693,13.658,5.2602,42.068,0.122538,0.161083,,,,,,,,,,,,,0
1647.9012,2.3358,13.1332,508.1281,62.3899,5.4916,6.4025,17.2956,12.2272,8.0147,46.5086,0.123155,0.163217,2.3358,13.1332,508.1281,62.3899,5.4916,6.4025,17.2956,12.2272,8.0147,46.5086,0.123155,0.163217,,,,,,,,,,,,,0
1648.0536,2.3755,12.8178,621.0271,69.2777,5.5629,7.3016,21.1794,12.4628,10.1616,67.7266,0.122471,0.161609,2.3755,12.8178,621.0271,69.2777,5.5629,7.3016,21.1794,12.4628,10.1616,67.7266,0.122471,0.161609,,,,,,,,,,,,,0
1648.206,2.3843,13.0986,716.1573,77.0926,5.8891,8.3207,29.4087,13.3276,11.1888,119.8698,0.116069,0.153105,2.3843,13.0986,716.1573,77.0926,5.8891,8.3207,29.4087,13.3276,11.1888,119.8698,0.116069,0.153105,,,,,,,,,,,,,0
1648.3584,2.3485,13.3794,811.2875,75.723,5.7526,9.3399,37.6381,18.0214,12.2159,172.013,0.106705,0.144601,2.3485,13.3794,811.2875,75.723,5.7526,9.3399,37.6381,18.0214,12.2159,172.013,0.106705,0.144601,,,,,,,,,,,,,0
1648.5108,2.2273,14.2208,883.2599,55.9517,14.7691,10.2688,45.3358,48.4969,13.1843,217.3069,0.093988,0.136514,2.2273,14.2208,883.2599,55.9517,14.7691,10.2688,45.3358,48.4969,13.1843,217.3069,0.093988,0.136514,,,,,,,,,,,,,0
1648.6632,2.1548,22.4118,651.6077,43.3111,18.1,10.0133,46.0644,57.8582,13.3838,172.7983,0.084746,0.133893,2.1548,22.4118,651.6077,43.3111,18.1,10.0133,46.0644,57.8582,13.3838,172.7983,0.084746,0.133893,,,,,,,,,,,,,0
1648.8156,2.1511,30.6028,419.9554,40.2891,12.3237,9.7579,46.793,47.7083,13.5832,128.2898,0.082691,0.131272,2.1511,30.6028,419.9554,40.2891,12.3237,9.7579,46.793,47.7083,13.5832,128.2898,0.082691,0.131272,,,,,,,,,,,,,0
1648.968,2.1638,38.7938,188.3031,39.8524,13.3117,9.5024,47.5216,53.2803,13.7826,83.7812,0.085351,0.12865,2.1638,38.7938,188.3031,39.8524,13.3117,9.5024,47.5216,53.2803,13.7826,83.7812,0.085351,0.12865,,,,,,,,,,,,,0
1649.1204,2.1826,37.4415,137.4219,39.2211,9.7066,8.586,43.873,40.381,12.4824,68.3985,0.089798,0.131254,2.1826,37.4415,137.4219,39.2211,9.7066,8.586,43.873,40.381,12.4824,68.3985,0.089798,0.131254,,,,,,,,,,,,,0
1649.2728,2.2031,33.5528,134.5862,36.4057,5.2725,7.4939,39.0611,28.1033,10.7837,60.7568,0.096475,0.135247,2.2031,33.5528,134.5862,36.4057,5.2725,7.4939,39.0611,28.1033,10.7837,60.7568,0.096475,0.135247,,,,,,,,,,,,,0
1649.4252,2.2071,29.6641,131.7505,34.9332,5.1049,6.4017,34.2492,28.1392,9.0849,53.1151,0.099874,0.13924,2.2071,29.6641,131.7505,34.9332,5.1049,6.4017,34.2492,28.1392,9.0849,53.1151,0.099874,0.13924,,,,,,,,,,,,,0
1649.5776,2.2015,27.3566,116.5222,31.7446,7.0881,5.7401,31.7689,32.0397,8.1405,44.1465,0.100774,0.14179,2.2015,27.3566,116.5222,31.7446,7.0881,5.7401,31.7689,32.0397,8.1405,44.1465,0.100774,0.14179,,,,,,,,,,,,,0
1649.73,2.204,26.5732,89.3485,32.8467,7.5277,5.4934,31.5362,36.4321,7.9233,33.8991,0.101483,0.142948,2.204,26.5732,89.3485,32.8467,7.5277,5.4934,31.5362,36.4321,7.9233,33.8991,0.101483,0.142948,,,,,,,,,,,,,0
1649.8824,2.2029,25.7898,62.1747,32.7555,6.9294,5.2467,31.3035,34.1467,7.7061,23.6516,0.10221,0.144106,2.2029,25.7898,62.1747,32.7555,6.9294,5.2467,31.3035,34.1467,7.7061,23.6516,0.10221,0.144106,,,,,,,,,,,,,0
1650.0348,2.2042,25.6271,43.7358,32.6566,6.4053,4.9966,30.7117,28.7403,7.4549,15.6563,0.103393,0.145278,2.2042,25.6271,43.7358,32.6566,6.4053,4.9966,30.7117,28.7403,7.4549,15.6563,0.103393,0.145278,,,,,,,,,,,,,0
1650.1872,2.2075,27.5618,54.8145,36.2121,5.0739,4.7354,28.9067,25.0097,7.0888,15.2717,0.105813,0.146498,2.2075,27.5618,54.8145,36.2121,5.0739,4.7354,28.9067,25.0097,7.0888,15.2717,0.105813,0.146498,,,,,,,,,,,,,0
1650.3396,2.2054,29.4965,65.8932,36.4775,4.1731,4.4742,27.1017,24.7076,6.7228,14.8872,0.107028,0.147717,2.2054,29.4965,65.8932,36.4775,4.1731,4.4742,27.1017,24.7076,6.7228,14.8872,0.107028,0.147717,,,,,,,,,,,,,0
1650.492,2.2002,31.4311,76.9719,36.6832,4.2811,4.2129,25.2967,23.7211,6.3567,14.5026,0.106654,0.148936,2.2002,31.4311,76.9719,36.6832,4.2811,4.2129,25.2967,23.7211,6.3567,14.5026,0.106654,0.148936,,,,,,,,,,,,,0
1650.6444,2.2023,33.4347,73.9768,38.7705,4.1238,3.8886,24.3002,24.0268,5.5965,13.9709,0.105762,0.149144,2.2023,33.4347,73.9768,38.7705,4.1238,3.8886,24.3002,24.0268,5.5965,13.9709,0.105762,0.149144,,,,,,,,,,,,,0
1650.7968,2.1969,35.4422,70.202,37.2449,4.5104,3.5608,23.3485,25.7065,4.8144,13.4311,0.105783,0.149297,2.1969,35.4422,70.202,37.2449,4.5104,3.5608,23.3485,25.7065,4.8144,13.4311,0.105783,0.149297,,,,,,,,,,,,,0
1650.9492,2.1984,37.4496,66.4272,35.8891,4.7031,3.233,22.3967,22.9547,4.0323,12.8913,0.106829,0.149449,2.1984,37.4496,66.4272,35.8891,4.7031,3.233,22.3967,22.9547,4.0323,12.8913,0.106829,0.149449,,,,,,,,,,,,,0
1651.1016,2.2017,33.615,56.9595,34.2684,3.4331,3.0958,22.0886,20.0744,3.3556,16.851,0.108958,0.149398,2.2017,33.615,56.9595,34.2684,3.4331,3.0958,22.0886,20.0744,3.3556,16.851,0.108958,0.149398,,,,,,,,,,,,,0
1651.254,2.1986,26.8595,44.6454,34.0986,2.6545,3.0539,22.1024,20.4383,2.7316,23.0605,0.110219,0.149246,2.1986,26.8595,44.6454,34.0986,2.6545,3.0539,22.1024,20.4383,2.7316,23.0605,0.110219,0.149246,,,,,,,,,,,,,0
1651.4064,2.1993,20.104,32.3313,34.0925,2.646,3.012,22.1161,21.5061,2.1076,29.2699,0.108614,0.149094,2.1993,20.104,32.3313,34.0925,2.646,3.012,22.1161,21.5061,2.1076,29.2699,0.108614,0.149094,,,,,,,,,,,,,0
1651.5588,2.2098,16.2011,29.8823,32.73,2.7446,3.0462,22.1419,22.7562,2.1729,32.0218,0.105559,0.14706,2.2098,16.2011,29.8823,32.73,2.7446,3.0462,22.1419,22.7562,2.1729,32.0218,0.105559,0.14706,,,,,,,,,,,,,0
1651.7112,2.2057,16.8391,43.137,32.9821,2.7551,3.2014,22.1871,23.2369,3.3353,29.2698,0.099361,0.14203,2.2057,16.8391,43.137,32.9821,2.7551,3.2014,22.1871,23.2369,3.3353,29.2698,0.099361,0.14203,,,,,,,,,,,,,0
1651.8636,2.1982,17.4771,56.3918,31.1781,2.795,3.3567,22.2323,23.6222,4.4978,26.5178,0.093694,0.137001,2.1982,17.4771,56.3918,31.1781,2.795,3.3567,22.2323,23.6222,4.4978,26.5178,0.093694,0.137001,,,,,,,,,,,,,0
1652.016,2.1963,17.879,68.2022,30.2568,3.8452,3.4895,22.2131,22.1714,5.4609,23.8566,0.090442,0.132487,2.1963,17.879,68.2022,30.2568,3.8452,3.4895,22.2131,22.1714,5.4609,23.8566,0.090442,0.132487,,,,,,,,,,,,,0
1652.1684,2.2072,16.2684,67.7005,31.7729,4.7069,3.4314,21.6443,18.8152,4.7243,21.9693,0.089883,0.132365,2.2072,16.2684,67.7005,31.7729,4.7069,3.4314,21.6443,18.8152,4.7243,21.9693,0.089883,0.132365,,,,,,,,,,,,,0
1652.3208,2.2246,14.6578,67.1988,31.2018,4.2631,3.3732,21.0754,18.2939,3.9876,20.082,0.090291,0.132243,2.2246,14.6578,67.1988,31.2018,4.2631,3.3732,21.0754,18.2939,3.9876,20.082,0.090291,0.132243,,,,,,,,,,,,,0
1652.4732,2.2356,13.0472,66.697,30.8711,3.6366,3.3151,20.5066,20.9603,3.251,18.1948,0.090464,0.132121,2.2356,13.0472,66.697,30.8711,3.6366,3.3151,20.5066,20.9603,3.251,18.1948,0.090464,0.132121,,,,,,,,,,,,,0
1652.6256,2.2353,12.5429,65.0834,30.0395,3.4215,3.2331,20.177,22.7548,3.5706,25.5852,0.090372,0.1322,2.2353,12.5429,65.0834,30.0395,3.4215,3.2331,20.177,22.7548,3.5706,25.5852,0.090372,0.1322,,,,,,,,,,,,,0
1652.778,2.2222,12.2746,63.2325,33.4277,3.2988,3.1459,19.8985,20.5953,4.1155,34.9553,0.090874,0.132322,2.2222,12.2746,63.2325,33.4277,3.2988,3.1459,19.8985,20.5953,4.1155,34.9553,0.090874,0.132322,,,,,,,,,,,,,0
1652.9304,2.2139,12.0062,61.3816,35.1528,3.1101,3.0587,19.6199,17.9506,4.6604,44.3254,0.091136,0.132444,2.2139,12.0062,61.3816,35.1528,3.1101,3.0587,19.6199,17.9506,4.6604,44.3254,0.091136,0.132444,,,,,,,,,,,,,0
1653.0828,2.2158,13.0773,59.4123,35.0303,2.6809,3.0676,20.0191,18.4382,5.3032,44.329,0.09008,0.131771,2.2158,13.0773,59.4123,35.0303,2.6809,3.0676,20.0191,18.4382,5.3032,44.329,0.09008,0.131771,,,,,,,,,,,,,0
1653.2352,2.2151,15.2742,57.3436,36.7296,2.489,3.1573,20.988,19.1372,6.0284,36.4592,0.088416,0.13043,2.2151,15.2742,57.3436,36.7296,2.489,3.1573,20.988,19.1372,6.0284,36.4592,0.088416,0.13043,,,,,,,,,,,,,0
1653.3876,2.1974,17.4712,55.2749,33.3551,4.1071,3.247,21.9569,24.5026,6.7536,28.5894,0.086907,0.129089,2.1974,17.4712,55.2749,33.3551,4.1071,3.247,21.9569,24.5026,6.7536,28.5894,0.086907,0.129089,,,,,,,,,,,,,0
1653.54,2.1941,19.0444,53.9962,31.1985,5.1399,3.3585,22.8024,23.716,7.3615,23.1607,0.086528,0.12774,2.1941,19.0444,53.9962,31.1985,5.1399,3.3585,22.8024,23.716,7.3615,23.1607,0.086528,0.12774,,,,,,,,,,,,,0
1653.6924,2.2018,18.8649,54.9377,35.5215,3.3619,3.5309,23.3013,15.5652,7.6399,24.5911,0.087238,0.126368,2.2018,18.8649,54.9377,35.5215,3.3619,3.5309,23.3013,15.5652,7.6399,24.5911,0.087238,0.126368,,,,,,,,,,,,,0
1653.8448,2.2016,18.6854,55.8792,37.339,2.1755,3.7034,23.8002,12.2636,7.9183,26.0216,0.086835,0.124997,2.2016,18.6854,55.8792,37.339,2.1755,3.7034,23.8002,12.2636,7.9183,26.0216,0.086835,0.124997,,,,,,,,,,,,,0
1653.9972,2.2012,18.5059,56.8207,36.0708,5.0682,3.8758,24.2991,30.6225,8.1967,27.4521,0.080915,0.123625,2.2012,18.5059,56.8207,36.0708,5.0682,3.8758,24.2991,30.6225,8.1967,27.4521,0.080915,0.123625,,,,,,,,,,,,,0
1654.1496,2.2069,21.3025,49.4749,32.7793,7.1458,3.6642,23.3095,39.3383,7.9466,27.7946,0.075376,0.122463,2.2069,21.3025,49.4749,32.7793,7.1458,3.6642,23.3095,39.3383,7.9466,27.7946,0.075376,0.122463,,,,,,,,,,,,,0
1654.302,2.2073,24.1549,41.974,31.2573,6.1751,3.4454,22.2919,31.8498,7.6866,28.1166,0.074765,0.121305,2.2073,24.1549,41.974,31.2573,6.1751,3.4454,22.2919,31.8498,7.6866,28.1166,0.074765,0.121305,,,,,,,,,,,,,0
1654.4544,2.2052,27.0072,34.4731,30.2599,5.1202,3.2267,21.2744,25.2176,7.4266,28.4387,0.07705,0.120147,2.2052,27.0072,34.4731,30.2599,5.1202,3.2267,21.2744,25.2176,7.4266,28.4387,0.07705,0.120147,,,,,,,,,,,,,0
1654.6068,2.2052,24.8482,37.5451,31.3764,3.9669,3.3731,20.776,15.3704,6.7946,29.2336,0.084478,0.12341,2.2052,24.8482,37.5451,31.3764,3.9669,3.3731,20.776,15.3704,6.7946,29.2336,0.084478,0.12341,,,,,,,,,,,,,0
1654.7592,2.2036,20.5494,45.1314,32.174,2.7002,3.6755,20.4992,9.5695,6.0037,30.2303,0.091544,0.128561,2.2036,20.5494,45.1314,32.174,2.7002,3.6755,20.4992,9.5695,6.0037,30.2303,0.091544,0.128561,,,,,,,,,,,,,0
1654.9116,2.2068,16.2506,52.7177,29.1799,1.7636,3.9778,20.2225,8.2869,5.2128,31.227,0.095796,0.133712,2.2068,16.2506,52.7177,29.1799,1.7636,3.9778,20.2225,8.2869,5.2128,31.227,0.095796,0.133712,,,,,,,,,,,,,0
1655.064,2.2096,13.5061,69.0239,32.1969,1.9906,4.2573,21.0026,15.0947,5.0198,31.2691,0.094868,0.134793,2.2096,13.5061,69.0239,32.1969,1.9906,4.2573,21.0026,15.0947,5.0198,31.2691,0.094868,0.134793,,,,,,,,,,,,,0
1655.2164,2.1917,12.9086,97.3744,36.4514,6.5073,4.505,23.2425,30.9937,5.6527,29.9926,0.086648,0.130251,2.1917,12.9086,97.3744,36.4514,6.5073,4.505,23.2425,30.9937,5.6527,29.9926,0.086648,0.130251,,,,,,,,,,,,,0
1655.3688,2.1529,12.311,125.7249,31.6227,8.8387,4.7528,25.4823,26.722,6.2856,28.7161,0.080213,0.12571,2.1529,12.311,125.7249,31.6227,8.8387,4.7528,25.4823,26.722,6.2856,28.7161,0.080213,0.12571,,,,,,,,,,,,,0
1655.5212,2.149,11.9742,145.3071,28.0235,6.8647,5.0142,27.2979,17.083,6.7838,27.6145,0.080203,0.122135,2.149,11.9742,145.3071,28.0235,6.8647,5.0142,27.2979,17.083,6.7838,27.6145,0.080203,0.122135,,,,,,,,,,,,,0
1655.6736,2.1642,13.252,110.6254,28.8716,4.0894,5.3602,26.4878,15.822,6.4492,27.5959,0.085847,0.124543,2.1642,13.252,110.6254,28.8716,4.0894,5.3602,26.4878,15.822,6.4492,27.5959,0.085847,0.124543,,,,,,,,,,,,,0
1655.826,2.1607,14.5297,75.9437,28.7701,3.6973,5.7063,25.6777,18.6298,6.1145,27.5773,0.089238,0.126951,2.1607,14.5297,75.9437,28.7701,3.6973,5.7063,25.6777,18.6298,6.1145,27.5773,0.089238,0.126951,,,,,,,,,,,,,0
1655.9784,2.1583,15.8075,41.262,28.0211,3.8144,6.0523,24.8676,12.4609,5.7798,27.5587,0.088643,0.129359,2.1583,15.8075,41.262,28.0211,3.8144,6.0523,24.8676,12.4609,5.7798,27.5587,0.088643,0.129359,,,,,,,,,,,,,0
1656.1308,2.1662,14.6449,31.643,30.0284,3.2505,19.156,68.3318,6.8309,5.2111,23.6279,0.087462,0.124546,2.1662,14.6449,31.643,30.0284,3.2505,19.156,68.3318,6.8309,5.2111,23.6279,0.087462,0.124546,,,,,,,,,,,,,0
1656.2832,2.272,13.0792,26.1629,32.2831,20.9788,34.3664,119.1073,54.5416,4.6036,19.0509,0.080594,0.118542,2.272,13.0792,26.1629,32.2831,20.9788,34.3664,119.1073,54.5416,4.6036,19.0509,0.080594,0.118542,,,,,,,,,,,,,0
1656.4356,2.4248,11.5136,20.6827,34.3383,104.9745,49.5769,169.8828,327.2001,3.9962,14.474,0.072117,0.112537,2.4248,11.5136,20.6827,34.3383,104.9745,49.5769,169.8828,327.2001,3.9962,14.474,0.072117,0.112537,,,,,,,,,,,,,0
1656.588,2.5796,11.0582,17.7937,52.1421,109.4106,49.5325,164.0339,235.2691,3.6403,12.5113,0.062958,0.111109,2.5796,11.0582,17.7937,52.1421,109.4106,49.5325,164.0339,235.2691,3.6403,12.5113,0.062958,0.111109,,,,,,,,,,,,,0
1656.7404,2.638,11.4153,16.801,67.2535,57.5675,38.3245,116.7462,54.2254,3.4685,12.4618,0.060002,0.113029,2.638,11.4153,16.801,67.2535,57.5675,38.3245,116.7462,54.2254,3.4685,12.4618,0.060002,0.113029,,,,,,,,,,,,,0
1656.8928,2.6536,11.7724,15.8083,70.1735,21.9126,27.1164,69.4584,13.5783,3.2967,12.4123,0.07086,0.114949,2.6536,11.7724,15.8083,70.1735,21.9126,27.1164,69.4584,13.5783,3.2967,12.4123,0.07086,0.114949,,,,,,,,,,,,,0
1657.0452,2.6611,12.0559,14.9846,56.2082,12.8388,18.3924,34.117,9.3819,3.2122,12.6265,0.082413,0.117303,2.6611,12.0559,14.9846,56.2082,12.8388,18.3924,34.117,9.3819,3.2122,12.6265,0.082413,0.117303,,,,,,,,,,,,,0
1657.1976,2.6653,12.165,14.5618,44.6118,14.0858,15.56,27.1084,14.4082,3.3348,13.466,0.087769,0.120687,2.6653,12.165,14.5618,44.6118,14.0858,15.56,27.1084,14.4082,3.3348,13.466,0.087769,0.120687,,,,,,,,,,,,,0
1657.35,2.677,12.2741,14.139,41.2154,14.7066,12.7276,20.0998,16.1824,3.4574,14.3054,0.088107,0.12407,2.677,12.2741,14.139,41.2154,14.7066,12.7276,20.0998,16.1824,3.4574,14.3054,0.088107,0.12407,,,,,,,,,,,,,0
1657.5024,2.6482,12.3895,13.8207,41.4814,12.9886,9.9462,13.2109,13.984,3.587,15.1498,0.085432,0.127383,2.6482,12.3895,13.8207,41.4814,12.9886,9.9462,13.2109,13.984,3.587,15.1498,0.085432,0.127383,,,,,,,,,,,,,0
1657.6548,2.6469,12.9065,20.0335,43.29,11.0679,10.3522,13.8067,10.9484,4.1493,16.2991,0.084646,0.126316,2.6469,12.9065,20.0335,43.29,11.0679,10.3522,13.8067,10.9484,4.1493,16.2991,0.084646,0.126316,,,,,,,,,,,,,0
1657.8072,2.6423,13.4235,26.2462,48.5742,9.2018,10.7583,14.4025,8.0506,4.7116,17.4485,0.085538,0.12525,2.6423,13.4235,26.2462,48.5742,9.2018,10.7583,14.4025,8.0506,4.7116,17.4485,0.085538,0.12525,,,,,,,,,,,,,0
1657.9596,2.6229,13.9405,32.459,51.5112,6.8252,11.1644,14.9984,11.413,5.2739,18.5978,0.084752,0.124183,2.6229,13.9405,32.459,51.5112,6.8252,11.1644,14.9984,11.413,5.2739,18.5978,0.084752,0.124183,,,,,,,,,,,,,0
1658.112,2.6366,19.0041,31.4084,48.618,15.126,12.376,15.941,21.118,4.7202,18.9358,0.077913,0.119263,2.6366,19.0041,31.4084,48.618,15.126,12.376,15.941,21.118,4.7202,18.9358,0.077913,0.119263,,,,,,,,,,,,,0
1658.2644,2.6623,25.7078,27.7379,47.7084,16.1185,13.8782,17.0087,19.5371,3.7639,18.9812,0.070765,0.112954,2.6623,25.7078,27.7379,47.7084,16.1185,13.8782,17.0087,19.5371,3.7639,18.9812,0.070765,0.112954,,,,,,,,,,,,,0
1658.4168,2.6693,32.4114,24.0674,53.5676,14.725,15.3805,18.0765,17.86,2.8076,19.0265,0.064427,0.106644,2.6693,32.4114,24.0674,53.5676,14.725,15.3805,18.0765,17.86,2.8076,19.0265,0.064427,0.106644,,,,,,,,,,,,,0
1658.5692,2.6589,35.5074,20.7902,59.1186,18.4415,15.9699,18.3765,22.7037,2.7204,17.9934,0.063913,0.103767,2.6589,35.5074,20.7902,59.1186,18.4415,15.9699,18.3765,22.7037,2.7204,17.9934,0.063913,0.103767,,,,,,,,,,,,,0
1658.7216,2.6507,34.2656,17.986,65.7104,20.1865,15.4618,17.7536,22.9852,3.6783,15.6637,0.06602,0.105017,2.6507,34.2656,17.986,65.7104,20.1865,15.4618,17.7536,22.9852,3.6783,15.6637,0.06602,0.105017,,,,,,,,,,,,,0
1658.874,2.6185,33.0239,15.1818,67.4166,15.7747,14.9537,17.1306,15.2354,4.6362,13.334,0.068003,0.106267,2.6185,33.0239,15.1818,67.4166,15.7747,14.9537,17.1306,15.2354,4.6362,13.334,0.068003,0.106267,,,,,,,,,,,,,0
1659.0264,2.6074,31.6498,13.0583,62.8882,19.1743,14.9946,17.0078,16.001,5.2729,12.6538,0.069119,0.106196,2.6074,31.6498,13.0583,62.8882,19.1743,14.9946,17.0078,16.001,5.2729,12.6538,0.069119,0.106196,,,,,,,,,,,,,0
1659.1788,2.6497,29.644,14.1833,49.0445,19.4595,17.6557,19.2716,20.5853,4.3765,19.8465,0.061774,0.099826,2.6497,29.644,14.1833,49.0445,19.4595,17.6557,19.2716,20.5853,4.3765,19.8465,0.061774,0.099826,,,,,,,,,,,,,0
1659.3312,2.6756,27.6382,15.3083,42.8356,23.6074,20.3169,21.5355,21.1473,3.48,27.0392,0.054056,0.093456,2.6756,27.6382,15.3083,42.8356,23.6074,20.3169,21.5355,21.1473,3.48,27.0392,0.054056,0.093456,,,,,,,,,,,,,0
1659.4836,2.686,25.6324,16.4332,57.442,18.3176,22.978,23.7994,22.346,2.5836,34.232,0.048209,0.087086,2.686,25.6324,16.4332,57.442,18.3176,22.978,23.7994,22.346,2.5836,34.232,0.048209,0.087086,,,,,,,,,,,,,0
1659.636,2.6675,23.0717,17.1553,63.421,15.6969,23.9598,25.0324,18.3759,2.8685,87.3196,0.045554,0.083843,2.6675,23.0717,17.1553,63.421,15.6969,23.9598,25.0324,18.3759,2.8685,87.3196,0.045554,0.083843,,,,,,,,,,,,,0
1659.7884,2.6557,20.4442,17.8288,49.5288,29.722,24.739,26.1411,31.1407,3.2959,145.9415,0.044535,0.080978,2.6557,20.4442,17.8288,49.5288,29.722,24.739,26.1411,31.1407,3.2959,145.9415,0.044535,0.080978,,,,,,,,,,,,,0
1659.9408,2.6701,17.8167,18.5023,41.3379,36.9814,25.5183,27.2498,40.1739,3.7234,204.5635,0.041868,0.078113,2.6701,17.8167,18.5023,41.3379,36.9814,25.5183,27.2498,40.1739,3.7234,204.5635,0.041868,0.078113,,,,,,,,,,,,,0
1660.0932,2.6786,16.4081,20.4693,43.9552,24.9485,26.0684,27.7015,25.3153,3.6513,191.4127,0.038878,0.075751,2.6786,16.4081,20.4693,43.9552,24.9485,26.0684,27.7015,25.3153,3.6513,191.4127,0.038878,0.075751,,,,,,,,,,,,,0
1660.2456,2.6707,15.7737,23.258,49.3583,18.1619,26.4731,27.7359,16.0025,3.2619,132.6724,0.038028,0.073709,2.6707,15.7737,23.258,49.3583,18.1619,26.4731,27.7359,16.0025,3.2619,132.6724,0.038028,0.073709,,,,,,,,,,,,,0
1660.398,2.6652,15.1394,26.0467,44.9884,22.6561,26.8777,27.7702,22.6975,2.8726,73.9321,0.037016,0.071667,2.6652,15.1394,26.0467,44.9884,22.6561,26.8777,27.7702,22.6975,2.8726,73.9321,0.037016,0.071667,,,,,,,,,,,,,0
1660.5504,2.6727,15.2813,29.0659,41.6047,34.9995,29.2484,30.262,39.3836,2.5999,32.2695,0.034933,0.06903,2.6727,15.2813,29.0659,41.6047,34.9995,29.2484,30.262,39.3836,2.5999,32.2695,0.034933,0.06903,,,,,,,,,,,,,0
1660.7028,2.6645,16.9942,32.5519,44.6397,31.5307,35.598,37.727,43.5537,2.5632,25.1689,0.029635,0.065189,2.6645,16.9942,32.5519,44.6397,31.5307,35.598,37.727,43.5537,2.5632,25.1689,0.029635,0.065189,,,,,,,,,,,,,0
1660.8552,2.6695,18.7071,36.0379,49.1208,38.3538,41.9476,45.192,53.9271,2.5266,18.0683,0.026207,0.061349,2.6695,18.7071,36.0379,49.1208,38.3538,41.9476,45.192,53.9271,2.5266,18.0683,0.026207,0.061349,,,,,,,,,,,,,0
1661.0076,2.6855,20.6979,39.2099,40.3134,54.9146,48.077,52.2797,59.3173,2.5068,11.3427,0.024488,0.057664,2.6855,20.6979,39.2099,40.3134,54.9146,48.077,52.2797,59.3173,2.5068,11.3427,0.024488,0.057664,,,,,,,,,,,,,0
1661.16,2.6948,27.9823,36.4012,34.797,47.6425,50.011,52.1769,44.0126,2.8074,11.7626,0.02329,0.056932,2.6948,27.9823,36.4012,34.797,47.6425,50.011,52.1769,44.0126,2.8074,11.7626,0.02329,0.056932,,,,,,,,,,,,,0
1661.3124,2.6765,35.2668,33.5924,39.5927,79.4665,51.945,52.0741,45.433,3.1081,12.1824,0.023064,0.0562,2.6765,35.2668,33.5924,39.5927,79.4665,51.945,52.0741,45.433,3.1081,12.1824,0.023064,0.0562,,,,,,,,,,,,,0
1661.4648,2.6665,42.5513,30.7836,41.9688,81.7299,53.879,51.9712,51.4357,3.4088,12.6022,0.023291,0.055469,2.6665,42.5513,30.7836,41.9688,81.7299,53.879,51.9712,51.4357,3.4088,12.6022,0.023291,0.055469,,,,,,,,,,,,,0
1661.6172,2.6761,43.5237,26.4892,41.768,73.1775,57.0123,58.0019,55.937,3.4168,12.7478,0.023464,0.054784,2.6761,43.5237,26.4892,41.768,73.1775,57.0123,58.0019,55.937,3.4168,12.7478,0.023464,0.054784,,,,,,,,,,,,,0
1661.7696,2.6824,42.6002,21.7485,38.6935,76.3056,60.5058,65.8747,75.1232,3.337,12.8109,0.02248,0.054114,2.6824,42.6002,21.7485,38.6935,76.3056,60.5058,65.8747,75.1232,3.337,12.8109,0.02248,0.054114,,,,,,,,,,,,,0
1661.922,2.6789,41.6768,17.0077,38.6248,79.2424,63.9994,73.7474,76.0891,3.2572,12.8741,0.02139,0.053443,2.6789,41.6768,17.0077,38.6248,79.2424,63.9994,73.7474,76.0891,3.2572,12.8741,0.02139,0.053443,,,,,,,,,,,,,0
1662.0744,2.6545,44.946,14.7488,36.7315,96.1988,63.1635,74.3787,80.9521,3.0405,18.0755,0.023269,0.055124,2.6545,44.946,14.7488,36.7315,96.1988,63.1635,74.3787,80.9521,3.0405,18.0755,0.023269,0.055124,,,,,,,,,,,,,0
1662.2268,2.65,52.6105,15.0918,33.8493,92.8993,57.7887,67.418,73.4094,2.6802,28.6637,0.025967,0.059269,2.65,52.6105,15.0918,33.8493,92.8993,57.7887,67.418,73.4094,2.6802,28.6637,0.025967,0.059269,,,,,,,,,,,,,0
1662.3792,2.6574,60.2751,15.4348,45.0152,81.6231,52.4139,60.4574,57.9284,2.32,39.252,0.030435,0.063414,2.6574,60.2751,15.4348,45.0152,81.6231,52.4139,60.4574,57.9284,2.32,39.252,0.030435,0.063414,,,,,,,,,,,,,0
1662.5316,2.6655,64.2626,15.7099,54.6786,66.5171,46.9439,53.3015,46.2147,2.2271,46.4046,0.033839,0.067161,2.6655,64.2626,15.7099,54.6786,66.5171,46.9439,53.3015,46.2147,2.2271,46.4046,0.033839,0.067161,,,,,,,,,,,,,0
1662.684,2.6632,54.1937,15.726,61.554,51.7242,41.11,45.3994,40.0299,3.1566,40.4231,0.035939,0.069386,2.6632,54.1937,15.726,61.554,51.7242,41.11,45.3994,40.0299,3.1566,40.4231,0.035939,0.069386,,,,,,,,,,,,,0
1662.8364,2.6558,44.1248,15.7421,66.2415,50.8832,35.2761,37.4973,37.2741,4.086,34.4417,0.037402,0.071611,2.6558,44.1248,15.7421,66.2415,50.8832,35.2761,37.4973,37.2741,4.086,34.4417,0.037402,0.071611,,,,,,,,,,,,,0
1662.9888,2.6567,34.0559,15.7581,64.815,36.1739,29.4421,29.5951,24.0411,5.0155,28.4603,0.038565,0.073836,2.6567,34.0559,15.7581,64.815,36.1739,29.4421,29.5951,24.0411,5.0155,28.4603,0.038565,0.073836,,,,,,,,,,,,,0
1663.1412,2.66,32.4279,16.933,58.6058,32.1717,27.2245,27.4488,20.6958,5.4025,27.8794,0.039574,0.074424,2.66,32.4279,16.933,58.6058,32.1717,27.2245,27.4488,20.6958,5.4025,27.8794,0.039574,0.074424,,,,,,,,,,,,,0
1663.2936,2.6583,31.4696,18.1998,52.87,36.5108,25.2937,25.7591,27.7538,5.7466,27.7269,0.039772,0.074881,2.6583,31.4696,18.1998,52.87,36.5108,25.2937,25.7591,27.7538,5.7466,27.7269,0.039772,0.074881,,,,,,,,,,,,,0
1663.446,2.6532,30.5112,19.4665,50.4677,29.5432,23.3629,24.0693,24.7757,6.0906,27.5743,0.039445,0.075338,2.6532,30.5112,19.4665,50.4677,29.5432,23.3629,24.0693,24.7757,6.0906,27.5743,0.039445,0.075338,,,,,,,,,,,,,0
1663.5984,2.6623,29.2444,20.3059,56.5856,28.1071,22.1334,22.8256,24.6168,6.7767,25.1967,0.04115,0.077212,2.6623,29.2444,20.3059,56.5856,28.1071,22.1334,22.8256,24.6168,6.7767,25.1967,0.04115,0.077212,,,,,,,,,,,,,0
1663.7508,2.6653,27.8083,20.9107,58.594,23.6479,21.2887,21.8266,24.6024,7.6505,21.598,0.042965,0.079864,2.6653,27.8083,20.9107,58.594,23.6479,21.2887,21.8266,24.6024,7.6505,21.598,0.042965,0.079864,,,,,,,,,,,,,0
1663.9032,2.6589,26.3722,21.5155,57.3089,18.3545,20.444,20.8275,18.783,8.5243,17.9993,0.045824,0.082516,2.6589,26.3722,21.5155,57.3089,18.3545,20.444,20.8275,18.783,8.5243,17.9993,0.045824,0.082516,,,,,,,,,,,,,0
1664.0556,2.6638,25.1524,22.2585,56.0529,19.2125,20.8322,21.6151,17.9836,8.8832,15.612,0.049241,0.086246,2.6638,25.1524,22.2585,56.0529,19.2125,20.8322,21.6151,17.9836,8.8832,15.612,0.049241,0.086246,,,,,,,,,,,,,0
1664.208,2.6642,24.3089,23.242,59.4317,23.8586,23.3667,25.513,13.3635,8.3458,15.3338,0.052122,0.091854,2.6642,24.3089,23.242,59.4317,23.8586,23.3667,25.513,13.3635,8.3458,15.3338,0.052122,0.091854,,,,,,,,,,,,,0
1664.3604,2.6597,23.4655,24.2256,59.1581,33.8578,25.9012,29.4109,20.9985,7.8083,15.0556,0.055332,0.097463,2.6597,23.4655,24.2256,59.1581,33.8578,25.9012,29.4109,20.9985,7.8083,15.0556,0.055332,0.097463,,,,,,,,,,,,,0
1664.5128,2.6589,22.6173,25.3049,64.5561,25.1209,27.785,32.4841,29.6927,7.4474,15.6076,0.06419,0.103204,2.6589,22.6173,25.3049,64.5561,25.1209,27.785,32.4841,29.6927,7.4474,15.6076,0.06419,0.103204,,,,,,,,,,,,,0
1664.6652,2.6334,21.7167,27.4285,76.6379,12.0361,22.5721,26.5634,17.1853,9.0118,25.2151,0.073028,0.110397,2.6334,21.7167,27.4285,76.6379,12.0361,22.5721,26.5634,17.1853,9.0118,25.2151,0.073028,0.110397,,,,,,,,,,,,,0
1664.8176,2.626,20.8161,29.5521,92.1276,9.4842,17.3592,20.6426,10.691,10.5762,34.8226,0.084848,0.117591,2.626,20.8161,29.5521,92.1276,9.4842,17.3592,20.6426,10.691,10.5762,34.8226,0.084848,0.117591,,,,,,,,,,,,,0
1664.97,2.6118,19.9156,31.6758,87.2921,8.9141,12.1463,14.7219,10.3489,12.1405,44.4301,0.085763,0.124784,2.6118,19.9156,31.6758,87.2921,8.9141,12.1463,14.7219,10.3489,12.1405,44.4301,0.085763,0.124784,,,,,,,,,,,,,0
1665.1224,2.6105,24.4377,27.6287,72.878,10.5318,12.8667,15.7342,10.1077,10.7031,59.9874,0.077751,0.119811,2.6105,24.4377,27.6287,72.878,10.5318,12.8667,15.7342,10.1077,10.7031,59.9874,0.077751,0.119811,,,,,,,,,,,,,0
1665.2748,2.6516,30.2889,22.0692,62.5355,18.4928,15.0414,18.4458,12.5208,8.53,77.0029,0.06701,0.111855,2.6516,30.2889,22.0692,62.5355,18.4928,15.0414,18.4458,12.5208,8.53,77.0029,0.06701,0.111855,,,,,,,,,,,,,0
1665.4272,2.6911,36.14,16.5096,51.8798,30.8176,17.2162,21.1574,30.8544,6.3569,94.0185,0.061106,0.1039,2.6911,36.14,16.5096,51.8798,30.8176,17.2162,21.1574,30.8544,6.3569,94.0185,0.061106,0.1039,,,,,,,,,,,,,0
1665.5796,2.7131,40.1325,13.6251,44.9317,34.1332,17.5872,21.7135,41.6963,5.2494,93.2006,0.057968,0.101708,2.7131,40.1325,13.6251,44.9317,34.1332,17.5872,21.7135,41.6963,5.2494,93.2006,0.057968,0.101708,,,,,,,,,,,,,0
1665.732,2.7116,42.4251,13.187,41.946,29.4778,16.3086,20.2982,34.1865,5.1165,76.0727,0.058294,0.104786,2.7116,42.4251,13.187,41.946,29.4778,16.3086,20.2982,34.1865,5.1165,76.0727,0.058294,0.104786,,,,,,,,,,,,,0
1665.8844,2.684,44.7177,12.749,56.9242,17.7162,15.03,18.8829,18.9233,4.9837,58.9448,0.066088,0.107865,2.684,44.7177,12.749,56.9242,17.7162,15.03,18.8829,18.9233,4.9837,58.9448,0.066088,0.107865,,,,,,,,,,,,,0
1666.0368,2.6529,45.7901,12.5279,67.2177,12.4099,13.8503,17.3977,12.2949,5.6778,51.4791,0.073189,0.11179,2.6529,45.7901,12.5279,67.2177,12.4099,13.8503,17.3977,12.2949,5.6778,51.4791,0.073189,0.11179,,,,,,,,,,,,,0
1666.1892,2.6295,43.0296,12.9886,70.73,11.9725,12.9809,15.6929,12.1781,8.9695,74.365,0.080421,0.118373,2.6295,43.0296,12.9886,70.73,11.9725,12.9809,15.6929,12.1781,8.9695,74.365,0.080421,0.118373,,,,,,,,,,,,,0
1666.3416,2.6237,40.2691,13.4493,71.7075,13.004,12.1116,13.9881,13.5859,12.2613,97.2509,0.086051,0.124957,2.6237,40.2691,13.4493,71.7075,13.004,12.1116,13.9881,13.5859,12.2613,97.2509,0.086051,0.124957,,,,,,,,,,,,,0
1666.494,2.6171,37.5086,13.91,80.1099,13.831,11.2422,12.2832,12.1667,15.5531,120.1368,0.091072,0.131541,2.6171,37.5086,13.91,80.1099,13.831,11.2422,12.2832,12.1667,15.5531,120.1368,0.091072,0.131541,,,,,,,,,,,,,0
1666.6464,2.6116,240.8563,12.9991,83.9493,9.8333,11.6087,12.0459,8.3922,14.2643,103.0738,0.095524,0.136602,2.6116,240.8563,12.9991,83.9493,9.8333,11.6087,12.0459,8.3922,14.2643,103.0738,0.095524,0.136602,,,,,,,,,,,,,0
1666.7988,2.6276,452.6511,12.032,84.8738,11.955,12.0259,11.8687,12.839,12.7879,84.3735,0.102066,0.141601,2.6276,452.6511,12.032,84.8738,11.955,12.0259,11.8687,12.839,12.7879,84.3735,0.102066,0.141601,,,,,,,,,,,,,0
1666.9512,2.6392,664.4459,11.0649,84.1722,14.7774,12.443,11.6914,14.3466,11.3114,65.6732,0.105702,0.146599,2.6392,664.4459,11.0649,84.1722,14.7774,12.443,11.6914,14.3466,11.3114,65.6732,0.105702,0.146599,,,,,,,,,,,,,0
1667.1036,2.6227,647.2605,10.8994,74.8776,14.0273,12.527,11.9248,11.0364,10.6679,54.2997,0.109034,0.152862,2.6227,647.2605,10.8994,74.8776,14.0273,12.527,11.9248,11.0364,10.6679,54.2997,0.109034,0.152862,,,,,,,,,,,,,0
1667.256,2.5999,522.2157,11.1115,70.3429,18.7782,12.4541,12.3517,16.4494,10.4168,46.3775,0.114591,0.15972,2.5999,522.2157,11.1115,70.3429,18.7782,12.4541,12.3517,16.4494,10.4168,46.3775,0.114591,0.15972,,,,,,,,,,,,,0
1667.4084,2.5119,397.1709,11.3236,89.8234,20.6496,12.3811,12.7785,17.8127,10.1657,38.4553,0.124772,0.166578,2.5119,397.1709,11.3236,89.8234,20.6496,12.3811,12.7785,17.8127,10.1657,38.4553,0.124772,0.166578,,,,,,,,,,,,,0
1667.5608,2.4604,309.9355,12.1717,115.2305,14.0337,11.7076,12.4242,10.0411,10.0665,32.7761,0.134275,0.168985,2.4604,309.9355,12.1717,115.2305,14.0337,11.7076,12.4242,10.0411,10.0665,32.7761,0.134275,0.168985,,,,,,,,,,,,,0
1667.7132,2.4878,279.6629,13.9781,118.2562,10.5198,10.1293,10.8933,6.1768,10.1959,30.4764,0.136654,0.164688,2.4878,279.6629,13.9781,118.2562,10.5198,10.1293,10.8933,6.1768,10.1959,30.4764,0.136654,0.164688,,,,,,,,,,,,,0
1667.8656,2.5142,249.3904,15.7844,108.9852,11.0633,8.551,9.3624,7.5967,10.3254,28.1766,0.129958,0.16039,2.5142,249.3904,15.7844,108.9852,11.0633,8.551,9.3624,7.5967,10.3254,28.1766,0.129958,0.16039,,,,,,,,,,,,,0
1668.018,2.5222,219.0749,17.4342,88.7826,9.676,7.1412,8.0216,8.1288,10.3232,25.9927,0.11246,0.155754,2.5222,219.0749,17.4342,88.7826,9.676,7.1412,8.0216,8.1288,10.3232,25.9927,0.11246,0.155754,,,,,,,,,,,,,0
1668.1704,2.5279,188.4393,17.9149,79.4144,8.5876,6.9897,8.1004,8.3253,9.3376,24.6737,0.097265,0.148591,2.5279,188.4393,17.9149,79.4144,8.5876,6.9897,8.1004,8.3253,9.3376,24.6737,0.097265,0.148591,,,,,,,,,,,,,0
1668.3228,2.5324,157.8036,18.3957,71.5505,8.2118,6.8382,8.1792,8.348,8.3519,23.3547,0.091442,0.141428,2.5324,157.8036,18.3957,71.5505,8.2118,6.8382,8.1792,8.348,8.3519,23.3547,0.091442,0.141428,,,,,,,,,,,,,0
1668.4752,2.5167,127.168,18.8765,70.5707,8.2366,6.6867,8.258,8.4143,7.3663,22.0357,0.091393,0.134266,2.5167,127.168,18.8765,70.5707,8.2366,6.6867,8.258,8.4143,7.3663,22.0357,0.091393,0.134266,,,,,,,,,,,,,0
1668.6276,2.5031,108.411,21.566,68.4322,7.815,6.1556,7.8307,8.6231,7.9365,22.612,0.093431,0.13703,2.5031,108.411,21.566,68.4322,7.815,6.1556,7.8307,8.6231,7.9365,22.612,0.093431,0.13703,,,,,,,,,,,,,0
1668.78,2.4895,91.9627,24.6848,63.8318,6.3634,5.5508,7.3051,8.1721,8.8091,23.5566,0.098637,0.141724,2.4895,91.9627,24.6848,63.8318,6.3634,5.5508,7.3051,8.1721,8.8091,23.5566,0.098637,0.141724,,,,,,,,,,,,,0
1668.9324,2.4491,75.5144,27.8036,61.2492,4.7802,4.946,6.7795,6.4549,9.6816,24.5012,0.104289,0.146418,2.4491,75.5144,27.8036,61.2492,4.7802,4.946,6.7795,6.4549,9.6816,24.5012,0.104289,0.146418,,,,,,,,,,,,,0
1669.0848,2.3941,81.1033,30.5634,59.6672,4.2184,4.639,6.5581,5.4826,10.784,28.4408,0.111457,0.149942,2.3941,81.1033,30.5634,59.6672,4.2184,4.639,6.5581,5.4826,10.784,28.4408,0.111457,0.149942,,,,,,,,,,,,,0
1669.2372,2.3692,104.2597,33.037,53.9228,4.0359,4.5696,6.5792,5.7775,12.0696,34.768,0.115457,0.152532,2.3692,104.2597,33.037,53.9228,4.0359,4.5696,6.5792,5.7775,12.0696,34.768,0.115457,0.152532,,,,,,,,,,,,,0
1669.3896,2.3639,127.416,35.5106,51.0201,3.8866,4.5001,6.6004,6.3312,13.3552,41.0951,0.115554,0.155123,2.3639,127.416,35.5106,51.0201,3.8866,4.5001,6.6004,6.3312,13.3552,41.0951,0.115554,0.155123,,,,,,,,,,,,,0
1669.542,2.3555,146.2107,40.3369,52.1952,3.8419,4.5922,6.8232,6.618,14.0181,46.4861,0.114981,0.155942,2.3555,146.2107,40.3369,52.1952,3.8419,4.5922,6.8232,6.618,14.0181,46.4861,0.114981,0.155942,,,,,,,,,,,,,0
1669.6944,2.3495,153.5403,51.3475,52.3865,4.0374,5.1089,7.5761,6.8435,13.0442,49.4163,0.111228,0.152101,2.3495,153.5403,51.3475,52.3865,4.0374,5.1089,7.5761,6.8435,13.0442,49.4163,0.111228,0.152101,,,,,,,,,,,,,0
1669.8468,2.3658,160.87,62.358,49.7481,3.8947,5.6257,8.329,6.8697,12.0702,52.3464,0.106521,0.148261,2.3658,160.87,62.358,49.7481,3.8947,5.6257,8.329,6.8697,12.0702,52.3464,0.106521,0.148261,,,,,,,,,,,,,0
1669.9992,2.443,168.1996,73.3686,50.4604,6.5431,6.1424,9.0819,10.5816,11.0963,55.2765,0.100982,0.14442,2.443,168.1996,73.3686,50.4604,6.5431,6.1424,9.0819,10.5816,11.0963,55.2765,0.100982,0.14442,,,,,,,,,,,,,0
1670.1516,2.5237,153.6386,58.539,57.1843,13.9553,6.8624,9.3839,19.7301,9.5866,47.5462,0.098126,0.149251,2.5237,153.6386,58.539,57.1843,13.9553,6.8624,9.3839,19.7301,9.5866,47.5462,0.098126,0.149251,,,,,,,,,,,,,0
1670.304,2.5786,138.9621,43.573,77.8119,15.5766,7.5835,9.6835,14.9393,8.0741,39.7596,0.102201,0.154128,2.5786,138.9621,43.573,77.8119,15.5766,7.5835,9.6835,14.9393,8.0741,39.7596,0.102201,0.154128,,,,,,,,,,,,,0
1670.4564,2.5961,124.2856,28.607,91.0774,13.6757,8.3046,9.9831,9.7947,6.5616,31.973,0.110887,0.159005,2.5961,124.2856,28.607,91.0774,13.6757,8.3046,9.9831,9.7947,6.5616,31.973,0.110887,0.159005,,,,,,,,,,,,,0
1670.6088,2.594,1118229376.0,22.9592,99.2564,10.4424,7.8905,9.1456,8.3692,7.6428,44.3509,0.134363,0.175175,2.594,1118229376.0,22.9592,99.2564,10.4424,7.8905,9.1456,8.3692,7.6428,44.3509,0.134363,0.175175,,,,,,,,,,,,,0
1670.7612,2.5939,2684572672.0,21.0456,110.9099,8.4184,7.0214,7.8524,7.1467,9.7633,64.8094,0.155331,0.195871,2.5939,2684572672.0,21.0456,110.9099,8.4184,7.0214,7.8524,7.1467,9.7633,64.8094,0.155331,0.195871,,,,,,,,,,,,,0
1670.9136,2.59,4250915840.0,19.1319,128.2665,7.0843,6.1523,6.5592,5.9736,11.8839,85.2679,0.176745,0.216567,2.59,4250915840.0,19.1319,128.2665,7.0843,6.1523,6.5592,5.9736,11.8839,85.2679,0.176745,0.216567,,,,,,,,,,,,,0
1671.066,2.5839,5159484928.0,22.4962,133.3843,6.3672,5.4829,5.6342,5.089,14.5544,123.4199,0.192624,0.233039,2.5839,5159484928.0,22.4962,133.3843,6.3672,5.4829,5.6342,5.089,14.5544,123.4199,0.192624,0.233039,,,,,,,,,,,,,0
1671.2184,2.5715,5206967296.0,32.7697,136.9996,5.6418,5.0747,5.1912,4.4306,17.9447,184.7343,0.209575,0.243981,2.5715,5206967296.0,32.7697,136.9996,5.6418,5.0747,5.1912,4.4306,17.9447,184.7343,0.209575,0.243981,,,,,,,,,,,,,0
1671.3708,2.5576,5254449664.0,43.0432,140.2965,5.3844,4.6666,4.7481,4.3593,21.3351,246.0487,0.221528,0.254923,2.5576,5254449664.0,43.0432,140.2965,5.3844,4.6666,4.7481,4.3593,21.3351,246.0487,0.221528,0.254923,,,,,,,,,,,,,0
1671.5232,2.5513,5049030144.0,51.1795,140.9707,5.2648,4.3022,4.3568,4.4485,23.9202,291.9127,0.225312,0.264599,2.5513,5049030144.0,51.1795,140.9707,5.2648,4.3022,4.3568,4.4485,23.9202,291.9127,0.225312,0.264599,,,,,,,,,,,,,0
1671.6756,2.5565,3435204608.0,47.4138,143.687,4.8604,4.181,4.2535,4.1306,22.0211,251.734,0.226,0.26722,2.5565,3435204608.0,47.4138,143.687,4.8604,4.181,4.2535,4.1306,22.0211,251.734,0.226,0.26722,,,,,,,,,,,,,0
1671.828,2.5601,1821379200.0,43.6481,145.7427,4.5153,4.0598,4.1502,3.9021,20.122,211.5553,0.228041,0.269842,2.5601,1821379200.0,43.6481,145.7427,4.5153,4.0598,4.1502,3.9021,20.122,211.5553,0.228041,0.269842,,,,,,,,,,,,,0
1671.9804,2.5589,207553872.0,39.8824,145.2982,4.4507,3.9387,4.0469,3.9945,18.2228,171.3766,0.232644,0.272463,2.5589,207553872.0,39.8824,145.2982,4.4507,3.9387,4.0469,3.9945,18.2228,171.3766,0.232644,0.272463,,,,,,,,,,,,,0
1672.1328,2.5544,1158.671,45.8166,144.1095,4.4886,3.9152,4.0233,4.1799,17.0828,168.905,0.235748,0.275084,2.5544,1158.671,45.8166,144.1095,4.4886,3.9152,4.0233,4.1799,17.0828,168.905,0.235748,0.275084,,,,,,,,,,,,,0
1672.2852,2.5561,724.1129,53.1824,140.7336,4.2884,3.9062,4.0115,3.9948,16.0548,171.9985,0.237803,0.277705,2.5561,724.1129,53.1824,140.7336,4.2884,3.9062,4.0115,3.9948,16.0548,171.9985,0.237803,0.277705,,,,,,,,,,,,,0
1672.4376,2.5556,289.5548,60.5483,139.7363,4.3058,3.8972,3.9996,3.9908,15.0267,175.0921,0.240003,0.280327,2.5556,289.5548,60.5483,139.7363,4.3058,3.8972,3.9996,3.9908,15.0267,175.0921,0.240003,0.280327,,,,,,,,,,,,,0
1672.59,2.5512,110.2957,60.1906,146.3805,4.3286,3.8683,3.9503,3.999,16.7664,156.0469,0.242586,0.282426,2.5512,110.2957,60.1906,146.3805,4.3286,3.8683,3.9503,3.999,16.7664,156.0469,0.242586,0.282426,,,,,,,,,,,,,0
1672.7424,2.5467,108.0439,54.478,151.3816,4.1155,3.8256,3.8749,3.7473,20.4249,121.6522,0.243983,0.284163,2.5467,108.0439,54.478,151.3816,4.1155,3.8256,3.8749,3.7473,20.4249,121.6522,0.243983,0.284163,,,,,,,,,,,,,0
1672.8948,2.5452,105.7922,48.7654,151.3887,4.0009,3.783,3.7995,3.6311,24.0834,87.2575,0.246113,0.285901,2.5452,105.7922,48.7654,151.3887,4.0009,3.783,3.7995,3.6311,24.0834,87.2575,0.246113,0.285901,,,,,,,,,,,,,0
1673.0472,2.5487,113.2765,43.7892,149.0145,4.0087,3.7744,3.7803,3.6923,26.4091,100.3143,0.24771,0.287525,2.5487,113.2765,43.7892,149.0145,4.0087,3.7744,3.7803,3.6923,26.4091,100.3143,0.24771,0.287525,,,,,,,,,,,,,0
1673.1996,2.5459,142.4606,40.4544,150.7987,4.0714,3.8418,3.8863,3.8941,25.764,219.1317,0.249084,0.288896,2.5459,142.4606,40.4544,150.7987,4.0714,3.8418,3.8863,3.8941,25.764,219.1317,0.249084,0.288896,,,,,,,,,,,,,0
1673.352,2.5382,171.6447,37.1196,155.0373,4.1544,3.9092,3.9923,4.049,25.1188,337.9491,0.249828,0.290268,2.5382,171.6447,37.1196,155.0373,4.1544,3.9092,3.9923,4.049,25.1188,337.9491,0.249828,0.290268,,,,,,,,,,,,,0
1673.5044,2.5341,199.1256,33.7863,147.7372,4.2398,3.9742,4.0971,4.1027,24.489,455.7083,0.251303,0.291649,2.5341,199.1256,33.7863,147.7372,4.2398,3.9742,4.0971,4.1027,24.489,455.7083,0.251303,0.291649,,,,,,,,,,,,,0
1673.6568,2.5318,169.3131,30.5044,148.616,4.264,3.9569,4.1631,4.0276,24.3744,537.873,0.253248,0.293356,2.5318,169.3131,30.5044,148.616,4.264,3.9569,4.1631,4.0276,24.3744,537.873,0.253248,0.293356,,,,,,,,,,,,,0
1673.8092,2.5254,139.5006,27.2225,154.9144,4.3713,3.9396,4.2291,4.0271,24.2597,620.0377,0.255176,0.295063,2.5254,139.5006,27.2225,154.9144,4.3713,3.9396,4.2291,4.0271,24.2597,620.0377,0.255176,0.295063,,,,,,,,,,,,,0
1673.9616,2.5202,109.6881,23.9406,156.2474,4.4776,3.9223,4.2952,4.2545,24.1451,702.2023,0.25641,0.29677,2.5202,109.6881,23.9406,156.2474,4.4776,3.9223,4.2952,4.2545,24.1451,702.2023,0.25641,0.29677,,,,,,,,,,,,,0
1674.114,2.5204,102.9527,28.6385,154.2074,4.3562,3.8146,4.1626,4.3069,23.4989,597.7017,0.257083,0.297861,2.5204,102.9527,28.6385,154.2074,4.3562,3.8146,4.1626,4.3069,23.4989,597.7017,0.257083,0.297861,,,,,,,,,,,,,0
1674.2664,2.5276,103.9907,36.0243,153.1587,4.1434,3.6765,3.9632,4.0659,22.6736,430.3244,0.257619,0.298745,2.5276,103.9907,36.0243,153.1587,4.1434,3.6765,3.9632,4.0659,22.6736,430.3244,0.257619,0.298745,,,,,,,,,,,,,0
1674.4188,2.5519,105.0287,43.4102,158.6715,4.0125,3.5384,3.7638,3.6698,21.8484,262.9471,0.258884,0.299629,2.5519,105.0287,43.4102,158.6715,4.0125,3.5384,3.7638,3.6698,21.8484,262.9471,0.258884,0.299629,,,,,,,,,,,,,0
1674.5712,2.5593,103.4494,47.0629,166.8179,3.5461,3.4109,3.6126,3.4082,21.3832,822487296.0,0.259755,0.300314,2.5593,103.4494,47.0629,166.8179,3.5461,3.4109,3.6126,3.4082,21.3832,822487296.0,0.259755,0.300314,,,,,,,,,,,,,0
1674.7236,2.5541,98.8852,46.4581,172.0299,3.3631,3.2955,3.5163,3.4497,21.3287,2582979328.0,0.260155,0.300771,2.5541,98.8852,46.4581,172.0299,3.3631,3.2955,3.5163,3.4497,21.3287,2582979328.0,0.260155,0.300771,,,,,,,,,,,,,0
1674.876,2.5829,94.3211,45.8534,165.6801,3.2793,3.1801,3.42,3.3797,21.2741,4343471616.0,0.261002,0.301228,2.5829,94.3211,45.8534,165.6801,3.2793,3.1801,3.42,3.3797,21.2741,4343471616.0,0.261002,0.301228,,,,,,,,,,,,,0
1675.0284,2.606,92.4537,43.9413,169.1435,3.2488,3.1012,3.3894,3.3981,21.0673,5601268736.0,0.260762,0.301299,2.606,92.4537,43.9413,169.1435,3.2488,3.1012,3.3894,3.3981,21.0673,5601268736.0,0.260762,0.301299,,,,,,,,,,,,,0
1675.1808,2.5923,102.3608,36.3215,175.4719,3.037,3.182,3.6458,3.0988,20.196,4664200192.0,0.257785,0.299684,2.5923,102.3608,36.3215,175.4719,3.037,3.182,3.6458,3.0988,20.196,4664200192.0,0.257785,0.299684,,,,,,,,,,,,,0
1675.3332,2.5615,112.2678,28.7016,175.931,2.862,3.2627,3.9022,3.1564,19.3247,3727131904.0,0.25579,0.298068,2.5615,112.2678,28.7016,175.931,2.862,3.2627,3.9022,3.1564,19.3247,3727131904.0,0.25579,0.298068,,,,,,,,,,,,,0
1675.4856,2.5636,122.1749,21.0818,157.5363,2.9835,3.3435,4.1587,3.5568,18.4534,2790063616.0,0.255883,0.296453,2.5636,122.1749,21.0818,157.5363,2.9835,3.3435,4.1587,3.5568,18.4534,2790063616.0,0.255883,0.296453,,,,,,,,,,,,,0
1675.638,2.6183,126.2148,26.4317,135.14,3.5262,3.6087,4.5262,4.4708,17.8715,1955901696.0,0.254824,0.291139,2.6183,126.2148,26.4317,135.14,3.5262,3.6087,4.5262,4.4708,17.8715,1955901696.0,0.254824,0.291139,,,,,,,,,,,,,0
1675.7904,2.7274,129.6424,33.135,116.7409,3.9663,3.8931,4.9053,5.9281,17.3197,1132477952.0,0.246893,0.285439,2.7274,129.6424,33.135,116.7409,3.9663,3.8931,4.9053,5.9281,17.3197,1132477952.0,0.246893,0.285439,,,,,,,,,,,,,0
1675.9428,2.7379,133.07,39.8383,127.6827,3.953,4.1775,5.2844,6.6234,16.768,309054208.0,0.237634,0.279739,2.7379,133.07,39.8383,127.6827,3.953,4.1775,5.2844,6.6234,16.768,309054208.0,0.237634,0.279739,,,,,,,,,,,,,0
1676.0952,2.6251,125.225,77.0603,150.0524,3.7902,4.2592,5.2784,5.3149,17.8766,121.9341,0.227302,0.275905,2.6251,125.225,77.0603,150.0524,3.7902,4.2592,5.2784,5.3149,17.8766,121.9341,0.227302,0.275905,,,,,,,,,,,,,0
1676.2476,2.553,110.6069,132.6192,161.3276,3.7697,4.2189,5.041,4.4739,19.9829,99.9919,0.222654,0.273193,2.553,110.6069,132.6192,161.3276,3.7697,4.2189,5.041,4.4739,19.9829,99.9919,0.222654,0.273193,,,,,,,,,,,,,0
1676.4,2.5345,95.9887,188.1781,157.4591,3.9382,4.1787,4.8037,4.5303,22.0892,78.0498,0.226163,0.27048,2.5345,95.9887,188.1781,157.4591,3.9382,4.1787,4.8037,4.5303,22.0892,78.0498,0.226163,0.27048,,,,,,,,,,,,,0
1676.5524,2.5284,93.9249,210.4308,156.8021,4.0905,4.2189,4.7259,4.5086,23.5457,64.0411,0.229703,0.268941,2.5284,93.9249,210.4308,156.8021,4.0905,4.2189,4.7259,4.5086,23.5457,64.0411,0.229703,0.268941,,,,,,,,,,,,,0
1676.7048,2.5364,115.8197,169.1218,155.8862,4.3257,4.4127,4.9527,4.7563,23.7621,65.1727,0.231648,0.269642,2.5364,115.8197,169.1218,155.8862,4.3257,4.4127,4.9527,4.7563,23.7621,65.1727,0.231648,0.269642,,,,,,,,,,,,,0
1676.8572,2.5459,137.7145,127.8129,155.6842,4.6078,4.6064,5.1795,5.2065,23.9785,66.3042,0.231598,0.270343,2.5459,137.7145,127.8129,155.6842,4.6078,4.6064,5.1795,5.2065,23.9785,66.3042,0.231598,0.270343,,,,,,,,,,,,,0
1677.0096,2.5682,167.8854,88.8658,151.6455,4.9169,4.7914,5.3902,5.6534,23.9407,68.8013,0.229861,0.271071,2.5682,167.8854,88.8658,151.6455,4.9169,4.7914,5.3902,5.6534,23.9407,68.8013,0.229861,0.271071,,,,,,,,,,,,,0
1677.162,2.5898,321.1626,85.0508,147.3133,5.1999,4.8452,5.3625,5.3274,20.1221,91.6114,0.228781,0.272199,2.5898,321.1626,85.0508,147.3133,5.1999,4.8452,5.3625,5.3274,20.1221,91.6114,0.228781,0.272199,,,,,,,,,,,,,0
1677.3144,2.5793,474.4399,81.2359,149.9769,4.9826,4.8989,5.3347,5.255,16.3036,114.4215,0.23045,0.273327,2.5793,474.4399,81.2359,149.9769,4.9826,4.8989,5.3347,5.255,16.3036,114.4215,0.23045,0.273327,,,,,,,,,,,,,0
1677.4668,2.5569,627.7172,77.421,155.6406,4.7369,4.9527,5.3069,5.074,12.4851,137.2317,0.232903,0.274454,2.5569,627.7172,77.421,155.6406,4.7369,4.9527,5.3069,5.074,12.4851,137.2317,0.232903,0.274454,,,,,,,,,,,,,0
1677.6192,2.544,528.6318,79.8962,157.9648,4.8347,4.9488,5.373,5.079,14.147,135.4353,0.236315,0.276846,2.544,528.6318,79.8962,157.9648,4.8347,4.9488,5.373,5.079,14.147,135.4353,0.236315,0.276846,,,,,,,,,,,,,0
1677.7716,2.5394,359.2577,84.1234,155.8508,5.3102,4.9288,5.4652,5.1979,17.3353,126.7854,0.24016,0.279589,2.5394,359.2577,84.1234,155.8508,5.3102,4.9288,5.4652,5.1979,17.3353,126.7854,0.24016,0.279589,,,,,,,,,,,,,0
1677.924,2.5323,189.8834,88.3506,154.5155,5.4712,4.9088,5.5575,5.3897,20.5237,118.1356,0.242712,0.282332,2.5323,189.8834,88.3506,154.5155,5.4712,4.9088,5.5575,5.3897,20.5237,118.1356,0.242712,0.282332,,,,,,,,,,,,,0
1678.0764,2.5324,92.3315,230.7551,154.0151,5.2644,4.8174,5.5825,5.7554,21.7461,111.8864,0.245696,0.284984,2.5324,92.3315,230.7551,154.0151,5.2644,4.8174,5.5825,5.7554,21.7461,111.8864,0.245696,0.284984,,,,,,,,,,,,,0
1678.2288,2.5354,66.2259,510.6135,152.7305,4.9364,4.6551,5.5405,5.7506,21.0129,108.0252,0.248212,0.287544,2.5354,66.2259,510.6135,152.7305,4.9364,4.6551,5.5405,5.7506,21.0129,108.0252,0.248212,0.287544,,,,,,,,,,,,,0
1678.3812,2.5356,40.1203,790.4719,153.0874,4.7744,4.4927,5.4986,5.6541,20.2797,104.1641,0.250686,0.290104,2.5356,40.1203,790.4719,153.0874,4.7744,4.4927,5.4986,5.6541,20.2797,104.1641,0.250686,0.290104,,,,,,,,,,,,,0
1678.5336,2.5369,20.1756,1009.2936,151.8601,4.6151,4.3449,5.4212,5.2379,19.9522,121.5003,0.251764,0.292019,2.5369,20.1756,1009.2936,151.8601,4.6151,4.3449,5.4212,5.2379,19.9522,121.5003,0.251764,0.292019,,,,,,,,,,,,,0
1678.686,2.5433,22.0143,1012.3068,148.3562,4.7371,4.2483,5.2182,4.8604,21.0594,213.7846,0.251417,0.291654,2.5433,22.0143,1012.3068,148.3562,4.7371,4.2483,5.2182,4.8604,21.0594,213.7846,0.251417,0.291654,,,,,,,,,,,,,0
1678.8384,2.5516,23.8531,1015.32,148.8265,4.6681,4.1517,5.0152,4.6784,22.1666,306.0689,0.250817,0.291288,2.5516,23.8531,1015.32,148.8265,4.6681,4.1517,5.0152,4.6784,22.1666,306.0689,0.250817,0.291288,,,,,,,,,,,,,0
1678.9908,2.5453,25.6918,1018.3332,150.8684,4.567,4.055,4.8123,4.7924,23.2739,398.3532,0.250217,0.290922,2.5453,25.6918,1018.3332,150.8684,4.567,4.055,4.8123,4.7924,23.2739,398.3532,0.250217,0.290922,,,,,,,,,,,,,0
1679.1432,2.5368,41.5131,802.0851,152.0048,4.5344,3.8948,4.6186,4.7052,23.8793,383.5432,0.24949,0.2911,2.5368,41.5131,802.0851,152.0048,4.5344,3.8948,4.6186,4.7052,23.8793,383.5432,0.24949,0.2911,,,,,,,,,,,,,0
1679.2956,2.5375,58.2328,571.7505,156.9358,4.2424,3.7305,4.4256,4.6906,24.4525,361.8529,0.249902,0.291314,2.5375,58.2328,571.7505,156.9358,4.2424,3.7305,4.4256,4.6906,24.4525,361.8529,0.249902,0.291314,,,,,,,,,,,,,0
1679.448,2.5372,74.9524,341.4158,159.9901,4.0298,3.5662,4.2326,4.5305,25.0257,340.1626,0.250874,0.291527,2.5372,74.9524,341.4158,159.9901,4.0298,3.5662,4.2326,4.5305,25.0257,340.1626,0.250874,0.291527,,,,,,,,,,,,,0
1679.6004,2.5397,77.6356,333.9993,157.8103,3.8951,3.4742,4.101,3.9934,24.8741,299.7823,0.251136,0.2916,2.5397,77.6356,333.9993,157.8103,3.8951,3.4742,4.101,3.9934,24.8741,299.7823,0.251136,0.2916,,,,,,,,,,,,,0
1679.7528,2.5449,73.049,442.0385,158.0034,3.8254,3.4196,4.0013,3.6906,24.347,249.722,0.251164,0.2916,2.5449,73.049,442.0385,158.0034,3.8254,3.4196,4.0013,3.6906,24.347,249.722,0.251164,0.2916,,,,,,,,,,,,,0
1679.9052,2.5462,68.4623,550.0777,157.3914,3.7571,3.365,3.9016,3.7656,23.82,199.6618,0.251009,0.2916,2.5462,68.4623,550.0777,157.3914,3.7571,3.365,3.9016,3.7656,23.82,199.6618,0.251009,0.2916,,,,,,,,,,,,,0
1680.0576,2.5442,72.2548,571.3554,158.1503,3.6859,3.3318,3.8471,3.9963,23.8962,158.4189,0.2509,0.291588,2.5442,72.2548,571.3554,158.1503,3.6859,3.3318,3.8471,3.9963,23.8962,158.4189,0.2509,0.291588,,,,,,,,,,,,,0
1680.21,2.5464,89.8378,449.838,156.6691,3.6547,3.3335,3.8669,3.8697,24.9653,131.688,0.251283,0.291558,2.5464,89.8378,449.838,156.6691,3.6547,3.3335,3.8669,3.8697,24.9653,131.688,0.251283,0.291558,,,,,,,,,,,,,0
1680.3624,2.5581,107.4208,328.3206,156.7885,3.6678,3.3352,3.8866,3.8601,26.0345,104.9571,0.251372,0.291528,2.5581,107.4208,328.3206,156.7885,3.6678,3.3352,3.8866,3.8601,26.0345,104.9571,0.251372,0.291528,,,,,,,,,,,,,0
1680.5148,2.5546,127.7697,215.3036,154.9894,3.6281,3.3367,3.9118,3.8857,26.9867,79.0946,0.250598,0.291589,2.5546,127.7697,215.3036,154.9894,3.6281,3.3367,3.9118,3.8857,26.9867,79.0946,0.250598,0.291589,,,,,,,,,,,,,0
1680.6672,2.559,173.8334,181.3164,155.5378,3.5989,3.3354,3.9869,3.781,26.852,61.3063,0.249754,0.292503,2.559,173.8334,181.3164,155.5378,3.5989,3.3354,3.9869,3.781,26.852,61.3063,0.249754,0.292503,,,,,,,,,,,,,0
1680.8196,2.5925,219.8972,147.3292,155.8484,3.7714,3.3341,4.0619,4.0728,26.7173,43.518,0.251094,0.293418,2.5925,219.8972,147.3292,155.8484,3.7714,3.3341,4.0619,4.0728,26.7173,43.518,0.251094,0.293418,,,,,,,,,,,,,0
1680.972,2.6051,265.9609,113.342,158.9637,3.5467,3.3328,4.137,4.3045,26.5826,25.7297,0.25487,0.294332,2.6051,265.9609,113.342,158.9637,3.5467,3.3328,4.137,4.3045,26.5826,25.7297,0.25487,0.294332,,,,,,,,,,,,,0
1681.1244,2.5983,210.9285,112.5844,160.4711,3.4397,3.2785,4.1592,4.1066,24.9203,25.5265,0.257903,0.295122,2.5983,210.9285,112.5844,160.4711,3.4397,3.2785,4.1592,4.1066,24.9203,25.5265,0.257903,0.295122,,,,,,,,,,,,,0
1681.2768,2.5848,133.1412,119.3061,162.8176,3.3927,3.2123,4.1696,3.7723,22.9143,29.2814,0.257998,0.295884,2.5848,133.1412,119.3061,162.8176,3.3927,3.2123,4.1696,3.7723,22.9143,29.2814,0.257998,0.295884,,,,,,,,,,,,,0
1681.4292,2.5682,55.354,126.0278,164.0166,3.3014,3.1461,4.1799,3.9279,20.9082,33.0363,0.25658,0.296646,2.5682,55.354,126.0278,164.0166,3.3014,3.1461,4.1799,3.9279,20.9082,33.0363,0.25658,0.296646,,,,,,,,,,,,,0
1681.5816,2.565,27.3391,137.1302,164.5132,3.2566,3.1276,4.2349,4.1999,20.9462,40.5316,0.256702,0.297277,2.565,27.3391,137.1302,164.5132,3.2566,3.1276,4.2349,4.1999,20.9462,40.5316,0.256702,0.297277,,,,,,,,,,,,,0
1681.734,2.5669,42.509,152.0334,165.082,3.236,3.1506,4.3286,4.3218,22.7577,51.2721,0.256972,0.297796,2.5669,42.509,152.0334,165.082,3.236,3.1506,4.3286,4.3218,22.7577,51.2721,0.256972,0.297796,,,,,,,,,,,,,0
1681.8864,2.5875,57.6789,166.9367,162.7533,3.2495,3.1736,4.4223,4.5542,24.5692,62.0127,0.257984,0.298314,2.5875,57.6789,166.9367,162.7533,3.2495,3.1736,4.4223,4.5542,24.5692,62.0127,0.257984,0.298314,,,,,,,,,,,,,0
1682.0388,2.6133,94.0935,181.1433,159.2831,3.3673,3.188,4.4728,4.7127,25.3961,66.4993,0.258281,0.298397,2.6133,94.0935,181.1433,159.2831,3.3673,3.188,4.4728,4.7127,25.3961,66.4993,0.258281,0.298397,,,,,,,,,,,,,0
1682.1912,2.6035,192.7087,193.3103,159.3637,3.2823,3.1771,4.3972,4.267,23.3404,52.6755,0.25523,0.297209,2.6035,192.7087,193.3103,159.3637,3.2823,3.1771,4.3972,4.267,23.3404,52.6755,0.25523,0.297209,,,,,,,,,,,,,0
1682.3436,2.5871,291.3239,205.4774,159.1435,3.1972,3.1663,4.3215,3.9734,21.2847,38.8517,0.253472,0.29602,2.5871,291.3239,205.4774,159.1435,3.1972,3.1663,4.3215,3.9734,21.2847,38.8517,0.253472,0.29602,,,,,,,,,,,,,0
1682.496,2.5925,389.9392,217.6443,160.6212,3.2558,3.1554,4.2458,4.3367,19.229,25.0278,0.254038,0.294831,2.5925,389.9392,217.6443,160.6212,3.2558,3.1554,4.2458,4.3367,19.229,25.0278,0.254038,0.294831,,,,,,,,,,,,,0
1682.6484,2.5897,297.1508,173.5127,163.5926,3.1653,3.1263,4.1188,4.5041,21.1568,23.9838,0.254081,0.295008,2.5897,297.1508,173.5127,163.5926,3.1653,3.1263,4.1188,4.5041,21.1568,23.9838,0.254081,0.295008,,,,,,,,,,,,,0
1682.8008,2.584,199.2032,127.8636,162.9054,3.0515,3.0966,3.9905,3.7765,23.1919,23.2843,0.254729,0.295221,2.584,199.2032,127.8636,162.9054,3.0515,3.0966,3.9905,3.7765,23.1919,23.2843,0.254729,0.295221,,,,,,,,,,,,,0
1682.9532,2.5918,101.2557,82.2144,163.8925,3.02,3.067,3.8622,3.5194,25.2271,22.5848,0.255455,0.295435,2.5918,101.2557,82.2144,163.8925,3.02,3.067,3.8622,3.5194,25.2271,22.5848,0.255455,0.295435,,,,,,,,,,,,,0
1683.1056,2.5836,63.2403,81.0332,163.9731,2.9763,3.0583,3.9526,3.8059,25.4993,24.8156,0.252794,0.294381,2.5836,63.2403,81.0332,163.9731,2.9763,3.0583,3.9526,3.8059,25.4993,24.8156,0.252794,0.294381,,,,,,,,,,,,,0
1683.258,2.5678,51.7859,99.5593,161.9923,2.928,3.0589,4.1399,3.9138,24.9902,28.345,0.250626,0.292765,2.5678,51.7859,99.5593,161.9923,2.928,3.0589,4.1399,3.9138,24.9902,28.345,0.250626,0.292765,,,,,,,,,,,,,0
1683.4104,2.5693,40.3314,118.0855,160.8004,2.9315,3.0595,4.3272,4.4429,24.481,31.8744,0.249598,0.29115,2.5693,40.3314,118.0855,160.8004,2.9315,3.0595,4.3272,4.4429,24.481,31.8744,0.249598,0.29115,,,,,,,,,,,,,0
1683.5628,2.5903,41.2421,159.6847,157.8971,2.925,3.1212,4.539,4.7085,22.9955,31.8669,0.249902,0.288643,2.5903,41.2421,159.6847,157.8971,2.925,3.1212,4.539,4.7085,22.9955,31.8669,0.249902,0.288643,,,,,,,,,,,,,0
1683.7152,2.6249,59.7948,234.2035,158.8611,2.7141,3.2704,4.7857,4.4902,20.1168,26.813,0.250555,0.284863,2.6249,59.7948,234.2035,158.8611,2.7141,3.2704,4.7857,4.4902,20.1168,26.813,0.250555,0.284863,,,,,,,,,,,,,0
1683.8676,2.6414,78.3476,308.7222,161.6611,2.5471,3.4195,5.0324,4.3005,17.2381,21.7592,0.248723,0.281084,2.6414,78.3476,308.7222,161.6611,2.5471,3.4195,5.0324,4.3005,17.2381,21.7592,0.248723,0.281084,,,,,,,,,,,,,0
1684.02,2.639,94.0409,367.0841,145.7551,2.7053,3.6814,5.5176,4.2345,14.6698,44.8199,0.234972,0.274452,2.639,94.0409,367.0841,145.7551,2.7053,3.6814,5.5176,4.2345,14.6698,44.8199,0.234972,0.274452,,,,,,,,,,,,,0
1684.1724,2.6641,90.8046,318.4874,116.1394,4.032,4.69,7.582,6.7222,14.1562,253.9989,0.204839,0.24894,2.6641,90.8046,318.4874,116.1394,4.032,4.69,7.582,6.7222,14.1562,253.9989,0.204839,0.24894,,,,,,,,,,,,,0
1684.3248,2.6996,87.5683,269.8907,100.1479,5.9262,5.6987,9.6463,11.491,13.6426,463.1779,0.178917,0.223428,2.6996,87.5683,269.8907,100.1479,5.9262,5.6987,9.6463,11.491,13.6426,463.1779,0.178917,0.223428,,,,,,,,,,,,,0
1684.4772,2.6614,84.3321,221.294,104.4245,6.6218,6.7074,11.7107,13.3956,13.129,672.3568,0.149086,0.197917,2.6614,84.3321,221.294,104.4245,6.6218,6.7074,11.7107,13.3956,13.129,672.3568,0.149086,0.197917,,,,,,,,,,,,,0
1684.6296,2.6024,86.6827,188.7849,107.1322,7.1683,7.1429,12.213,13.4254,13.1855,684.8412,0.130241,0.186894,2.6024,86.6827,188.7849,107.1322,7.1683,7.1429,12.213,13.4254,13.1855,684.8412,0.130241,0.186894,,,,,,,,,,,,,0
1684.782,2.5849,90.0162,159.1061,110.6427,7.3036,7.4776,12.4406,12.5285,13.3422,662.7219,0.124057,0.178421,2.5849,90.0162,159.1061,110.6427,7.3036,7.4776,12.4406,12.5285,13.3422,662.7219,0.124057,0.178421,,,,,,,,,,,,,0
1684.9344,2.5889,93.3497,129.4272,110.978,7.0806,7.8122,12.6681,11.8398,13.4989,640.6027,0.122755,0.169947,2.5889,93.3497,129.4272,110.978,7.0806,7.8122,12.6681,11.8398,13.4989,640.6027,0.122755,0.169947,,,,,,,,,,,,,0
1685.0868,2.5824,159.8585,115.4422,111.1059,7.2988,8.0998,12.7362,11.8285,14.3359,525.4244,0.125515,0.168036,2.5824,159.8585,115.4422,111.1059,7.2988,8.0998,12.7362,11.8285,14.3359,525.4244,0.125515,0.168036,,,,,,,,,,,,,0
1685.2392,2.5703,274.1126,113.3179,114.6376,7.3392,8.3518,12.6837,11.694,15.6869,339.916,0.128913,0.171084,2.5703,274.1126,113.3179,114.6376,7.3392,8.3518,12.6837,11.694,15.6869,339.916,0.128913,0.171084,,,,,,,,,,,,,0
1685.3916,2.5602,388.3668,111.1936,121.0481,7.4191,8.6038,12.6312,11.8181,17.0379,154.4076,0.132551,0.174132,2.5602,388.3668,111.1936,121.0481,7.4191,8.6038,12.6312,11.8181,17.0379,154.4076,0.132551,0.174132,,,,,,,,,,,,,0
1685.544,2.5537,440.1467,123.0163,123.8933,8.198,8.7957,12.6648,12.9919,18.2622,22.3339,0.135722,0.177374,2.5537,440.1467,123.0163,123.8933,8.198,8.7957,12.6648,12.9919,18.2622,22.3339,0.135722,0.177374,,,,,,,,,,,,,0
1685.6964,2.5409,338.0129,169.1993,124.5989,8.4367,8.8396,12.9106,13.1252,19.1746,21.9042,0.139953,0.181092,2.5409,338.0129,169.1993,124.5989,8.4367,8.8396,12.9106,13.1252,19.1746,21.9042,0.139953,0.181092,,,,,,,,,,,,,0
1685.8488,2.5413,235.879,215.3824,124.6595,8.0982,8.8835,13.1564,12.7055,20.0871,21.4745,0.142565,0.184811,2.5413,235.879,215.3824,124.6595,8.0982,8.8835,13.1564,12.7055,20.0871,21.4745,0.142565,0.184811,,,,,,,,,,,,,0
1686.0012,2.5508,134.3155,261.2874,120.787,9.7719,8.9234,13.3937,14.5773,20.9822,21.1108,0.146827,0.188553,2.5508,134.3155,261.2874,120.787,9.7719,8.9234,13.3937,14.5773,20.9822,21.1108,0.146827,0.188553,,,,,,,,,,,,,0
1686.1536,2.5565,104.6105,272.1613,116.3596,9.7992,8.4697,12.5609,14.8403,19.6967,29.0672,0.151998,0.195289,2.5565,104.6105,272.1613,116.3596,9.7992,8.4697,12.5609,14.8403,19.6967,29.0672,0.151998,0.195289,,,,,,,,,,,,,0
1686.306,2.5623,74.9056,283.0352,122.3001,8.7314,8.0159,11.7281,13.0228,18.4113,37.0235,0.159057,0.202025,2.5623,74.9056,283.0352,122.3001,8.7314,8.0159,11.7281,13.0228,18.4113,37.0235,0.159057,0.202025,,,,,,,,,,,,,0
1686.4584,2.5647,45.2006,293.9091,128.2161,7.7514,7.5622,10.8952,11.0323,17.1258,44.9799,0.165927,0.208761,2.5647,45.2006,293.9091,128.2161,7.7514,7.5622,10.8952,11.0323,17.1258,44.9799,0.165927,0.208761,,,,,,,,,,,,,0
1686.6108,2.5574,35.1941,259.2329,136.3989,6.2282,7.0625,10.0779,8.3788,15.166,46.183,0.178113,0.219686,2.5574,35.1941,259.2329,136.3989,6.2282,7.0625,10.0779,8.3788,15.166,46.183,0.178113,0.219686,,,,,,,,,,,,,0
1686.7632,2.5481,32.5833,207.4548,148.7204,5.4354,6.5455,9.2664,7.3569,12.9529,44.8506,0.190561,0.232182,2.5481,32.5833,207.4548,148.7204,5.4354,6.5455,9.2664,7.3569,12.9529,44.8506,0.190561,0.232182,,,,,,,,,,,,,0
1686.9156,2.5465,29.9726,155.6768,149.966,5.3822,6.0286,8.4549,7.4798,10.7399,43.5182,0.207411,0.244679,2.5465,29.9726,155.6768,149.966,5.3822,6.0286,8.4549,7.4798,10.7399,43.5182,0.207411,0.244679,,,,,,,,,,,,,0
1687.068,2.5405,30.3618,112.9444,145.5645,5.4494,5.8767,8.234,7.8066,9.969,40.2337,0.215757,0.250022,2.5405,30.3618,112.9444,145.5645,5.4494,5.8767,8.234,7.8066,9.969,40.2337,0.215757,0.250022,,,,,,,,,,,,,0
1687.2204,2.5398,34.4746,81.4394,141.8514,5.6421,6.178,8.7461,8.2874,10.9882,34.5265,0.214833,0.246487,2.5398,34.4746,81.4394,141.8514,5.6421,6.178,8.7461,8.2874,10.9882,34.5265,0.214833,0.246487,,,,,,,,,,,,,0
1687.3728,2.5491,38.5875,49.9344,125.7093,5.9033,6.4793,9.2583,8.9794,12.0074,28.8192,0.204242,0.242951,2.5491,38.5875,49.9344,125.7093,5.9033,6.4793,9.2583,8.9794,12.0074,28.8192,0.204242,0.242951,,,,,,,,,,,,,0
1687.5252,2.5528,40.9985,25.1363,117.0485,6.8578,6.7486,9.6781,10.1949,12.9139,23.6225,0.194235,0.239068,2.5528,40.9985,25.1363,117.0485,6.8578,6.7486,9.6781,10.1949,12.9139,23.6225,0.194235,0.239068,,,,,,,,,,,,,0
1687.6776,2.559,34.8199,34.1917,123.3695,7.496,6.8563,9.6323,11.0081,13.2517,21.003,0.183281,0.233429,2.559,34.8199,34.1917,123.3695,7.496,6.8563,9.6323,11.0081,13.2517,21.003,0.183281,0.233429,,,,,,,,,,,,,0
1687.83,2.5613,28.6412,43.2472,126.5857,6.6839,6.964,9.5864,9.1451,13.5896,18.3836,0.177735,0.22779,2.5613,28.6412,43.2472,126.5857,6.6839,6.964,9.5864,9.1451,13.5896,18.3836,0.177735,0.22779,,,,,,,,,,,,,0
1687.9824,2.5487,22.4625,52.3027,123.3216,6.3953,7.0717,9.5406,9.1501,13.9275,15.7641,0.180489,0.222151,2.5487,22.4625,52.3027,123.3216,6.3953,7.0717,9.5406,9.1501,13.9275,15.7641,0.180489,0.222151,,,,,,,,,,,,,0
1688.1348,2.5455,20.0909,46.2329,121.9904,6.2458,6.8709,9.1867,10.2926,14.303,19.5789,0.185234,0.227539,2.5455,20.0909,46.2329,121.9904,6.2458,6.8709,9.1867,10.2926,14.303,19.5789,0.185234,0.227539,,,,,,,,,,,,,0
1688.2872,2.5439,18.2163,38.1882,129.9734,6.0814,6.6298,8.7927,8.847,14.6835,24.2337,0.194043,0.234367,2.5439,18.2163,38.1882,129.9734,6.0814,6.6298,8.7927,8.847,14.6835,24.2337,0.194043,0.234367,,,,,,,,,,,,,0
1688.4396,2.5441,16.3417,30.1436,136.7685,5.6364,6.3887,8.3986,7.6816,15.064,28.8886,0.20148,0.241194,2.5441,16.3417,30.1436,136.7685,5.6364,6.3887,8.3986,7.6816,15.064,28.8886,0.20148,0.241194,,,,,,,,,,,,,0
1688.592,2.5402,15.5657,24.9792,132.6231,5.5595,6.1875,8.4746,7.8502,15.1386,42.3715,0.206398,0.242023,2.5402,15.5657,24.9792,132.6231,5.5595,6.1875,8.4746,7.8502,15.1386,42.3715,0.206398,0.242023,,,,,,,,,,,,,0
1688.7444,2.5302,15.5111,21.7057,134.6966,5.6525,6.0123,8.8592,8.4879,15.0124,61.6504,0.208546,0.238914,2.5302,15.5111,21.7057,134.6966,5.6525,6.0123,8.8592,8.4879,15.0124,61.6504,0.208546,0.238914,,,,,,,,,,,,,0
1688.8968,2.5213,15.4565,18.4322,138.0101,5.2411,5.8371,9.2438,8.5589,14.8862,80.9292,0.20121,0.235805,2.5213,15.4565,18.4322,138.0101,5.2411,5.8371,9.2438,8.5589,14.8862,80.9292,0.20121,0.235805,,,,,,,,,,,,,0
1689.0492,2.5268,16.3044,17.985,127.8299,5.6621,5.7495,9.6683,9.631,14.7957,97.4064,0.188928,0.227776,2.5268,16.3044,17.985,127.8299,5.6621,5.7495,9.6683,9.631,14.7957,97.4064,0.188928,0.227776,,,,,,,,,,,,,0
1689.2016,2.4859,19.0454,23.466,88.9833,5.8673,5.8455,10.1762,10.1741,14.7803,108.0069,0.166223,0.209427,2.4859,19.0454,23.466,88.9833,5.8673,5.8455,10.1762,10.1741,14.7803,108.0069,0.166223,0.209427,,,,,,,,,,,,,0
1689.354,2.4348,21.7864,28.947,59.5745,4.8701,5.9414,10.6841,9.0663,14.7648,118.6073,0.147736,0.191078,2.4348,21.7864,28.947,59.5745,4.8701,5.9414,10.6841,9.0663,14.7648,118.6073,0.147736,0.191078,,,,,,,,,,,,,0
1689.5064,2.4273,25.2661,34.8945,53.6526,4.9846,6.0574,11.3025,11.7802,14.7354,130.1597,0.128813,0.173014,2.4273,25.2661,34.8945,53.6526,4.9846,6.0574,11.3025,11.7802,14.7354,130.1597,0.128813,0.173014,,,,,,,,,,,,,0
1689.6588,2.4608,45.5978,51.4821,54.4879,5.8617,6.6286,14.442,15.6563,14.3889,163.4271,0.11547,0.161431,2.4608,45.5978,51.4821,54.4879,5.8617,6.6286,14.442,15.6563,14.3889,163.4271,0.11547,0.161431,,,,,,,,,,,,,0
1689.8112,2.3576,65.9296,68.0698,49.9508,5.438,7.1998,17.5814,16.2009,14.0423,196.6945,0.10255,0.149849,2.3576,65.9296,68.0698,49.9508,5.438,7.1998,17.5814,16.2009,14.0423,196.6945,0.10255,0.149849,,,,,,,,,,,,,0
1689.9636,2.2574,86.2613,84.6574,43.9671,6.3472,7.771,20.7209,21.9891,13.6958,229.9619,0.09352,0.138266,2.2574,86.2613,84.6574,43.9671,6.3472,7.771,20.7209,21.9891,13.6958,229.9619,0.09352,0.138266,,,,,,,,,,,,,0
1690.116,2.2329,78.3941,78.4377,39.2764,8.0883,8.8182,23.6133,26.2002,14.5335,216.4827,0.089304,0.136451,2.2329,78.3941,78.4377,39.2764,8.0883,8.8182,23.6133,26.2002,14.5335,216.4827,0.089304,0.136451,,,,,,,,,,,,,0
1690.2684,2.2289,61.6784,65.0611,36.4808,8.1438,10.0148,26.4282,26.0259,15.7429,188.3347,0.089084,0.137701,2.2289,61.6784,65.0611,36.4808,8.1438,10.0148,26.4282,26.0259,15.7429,188.3347,0.089084,0.137701,,,,,,,,,,,,,0
1690.4208,2.2283,44.9627,51.6845,37.4928,7.4947,11.2114,29.2431,26.7906,16.9522,160.1867,0.094866,0.138951,2.2283,44.9627,51.6845,37.4928,7.4947,11.2114,29.2431,26.7906,16.9522,160.1867,0.094866,0.138951,,,,,,,,,,,,,0
1690.5732,2.2388,36.9448,42.6583,33.7722,11.6156,11.9815,30.3211,40.8623,16.8643,129.5546,0.103987,0.142411,2.2388,36.9448,42.6583,33.7722,11.6156,11.9815,30.3211,40.8623,16.8643,129.5546,0.103987,0.142411,,,,,,,,,,,,,0
1690.7256,2.2483,38.3375,38.3389,32.9264,17.0222,12.29,29.5197,43.9534,15.3727,96.2348,0.110561,0.148263,2.2483,38.3375,38.3389,32.9264,17.0222,12.29,29.5197,43.9534,15.3727,96.2348,0.110561,0.148263,,,,,,,,,,,,,0
1690.878,2.249,39.7303,34.0196,34.2629,13.2955,12.5985,28.7183,28.6757,13.8811,62.915,0.115361,0.154115,2.249,39.7303,34.0196,34.2629,13.2955,12.5985,28.7183,28.6757,13.8811,62.915,0.115361,0.154115,,,,,,,,,,,,,0
1691.0304,2.2604,43.8742,30.3243,36.0311,12.9361,12.599,27.8593,23.6033,12.5384,35.9909,0.11761,0.1588,2.2604,43.8742,30.3243,36.0311,12.9361,12.599,27.8593,23.6033,12.5384,35.9909,0.11761,0.1588,,,,,,,,,,,,,0
1691.1828,2.268,59.0592,29.1329,36.4617,17.7278,11.3633,26.7688,46.0853,11.7934,34.7336,0.118793,0.1588,2.268,59.0592,29.1329,36.4617,17.7278,11.3633,26.7688,46.0853,11.7934,34.7336,0.118793,0.1588,,,,,,,,,,,,,0
1691.3352,2.2622,74.2443,27.9416,36.5195,16.3421,10.1276,25.6783,48.6326,11.0484,33.4763,0.118662,0.1588,2.2622,74.2443,27.9416,36.5195,16.3421,10.1276,25.6783,48.6326,11.0484,33.4763,0.118662,0.1588,,,,,,,,,,,,,0
1691.4876,2.2608,89.4293,26.7502,41.4153,10.1703,8.8918,24.5878,25.5575,10.3034,32.219,0.115557,0.1588,2.2608,89.4293,26.7502,41.4153,10.1703,8.8918,24.5878,25.5575,10.3034,32.219,0.115557,0.1588,,,,,,,,,,,,,0
1691.64,2.2734,99.8197,24.0377,43.3341,8.6782,8.1939,22.2408,17.3127,9.9435,27.3335,0.113872,0.15712,2.2734,99.8197,24.0377,43.3341,8.6782,8.1939,22.2408,17.3127,9.9435,27.3335,0.113872,0.15712,,,,,,,,,,,,,0
1691.7924,2.3207,109.7855,21.1904,44.9536,7.3048,7.5436,19.7826,17.377,9.6177,22.1267,0.112971,0.155291,2.3207,109.7855,21.1904,44.9536,7.3048,7.5436,19.7826,17.377,9.6177,22.1267,0.112971,0.155291,,,,,,,,,,,,,0
1691.9448,2.3525,119.7513,18.3432,48.8112,5.5263,6.8933,17.3243,15.1765,9.2919,16.9199,0.111671,0.153462,2.3525,119.7513,18.3432,48.8112,5.5263,6.8933,17.3243,15.1765,9.2919,16.9199,0.111671,0.153462,,,,,,,,,,,,,0
1692.0972,2.3562,142.3867,17.8969,52.726,5.0167,8.4522,18.8848,14.7995,8.8675,15.2128,0.107692,0.14934,2.3562,142.3867,17.8969,52.726,5.0167,8.4522,18.8848,14.7995,8.8675,15.2128,0.107692,0.14934,,,,,,,,,,,,,0
1692.2496,2.3623,172.2173,18.814,54.7133,4.8287,11.2656,22.7275,15.4452,8.387,15.493,0.102894,0.143914,2.3623,172.2173,18.814,54.7133,4.8287,11.2656,22.7275,15.4452,8.387,15.493,0.102894,0.143914,,,,,,,,,,,,,0
1692.402,2.4415,202.0478,19.7312,55.7287,9.5587,14.079,26.5702,28.8429,7.9066,15.7733,0.096389,0.138489,2.4415,202.0478,19.7312,55.7287,9.5587,14.079,26.5702,28.8429,7.9066,15.7733,0.096389,0.138489,,,,,,,,,,,,,0
1692.5544,2.5339,213.0948,22.0999,59.0867,14.572,18.7369,34.6568,42.0383,7.0181,15.8653,0.090539,0.132737,2.5339,213.0948,22.0999,59.0867,14.572,18.7369,34.6568,42.0383,7.0181,15.8653,0.090539,0.132737,,,,,,,,,,,,,0
1692.7068,2.6335,190.304,27.0834,79.4538,13.5519,26.7178,50.3886,29.1766,5.3948,15.6182,0.082996,0.126397,2.6335,190.304,27.0834,79.4538,13.5519,26.7178,50.3886,29.1766,5.3948,15.6182,0.082996,0.126397,,,,,,,,,,,,,0
1692.8592,2.6814,167.5131,32.0669,87.6957,19.5663,34.6987,66.1204,29.4386,3.7715,15.371,0.078424,0.120057,2.6814,167.5131,32.0669,87.6957,19.5663,34.6987,66.1204,29.4386,3.7715,15.371,0.078424,0.120057,,,,,,,,,,,,,0
1693.0116,2.7155,145.4037,36.3273,72.8568,30.9462,42.4629,81.6308,62.096,2.2382,15.147,0.071513,0.113722,2.7155,145.4037,36.3273,72.8568,30.9462,42.4629,81.6308,62.096,2.2382,15.147,0.071513,0.113722,,,,,,,,,,,,,0
1693.164,2.741,131.5654,31.8111,57.8298,52.015,47.5973,94.453,117.3394,1.7983,15.2039,0.064492,0.107443,2.741,131.5654,31.8111,57.8298,52.015,47.5973,94.453,117.3394,1.7983,15.2039,0.064492,0.107443,,,,,,,,,,,,,0
1693.3164,2.7341,117.7272,27.2948,50.5862,47.687,52.7317,107.2753,137.3366,1.3584,15.2607,0.058418,0.101164,2.7341,117.7272,27.2948,50.5862,47.687,52.7317,107.2753,137.3366,1.3584,15.2607,0.058418,0.101164,,,,,,,,,,,,,0
1693.4688,2.7113,103.8889,22.7786,55.4794,49.5349,57.8661,120.0976,89.9205,0.9186,15.3176,0.05508,0.094885,2.7113,103.8889,22.7786,55.4794,49.5349,57.8661,120.0976,89.9205,0.9186,15.3176,0.05508,0.094885,,,,,,,,,,,,,0
1693.6212,2.7136,87.3432,25.0462,60.0048,46.4953,67.3526,151.8036,63.7187,0.8343,17.4337,0.053671,0.093358,2.7136,87.3432,25.0462,60.0048,46.4953,67.3526,151.8036,63.7187,0.8343,17.4337,0.053671,0.093358,,,,,,,,,,,,,0
1693.7736,2.7302,70.1006,29.0602,44.2969,91.2533,77.9595,188.3709,214.5643,0.8416,20.08,0.051797,0.093053,2.7302,70.1006,29.0602,44.2969,91.2533,77.9595,188.3709,214.5643,0.8416,20.08,0.051797,0.093053,,,,,,,,,,,,,0
1693.926,2.7383,52.8579,33.0742,34.6113,127.5893,88.5665,224.9381,330.8388,0.8489,22.7263,0.052403,0.092748,2.7383,52.8579,33.0742,34.6113,127.5893,88.5665,224.9381,330.8388,0.8489,22.7263,0.052403,0.092748,,,,,,,,,,,,,0
1694.0784,2.7273,41.3937,36.427,55.5216,111.4732,82.9911,213.1276,200.7358,1.1811,26.1237,0.062576,0.101146,2.7273,41.3937,36.427,55.5216,111.4732,82.9911,213.1276,200.7358,1.1811,26.1237,0.062576,0.101146,,,,,,,,,,,,,0
1694.2308,2.7011,35.3836,39.156,78.3503,87.8911,62.1417,155.6544,85.9008,1.8199,30.2302,0.076383,0.117757,2.7011,35.3836,39.156,78.3503,87.8911,62.1417,155.6544,85.9008,1.8199,30.2302,0.076383,0.117757,,,,,,,,,,,,,0
1694.3832,2.6461,29.3735,41.8849,105.9876,36.4817,41.2923,98.1812,32.8821,2.4586,34.3366,0.098994,0.134369,2.6461,29.3735,41.8849,105.9876,36.4817,41.2923,98.1812,32.8821,2.4586,34.3366,0.098994,0.134369,,,,,,,,,,,,,0
1694.5356,2.6087,29.0741,44.7332,118.7732,9.9369,25.8809,54.9273,10.7451,3.0527,38.1144,0.113692,0.144608,2.6087,29.0741,44.7332,118.7732,9.9369,25.8809,54.9273,10.7451,3.0527,38.1144,0.113692,0.144608,,,,,,,,,,,,,0
1694.688,2.663,47.5105,47.9734,104.4514,14.7854,28.3112,58.3255,19.1122,3.4999,40.8141,0.11107,0.13394,2.663,47.5105,47.9734,104.4514,14.7854,28.3112,58.3255,19.1122,3.4999,40.8141,0.11107,0.13394,,,,,,,,,,,,,0
1694.8404,2.7207,65.947,51.2135,80.667,26.4541,30.7414,61.7237,47.6369,3.9472,43.5137,0.096428,0.123272,2.7207,65.947,51.2135,80.667,26.4541,30.7414,61.7237,47.6369,3.9472,43.5137,0.096428,0.123272,,,,,,,,,,,,,0
1694.9928,2.7085,84.3834,54.4537,61.9986,45.4143,33.1717,65.1219,99.2067,4.3945,46.2134,0.069072,0.112604,2.7085,84.3834,54.4537,61.9986,45.4143,33.1717,65.1219,99.2067,4.3945,46.2134,0.069072,0.112604,,,,,,,,,,,,,0
1695.1452,2.6904,72.371,55.9191,55.4211,50.0347,35.8683,64.6811,104.8739,3.4417,43.6643,0.051624,0.103185,2.6904,72.371,55.9191,55.4211,50.0347,35.8683,64.6811,104.8739,3.4417,43.6643,0.051624,0.103185,,,,,,,,,,,,,0
1695.2976,2.6869,58.8488,57.2965,57.7833,36.0787,38.5781,64.05,61.2012,2.4195,40.855,0.045402,0.093827,2.6869,58.8488,57.2965,57.7833,36.0787,38.5781,64.05,61.2012,2.4195,40.855,0.045402,0.093827,,,,,,,,,,,,,0
1695.45,2.6774,45.3265,58.6738,54.1073,46.3267,41.2879,63.4189,61.7474,1.3973,38.0457,0.044083,0.08447,2.6774,45.3265,58.6738,54.1073,46.3267,41.2879,63.4189,61.7474,1.3973,38.0457,0.044083,0.08447,,,,,,,,,,,,,0
1695.6024,2.6695,43.2647,64.2848,59.6991,51.1569,43.3673,64.0522,74.3154,1.4776,44.9964,0.044746,0.081441,2.6695,43.2647,64.2848,59.6991,51.1569,43.3673,64.0522,74.3154,1.4776,44.9964,0.044746,0.081441,,,,,,,,,,,,,0
1695.7548,2.6722,46.7987,71.963,72.4756,42.0781,45.1388,65.3028,53.4164,2.0963,56.7128,0.045064,0.081502,2.6722,46.7987,71.963,72.4756,42.0781,45.1388,65.3028,53.4164,2.0963,56.7128,0.045064,0.081502,,,,,,,,,,,,,0
1695.9072,2.6787,50.3327,79.6412,76.0681,47.8952,46.9104,66.5535,61.9701,2.7151,68.4292,0.045355,0.081563,2.6787,50.3327,79.6412,76.0681,47.8952,46.9104,66.5535,61.9701,2.7151,68.4292,0.045355,0.081563,,,,,,,,,,,,,0
1696.0596,2.6862,49.4057,78.9212,69.3929,57.2741,48.5556,69.5263,79.8979,2.9288,72.8621,0.04448,0.08011,2.6862,49.4057,78.9212,69.3929,57.2741,48.5556,69.5263,79.8979,2.9288,72.8621,0.04448,0.08011,,,,,,,,,,,,,0
1696.212,2.6912,41.5329,65.125,57.7965,59.8017,50.004,75.1804,87.331,2.5119,65.9544,0.039563,0.0763,2.6912,41.5329,65.125,57.7965,59.8017,50.004,75.1804,87.331,2.5119,65.9544,0.039563,0.0763,,,,,,,,,,,,,0
1696.3644,2.6958,33.6601,51.3287,52.4153,58.2095,51.4523,80.8345,82.2872,2.095,59.0467,0.035633,0.07249,2.6958,33.6601,51.3287,52.4153,58.2095,51.4523,80.8345,82.2872,2.095,59.0467,0.035633,0.07249,,,,,,,,,,,,,0
1696.5168,2.6968,26.3801,38.912,54.3527,58.7663,52.6431,85.8699,81.5643,1.699,59.6047,0.03378,0.069113,2.6968,26.3801,38.912,54.3527,58.7663,52.6431,85.8699,81.5643,1.699,59.6047,0.03378,0.069113,,,,,,,,,,,,,0
1696.6692,2.7015,23.8842,37.6302,57.2109,55.437,51.7546,85.9116,71.0281,1.4711,120.422,0.033965,0.069235,2.7015,23.8842,37.6302,57.2109,55.437,51.7546,85.9116,71.0281,1.4711,120.422,0.033965,0.069235,,,,,,,,,,,,,0
1696.8216,2.7044,21.3884,36.3484,56.8466,63.6208,50.8661,85.9533,96.0116,1.2433,181.2394,0.034783,0.069357,2.7044,21.3884,36.3484,56.8466,63.6208,50.8661,85.9533,96.0116,1.2433,181.2394,0.034783,0.069357,,,,,,,,,,,,,0
1696.974,2.6913,18.8925,35.0667,54.9687,42.9882,49.9776,85.995,71.0105,1.0155,242.0567,0.035,0.069479,2.6913,18.8925,35.0667,54.9687,42.9882,49.9776,85.995,71.0105,1.0155,242.0567,0.035,0.069479,,,,,,,,,,,,,0
1697.1264,2.6767,18.3173,33.6837,52.5099,59.1766,52.4213,89.3684,94.3337,0.9907,243.3181,0.034745,0.068337,2.6767,18.3173,33.6837,52.5099,59.1766,52.4213,89.3684,94.3337,0.9907,243.3181,0.034745,0.068337,,,,,,,,,,,,,0
1697.2788,2.6683,18.1372,32.2799,45.9263,58.0603,55.5505,93.4272,99.4153,1.0078,232.3289,0.033133,0.066935,2.6683,18.1372,32.2799,45.9263,58.0603,55.5505,93.4272,99.4153,1.0078,232.3289,0.033133,0.066935,,,,,,,,,,,,,0
1697.4312,2.6624,17.9571,30.876,41.6536,54.812,58.6797,97.486,85.4685,1.0248,221.3398,0.031343,0.065533,2.6624,17.9571,30.876,41.6536,54.812,58.6797,97.486,85.4685,1.0248,221.3398,0.031343,0.065533,,,,,,,,,,,,,0
1697.5836,2.6629,21.0951,31.2123,36.5839,70.4103,58.9778,96.1772,126.1358,1.8501,189.8565,0.030609,0.064783,2.6629,21.0951,31.2123,36.5839,70.4103,58.9778,96.1772,126.1358,1.8501,189.8565,0.030609,0.064783,,,,,,,,,,,,,0
1697.736,2.6726,26.9638,32.9805,36.964,67.568,56.946,90.4512,126.6182,3.3405,141.5072,0.030372,0.06457,2.6726,26.9638,32.9805,36.964,67.568,56.946,90.4512,126.6182,3.3405,141.5072,0.030372,0.06457,,,,,,,,,,,,,0
1697.8884,2.6784,32.8325,34.7487,39.6337,70.2006,54.9142,84.7252,80.8782,4.8309,93.158,0.030172,0.064356,2.6784,32.8325,34.7487,39.6337,70.2006,54.9142,84.7252,80.8782,4.8309,93.158,0.030172,0.064356,,,,,,,,,,,,,0
1698.0408,2.6799,37.5009,34.4155,38.5642,64.5808,52.1344,79.3316,62.0699,5.8882,55.6718,0.030674,0.065889,2.6799,37.5009,34.4155,38.5642,64.5808,52.1344,79.3316,62.0699,5.8882,55.6718,0.030674,0.065889,,,,,,,,,,,,,0
1698.1932,2.6704,38.8862,28.3343,41.7978,71.1219,47.3089,74.8475,78.5519,5.7606,47.8994,0.033806,0.072198,2.6704,38.8862,28.3343,41.7978,71.1219,47.3089,74.8475,78.5519,5.7606,47.8994,0.033806,0.072198,,,,,,,,,,,,,0
1698.3456,2.6642,40.2715,22.2531,44.5159,77.5539,42.4833,70.3633,87.6425,5.6331,40.127,0.038143,0.078508,2.6642,40.2715,22.2531,44.5159,77.5539,42.4833,70.3633,87.6425,5.6331,40.127,0.038143,0.078508,,,,,,,,,,,,,0
1698.498,2.67,41.6568,16.1719,62.6895,46.6518,37.6577,65.8791,43.0619,5.5056,32.3546,0.048055,0.084817,2.67,41.6568,16.1719,62.6895,46.6518,37.6577,65.8791,43.0619,5.5056,32.3546,0.048055,0.084817,,,,,,,,,,,,,0
1698.6504,2.6795,40.3434,16.065,76.1642,30.6459,34.7616,61.6457,25.2185,4.7438,53.5745,0.055798,0.088119,2.6795,40.3434,16.065,76.1642,30.6459,34.7616,61.6457,25.2185,4.7438,53.5745,0.055798,0.088119,,,,,,,,,,,,,0
1698.8028,2.6826,38.994,16.0375,77.0177,29.1092,31.8911,57.4157,34.25,3.9736,75.1799,0.05852,0.09138,2.6826,38.994,16.0375,77.0177,29.1092,31.8911,57.4157,34.25,3.9736,75.1799,0.05852,0.09138,,,,,,,,,,,,,0
1698.9552,2.6776,37.6447,16.0101,72.8177,49.898,29.0206,53.1856,60.7762,3.2034,96.7854,0.057824,0.094641,2.6776,37.6447,16.0101,72.8177,49.898,29.0206,53.1856,60.7762,3.2034,96.7854,0.057824,0.094641,,,,,,,,,,,,,0
1699.1076,2.6847,36.7787,16.169,56.8861,45.4738,27.2722,49.5948,64.0572,2.8962,89.3462,0.054995,0.096525,2.6847,36.7787,16.169,56.8861,45.4738,27.2722,49.5948,64.0572,2.8962,89.3462,0.054995,0.096525,,,,,,,,,,,,,0
1699.26,2.692,36.114,16.4056,47.7137,41.5211,25.9911,46.2701,75.6813,2.7817,69.814,0.053354,0.097836,2.692,36.114,16.4056,47.7137,41.5211,25.9911,46.2701,75.6813,2.7817,69.814,0.053354,0.097836,,,,,,,,,,,,,0
1699.4124,2.6985,35.4494,16.6422,49.8259,28.4635,24.7099,42.9455,45.2584,2.6673,50.2818,0.057373,0.099147,2.6985,35.4494,16.6422,49.8259,28.4635,24.7099,42.9455,45.2584,2.6673,50.2818,0.057373,0.099147,,,,,,,,,,,,,0
1699.5648,2.6952,37.984,18.1256,56.852,25.4267,23.0454,39.0377,28.3807,2.7853,39.9685,0.064328,0.104099,2.6952,37.984,18.1256,56.852,25.4267,23.0454,39.0377,28.3807,2.7853,39.9685,0.064328,0.104099,,,,,,,,,,,,,0
1699.7172,2.6996,44.8435,21.2944,67.1477,21.6362,20.8626,34.3415,23.1185,3.2177,42.1176,0.075893,0.113975,2.6996,44.8435,21.2944,67.1477,21.6362,20.8626,34.3415,23.1185,3.2177,42.1176,0.075893,0.113975,,,,,,,,,,,,,0
1699.8696,2.7183,51.7031,24.4632,68.3989,19.4718,18.6799,29.6453,23.7036,3.6501,44.2667,0.087824,0.12385,2.7183,51.7031,24.4632,68.3989,19.4718,18.6799,29.6453,23.7036,3.6501,44.2667,0.087824,0.12385,,,,,,,,,,,,,0
1700.022,2.7217,58.1475,28.545,67.4794,17.2027,16.9306,25.8092,24.2178,4.0109,45.1059,0.094251,0.132683,2.7217,58.1475,28.545,67.4794,17.2027,16.9306,25.8092,24.2178,4.0109,45.1059,0.094251,0.132683,,,,,,,,,,,,,0
1700.1744,2.703,62.1317,38.0381,77.3942,18.4247,17.751,27.0705,30.95,3.9476,38.1809,0.097932,0.135335,2.703,62.1317,38.0381,77.3942,18.4247,17.751,27.0705,30.95,3.9476,38.1809,0.097932,0.135335,,,,,,,,,,,,,0
1700.3268,2.694,66.1159,47.5312,83.6088,17.9484,18.5714,28.3318,29.1561,3.8842,31.2559,0.099264,0.137986,2.694,66.1159,47.5312,83.6088,17.9484,18.5714,28.3318,29.1561,3.8842,31.2559,0.099264,0.137986,,,,,,,,,,,,,0
1700.4792,2.7069,70.1,57.0243,75.1299,25.873,19.3917,29.5932,35.9568,3.8209,24.3308,0.099746,0.140638,2.7069,70.1,57.0243,75.1299,25.873,19.3917,29.5932,35.9568,3.8209,24.3308,0.099746,0.140638,,,,,,,,,,,,,0
1700.6316,2.7263,65.8106,52.804,69.1418,28.3956,20.8096,32.4565,40.6197,3.407,22.1666,0.098597,0.139052,2.7263,65.8106,52.804,69.1418,28.3956,20.8096,32.4565,40.6197,3.407,22.1666,0.098597,0.139052,,,,,,,,,,,,,0
1700.784,2.7282,60.2135,46.4164,69.6766,19.4115,22.3219,35.5731,30.1198,2.9376,20.7548,0.09442,0.136797,2.7282,60.2135,46.4164,69.6766,19.4115,22.3219,35.5731,30.1198,2.9376,20.7548,0.09442,0.136797,,,,,,,,,,,,,0
1700.9364,2.7225,54.6164,40.0287,64.2316,15.4781,23.8343,38.6897,25.9019,2.4682,19.343,0.092372,0.134541,2.7225,54.6164,40.0287,64.2316,15.4781,23.8343,38.6897,25.9019,2.4682,19.343,0.092372,0.134541,,,,,,,,,,,,,0
1701.0888,2.7296,59.3725,36.1575,60.9593,30.3891,28.4892,49.0015,58.8939,2.1813,18.8536,0.08892,0.13376,2.7296,59.3725,36.1575,60.9593,30.3891,28.4892,49.0015,58.8939,2.1813,18.8536,0.08892,0.13376,,,,,,,,,,,,,0
1701.2412,2.729,71.5436,34.0887,63.7376,30.8167,35.395,64.4667,58.1897,2.0252,19.0249,0.084768,0.134034,2.729,71.5436,34.0887,63.7376,30.8167,35.395,64.4667,58.1897,2.0252,19.0249,0.084768,0.134034,,,,,,,,,,,,,0
1701.3936,2.7378,83.7148,32.0198,59.1849,52.023,42.3008,79.9319,87.0992,1.8691,19.1961,0.08637,0.134308,2.7378,83.7148,32.0198,59.1849,52.023,42.3008,79.9319,87.0992,1.8691,19.1961,0.08637,0.134308,,,,,,,,,,,,,0
1701.546,2.7467,87.29,30.4452,57.541,63.359,48.5237,94.1156,131.3141,1.9526,21.523,0.093421,0.141501,2.7467,87.29,30.4452,57.541,63.359,48.5237,94.1156,131.3141,1.9526,21.523,0.093421,0.141501,,,,,,,,,,,,,0
1701.6984,2.6973,70.9824,30.0137,103.8805,38.7366,53.1674,105.3352,89.3409,2.5902,28.836,0.118759,0.164696,2.6973,70.9824,30.0137,103.8805,38.7366,53.1674,105.3352,89.3409,2.5902,28.836,0.118759,0.164696,,,,,,,,,,,,,0
1701.8508,2.6136,54.6748,29.5823,149.9214,40.171,57.811,116.5548,77.0059,3.2279,36.149,0.146069,0.187892,2.6136,54.6748,29.5823,149.9214,40.171,57.811,116.5548,77.0059,3.2279,36.149,0.146069,0.187892,,,,,,,,,,,,,0
1702.0032,2.373,38.5956,29.4663,189.405,104.7557,62.1886,127.2211,164.8037,3.95,43.3153,0.173853,0.210528,2.373,38.5956,29.4663,189.405,104.7557,62.1886,127.2211,164.8037,3.95,43.3153,0.173853,0.210528,,,,,,,,,,,,,0
1702.1556,2.2126,33.1661,44.0578,188.648,199.7544,54.1583,112.0914,251.2873,8.6096,43.6429,0.191916,0.207115,2.2126,33.1661,44.0578,188.648,199.7544,54.1583,112.0914,251.2873,8.6096,43.6429,0.191916,0.207115,,,,,,,,,,,,,0
1702.308,2.3502,27.7366,58.6493,139.3785,97.68,46.1279,96.9617,113.3678,13.2692,43.9705,0.185121,0.203701,2.3502,27.7366,58.6493,139.3785,97.68,46.1279,96.9617,113.3678,13.2692,43.9705,0.185121,0.203701,,,,,,,,,,,,,0
1702.4604,2.4889,22.3071,73.2408,103.9045,18.708,38.0976,81.8319,14.8369,17.9287,44.2982,0.166244,0.200287,2.4889,22.3071,73.2408,103.9045,18.708,38.0976,81.8319,14.8369,17.9287,44.2982,0.166244,0.200287,,,,,,,,,,,,,0
1702.6128,2.4911,24.0838,108.2774,77.0032,14.8731,30.1244,66.3587,14.8813,17.8591,41.9925,0.136805,0.183112,2.4911,24.0838,108.2774,77.0032,14.8731,30.1244,66.3587,14.8813,17.8591,41.9925,0.136805,0.183112,,,,,,,,,,,,,0
1702.7652,2.4444,28.3903,150.4914,61.8826,10.2593,22.1713,50.7648,17.067,16.1292,38.7624,0.113357,0.161105,2.4444,28.3903,150.4914,61.8826,10.2593,22.1713,50.7648,17.067,16.1292,38.7624,0.113357,0.161105,,,,,,,,,,,,,0
1702.9176,2.3765,32.6968,192.7055,50.1697,9.733,14.2182,35.1708,35.0448,14.3992,35.5324,0.092276,0.139099,2.3765,32.6968,192.7055,50.1697,9.733,14.2182,35.1708,35.0448,14.3992,35.5324,0.092276,0.139099,,,,,,,,,,,,,0
1703.07,2.2877,33.2722,200.659,43.0849,14.5419,9.6009,24.7788,38.4673,13.9629,37.3746,0.078315,0.130084,2.2877,33.2722,200.659,43.0849,14.5419,9.6009,24.7788,38.4673,13.9629,37.3746,0.078315,0.130084,,,,,,,,,,,,,0
1703.2224,2.2236,29.4556,168.2828,41.7506,15.1839,8.9103,20.5099,26.123,15.0493,45.1878,0.077751,0.136363,2.2236,29.4556,168.2828,41.7506,15.1839,8.9103,20.5099,26.123,15.0493,45.1878,0.077751,0.136363,,,,,,,,,,,,,0
1703.3748,2.248,25.6389,135.9066,55.1344,10.694,8.2197,16.2411,14.6655,16.1358,53.001,0.095145,0.142642,2.248,25.6389,135.9066,55.1344,10.694,8.2197,16.2411,14.6655,16.1358,53.001,0.095145,0.142642,,,,,,,,,,,,,0
1703.5272,2.3241,22.5999,107.8963,72.6476,9.9254,7.6195,12.6807,11.7843,17.1687,73.294,0.113384,0.149029,2.3241,22.5999,107.8963,72.6476,9.9254,7.6195,12.6807,11.7843,17.1687,73.294,0.113384,0.149029,,,,,,,,,,,,,0
1703.6796,2.399,23.1406,99.9818,88.4567,10.4738,7.4357,12.3807,12.9983,17.9554,151.0311,0.128869,0.155918,2.399,23.1406,99.9818,88.4567,10.4738,7.4357,12.3807,12.9983,17.9554,151.0311,0.128869,0.155918,,,,,,,,,,,,,0
1703.832,2.4167,23.6813,92.0673,95.6305,11.9097,7.2518,12.0808,13.7286,18.742,228.7681,0.134764,0.162806,2.4167,23.6813,92.0673,95.6305,11.9097,7.2518,12.0808,13.7286,18.742,228.7681,0.134764,0.162806,,,,,,,,,,,,,0
1703.9844,2.3856,24.222,84.1528,79.8211,9.8184,7.068,11.7808,10.6098,19.5287,306.5052,0.128039,0.169695,2.3856,24.222,84.1528,79.8211,9.8184,7.068,11.7808,10.6098,19.5287,306.5052,0.128039,0.169695,,,,,,,,,,,,,0
1704.1368,2.3474,25.0958,68.2594,62.8456,7.7048,6.7727,11.9082,8.9179,19.8371,258.9613,0.121521,0.164545,2.3474,25.0958,68.2594,62.8456,7.7048,6.7727,11.9082,8.9179,19.8371,258.9613,0.121521,0.164545,,,,,,,,,,,,,0
1704.2892,2.3239,26.0075,51.456,49.4105,6.4331,6.4646,12.0844,9.862,20.091,197.131,0.113877,0.158022,2.3239,26.0075,51.456,49.4105,6.4331,6.4646,12.0844,9.862,20.091,197.131,0.113877,0.158022,,,,,,,,,,,,,0
1704.4416,2.314,26.9192,34.6527,41.706,5.7386,6.1565,12.2606,11.8962,20.3449,135.3008,0.107147,0.1515,2.314,26.9192,34.6527,41.706,5.7386,6.1565,12.2606,11.8962,20.3449,135.3008,0.107147,0.1515,,,,,,,,,,,,,0
1704.594,2.2947,29.0444,28.9487,40.9388,5.9338,6.2724,12.758,14.1774,19.1759,99.9713,0.099432,0.147289,2.2947,29.0444,28.9487,40.9388,5.9338,6.2724,12.758,14.1774,19.1759,99.9713,0.099432,0.147289,,,,,,,,,,,,,0
1704.7464,2.2808,31.9233,30.1405,40.1937,7.4135,6.6516,13.4549,17.254,17.123,81.106,0.093804,0.144516,2.2808,31.9233,30.1405,40.1937,7.4135,6.6516,13.4549,17.254,17.123,81.106,0.093804,0.144516,,,,,,,,,,,,,0
1704.8988,2.2794,34.8023,31.3324,38.8351,8.0856,7.0308,14.1519,15.4687,15.07,62.2408,0.095051,0.141742,2.2794,34.8023,31.3324,38.8351,8.0856,7.0308,14.1519,15.4687,15.07,62.2408,0.095051,0.141742,,,,,,,,,,,,,0
1705.0512,2.3025,43.0012,38.4799,42.423,8.1569,7.2743,14.2226,13.6843,14.2118,47.1335,0.100901,0.144539,2.3025,43.0012,38.4799,42.423,8.1569,7.2743,14.2226,13.6843,14.2118,47.1335,0.100901,0.144539,,,,,,,,,,,,,0
1705.2036,2.4313,61.7152,57.3993,79.9555,8.3225,7.2496,13.0555,12.7616,15.7151,39.4541,0.117113,0.158346,2.4313,61.7152,57.3993,79.9555,8.3225,7.2496,13.0555,12.7616,15.7151,39.4541,0.117113,0.158346,,,,,,,,,,,,,0
1705.356,2.5247,80.4291,76.3187,110.404,8.2361,7.2249,11.8884,11.1121,17.2183,31.7746,0.131916,0.172154,2.5247,80.4291,76.3187,110.404,8.2361,7.2249,11.8884,11.1121,17.2183,31.7746,0.131916,0.172154,,,,,,,,,,,,,0
1705.5084,2.5558,98.7293,93.2552,118.8167,8.2308,7.1977,10.76,10.4119,18.5764,25.2074,0.145403,0.185622,2.5558,98.7293,93.2552,118.8167,8.2308,7.1977,10.76,10.4119,18.5764,25.2074,0.145403,0.185622,,,,,,,,,,,,,0
1705.6608,2.5792,109.9356,76.1983,118.2439,7.9586,7.1272,10.2964,10.3247,17.4467,37.7087,0.153989,0.193272,2.5792,109.9356,76.1983,118.2439,7.9586,7.1272,10.2964,10.3247,17.4467,37.7087,0.153989,0.193272,,,,,,,,,,,,,0
1705.8132,2.6193,121.1419,59.1415,125.8544,7.7912,7.0567,9.8327,9.8976,16.3169,50.2099,0.161476,0.200923,2.6193,121.1419,59.1415,125.8544,7.7912,7.0567,9.8327,9.8976,16.3169,50.2099,0.161476,0.200923,,,,,,,,,,,,,0
1705.9656,2.6267,132.3482,42.0847,130.9296,7.8537,6.9861,9.3691,9.56,15.1872,62.7112,0.167187,0.208573,2.6267,132.3482,42.0847,130.9296,7.8537,6.9861,9.3691,9.56,15.1872,62.7112,0.167187,0.208573,,,,,,,,,,,,,0
1706.118,2.6051,128.8739,39.5357,136.8652,7.8498,6.856,8.9758,9.0978,12.9844,65.5099,0.172682,0.214996,2.6051,128.8739,39.5357,136.8652,7.8498,6.856,8.9758,9.0978,12.9844,65.5099,0.172682,0.214996,,,,,,,,,,,,,0
1706.2704,2.5788,121.1198,41.216,140.2128,7.6184,6.7084,8.6031,8.2316,10.4688,65.48,0.181187,0.221062,2.5788,121.1198,41.216,140.2128,7.6184,6.7084,8.6031,8.2316,10.4688,65.48,0.181187,0.221062,,,,,,,,,,,,,0
1706.4228,2.5681,113.3656,42.8964,143.8506,7.2915,6.5608,8.2304,7.8536,7.9532,65.4501,0.187187,0.227127,2.5681,113.3656,42.8964,143.8506,7.2915,6.5608,8.2304,7.8536,7.9532,65.4501,0.187187,0.227127,,,,,,,,,,,,,0
1706.5752,2.5706,105.2841,40.3485,144.4587,7.1611,6.3797,7.9459,8.117,8.0402,63.6467,0.193639,0.232907,2.5706,105.2841,40.3485,144.4587,7.1611,6.3797,7.9459,8.117,8.0402,63.6467,0.193639,0.232907,,,,,,,,,,,,,0
1706.7276,2.5785,96.8665,33.46,144.288,6.924,6.164,7.752,8.2867,10.7989,60.0226,0.19886,0.238394,2.5785,96.8665,33.46,144.288,6.924,6.164,7.752,8.2867,10.7989,60.0226,0.19886,0.238394,,,,,,,,,,,,,0
1706.88,2.5676,88.4489,26.5715,146.6181,6.5688,5.9482,7.5582,8.1091,13.5577,56.3984,0.204983,0.24388,2.5676,88.4489,26.5715,146.6181,6.5688,5.9482,7.5582,8.1091,13.5577,56.3984,0.204983,0.24388,,,,,,,,,,,,,0
1707.0324,2.5666,83.5175,20.9625,150.9235,6.0187,5.8459,7.4336,7.4361,16.2118,51.3168,0.20955,0.247494,2.5666,83.5175,20.9625,150.9235,6.0187,5.8459,7.4336,7.4361,16.2118,51.3168,0.20955,0.247494,,,,,,,,,,,,,0
1707.1848,2.5949,91.4984,20.092,157.3411,5.3302,6.1634,7.5655,6.2009,18.4785,40.8372,0.210664,0.244171,2.5949,91.4984,20.092,157.3411,5.3302,6.1634,7.5655,6.2009,18.4785,40.8372,0.210664,0.244171,,,,,,,,,,,,,0
1707.3372,2.6173,99.4794,19.2216,161.8758,4.7652,6.481,7.6974,5.574,20.7452,30.3576,0.208021,0.240849,2.6173,99.4794,19.2216,161.8758,4.7652,6.481,7.6974,5.574,20.7452,30.3576,0.208021,0.240849,,,,,,,,,,,,,0
1707.4896,2.6345,107.4603,18.3512,151.2548,4.6506,6.7985,7.8294,5.7801,23.0119,19.8779,0.192787,0.237527,2.6345,107.4603,18.3512,151.2548,4.6506,6.7985,7.8294,5.7801,23.0119,19.8779,0.192787,0.237527,,,,,,,,,,,,,0
1707.642,2.6521,89.3389,18.8087,135.8466,5.1951,10.1381,11.5137,5.9059,21.3582,20.4631,0.17505,0.218954,2.6521,89.3389,18.8087,135.8466,5.1951,10.1381,11.5137,5.9059,21.3582,20.4631,0.17505,0.218954,,,,,,,,,,,,,0
1707.7944,2.6107,69.3058,19.3634,101.6155,17.9202,13.699,15.4582,23.5163,19.4174,21.8587,0.150202,0.199264,2.6107,69.3058,19.3634,101.6155,17.9202,13.699,15.4582,23.5163,19.4174,21.8587,0.150202,0.199264,,,,,,,,,,,,,0
1707.9468,2.5684,49.2728,19.9182,83.7541,28.6063,17.2599,19.4027,38.998,17.4765,23.2542,0.131009,0.179573,2.5684,49.2728,19.9182,83.7541,28.6063,17.2599,19.4027,38.998,17.4765,23.2542,0.131009,0.179573,,,,,,,,,,,,,0
1708.0992,2.5162,47.7157,24.8242,100.7248,22.1786,16.4542,18.4801,21.0371,17.6362,23.9769,0.121261,0.170895,2.5162,47.7157,24.8242,100.7248,22.1786,16.4542,18.4801,21.0371,17.6362,23.9769,0.121261,0.170895,,,,,,,,,,,,,0
1708.2516,2.5046,56.0671,32.0638,117.3082,12.9778,13.3067,14.9474,8.6601,18.9223,24.3387,0.120632,0.168121,2.5046,56.0671,32.0638,117.3082,12.9778,13.3067,14.9474,8.6601,18.9223,24.3387,0.120632,0.168121,,,,,,,,,,,,,0
1708.404,2.5363,64.4186,39.3033,97.9314,10.5797,10.1593,11.4146,8.2453,20.2084,24.7005,0.123303,0.165347,2.5363,64.4186,39.3033,97.9314,10.5797,10.1593,11.4146,8.2453,20.2084,24.7005,0.123303,0.165347,,,,,,,,,,,,,0
1708.5564,2.5285,71.4612,43.4925,77.2999,9.5444,8.1233,9.275,7.9838,20.9789,26.4408,0.11887,0.160396,2.5285,71.4612,43.4925,77.2999,9.5444,8.1233,9.275,7.9838,20.9789,26.4408,0.11887,0.160396,,,,,,,,,,,,,0
1708.7088,2.4878,76.2762,42.4894,64.8095,8.1907,7.9792,9.5067,9.4151,20.8715,30.5275,0.105313,0.15174,2.4878,76.2762,42.4894,64.8095,8.1907,7.9792,9.5067,9.4151,20.8715,30.5275,0.105313,0.15174,,,,,,,,,,,,,0
1708.8612,2.4735,81.0911,41.4863,60.5878,7.7484,7.8352,9.7384,10.1809,20.7641,34.6141,0.096239,0.143084,2.4735,81.0911,41.4863,60.5878,7.7484,7.8352,9.7384,10.1809,20.7641,34.6141,0.096239,0.143084,,,,,,,,,,,,,0
1709.0136,2.4849,86.3587,40.4155,61.0499,8.0396,7.7111,9.9427,9.8979,20.6595,40.5471,0.092523,0.135241,2.4849,86.3587,40.4155,61.0499,8.0396,7.7111,9.9427,9.8979,20.6595,40.5471,0.092523,0.135241,,,,,,,,,,,,,0
1709.166,2.49,96.2462,38.6538,65.7194,8.0317,7.7904,9.8663,9.5463,20.5838,65.3237,0.091591,0.135698,2.49,96.2462,38.6538,65.7194,8.0317,7.7904,9.8663,9.5463,20.5838,65.3237,0.091591,0.135698,,,,,,,,,,,,,0
1709.3184,2.4977,106.1336,36.8922,66.1473,7.9531,7.8696,9.79,9.285,20.5081,90.1003,0.093231,0.136155,2.4977,106.1336,36.8922,66.1473,7.9531,7.8696,9.79,9.285,20.5081,90.1003,0.093231,0.136155,,,,,,,,,,,,,0
1709.4708,2.4985,116.0211,35.1305,66.6174,8.3533,7.9489,9.7136,9.4356,20.4323,114.8769,0.09512,0.136612,2.4985,116.0211,35.1305,66.6174,8.3533,7.9489,9.7136,9.4356,20.4323,114.8769,0.09512,0.136612,,,,,,,,,,,,,0
1709.6232,2.5036,105.6613,35.4747,71.7203,9.0592,7.7462,9.6697,10.2786,19.1903,102.3001,0.096593,0.138351,2.5036,105.6613,35.4747,71.7203,9.0592,7.7462,9.6697,10.2786,19.1903,102.3001,0.096593,0.138351,,,,,,,,,,,,,0
1709.7756,2.5235,90.5028,36.318,79.0362,10.1485,7.4767,9.6334,11.4432,17.6718,80.8701,0.098822,0.140393,2.5235,90.5028,36.318,79.0362,10.1485,7.4767,9.6334,11.4432,17.6718,80.8701,0.098822,0.140393,,,,,,,,,,,,,0
1709.928,2.5196,75.3442,37.1612,74.5435,9.3284,7.2072,9.5971,10.5416,16.1533,59.44,0.100693,0.142435,2.5196,75.3442,37.1612,74.5435,9.3284,7.2072,9.5971,10.5416,16.1533,59.44,0.100693,0.142435,,,,,,,,,,,,,0
1710.0804,2.4389,61.3626,42.1613,58.9022,6.7924,6.7276,9.2254,7.8087,14.6068,51.2449,0.104198,0.144686,2.4389,61.3626,42.1613,58.9022,6.7924,6.7276,9.2254,7.8087,14.6068,51.2449,0.104198,0.144686,,,,,,,,,,,,,0
1710.2328,2.3728,48.4348,50.884,55.408,5.8837,6.0597,8.5533,7.0452,13.0353,54.902,0.106857,0.147125,2.3728,48.4348,50.884,55.408,5.8837,6.0597,8.5533,7.0452,13.0353,54.902,0.106857,0.147125,,,,,,,,,,,,,0
1710.3852,2.371,35.5071,59.6067,59.7916,5.5029,5.3918,7.8812,7.5757,11.4637,58.5591,0.108612,0.149563,2.371,35.5071,59.6067,59.7916,5.5029,5.3918,7.8812,7.5757,11.4637,58.5591,0.108612,0.149563,,,,,,,,,,,,,0
1710.5376,2.3725,25.6372,66.2617,60.4741,4.7666,4.8656,7.3638,7.0957,9.8873,61.1746,0.109746,0.151633,2.3725,25.6372,66.2617,60.4741,4.7666,4.8656,7.3638,7.0957,9.8873,61.1746,0.109746,0.151633,,,,,,,,,,,,,0
1710.69,2.3426,25.1032,66.6039,54.8902,4.8585,4.7719,7.3186,7.0105,8.296,60.6099,0.110128,0.152578,2.3426,25.1032,66.6039,54.8902,4.8585,4.7719,7.3186,7.0105,8.296,60.6099,0.110128,0.152578,,,,,,,,,,,,,0
1710.8424,2.3246,24.5693,66.946,49.8623,4.3954,4.6782,7.2735,6.6141,6.7048,60.0452,0.110391,0.153523,2.3246,24.5693,66.946,49.8623,4.3954,4.6782,7.2735,6.6141,6.7048,60.0452,0.110391,0.153523,,,,,,,,,,,,,0
1710.9948,2.3275,24.0353,67.2881,58.6797,3.9946,4.5845,7.2283,6.9612,5.1135,59.4805,0.112094,0.154468,2.3275,24.0353,67.2881,58.6797,3.9946,4.5845,7.2283,6.9612,5.1135,59.4805,0.112094,0.154468,,,,,,,,,,,,,0
1711.1472,2.3621,25.6324,61.8921,76.163,4.4043,4.8356,7.3748,8.0112,5.9331,63.6645,0.114913,0.158298,2.3621,25.6324,61.8921,76.163,4.4043,4.8356,7.3748,8.0112,5.9331,63.6645,0.114913,0.158298,,,,,,,,,,,,,0
1711.2996,2.4281,27.3048,56.2934,95.8321,4.9983,5.0988,7.5281,7.8802,6.8379,68.0163,0.120975,0.16223,2.4281,27.3048,56.2934,95.8321,4.9983,5.0988,7.5281,7.8802,6.8379,68.0163,0.120975,0.16223,,,,,,,,,,,,,0
1711.452,2.4496,28.9773,50.6947,96.2181,5.0933,5.3621,7.6813,7.3298,7.7427,72.3681,0.125139,0.166162,2.4496,28.9773,50.6947,96.2181,5.0933,5.3621,7.6813,7.3298,7.7427,72.3681,0.125139,0.166162,,,,,,,,,,,,,0
1711.6044,2.4379,28.0454,44.3243,79.0907,5.3659,5.6334,7.9478,8.1592,8.5558,85.8114,0.125581,0.167797,2.4379,28.0454,44.3243,79.0907,5.3659,5.6334,7.9478,8.1592,8.5558,85.8114,0.125581,0.167797,,,,,,,,,,,,,0
1711.7568,2.4463,25.9161,37.5992,74.3263,5.3611,5.9085,8.2664,8.478,9.3266,103.4348,0.124252,0.168376,2.4463,25.9161,37.5992,74.3263,5.3611,5.9085,8.2664,8.478,9.3266,103.4348,0.124252,0.168376,,,,,,,,,,,,,0
1711.9092,2.4629,23.7869,30.8741,89.6161,5.7614,6.1836,8.585,8.5776,10.0974,121.0582,0.124939,0.168955,2.4629,23.7869,30.8741,89.6161,5.7614,6.1836,8.585,8.5776,10.0974,121.0582,0.124939,0.168955,,,,,,,,,,,,,0
1712.0616,2.4646,23.2974,26.4658,93.0635,6.2474,6.6336,9.1514,8.8102,10.3855,123.575,0.128315,0.170766,2.4646,23.2974,26.4658,93.0635,6.2474,6.6336,9.1514,8.8102,10.3855,123.575,0.128315,0.170766,,,,,,,,,,,,,0
1712.214,2.4815,25.2249,25.4725,92.9403,6.6869,7.3413,10.083,9.3705,9.962,103.8243,0.132861,0.174393,2.4815,25.2249,25.4725,92.9403,6.6869,7.3413,10.083,9.3705,9.962,103.8243,0.132861,0.174393,,,,,,,,,,,,,0
1712.3664,2.4957,27.1524,24.4792,96.6768,7.4323,8.049,11.0147,11.1116,9.5385,84.0736,0.135684,0.17802,2.4957,27.1524,24.4792,96.6768,7.4323,8.049,11.0147,11.1116,9.5385,84.0736,0.135684,0.17802,,,,,,,,,,,,,0
1712.5188,2.5202,28.9698,23.5448,108.5314,8.1936,8.6697,11.8078,12.4804,9.2018,67.6637,0.139808,0.181978,2.5202,28.9698,23.5448,108.5314,8.1936,8.6697,11.8078,12.4804,9.2018,67.6637,0.139808,0.181978,,,,,,,,,,,,,0
1712.6712,2.5252,30.0047,23.0293,112.462,8.8163,8.6719,11.6165,12.6094,9.4818,74.995,0.146009,0.188288,2.5252,30.0047,23.0293,112.462,8.8163,8.6719,11.6165,12.6094,9.4818,74.995,0.146009,0.188288,,,,,,,,,,,,,0
1712.8236,2.5287,31.0397,22.5137,112.3025,9.0065,8.6741,11.4253,12.0928,9.7618,82.3263,0.151908,0.194597,2.5287,31.0397,22.5137,112.3025,9.0065,8.6741,11.4253,12.0928,9.7618,82.3263,0.151908,0.194597,,,,,,,,,,,,,0
1712.976,2.5369,32.0746,21.9982,121.409,8.7703,8.6763,11.234,11.0012,10.0417,89.6577,0.16149,0.200906,2.5369,32.0746,21.9982,121.409,8.7703,8.6763,11.234,11.0012,10.0417,89.6577,0.16149,0.200906,,,,,,,,,,,,,0
1713.1284,2.5371,36.8454,24.5136,127.7589,8.6812,8.5136,11.1374,10.6951,13.3216,93.2297,0.168479,0.206291,2.5371,36.8454,24.5136,127.7589,8.6812,8.5136,11.1374,10.6951,13.3216,93.2297,0.168479,0.206291,,,,,,,,,,,,,0
1713.2808,2.5546,42.3144,27.5956,124.6893,9.0028,8.32,11.0586,11.1601,17.1622,96.0992,0.173572,0.211503,2.5546,42.3144,27.5956,124.6893,9.0028,8.32,11.0586,11.1601,17.1622,96.0992,0.173572,0.211503,,,,,,,,,,,,,0
1713.4332,2.563,47.7834,30.6776,127.7667,8.6443,8.1265,10.9797,11.2605,21.0029,98.9686,0.176748,0.216715,2.563,47.7834,30.6776,127.7667,8.6443,8.1265,10.9797,11.2605,21.0029,98.9686,0.176748,0.216715,,,,,,,,,,,,,0
1713.5856,2.5624,45.3756,30.2012,131.937,8.0254,8.0774,10.9208,10.7102,22.39,97.0914,0.180461,0.221072,2.5624,45.3756,30.2012,131.937,8.0254,8.0774,10.9208,10.7102,22.39,97.0914,0.180461,0.221072,,,,,,,,,,,,,0
1713.738,2.568,36.8209,26.9479,133.775,8.4301,8.1411,10.8775,11.1925,21.8624,91.51,0.184369,0.22476,2.568,36.8209,26.9479,133.775,8.4301,8.1411,10.8775,11.1925,21.8624,91.51,0.184369,0.22476,,,,,,,,,,,,,0
1713.8904,2.5668,28.2662,23.6946,136.7883,8.4551,8.2047,10.8342,11.0271,21.3348,85.9286,0.188661,0.228448,2.5668,28.2662,23.6946,136.7883,8.4551,8.2047,10.8342,11.0271,21.3348,85.9286,0.188661,0.228448,,,,,,,,,,,,,0
1714.0428,2.5601,22.275,21.6293,133.584,8.2372,8.2071,10.6687,10.6119,20.9804,77.1321,0.191357,0.232512,2.5601,22.275,21.6293,133.584,8.2372,8.2071,10.6687,10.6119,20.9804,77.1321,0.191357,0.232512,,,,,,,,,,,,,0
1714.1952,2.5585,22.8485,22.606,136.4608,7.8871,8.0526,10.1903,10.5732,21.0692,60.1025,0.195599,0.237542,2.5585,22.8485,22.606,136.4608,7.8871,8.0526,10.1903,10.5732,21.0692,60.1025,0.195599,0.237542,,,,,,,,,,,,,0
1714.3476,2.5615,23.4219,23.5827,135.208,7.5646,7.8982,9.7118,10.129,21.1581,43.0729,0.200443,0.242571,2.5615,23.4219,23.5827,135.208,7.5646,7.8982,9.7118,10.129,21.1581,43.0729,0.200443,0.242571,,,,,,,,,,,,,0
1714.5,2.5579,23.9954,24.5594,140.1643,7.4124,7.7437,9.2333,8.7841,21.2469,26.0433,0.208569,0.2476,2.5579,23.9954,24.5594,140.1643,7.4124,7.7437,9.2333,8.7841,21.2469,26.0433,0.208569,0.2476,,,,,,,,,,,,,0
1714.6524,2.5551,47.3695,26.0778,145.3025,7.4796,7.4501,8.6478,8.2363,20.6244,26.6107,0.215298,0.254397,2.5551,47.3695,26.0778,145.3025,7.4796,7.4501,8.6478,8.2363,20.6244,26.6107,0.215298,0.254397,,,,,,,,,,,,,0
1714.8048,2.5541,70.7436,27.5962,150.0665,8.0604,7.1564,8.0624,8.4629,20.0019,27.178,0.222931,0.261194,2.5541,70.7436,27.5962,150.0665,8.0604,7.1564,8.0624,8.4629,20.0019,27.178,0.222931,0.261194,,,,,,,,,,,,,0
1714.9572,2.5482,94.1177,29.1147,155.9833,8.1228,6.8628,7.4769,7.7361,19.3794,27.7454,0.22815,0.267991,2.5482,94.1177,29.1147,155.9833,8.1228,6.8628,7.4769,7.7361,19.3794,27.7454,0.22815,0.267991,,,,,,,,,,,,,0
1715.1096,2.5627,132.1089,33.5283,159.0987,7.6172,6.4822,6.9557,6.8989,17.34,28.0768,0.23156,0.271369,2.5627,132.1089,33.5283,159.0987,7.6172,6.4822,6.9557,6.8989,17.34,28.0768,0.23156,0.271369,,,,,,,,,,,,,0
1715.262,2.5737,175.8083,39.0727,157.418,6.6791,6.0676,6.4595,6.2305,14.7473,28.3162,0.234176,0.273411,2.5737,175.8083,39.0727,157.418,6.6791,6.0676,6.4595,6.2305,14.7473,28.3162,0.234176,0.273411,,,,,,,,,,,,,0
1715.4144,2.5737,219.5077,44.617,161.2008,5.6605,5.653,5.9633,5.7683,12.1546,28.5556,0.236112,0.275453,2.5737,219.5077,44.617,161.2008,5.6605,5.653,5.9633,5.7683,12.1546,28.5556,0.236112,0.275453,,,,,,,,,,,,,0
1715.5668,2.5723,223.0982,53.8595,163.1245,5.097,5.7448,5.9992,5.5123,10.9859,27.6774,0.235652,0.27513,2.5723,223.0982,53.8595,163.1245,5.097,5.7448,5.9992,5.5123,10.9859,27.6774,0.235652,0.27513,,,,,,,,,,,,,0
1715.7192,2.5778,175.2917,67.8411,158.5656,4.4994,6.4854,6.7169,5.162,11.642,25.3674,0.231046,0.271778,2.5778,175.2917,67.8411,158.5656,4.4994,6.4854,6.7169,5.162,11.642,25.3674,0.231046,0.271778,,,,,,,,,,,,,0
1715.8716,2.6155,127.4852,81.8227,142.7904,5.0342,7.226,7.4346,6.3997,12.2981,23.0573,0.225547,0.268425,2.6155,127.4852,81.8227,142.7904,5.0342,7.226,7.4346,6.3997,12.2981,23.0573,0.225547,0.268425,,,,,,,,,,,,,0
1716.024,2.6686,84.2156,92.8427,126.0092,5.9099,8.5305,8.7181,7.4266,13.0499,21.123,0.223572,0.265221,2.6686,84.2156,92.8427,126.0092,5.9099,8.5305,8.7181,7.4266,13.0499,21.123,0.223572,0.265221,,,,,,,,,,,,,0
1716.1764,2.6681,65.2185,88.0181,127.8626,7.0581,12.8527,13.0282,11.3446,14.3137,21.1994,0.222224,0.262813,2.6681,65.2185,88.0181,127.8626,7.0581,12.8527,13.0282,11.3446,14.3137,21.1994,0.222224,0.262813,,,,,,,,,,,,,0
1716.3288,2.5426,46.2213,83.1934,132.3988,13.1721,17.1748,17.3384,19.4567,15.5776,21.2758,0.220543,0.260405,2.5426,46.2213,83.1934,132.3988,13.1721,17.1748,17.3384,19.4567,15.5776,21.2758,0.220543,0.260405,,,,,,,,,,,,,0
1716.4812,2.3286,27.2242,78.3688,132.4884,34.1929,21.4969,21.6486,25.394,16.8414,21.3522,0.216492,0.257997,2.3286,27.2242,78.3688,132.4884,34.1929,21.4969,21.6486,25.394,16.8414,21.3522,0.216492,0.257997,,,,,,,,,,,,,0
1716.6336,2.3549,25.5753,74.2211,133.1226,26.8178,19.0726,19.0986,16.3517,16.8303,25.7488,0.204104,0.238381,2.3549,25.5753,74.2211,133.1226,26.8178,19.0726,19.0986,16.3517,16.8303,25.7488,0.204104,0.238381,,,,,,,,,,,,,0
1716.786,2.5062,26.3677,70.1687,134.946,14.7456,15.6989,15.5833,9.1263,16.6399,30.7534,0.170966,0.216344,2.5062,26.3677,70.1687,134.946,14.7456,15.6989,15.5833,9.1263,16.6399,30.7534,0.170966,0.216344,,,,,,,,,,,,,0
1716.9384,2.5543,27.16,66.1163,127.4036,13.3817,12.3252,12.068,9.3073,16.4494,35.758,0.146443,0.194307,2.5543,27.16,66.1163,127.4036,13.3817,12.3252,12.068,9.3073,16.4494,35.758,0.146443,0.194307,,,,,,,,,,,,,0
1717.0908,2.5442,36.7009,59.1562,110.2028,12.412,10.9905,10.9337,11.2373,15.2065,40.783,0.127269,0.179571,2.5442,36.7009,59.1562,110.2028,12.412,10.9905,10.9337,11.2373,15.2065,40.783,0.127269,0.179571,,,,,,,,,,,,,0
1717.2432,2.5389,52.1768,50.2236,101.3119,11.9223,11.0391,11.4148,12.4136,13.2498,45.8217,0.115346,0.169787,2.5389,52.1768,50.2236,101.3119,11.9223,11.0391,11.4148,12.4136,13.2498,45.8217,0.115346,0.169787,,,,,,,,,,,,,0
1717.3956,2.536,67.6527,41.291,99.905,12.0007,11.0877,11.8959,12.666,11.293,50.8605,0.111187,0.160002,2.536,67.6527,41.291,99.905,12.0007,11.0877,11.8959,12.666,11.293,50.8605,0.111187,0.160002,,,,,,,,,,,,,0
1717.548,2.5353,76.7765,36.233,97.6862,12.2222,11.1425,12.2115,12.531,9.9123,50.6851,0.109717,0.152974,2.5353,76.7765,36.233,97.6862,12.2222,11.1425,12.2115,12.531,9.9123,50.6851,0.109717,0.152974,,,,,,,,,,,,,0
1717.7004,2.536,72.0846,39.6021,93.9941,12.4367,11.2109,12.1675,12.4094,9.7848,39.1692,0.108862,0.151937,2.536,72.0846,39.6021,93.9941,12.4367,11.2109,12.1675,12.4094,9.7848,39.1692,0.108862,0.151937,,,,,,,,,,,,,0
1717.8528,2.5378,67.3926,42.9713,91.2819,12.378,11.2793,12.1234,12.2933,9.6573,27.6532,0.108245,0.150901,2.5378,67.3926,42.9713,91.2819,12.378,11.2793,12.1234,12.2933,9.6573,27.6532,0.108245,0.150901,,,,,,,,,,,,,0
1718.0052,2.5461,62.439,46.2846,91.3191,12.2647,11.3541,12.0903,12.099,9.544,16.5451,0.107845,0.149796,2.5461,62.439,46.2846,91.3191,12.2647,11.3541,12.0903,12.099,9.544,16.5451,0.107845,0.149796,,,,,,,,,,,,,0
1718.1576,2.5503,50.077,48.0173,92.0537,12.4823,11.6101,12.366,12.2423,9.832,16.9823,0.106871,0.146748,2.5503,50.077,48.0173,92.0537,12.4823,11.6101,12.366,12.2423,9.832,16.9823,0.106871,0.146748,,,,,,,,,,,,,0
1718.31,2.5444,37.7149,49.7499,91.1768,12.7409,11.8661,12.6416,12.5588,10.12,17.4195,0.102701,0.1437,2.5444,37.7149,49.7499,91.1768,12.7409,11.8661,12.6416,12.5588,10.12,17.4195,0.102701,0.1437,,,,,,,,,,,,,0
1718.4624,2.5379,25.3529,51.4825,88.1763,12.8679,12.1221,12.9173,12.954,10.408,17.8566,0.098814,0.140652,2.5379,25.3529,51.4825,88.1763,12.8679,12.1221,12.9173,12.954,10.408,17.8566,0.098814,0.140652,,,,,,,,,,,,,0
1718.6148,2.539,19.8812,53.2223,85.3077,14.7677,12.7921,13.9855,13.0982,9.7951,70.5294,0.09493,0.145778,2.539,19.8812,53.2223,85.3077,14.7677,12.7921,13.9855,13.0982,9.7951,70.5294,0.09493,0.145778,,,,,,,,,,,,,0
1718.7672,2.5461,16.6663,54.9643,81.8364,17.3721,13.5977,15.3134,14.9069,8.8872,140.3106,0.095851,0.153581,2.5461,16.6663,54.9643,81.8364,17.3721,13.5977,15.3134,14.9069,8.8872,140.3106,0.095851,0.153581,,,,,,,,,,,,,0
1718.9196,2.5513,13.4514,56.7064,75.4673,21.2545,14.4033,16.6412,19.6537,7.9793,210.0918,0.108717,0.161384,2.5513,13.4514,56.7064,75.4673,21.2545,14.4033,16.6412,19.6537,7.9793,210.0918,0.108717,0.161384,,,,,,,,,,,,,0
1719.072,2.5734,14.9534,82.9964,87.4192,16.4026,13.8047,16.2594,16.5116,8.209,241.8446,0.123491,0.169489,2.5734,14.9534,82.9964,87.4192,16.4026,13.8047,16.2594,16.5116,8.209,241.8446,0.123491,0.169489,,,,,,,,,,,,,0
1719.2244,2.6049,21.7226,136.6983,101.3856,11.6351,11.6382,13.9685,10.525,9.7092,231.1324,0.132346,0.177932,2.6049,21.7226,136.6983,101.3856,11.6351,11.6382,13.9685,10.525,9.7092,231.1324,0.132346,0.177932,,,,,,,,,,,,,0
1719.3768,2.6121,28.4918,190.4002,119.7768,9.4195,9.4716,11.6776,8.2372,11.2093,220.4202,0.145925,0.186375,2.6121,28.4918,190.4002,119.7768,9.4195,9.4716,11.6776,8.2372,11.2093,220.4202,0.145925,0.186375,,,,,,,,,,,,,0
1719.5292,2.6041,37.1785,235.7647,132.7535,8.5461,7.6395,9.7462,8.3498,12.7018,216.5236,0.154596,0.194934,2.6041,37.1785,235.7647,132.7535,8.5461,7.6395,9.7462,8.3498,12.7018,216.5236,0.154596,0.194934,,,,,,,,,,,,,0
1719.6816,2.6478,53.9558,245.9517,137.2575,8.5366,7.2184,9.3316,9.9116,14.1622,241.3837,0.163298,0.203987,2.6478,53.9558,245.9517,137.2575,8.5366,7.2184,9.3316,9.9116,14.1622,241.3837,0.163298,0.203987,,,,,,,,,,,,,0
1719.834,2.7178,70.7331,256.1388,143.2442,7.6818,6.7972,8.9171,9.5468,15.6225,266.2437,0.173623,0.21304,2.7178,70.7331,256.1388,143.2442,7.6818,6.7972,8.9171,9.5468,15.6225,266.2437,0.173623,0.21304,,,,,,,,,,,,,0
1719.9864,2.6544,87.5103,266.3259,150.1239,6.8313,6.3761,8.5025,7.5952,17.0829,291.1037,0.192854,0.222092,2.6544,87.5103,266.3259,150.1239,6.8313,6.3761,8.5025,7.5952,17.0829,291.1037,0.192854,0.222092,,,,,,,,,,,,,0
1720.1388,2.5976,91.3306,213.4444,156.1787,6.3441,6.0291,7.7577,6.575,14.8477,336.7717,0.205435,0.232422,2.5976,91.3306,213.4444,156.1787,6.3441,6.0291,7.7577,6.575,14.8477,336.7717,0.205435,0.232422,,,,,,,,,,,,,0
1720.2912,2.5935,93.8813,154.3832,157.154,5.6686,5.6894,6.9806,6.0914,12.2503,384.4785,0.211965,0.242876,2.5935,93.8813,154.3832,157.154,5.6686,5.6894,6.9806,6.0914,12.2503,384.4785,0.211965,0.242876,,,,,,,,,,,,,0
1720.4436,2.5949,96.4319,95.322,156.6055,5.6366,5.3497,6.2034,5.7329,9.653,432.1852,0.216286,0.253331,2.5949,96.4319,95.322,156.6055,5.6366,5.3497,6.2034,5.7329,9.653,432.1852,0.216286,0.253331,,,,,,,,,,,,,0
1720.596,2.617,96.4775,63.5892,155.8253,5.8902,5.2047,5.8236,5.855,8.9013,368.6802,0.217555,0.257296,2.617,96.4775,63.5892,155.8253,5.8902,5.2047,5.8236,5.855,8.9013,368.6802,0.217555,0.257296,,,,,,,,,,,,,0
1720.7484,2.6468,95.0512,47.9118,151.4256,5.7658,5.1741,5.6772,5.8251,9.234,239.8383,0.217509,0.257448,2.6468,95.0512,47.9118,151.4256,5.7658,5.1741,5.6772,5.8251,9.234,239.8383,0.217509,0.257448,,,,,,,,,,,,,0
1720.9008,2.6233,93.625,32.2344,153.5327,5.4893,5.1435,5.5309,5.479,9.5666,110.9963,0.216635,0.257601,2.6233,93.625,32.2344,153.5327,5.4893,5.1435,5.5309,5.479,9.5666,110.9963,0.216635,0.257601,,,,,,,,,,,,,0
1721.0532,2.5922,91.8039,22.6949,152.3121,5.2897,5.1161,5.4225,5.1826,9.6972,29.2653,0.217284,0.258381,2.5922,91.8039,22.6949,152.3121,5.2897,5.1161,5.4225,5.1826,9.6972,29.2653,0.217284,0.258381,,,,,,,,,,,,,0
1721.2056,2.5825,89.2466,24.6004,148.8011,5.4756,5.0947,5.385,5.4658,9.4512,35.3802,0.219558,0.260332,2.5825,89.2466,24.6004,148.8011,5.4756,5.0947,5.385,5.4658,9.4512,35.3802,0.219558,0.260332,,,,,,,,,,,,,0
1721.358,2.5831,86.6892,26.5059,155.2556,5.7077,5.0733,5.3475,5.5189,9.2052,41.4952,0.22152,0.262282,2.5831,86.6892,26.5059,155.2556,5.7077,5.0733,5.3475,5.5189,9.2052,41.4952,0.22152,0.262282,,,,,,,,,,,,,0
1721.5104,2.6032,84.7871,28.2375,157.6022,5.4641,5.0529,5.3125,5.3607,9.0579,47.1996,0.223503,0.264256,2.6032,84.7871,28.2375,157.6022,5.4641,5.0529,5.3125,5.3607,9.0579,47.1996,0.223503,0.264256,,,,,,,,,,,,,0
1721.6628,2.6005,91.831,27.5945,154.1695,5.2618,5.0456,5.3109,5.2798,10.2583,47.2994,0.225448,0.266542,2.6005,91.831,27.5945,154.1695,5.2618,5.0456,5.3109,5.2798,10.2583,47.2994,0.225448,0.266542,,,,,,,,,,,,,0
1721.8152,2.5747,98.8749,26.9514,151.7983,5.18,5.0383,5.3093,5.2317,11.4587,47.3991,0.228715,0.268828,2.5747,98.8749,26.9514,151.7983,5.18,5.0383,5.3093,5.2317,11.4587,47.3991,0.228715,0.268828,,,,,,,,,,,,,0
1721.9676,2.5647,105.9189,26.3084,155.7524,5.1951,5.031,5.3077,5.2279,12.6591,47.4989,0.23071,0.271114,2.5647,105.9189,26.3084,155.7524,5.1951,5.031,5.3077,5.2279,12.6591,47.4989,0.23071,0.271114,,,,,,,,,,,,,0
1722.12,2.5778,94.2965,25.6033,152.2104,5.3327,4.99,5.2964,5.4931,13.8891,39.7974,0.233169,0.273304,2.5778,94.2965,25.6033,152.2104,5.3327,4.99,5.2964,5.4931,13.8891,39.7974,0.233169,0.273304,,,,,,,,,,,,,0
1722.2724,2.5846,77.6343,24.8815,155.5319,5.1303,4.94,5.2824,5.4511,15.1272,29.9895,0.236186,0.275468,2.5846,77.6343,24.8815,155.5319,5.1303,4.94,5.2824,5.4511,15.1272,29.9895,0.236186,0.275468,,,,,,,,,,,,,0
1722.4248,2.5845,60.972,24.1596,160.8905,4.8595,4.89,5.2684,5.1883,16.3652,20.1816,0.237838,0.277632,2.5845,60.972,24.1596,160.8905,4.8595,4.89,5.2684,5.1883,16.3652,20.1816,0.237838,0.277632,,,,,,,,,,,,,0
1722.5772,2.5775,52.4485,24.9788,159.1189,4.6963,4.8929,5.3156,5.2988,17.2766,15.0282,0.240624,0.2766,2.5775,52.4485,24.9788,159.1189,4.6963,4.8929,5.3156,5.2988,17.2766,15.0282,0.240624,0.2766,,,,,,,,,,,,,0
1722.7296,2.5678,51.8528,27.2991,158.264,4.5706,4.9475,5.4225,5.1943,17.8698,14.4088,0.241681,0.272455,2.5678,51.8528,27.2991,158.264,4.5706,4.9475,5.4225,5.1943,17.8698,14.4088,0.241681,0.272455,,,,,,,,,,,,,0
1722.882,2.5628,51.2572,29.6193,160.4137,4.4596,5.0021,5.5294,4.9352,18.4631,13.7893,0.233209,0.26831,2.5628,51.2572,29.6193,160.4137,4.4596,5.0021,5.5294,4.9352,18.4631,13.7893,0.233209,0.26831,,,,,,,,,,,,,0
1723.0344,2.5674,50.6715,31.6986,149.6528,4.5313,5.2883,6.1756,5.0699,18.5225,15.2264,0.222441,0.25972,2.5674,50.6715,31.6986,149.6528,4.5313,5.2883,6.1756,5.0699,18.5225,15.2264,0.222441,0.25972,,,,,,,,,,,,,0
1723.1868,2.6066,50.1201,32.9512,117.8026,6.0164,6.3693,8.6722,6.5101,16.7507,23.7178,0.196422,0.235884,2.6066,50.1201,32.9512,117.8026,6.0164,6.3693,8.6722,6.5101,16.7507,23.7178,0.196422,0.235884,,,,,,,,,,,,,0
1723.3392,2.6382,49.5686,34.2039,90.1888,6.9572,7.4504,11.1688,7.8932,14.9789,32.2092,0.171482,0.212049,2.6382,49.5686,34.2039,90.1888,6.9572,7.4504,11.1688,7.8932,14.9789,32.2092,0.171482,0.212049,,,,,,,,,,,,,0
1723.4916,2.6109,49.0172,35.4565,67.4381,8.0011,8.5314,13.6654,12.2872,13.2071,40.7007,0.144956,0.188214,2.6109,49.0172,35.4565,67.4381,8.0011,8.5314,13.6654,12.2872,13.2071,40.7007,0.144956,0.188214,,,,,,,,,,,,,0
1723.644,2.5621,40.9041,36.0014,64.3758,8.5937,8.5952,13.9112,14.551,12.0155,44.5225,0.126784,0.174314,2.5621,40.9041,36.0014,64.3758,8.5937,8.5952,13.9112,14.551,12.0155,44.5225,0.126784,0.174314,,,,,,,,,,,,,0
1723.7964,2.5151,32.3498,36.5052,67.0141,9.056,8.5996,14.0257,14.6912,10.8578,48.072,0.111511,0.160995,2.5151,32.3498,36.5052,67.0141,9.056,8.5996,14.0257,14.6912,10.8578,48.072,0.111511,0.160995,,,,,,,,,,,,,0
1723.9488,2.4989,23.7956,37.0089,63.1496,9.1058,8.604,14.1401,14.1826,9.7001,51.6214,0.101847,0.147675,2.4989,23.7956,37.0089,63.1496,9.1058,8.604,14.1401,14.1826,9.7001,51.6214,0.101847,0.147675,,,,,,,,,,,,,0
1724.1012,2.4835,78.364,33.6956,60.0896,8.9443,8.3259,13.8243,13.6846,9.2662,56.481,0.098214,0.143018,2.4835,78.364,33.6956,60.0896,8.9443,8.3259,13.8243,13.6846,9.2662,56.481,0.098214,0.143018,,,,,,,,,,,,,0
1724.2536,2.4767,164.8679,28.4513,59.6884,9.1182,7.9048,13.2907,14.2692,9.1984,62.0033,0.097583,0.142744,2.4767,164.8679,28.4513,59.6884,9.1182,7.9048,13.2907,14.2692,9.1984,62.0033,0.097583,0.142744,,,,,,,,,,,,,0
1724.406,2.461,251.3718,23.2069,55.3464,7.5462,7.4837,12.7572,11.4625,9.1307,67.5256,0.099331,0.142469,2.461,251.3718,23.2069,55.3464,7.5462,7.4837,12.7572,11.4625,9.1307,67.5256,0.099331,0.142469,,,,,,,,,,,,,0
1724.5584,2.4331,435.4824,20.131,54.2796,5.8599,6.9685,11.9816,8.8965,9.0714,78.199,0.101093,0.143258,2.4331,435.4824,20.131,54.2796,5.8599,6.9685,11.9816,8.8965,9.0714,78.199,0.101093,0.143258,,,,,,,,,,,,,0
1724.7108,2.4088,776.6996,20.5454,52.8974,5.3887,6.3017,10.8163,9.5454,9.0259,97.1635,0.104343,0.145757,2.4088,776.6996,20.5454,52.8974,5.3887,6.3017,10.8163,9.5454,9.0259,97.1635,0.104343,0.145757,,,,,,,,,,,,,0
1724.8632,2.4079,1117.9167,20.9598,53.9439,4.9865,5.6349,9.651,9.3746,8.9803,116.128,0.106793,0.148256,2.4079,1117.9167,20.9598,53.9439,4.9865,5.6349,9.651,9.3746,8.9803,116.128,0.106793,0.148256,,,,,,,,,,,,,0
1725.0156,2.4136,1390.7288,27.2467,54.1059,4.7188,5.0764,8.6361,7.9696,8.8393,132.7919,0.108958,0.150569,2.4136,1390.7288,27.2467,54.1059,4.7188,5.0764,8.6361,7.9696,8.8393,132.7919,0.108958,0.150569,,,,,,,,,,,,,0
1725.168,2.4164,1063.6805,85.0303,54.5507,4.9615,5.4679,8.9404,7.769,7.8613,129.2815,0.110793,0.151239,2.4164,1063.6805,85.0303,54.5507,4.9615,5.4679,8.9404,7.769,7.8613,129.2815,0.110793,0.151239,,,,,,,,,,,,,0
1725.3204,2.4281,736.6322,142.8139,52.6642,5.6536,5.8593,9.2446,8.7918,6.8833,125.7712,0.111364,0.15191,2.4281,736.6322,142.8139,52.6642,5.6536,5.8593,9.2446,8.7918,6.8833,125.7712,0.111364,0.15191,,,,,,,,,,,,,0
1725.4728,2.4352,409.5839,200.5975,55.8272,6.2491,6.2508,9.5489,9.2491,5.9053,122.2608,0.110316,0.15258,2.4352,409.5839,200.5975,55.8272,6.2491,6.2508,9.5489,9.2491,5.9053,122.2608,0.110316,0.15258,,,,,,,,,,,,,0
1725.6252,2.4376,282.0069,205.369,58.7892,6.5338,6.5745,10.2805,9.6418,5.6723,111.1101,0.108935,0.151673,2.4376,282.0069,205.369,58.7892,6.5338,6.5745,10.2805,9.6418,5.6723,111.1101,0.108935,0.151673,,,,,,,,,,,,,0
1725.7776,2.4491,197.7654,198.6235,60.4638,6.6998,6.8835,11.1049,11.0305,5.6013,98.2995,0.107097,0.150424,2.4491,197.7654,198.6235,60.4638,6.6998,6.8835,11.1049,11.0305,5.6013,98.2995,0.107097,0.150424,,,,,,,,,,,,,0
1725.93,2.4614,113.524,191.8779,63.3029,7.1161,7.1925,11.9293,12.4484,5.5302,85.4889,0.10579,0.149174,2.4614,113.524,191.8779,63.3029,7.1161,7.1925,11.9293,12.4484,5.5302,85.4889,0.10579,0.149174,,,,,,,,,,,,,0
1726.0824,2.4686,76.2289,165.2731,69.9988,7.3936,7.3019,12.1325,12.8703,6.2152,74.6549,0.10735,0.152555,2.4686,76.2289,165.2731,69.9988,7.3936,7.3019,12.1325,12.8703,6.2152,74.6549,0.10735,0.152555,,,,,,,,,,,,,0
1726.2348,2.4777,78.8155,121.7975,80.7923,7.8017,7.2418,11.8079,12.9033,7.5425,65.4999,0.111334,0.15987,2.4777,78.8155,121.7975,80.7923,7.8017,7.2418,11.8079,12.9033,7.5425,65.4999,0.111334,0.15987,,,,,,,,,,,,,0
1726.3872,2.5144,81.402,78.322,99.1117,7.503,7.1817,11.4833,11.7615,8.8697,56.345,0.124034,0.167186,2.5144,81.402,78.322,99.1117,7.503,7.1817,11.4833,11.7615,8.8697,56.345,0.124034,0.167186,,,,,,,,,,,,,0
1726.5396,2.542,87.1733,44.396,123.7832,6.9395,7.0377,11.037,10.3625,10.171,97.4874,0.138145,0.177819,2.542,87.1733,44.396,123.7832,6.9395,7.0377,11.037,10.3625,10.171,97.4874,0.138145,0.177819,,,,,,,,,,,,,0
1726.692,2.5752,102.0162,37.6721,140.1946,6.6096,6.6549,10.2443,9.1436,11.3982,281.9012,0.162499,0.197906,2.5752,102.0162,37.6721,140.1946,6.6096,6.6549,10.2443,9.1436,11.3982,281.9012,0.162499,0.197906,,,,,,,,,,,,,0
1726.8444,2.6012,116.859,30.9481,141.729,6.5409,6.2721,9.4515,8.6711,12.6254,466.3149,0.183303,0.217992,2.6012,116.859,30.9481,141.729,6.5409,6.2721,9.4515,8.6711,12.6254,466.3149,0.183303,0.217992,,,,,,,,,,,,,0
1726.9968,2.6047,131.7018,24.2242,149.1355,6.2187,5.8893,8.6587,8.3889,13.8526,650.7286,0.199925,0.238078,2.6047,131.7018,24.2242,149.1355,6.2187,5.8893,8.6587,8.3889,13.8526,650.7286,0.199925,0.238078,,,,,,,,,,,,,0
1727.1492,2.6054,105.4272,27.7482,155.4696,5.8785,5.6902,8.36,7.9808,13.9923,640.5426,0.209234,0.244349,2.6054,105.4272,27.7482,155.4696,5.8785,5.6902,8.36,7.9808,13.9923,640.5426,0.209234,0.244349,,,,,,,,,,,,,0
1727.3016,2.6252,78.2707,31.4919,152.0394,5.9098,5.4951,8.0719,7.9667,14.1086,626.1828,0.215237,0.250323,2.6252,78.2707,31.4919,152.0394,5.9098,5.4951,8.0719,7.9667,14.1086,626.1828,0.215237,0.250323,,,,,,,,,,,,,0
1727.454,2.6341,51.1142,35.2357,152.0133,5.7155,5.2999,7.7838,7.5801,14.225,611.823,0.217572,0.256297,2.6341,51.1142,35.2357,152.0133,5.7155,5.2999,7.7838,7.5801,14.225,611.823,0.217572,0.256297,,,,,,,,,,,,,0
1727.6064,2.6129,40.6208,55.2959,154.7175,5.4465,5.1516,7.5896,7.5724,14.3115,518.1542,0.217372,0.258781,2.6129,40.6208,55.2959,154.7175,5.4465,5.1516,7.5896,7.5724,14.3115,518.1542,0.217372,0.258781,,,,,,,,,,,,,0
1727.7588,2.5981,37.3315,82.4103,156.0598,5.2726,5.0237,7.4361,7.5853,14.3851,390.1976,0.217364,0.259756,2.5981,37.3315,82.4103,156.0598,5.2726,5.0237,7.4361,7.5853,14.3851,390.1976,0.217364,0.259756,,,,,,,,,,,,,0
1727.9112,2.6013,34.0421,109.5247,158.2453,5.2656,4.8957,7.2826,7.5845,14.4587,262.2411,0.218739,0.260732,2.6013,34.0421,109.5247,158.2453,5.2656,4.8957,7.2826,7.5845,14.4587,262.2411,0.218739,0.260732,,,,,,,,,,,,,0
1728.0636,2.5955,32.5206,116.5534,162.7728,5.1462,4.8108,7.1207,7.4298,14.4603,179.7044,0.221541,0.262725,2.5955,32.5206,116.5534,162.7728,5.1462,4.8108,7.1207,7.4298,14.4603,179.7044,0.221541,0.262725,,,,,,,,,,,,,0
1728.216,2.5938,33.4675,95.5379,160.571,4.7831,4.786,6.9473,6.5888,14.3614,160.5843,0.227611,0.266138,2.5938,33.4675,95.5379,160.571,4.7831,4.786,6.9473,6.5888,14.3614,160.5843,0.227611,0.266138,,,,,,,,,,,,,0
1728.3684,2.5981,34.4144,74.5224,158.1409,4.7265,4.7613,6.7739,6.4947,14.2625,141.4642,0.231229,0.269552,2.5981,34.4144,74.5224,158.1409,4.7265,4.7613,6.7739,6.4947,14.2625,141.4642,0.231229,0.269552,,,,,,,,,,,,,0
1728.5208,2.6035,35.7775,54.7921,159.2427,4.613,4.7634,6.658,5.9732,14.1812,136.7622,0.231955,0.272417,2.6035,35.7775,54.7921,159.2427,4.613,4.7634,6.658,5.9732,14.1812,136.7622,0.231955,0.272417,,,,,,,,,,,,,0
1728.6732,2.6399,39.7746,43.1931,149.6634,5.089,4.9355,6.9061,7.2411,14.2116,223.2818,0.231526,0.271807,2.6399,39.7746,43.1931,149.6634,5.089,4.9355,6.9061,7.2411,14.2116,223.2818,0.231526,0.271807,,,,,,,,,,,,,0
1728.8256,2.6814,43.7716,31.594,141.2916,5.884,5.1076,7.1541,8.6024,14.2419,309.8015,0.230754,0.271198,2.6814,43.7716,31.594,141.2916,5.884,5.1076,7.1541,8.6024,14.2419,309.8015,0.230754,0.271198,,,,,,,,,,,,,0
1728.978,2.6683,47.7687,19.9949,146.5892,5.0401,5.2797,7.4021,7.2668,14.2722,396.3212,0.229224,0.270588,2.6683,47.7687,19.9949,146.5892,5.0401,5.2797,7.4021,7.2668,14.2722,396.3212,0.229224,0.270588,,,,,,,,,,,,,0
1729.1304,2.63,45.7471,17.3788,159.6462,4.2481,5.1822,7.1547,5.8858,14.6065,343.8857,0.227288,0.269405,2.63,45.7471,17.3788,159.6462,4.2481,5.1822,7.1547,5.8858,14.6065,343.8857,0.227288,0.269405,,,,,,,,,,,,,0
1729.2828,2.5963,42.7102,16.2783,163.7965,4.3519,5.0392,6.8238,5.837,14.992,268.0069,0.22609,0.268124,2.5963,42.7102,16.2783,163.7965,4.3519,5.0392,6.8238,5.837,14.992,268.0069,0.22609,0.268124,,,,,,,,,,,,,0
1729.4352,2.5898,39.6732,15.1777,154.864,4.3855,4.8962,6.4929,6.002,15.3776,192.1281,0.225609,0.266844,2.5898,39.6732,15.1777,154.864,4.3855,4.8962,6.4929,6.002,15.3776,192.1281,0.225609,0.266844,,,,,,,,,,,,,0
1729.5876,2.6092,35.9097,21.4065,147.1281,4.6871,4.9396,6.574,6.8968,15.5135,145.57,0.223778,0.264741,2.6092,35.9097,21.4065,147.1281,4.6871,4.9396,6.574,6.8968,15.5135,145.57,0.223778,0.264741,,,,,,,,,,,,,0
1729.74,2.6226,31.6086,33.0568,141.9623,4.7145,5.121,6.96,7.3069,15.4647,120.7011,0.221078,0.262028,2.6226,31.6086,33.0568,141.9623,4.7145,5.121,6.96,7.3069,15.4647,120.7011,0.221078,0.262028,,,,,,,,,,,,,0
1729.8924,2.615,27.3076,44.7072,146.0589,4.6265,5.3023,7.3459,7.1643,15.4159,95.8322,0.217931,0.259315,2.615,27.3076,44.7072,146.0589,4.6265,5.3023,7.3459,7.1643,15.4159,95.8322,0.217931,0.259315,,,,,,,,,,,,,0
1730.0448,2.6182,23.8662,64.4386,146.4399,4.7442,5.5809,7.8944,7.6044,15.2285,105.1979,0.214723,0.255321,2.6182,23.8662,64.4386,146.4399,4.7442,5.5809,7.8944,7.6044,15.2285,105.1979,0.214723,0.255321,,,,,,,,,,,,,0
1730.1972,2.6171,22.4895,103.579,143.8707,5.176,6.0932,8.8335,8.5591,14.7081,196.7881,0.207413,0.24825,2.6171,22.4895,103.579,143.8707,5.176,6.0932,8.8335,8.5591,14.7081,196.7881,0.207413,0.24825,,,,,,,,,,,,,0
1730.3496,2.5955,21.1128,142.7195,145.9296,5.5632,6.6056,9.7726,9.4315,14.1876,288.3782,0.200201,0.241179,2.5955,21.1128,142.7195,145.9296,5.5632,6.6056,9.7726,9.4315,14.1876,288.3782,0.200201,0.241179,,,,,,,,,,,,,0
1730.502,2.5596,19.7249,181.3329,140.7237,6.4851,7.1213,10.7174,11.3825,13.6583,377.6235,0.190765,0.234082,2.5596,19.7249,181.3329,140.7237,6.4851,7.1213,10.7174,11.3825,13.6583,377.6235,0.190765,0.234082,,,,,,,,,,,,,0
1730.6544,2.5436,17.4885,180.3159,136.2789,7.327,7.8892,12.0952,12.5772,12.465,290.5355,0.182901,0.22506,2.5436,17.4885,180.3159,136.2789,7.327,7.8892,12.0952,12.5772,12.465,290.5355,0.182901,0.22506,,,,,,,,,,,,,0
1730.8068,2.5592,15.2521,179.299,129.8387,8.9312,8.6571,13.473,14.9439,11.2716,203.4475,0.17321,0.216037,2.5592,15.2521,179.299,129.8387,8.9312,8.6571,13.473,14.9439,11.2716,203.4475,0.17321,0.216037,,,,,,,,,,,,,0
1730.9592,2.58,13.0157,178.282,124.9212,9.8005,9.425,14.8507,16.8801,10.0782,116.3595,0.164053,0.207015,2.58,13.0157,178.282,124.9212,9.8005,9.425,14.8507,16.8801,10.0782,116.3595,0.164053,0.207015,,,,,,,,,,,,,0
1731.1116,2.5977,12.5759,191.0688,121.6994,9.5524,9.3059,14.455,16.0916,9.6201,82.0711,0.155751,0.20277,2.5977,12.5759,191.0688,121.6994,9.5524,9.3059,14.455,16.0916,9.6201,82.0711,0.155751,0.20277,,,,,,,,,,,,,0
1731.264,2.6054,12.793,208.9021,123.7087,9.105,8.8625,13.4108,14.2767,9.4309,67.0857,0.15209,0.20027,2.6054,12.793,208.9021,123.7087,9.105,8.8625,13.4108,14.2767,9.4309,67.0857,0.15209,0.20027,,,,,,,,,,,,,0
1731.4164,2.6077,13.01,226.7353,128.5999,8.064,8.4191,12.3666,11.9093,9.2416,52.1003,0.153331,0.197771,2.6077,13.01,226.7353,128.5999,8.064,8.4191,12.3666,11.9093,9.2416,52.1003,0.153331,0.197771,,,,,,,,,,,,,0
1731.5688,2.5954,12.9132,228.8139,138.6847,6.743,8.556,12.5957,10.0491,9.268,46.3328,0.157389,0.194501,2.5954,12.9132,228.8139,138.6847,6.743,8.556,12.5957,10.0491,9.268,46.3328,0.157389,0.194501,,,,,,,,,,,,,0
1731.7212,2.593,12.4349,211.7485,137.4281,6.2431,9.3979,14.3721,9.7373,9.5564,51.7661,0.157542,0.190295,2.593,12.4349,211.7485,137.4281,6.2431,9.3979,14.3721,9.7373,9.5564,51.7661,0.157542,0.190295,,,,,,,,,,,,,0
1731.8736,2.6005,11.9567,194.6832,116.6116,8.8361,10.2398,16.1485,15.8202,9.8449,57.1994,0.147097,0.186089,2.6005,11.9567,194.6832,116.6116,8.8361,10.2398,16.1485,15.8202,9.8449,57.1994,0.147097,0.186089,,,,,,,,,,,,,0
1732.026,2.5986,11.8667,199.8605,99.4002,11.0533,11.1497,17.8646,19.8805,9.9502,71.1165,0.134429,0.180312,2.5986,11.8667,199.8605,99.4002,11.0533,11.1497,17.8646,19.8805,9.9502,71.1165,0.134429,0.180312,,,,,,,,,,,,,0
1732.1784,2.5958,13.6646,313.1713,91.4969,10.7929,12.3901,19.2879,19.204,9.1656,126.2785,0.117608,0.166901,2.5958,13.6646,313.1713,91.4969,10.7929,12.3901,19.2879,19.204,9.1656,126.2785,0.117608,0.166901,,,,,,,,,,,,,0
1732.3308,2.5822,15.4624,426.482,87.1981,11.4054,13.6304,20.7112,19.2981,8.381,181.4405,0.106318,0.15349,2.5822,15.4624,426.482,87.1981,11.4054,13.6304,20.7112,19.2981,8.381,181.4405,0.106318,0.15349,,,,,,,,,,,,,0
1732.4832,2.581,17.2603,539.7927,75.1527,15.731,14.8708,22.1345,24.5336,7.5964,236.6025,0.09488,0.140078,2.581,17.2603,539.7927,75.1527,15.731,14.8708,22.1345,24.5336,7.5964,236.6025,0.09488,0.140078,,,,,,,,,,,,,0
1732.6356,2.5895,18.0587,431.0131,67.4059,21.0473,15.9057,24.8386,29.4137,6.8231,259.0434,0.086766,0.134885,2.5895,18.0587,431.0131,67.4059,21.0473,15.9057,24.8386,29.4137,6.8231,259.0434,0.086766,0.134885,,,,,,,,,,,,,0
1732.788,2.5707,18.7333,294.7179,63.0211,15.9456,16.9151,27.7015,23.8649,6.0512,277.4303,0.083633,0.130709,2.5707,18.7333,294.7179,63.0211,15.9456,16.9151,27.7015,23.8649,6.0512,277.4303,0.083633,0.130709,,,,,,,,,,,,,0
1732.9404,2.5314,19.4079,158.4226,60.7249,11.903,17.9245,30.5643,22.9914,5.2794,295.8171,0.083183,0.126533,2.5314,19.4079,158.4226,60.7249,11.903,17.9245,30.5643,22.9914,5.2794,295.8171,0.083183,0.126533,,,,,,,,,,,,,0
1733.0928,2.5086,19.6444,98.0784,58.4771,14.3133,19.2851,33.9496,26.9404,5.1602,288.8135,0.084739,0.125531,2.5086,19.6444,98.0784,58.4771,14.3133,19.2851,33.9496,26.9404,5.1602,288.8135,0.084739,0.125531,,,,,,,,,,,,,0
1733.2452,2.503,19.5996,86.5131,57.3991,17.6691,20.8711,37.6703,34.3601,5.4602,265.503,0.086074,0.126567,2.503,19.5996,86.5131,57.3991,17.6691,20.8711,37.6703,34.3601,5.4602,265.503,0.086074,0.126567,,,,,,,,,,,,,0
1733.3976,2.5025,19.5548,74.9477,64.8,26.1163,22.4572,41.3911,46.5504,5.7602,242.1925,0.087229,0.127604,2.5025,19.5548,74.9477,64.8,26.1163,22.4572,41.3911,46.5504,5.7602,242.1925,0.087229,0.127604,,,,,,,,,,,,,0
1733.55,2.5153,27.4701,64.8897,71.1326,26.7128,23.2478,42.9087,44.6668,5.8062,208.0153,0.086424,0.128,2.5153,27.4701,64.8897,71.1326,26.7128,23.2478,42.9087,44.6668,5.8062,208.0153,0.086424,0.128,,,,,,,,,,,,,0
1733.7024,2.5379,51.6876,57.9186,76.5958,25.5043,22.4091,39.9142,33.5412,5.3319,151.5831,0.084424,0.127086,2.5379,51.6876,57.9186,76.5958,25.5043,22.4091,39.9142,33.5412,5.3319,151.5831,0.084424,0.127086,,,,,,,,,,,,,0
1733.8548,2.5634,75.905,50.9475,80.2717,31.8958,21.5705,36.9198,39.5,4.8575,95.151,0.083381,0.126171,2.5634,75.905,50.9475,80.2717,31.8958,21.5705,36.9198,39.5,4.8575,95.151,0.083381,0.126171,,,,,,,,,,,,,0
1734.0072,2.5822,101.7934,43.9658,90.8229,24.8377,20.6593,33.8658,34.3388,4.4285,41.0714,0.084412,0.125432,2.5822,101.7934,43.9658,90.8229,24.8377,20.6593,33.8658,34.3388,4.4285,41.0714,0.084412,0.125432,,,,,,,,,,,,,0
1734.1596,2.5674,161.377,36.7692,96.4666,15.9994,18.2833,29.6115,21.3125,4.9143,34.4347,0.087332,0.128237,2.5674,161.377,36.7692,96.4666,15.9994,18.2833,29.6115,21.3125,4.9143,34.4347,0.087332,0.128237,,,,,,,,,,,,,0
1734.312,2.5433,220.9606,29.5725,95.6734,14.8178,15.9074,25.3571,17.7721,5.4,27.798,0.092235,0.131041,2.5433,220.9606,29.5725,95.6734,14.8178,15.9074,25.3571,17.7721,5.4,27.798,0.092235,0.131041,,,,,,,,,,,,,0
1734.4644,2.5386,280.5442,22.3759,91.5232,14.5267,13.5315,21.1028,17.9552,5.8857,21.1613,0.093981,0.133845,2.5386,280.5442,22.3759,91.5232,14.5267,13.5315,21.1028,17.9552,5.8857,21.1613,0.093981,0.133845,,,,,,,,,,,,,0
1734.6168,2.55,259.0971,33.3372,87.5415,14.8012,12.9681,20.1556,20.4048,5.6822,18.0748,0.090802,0.133893,2.55,259.0971,33.3372,87.5415,14.8012,12.9681,20.1556,20.4048,5.6822,18.0748,0.090802,0.133893,,,,,,,,,,,,,0
1734.7692,2.5491,212.9522,49.8328,84.0855,15.6922,12.9572,20.2165,21.394,5.2686,16.0705,0.087314,0.1331,2.5491,212.9522,49.8328,84.0855,15.6922,12.9572,20.2165,21.394,5.2686,16.0705,0.087314,0.1331,,,,,,,,,,,,,0
1734.9216,2.5483,166.8073,66.3285,83.8953,16.3484,12.9463,20.2774,21.155,4.8551,14.0661,0.087576,0.132308,2.5483,166.8073,66.3285,83.8953,16.3484,12.9463,20.2774,21.155,4.8551,14.0661,0.087576,0.132308,,,,,,,,,,,,,0
1735.074,2.5605,140.467,82.2818,94.3459,15.5583,12.5216,19.563,20.0294,4.7756,13.6751,0.094359,0.137524,2.5605,140.467,82.2818,94.3459,15.5583,12.5216,19.563,20.0294,4.7756,13.6751,0.094359,0.137524,,,,,,,,,,,,,0
1735.2264,2.5657,135.1088,97.6603,101.9319,14.739,11.6586,18.0272,19.288,5.0503,14.9935,0.10303,0.149106,2.5657,135.1088,97.6603,101.9319,14.739,11.6586,18.0272,19.288,5.0503,14.9935,0.10303,0.149106,,,,,,,,,,,,,0
1735.3788,2.5687,129.7506,113.0388,114.3193,12.9566,10.7956,16.4914,16.2575,5.3249,16.3118,0.119011,0.160689,2.5687,129.7506,113.0388,114.3193,12.9566,10.7956,16.4914,16.2575,5.3249,16.3118,0.119011,0.160689,,,,,,,,,,,,,0
1735.5312,2.5752,119.1076,129.25,124.3268,12.2171,9.8959,14.9292,13.182,6.1277,17.0649,0.133416,0.173869,2.5752,119.1076,129.25,124.3268,12.2171,9.8959,14.9292,13.182,6.1277,17.0649,0.133416,0.173869,,,,,,,,,,,,,0
1735.6836,2.5854,87.9351,148.6957,137.2433,10.5701,8.8538,13.2648,11.5772,8.9825,15.622,0.153791,0.193254,2.5854,87.9351,148.6957,137.2433,10.5701,8.8538,13.2648,11.5772,8.9825,15.622,0.153791,0.193254,,,,,,,,,,,,,0
1735.836,2.5908,56.7626,168.1415,148.6316,9.2624,7.8118,11.6003,10.169,11.8372,14.1791,0.172412,0.212639,2.5908,56.7626,168.1415,148.6316,9.2624,7.8118,11.6003,10.169,11.8372,14.1791,0.172412,0.212639,,,,,,,,,,,,,0
1735.9884,2.5911,25.5901,187.5872,157.9861,8.3773,6.7697,9.9358,9.1233,14.6919,12.7361,0.196643,0.232024,2.5911,25.5901,187.5872,157.9861,8.3773,6.7697,9.9358,9.1233,14.6919,12.7361,0.196643,0.232024,,,,,,,,,,,,,0
1736.1408,2.5913,22.3339,153.5945,160.266,7.4374,6.3774,9.3723,8.65,14.8679,15.4727,0.211546,0.242032,2.5913,22.3339,153.5945,160.266,7.4374,6.3774,9.3723,8.65,14.8679,15.4727,0.211546,0.242032,,,,,,,,,,,,,0
1736.2932,2.597,21.3777,115.1992,159.7786,7.2588,6.0387,8.8995,8.2299,14.8231,18.5537,0.218237,0.251268,2.597,21.3777,115.1992,159.7786,7.2588,6.0387,8.8995,8.2299,14.8231,18.5537,0.218237,0.251268,,,,,,,,,,,,,0
1736.4456,2.6041,20.4214,76.8039,157.7584,7.4142,5.6999,8.4267,8.0656,14.7784,21.6346,0.222358,0.260503,2.6041,20.4214,76.8039,157.7584,7.4142,5.6999,8.4267,8.0656,14.7784,21.6346,0.222358,0.260503,,,,,,,,,,,,,0
1736.598,2.6551,18.9589,63.6546,146.4194,7.197,5.4866,8.0767,8.229,13.9212,21.3916,0.223555,0.263624,2.6551,18.9589,63.6546,146.4194,7.197,5.4866,8.0767,8.229,13.9212,21.3916,0.223555,0.263624,,,,,,,,,,,,,0
1736.7504,2.6877,17.2154,64.5194,145.665,6.6938,5.3428,7.7949,8.1537,12.613,19.3033,0.223126,0.263349,2.6877,17.2154,64.5194,145.665,6.6938,5.3428,7.7949,8.1537,12.613,19.3033,0.223126,0.263349,,,,,,,,,,,,,0
1736.9028,2.6615,15.4718,65.3841,150.7349,5.9882,5.1991,7.513,7.5463,11.3048,17.2151,0.222226,0.263075,2.6615,15.4718,65.3841,150.7349,5.9882,5.1991,7.513,7.5463,11.3048,17.2151,0.222226,0.263075,,,,,,,,,,,,,0
1737.0552,2.6209,14.1657,77.1101,154.8884,5.6864,5.1014,7.1715,7.1896,11.0243,16.0554,0.221326,0.263573,2.6209,14.1657,77.1101,154.8884,5.6864,5.1014,7.1715,7.1896,11.0243,16.0554,0.221326,0.263573,,,,,,,,,,,,,0
1737.2076,2.6009,13.6299,107.9613,159.2112,5.7286,5.0848,6.7248,7.0067,12.5534,16.5309,0.223615,0.265433,2.6009,13.6299,107.9613,159.2112,5.7286,5.0848,6.7248,7.0067,12.5534,16.5309,0.223615,0.265433,,,,,,,,,,,,,0
1737.36,2.6016,13.094,138.8124,160.3717,5.7752,5.0682,6.2781,6.2226,14.0824,17.0063,0.225802,0.267292,2.6016,13.094,138.8124,160.3717,5.7752,5.0682,6.2781,6.2226,14.0824,17.0063,0.225802,0.267292,,,,,,,,,,,,,0
1737.5124,2.6158,12.5203,165.0365,153.6319,5.7283,5.05,5.8552,5.6353,15.4846,18.4245,0.22907,0.269117,2.6158,12.5203,165.0365,153.6319,5.7283,5.05,5.8552,5.6353,15.4846,18.4245,0.22907,0.269117,,,,,,,,,,,,,0
1737.6648,2.6156,11.5193,139.0206,151.3946,5.7824,5.0126,5.7012,5.655,15.4557,30.4866,0.231848,0.270549,2.6156,11.5193,139.0206,151.3946,5.7824,5.0126,5.7012,5.655,15.4557,30.4866,0.231848,0.270549,,,,,,,,,,,,,0
1737.8172,2.6106,10.5182,113.0046,151.6418,5.6591,4.9753,5.5472,5.604,15.4267,42.5486,0.232054,0.271982,2.6106,10.5182,113.0046,151.6418,5.6591,4.9753,5.5472,5.604,15.4267,42.5486,0.232054,0.271982,,,,,,,,,,,,,0
1737.9696,2.6094,9.5171,86.9886,153.8803,5.5014,4.9379,5.3932,5.381,15.3977,54.6106,0.23282,0.273414,2.6094,9.5171,86.9886,153.8803,5.5014,4.9379,5.3932,5.381,15.3977,54.6106,0.23282,0.273414,,,,,,,,,,,,,0
1738.122,2.6128,9.3642,71.5837,155.0171,5.2984,4.8014,5.1673,5.1803,15.38,70.5106,0.23525,0.276213,2.6128,9.3642,71.5837,155.0171,5.2984,4.8014,5.1673,5.1803,15.38,70.5106,0.23525,0.276213,,,,,,,,,,,,,0
1738.2744,2.6184,9.4226,58.8229,162.9854,4.8573,4.6402,4.9235,4.6466,15.3651,87.3669,0.239361,0.279353,2.6184,9.4226,58.8229,162.9854,4.8573,4.6402,4.9235,4.6466,15.3651,87.3669,0.239361,0.279353,,,,,,,,,,,,,0
1738.4268,2.6217,9.4809,46.0621,164.1228,4.5307,4.479,4.6796,4.3109,15.3502,104.2232,0.242631,0.282492,2.6217,9.4809,46.0621,164.1228,4.5307,4.479,4.6796,4.3109,15.3502,104.2232,0.242631,0.282492,,,,,,,,,,,,,0
1738.5792,2.6139,9.8157,39.6827,161.0269,4.3903,4.3914,4.5755,4.3392,15.2836,144.7227,0.244839,0.284348,2.6139,9.8157,39.6827,161.0269,4.3903,4.3914,4.5755,4.3392,15.2836,144.7227,0.244839,0.284348,,,,,,,,,,,,,0
1738.7316,2.608,10.4058,39.2012,157.7111,4.4125,4.3717,4.6006,4.5423,15.169,207.0743,0.245728,0.285019,2.608,10.4058,39.2012,157.7111,4.4125,4.3717,4.6006,4.5423,15.169,207.0743,0.245728,0.285019,,,,,,,,,,,,,0
1738.884,2.6117,10.996,38.7197,160.1817,4.3476,4.352,4.6257,4.6542,15.0545,269.426,0.245609,0.28569,2.6117,10.996,38.7197,160.1817,4.3476,4.352,4.6257,4.6542,15.0545,269.426,0.245609,0.28569,,,,,,,,,,,,,0
1739.0364,2.6094,11.3866,37.9859,158.841,4.2439,4.3538,4.6587,4.5595,15.3159,306.222,0.245819,0.285938,2.6094,11.3866,37.9859,158.841,4.2439,4.3538,4.6587,4.5595,15.3159,306.222,0.245819,0.285938,,,,,,,,,,,,,0
1739.1888,2.6334,11.1413,36.448,159.3136,4.3967,4.4244,4.717,4.7806,16.7752,261.5771,0.245362,0.284841,2.6334,11.1413,36.448,159.3136,4.3967,4.4244,4.717,4.7806,16.7752,261.5771,0.245362,0.284841,,,,,,,,,,,,,0
1739.3412,2.653,10.896,34.9102,161.3843,4.2049,4.4949,4.7753,4.622,18.2346,216.9322,0.244107,0.283743,2.653,10.896,34.9102,161.3843,4.2049,4.4949,4.7753,4.622,18.2346,216.9322,0.244107,0.283743,,,,,,,,,,,,,0
1739.4936,2.6354,10.6507,33.3723,155.47,4.2575,4.5654,4.8336,4.8231,19.6939,172.2872,0.241049,0.282646,2.6354,10.6507,33.3723,155.47,4.2575,4.5654,4.8336,4.8231,19.6939,172.2872,0.241049,0.282646,,,,,,,,,,,,,0
1739.646,2.6196,11.5724,31.7495,153.1504,4.3915,4.775,5.0063,5.084,19.5084,125.5318,0.237431,0.277286,2.6196,11.5724,31.7495,153.1504,4.3915,4.775,5.0063,5.084,19.5084,125.5318,0.237431,0.277286,,,,,,,,,,,,,0
1739.7984,2.6135,12.5453,30.1229,154.2712,4.4553,4.9906,5.1841,5.2422,19.2507,78.6838,0.229248,0.271738,2.6135,12.5453,30.1229,154.2712,4.4553,4.9906,5.1841,5.2422,19.2507,78.6838,0.229248,0.271738,,,,,,,,,,,,,0
1739.9508,2.6099,13.5182,28.4964,154.474,4.7694,5.2062,5.3618,5.4688,18.9931,31.8358,0.224216,0.266191,2.6099,13.5182,28.4964,154.474,4.7694,5.2062,5.3618,5.4688,18.9931,31.8358,0.224216,0.266191,,,,,,,,,,,,,0
1740.1032,2.6195,13.5129,26.9652,153.9494,4.6274,6.6593,7.1135,5.4955,16.4259,17.0699,0.220156,0.260045,2.6195,13.5129,26.9652,153.9494,4.6274,6.6593,7.1135,5.4955,16.4259,17.0699,0.220156,0.260045,,,,,,,,,,,,,0
1740.2556,2.6256,13.0411,25.4795,156.9934,4.323,8.7023,9.6155,5.5949,12.7576,17.599,0.216861,0.253614,2.6256,13.0411,25.4795,156.9934,4.323,8.7023,9.6155,5.5949,12.7576,17.599,0.216861,0.253614,,,,,,,,,,,,,0
1740.408,2.629,12.5694,23.9938,151.6431,4.2676,10.7453,12.1176,5.2304,9.0893,18.1282,0.208574,0.247182,2.629,12.5694,23.9938,151.6431,4.2676,10.7453,12.1176,5.2304,9.0893,18.1282,0.208574,0.247182,,,,,,,,,,,,,0
1740.5604,2.6424,15.1472,22.4462,135.9955,4.3234,14.5771,17.8537,5.1682,6.2454,17.961,0.197093,0.235231,2.6424,15.1472,22.4462,135.9955,4.3234,14.5771,17.8537,5.1682,6.2454,17.961,0.197093,0.235231,,,,,,,,,,,,,0
1740.7128,2.7016,22.37,20.8044,101.2881,19.3858,21.1335,28.5159,23.9403,4.6575,16.7331,0.17444,0.21487,2.7016,22.37,20.8044,101.2881,19.3858,21.1335,28.5159,23.9403,4.6575,16.7331,0.17444,0.21487,,,,,,,,,,,,,0
1740.8652,2.7464,29.5929,19.1626,85.8942,40.5543,27.6899,39.178,57.229,3.0695,15.5052,0.153121,0.194509,2.7464,29.5929,19.1626,85.8942,40.5543,27.6899,39.178,57.229,3.0695,15.5052,0.153121,0.194509,,,,,,,,,,,,,0
1741.0176,2.7524,44.4489,17.5107,93.1358,39.7848,32.7196,47.4925,56.7758,1.7697,14.3475,0.129588,0.176697,2.7524,44.4489,17.5107,93.1358,39.7848,32.7196,47.4925,56.7758,1.7697,14.3475,0.129588,0.176697,,,,,,,,,,,,,0
1741.17,2.6881,117.7679,15.781,107.9954,20.1994,26.0565,37.8251,27.4392,2.6771,13.7279,0.1197,0.178404,2.6881,117.7679,15.781,107.9954,20.1994,26.0565,37.8251,27.4392,2.6771,13.7279,0.1197,0.178404,,,,,,,,,,,,,0
1741.3224,2.6439,191.0868,14.0514,122.7416,10.4766,19.3934,28.1576,13.7296,3.5845,13.1084,0.125568,0.180111,2.6439,191.0868,14.0514,122.7416,10.4766,19.3934,28.1576,13.7296,3.5845,13.1084,0.125568,0.180111,,,,,,,,,,,,,0
1741.4748,2.6326,264.4058,12.3218,140.1423,8.1552,12.7304,18.4902,10.8735,4.492,12.4888,0.143824,0.181818,2.6326,264.4058,12.3218,140.1423,8.1552,12.7304,18.4902,10.8735,4.492,12.4888,0.143824,0.181818,,,,,,,,,,,,,0
1741.6272,2.631,295.2348,12.5184,146.1658,6.5973,10.3545,14.8993,9.1794,7.0828,11.5488,0.157147,0.188969,2.631,295.2348,12.5184,146.1658,6.5973,10.3545,14.8993,9.1794,7.0828,11.5488,0.157147,0.188969,,,,,,,,,,,,,0
1741.7796,2.6383,317.646,13.0967,142.1657,6.2191,8.8281,12.5123,8.7915,10.0071,10.5455,0.166087,0.197198,2.6383,317.646,13.0967,142.1657,6.2191,8.8281,12.5123,8.7915,10.0071,10.5455,0.166087,0.197198,,,,,,,,,,,,,0
1741.932,2.647,340.0572,13.675,137.4038,6.215,7.3016,10.1252,9.1312,12.9314,9.5421,0.168962,0.205428,2.647,340.0572,13.675,137.4038,6.215,7.3016,10.1252,9.1312,12.9314,9.5421,0.168962,0.205428,,,,,,,,,,,,,0
1742.0844,2.6375,307.1719,13.6372,147.8531,6.0907,6.6835,8.9889,9.084,14.028,10.0004,0.165539,0.208121,2.6375,307.1719,13.6372,147.8531,6.0907,6.6835,8.9889,9.084,14.028,10.0004,0.165539,0.208121,,,,,,,,,,,,,0
1742.2368,2.6287,229.7351,13.1031,152.7016,5.9309,6.7972,8.8602,8.2368,13.6519,11.6363,0.163035,0.206353,2.6287,229.7351,13.1031,152.7016,5.9309,6.7972,8.8602,8.2368,13.6519,11.6363,0.163035,0.206353,,,,,,,,,,,,,0
1742.3892,2.6333,152.2982,12.569,138.9648,5.9612,6.911,8.7316,8.2747,13.2759,13.2722,0.161643,0.204585,2.6333,152.2982,12.569,138.9648,5.9612,6.911,8.7316,8.2747,13.2759,13.2722,0.161643,0.204585,,,,,,,,,,,,,0
1742.5416,2.6349,92.1047,12.8496,138.9635,5.9708,7.0904,8.8462,8.4476,12.8103,14.5174,0.161228,0.203067,2.6349,92.1047,12.8496,138.9635,5.9708,7.0904,8.8462,8.4476,12.8103,14.5174,0.161228,0.203067,,,,,,,,,,,,,0
1742.694,2.6404,77.8379,15.2999,137.2041,6.0214,7.4448,9.6085,8.478,12.1063,14.7216,0.160598,0.202214,2.6404,77.8379,15.2999,137.2041,6.0214,7.4448,9.6085,8.478,12.1063,14.7216,0.160598,0.202214,,,,,,,,,,,,,0
1742.8464,2.6455,63.5712,17.7502,130.6819,6.2011,7.7991,10.3709,9.3072,11.4022,14.9258,0.158733,0.20136,2.6455,63.5712,17.7502,130.6819,6.2011,7.7991,10.3709,9.3072,11.4022,14.9258,0.158733,0.20136,,,,,,,,,,,,,0
1742.9988,2.6603,49.3044,20.2005,133.65,6.9494,8.1535,11.1332,11.7554,10.6981,15.1301,0.158346,0.200507,2.6603,49.3044,20.2005,133.65,6.9494,8.1535,11.1332,11.7554,10.6981,15.1301,0.158346,0.200507,,,,,,,,,,,,,0
1743.1512,2.6741,49.2449,20.2214,135.8098,6.9189,8.2613,10.9838,12.4182,10.866,15.4978,0.159238,0.211205,2.6741,49.2449,20.2214,135.8098,6.9189,8.2613,10.9838,12.4182,10.866,15.4978,0.159238,0.211205,,,,,,,,,,,,,0
1743.3036,2.659,49.2981,20.223,141.503,6.3932,8.3671,10.8271,10.5142,11.0408,15.8668,0.167062,0.221995,2.659,49.2981,20.223,141.503,6.3932,8.3671,10.8271,10.5142,11.0408,15.8668,0.167062,0.221995,,,,,,,,,,,,,0
1743.456,2.6309,49.3512,20.2246,145.2828,6.3088,8.4729,10.6704,10.4694,11.2155,16.2359,0.179017,0.232785,2.6309,49.3512,20.2246,145.2828,6.3088,8.4729,10.6704,10.4694,11.2155,16.2359,0.179017,0.232785,,,,,,,,,,,,,0
1743.6084,2.5868,57.7628,20.0443,148.1458,6.182,12.6839,15.3641,10.4134,12.931,18.2877,0.215864,0.264214,2.5868,57.7628,20.0443,148.1458,6.182,12.6839,15.3641,10.4134,12.931,18.2877,0.215864,0.264214,,,,,,,,,,,,,0
1743.7608,2.5478,69.5671,19.7901,147.7223,6.1025,18.5613,22.0266,9.753,15.2719,21.0226,0.257898,0.304021,2.5478,69.5671,19.7901,147.7223,6.1025,18.5613,22.0266,9.753,15.2719,21.0226,0.257898,0.304021,,,,,,,,,,,,,0
1743.9132,2.4919,81.3713,19.536,150.146,6.9262,24.4387,28.6891,10.753,17.6128,23.7574,0.303828,0.343828,2.4919,81.3713,19.536,150.146,6.9262,24.4387,28.6891,10.753,17.6128,23.7574,0.303828,0.343828,,,,,,,,,,,,,0
1744.0656,2.4293,82.4672,36.6264,141.8455,14.3462,50.3295,55.5031,20.37,20.1466,23.4444,0.341498,0.378702,2.4293,82.4672,36.6264,141.8455,14.3462,50.3295,55.5031,20.37,20.1466,23.4444,0.341498,0.378702,,,,,,,,,,,,,0
1744.218,1.9643,69.3939,76.6667,121.3778,96.0537,102.7013,108.9811,159.624,22.9358,19.0984,0.387224,0.407048,1.9643,69.3939,76.6667,121.3778,96.0537,102.7013,108.9811,159.624,22.9358,19.0984,0.387224,0.407048,,,,,,,,,,,,,0
1744.3704,1.7769,56.3207,116.707,112.5851,129.0368,155.0732,162.4591,319.8174,25.725,14.7524,0.422562,0.435394,1.7769,56.3207,116.707,112.5851,129.0368,155.0732,162.4591,319.8174,25.725,14.7524,0.422562,0.435394,,,,,,,,,,,,,0
1744.5228,2.0594,45.5646,172.6779,124.8204,65.3907,191.6599,199.6053,163.7862,27.5497,22.4292,0.415583,0.448656,2.0594,45.5646,172.6779,124.8204,65.3907,191.6599,199.6053,163.7862,27.5497,22.4292,0.415583,0.448656,,,,,,,,,,,,,0
1744.6752,2.3564,47.9794,319.2017,147.1808,20.7126,138.5207,143.9186,21.2262,23.892,98.4458,0.34888,0.376175,2.3564,47.9794,319.2017,147.1808,20.7126,138.5207,143.9186,21.2262,23.892,98.4458,0.34888,0.376175,,,,,,,,,,,,,0
1744.8276,2.4667,50.3942,465.7254,151.2504,15.2674,85.3815,88.2318,7.4913,20.2344,174.4624,0.280447,0.303693,2.4667,50.3942,465.7254,151.2504,15.2674,85.3815,88.2318,7.4913,20.2344,174.4624,0.280447,0.303693,,,,,,,,,,,,,0
1744.98,2.5041,52.809,612.2492,125.1508,15.895,32.2423,32.5451,12.7184,16.5767,250.479,0.191509,0.231212,2.5041,52.809,612.2492,125.1508,15.895,32.2423,32.5451,12.7184,16.5767,250.479,0.191509,0.231212,,,,,,,,,,,,,0
1745.1324,2.5225,45.1197,511.4962,101.3907,17.5153,22.6895,23.4764,17.4326,13.8856,337.6211,0.136364,0.202158,2.5225,45.1197,511.4962,101.3907,17.5153,22.6895,23.4764,17.4326,13.8856,337.6211,0.136364,0.202158,,,,,,,,,,,,,0
1745.2848,2.5154,35.904,373.3902,85.0901,18.1382,19.7208,21.4497,19.5401,11.3405,426.4438,0.115465,0.179664,2.5154,35.904,373.3902,85.0901,18.1382,19.7208,21.4497,19.5401,11.3405,426.4438,0.115465,0.179664,,,,,,,,,,,,,0
1745.4372,2.5007,26.6884,235.2842,77.4426,18.343,16.752,19.423,19.8649,8.7955,515.2665,0.106823,0.157169,2.5007,26.6884,235.2842,77.4426,18.343,16.752,19.423,19.8649,8.7955,515.2665,0.106823,0.157169,,,,,,,,,,,,,0
1745.5896,2.5027,22.9558,163.5553,86.4223,17.5319,15.543,19.0624,17.3353,7.4527,480.3228,0.103723,0.147667,2.5027,22.9558,163.5553,86.4223,17.5319,15.543,19.0624,17.3353,7.4527,480.3228,0.103723,0.147667,,,,,,,,,,,,,0
1745.742,2.5132,23.0662,138.3496,94.4362,15.9271,15.5672,19.8696,15.2761,6.9526,358.6322,0.102409,0.147271,2.5132,23.0662,138.3496,94.4362,15.9271,15.5672,19.8696,15.2761,6.9526,358.6322,0.102409,0.147271,,,,,,,,,,,,,0
1745.8944,2.5067,23.1765,113.1439,92.3776,17.7322,15.5915,20.6769,19.8541,6.4524,236.9416,0.103767,0.146875,2.5067,23.1765,113.1439,92.3776,17.7322,15.5915,20.6769,19.8541,6.4524,236.9416,0.103767,0.146875,,,,,,,,,,,,,0
1746.0468,2.4907,22.734,88.4832,89.0683,19.0624,15.5838,21.3945,23.5007,5.9138,146.8945,0.105365,0.146731,2.4907,22.734,88.4832,89.0683,19.0624,15.5838,21.3945,23.5007,5.9138,146.8945,0.105365,0.146731,,,,,,,,,,,,,0
1746.1992,2.4785,21.0437,65.0525,82.6511,19.2387,15.5042,21.91,24.7708,5.2883,128.2482,0.105672,0.147158,2.4785,21.0437,65.0525,82.6511,19.2387,15.5042,21.91,24.7708,5.2883,128.2482,0.105672,0.147158,,,,,,,,,,,,,0
1746.3516,2.4806,19.3535,41.6218,78.5292,19.6783,15.4245,22.4255,25.5835,4.6629,109.602,0.105536,0.147584,2.4806,19.3535,41.6218,78.5292,19.6783,15.4245,22.4255,25.5835,4.6629,109.602,0.105536,0.147584,,,,,,,,,,,,,0
1746.504,2.4886,17.7242,18.8029,79.9839,18.6193,15.3244,22.8795,24.1265,4.0683,91.2053,0.105819,0.148027,2.4886,17.7242,18.8029,79.9839,18.6193,15.3244,22.8795,24.1265,4.0683,91.2053,0.105819,0.148027,,,,,,,,,,,,,0
1746.6564,2.4926,18.3563,18.6863,85.0123,17.1588,14.4667,21.0527,19.9159,4.6195,82.0697,0.106319,0.149064,2.4926,18.3563,18.6863,85.0123,17.1588,14.4667,21.0527,19.9159,4.6195,82.0697,0.106319,0.149064,,,,,,,,,,,,,0
1746.8088,2.504,18.9884,18.5696,86.1196,15.8326,13.6091,19.226,15.7565,5.1708,72.9341,0.108158,0.1501,2.504,18.9884,18.5696,86.1196,15.8326,13.6091,19.226,15.7565,5.1708,72.9341,0.108158,0.1501,,,,,,,,,,,,,0
1746.9612,2.5053,19.6205,18.453,83.8941,14.9405,12.7515,17.3993,16.0328,5.7221,63.7985,0.109355,0.151136,2.5053,19.6205,18.453,83.8941,14.9405,12.7515,17.3993,16.0328,5.7221,63.7985,0.109355,0.151136,,,,,,,,,,,,,0
1747.1136,2.5163,22.0413,17.4866,90.2442,13.8044,12.7757,17.1324,16.9516,5.8726,52.3736,0.109117,0.151514,2.5163,22.0413,17.4866,90.2442,13.8044,12.7757,17.1324,16.9516,5.8726,52.3736,0.109117,0.151514,,,,,,,,,,,,,0
1747.266,2.5426,25.0732,16.2299,104.3053,13.6452,13.1012,17.3983,15.2458,5.8862,40.1667,0.108135,0.151666,2.5426,25.0732,16.2299,104.3053,13.6452,13.1012,17.3983,15.2458,5.8862,40.1667,0.108135,0.151666,,,,,,,,,,,,,0
1747.4184,2.5714,28.105,14.9733,98.5883,15.3379,13.4266,17.6642,16.1154,5.8998,27.9599,0.108338,0.151818,2.5714,28.105,14.9733,98.5883,15.3379,13.4266,17.6642,16.1154,5.8998,27.9599,0.108338,0.151818,,,,,,,,,,,,,0
1747.5708,2.571,27.3342,13.9963,103.7369,16.4273,13.2154,17.596,20.2152,6.1904,22.1903,0.112144,0.157012,2.571,27.3342,13.9963,103.7369,16.4273,13.2154,17.596,20.2152,6.1904,22.1903,0.112144,0.157012,,,,,,,,,,,,,0
1747.7232,2.5636,22.1807,13.3418,111.4978,15.9352,12.3857,17.1428,21.0907,6.8003,23.8398,0.120095,0.168015,2.5636,22.1807,13.3418,111.4978,15.9352,12.3857,17.1428,21.0907,6.8003,23.8398,0.120095,0.168015,,,,,,,,,,,,,0
1747.8756,2.5712,17.0273,12.6872,118.1932,14.3989,11.5559,16.6895,18.3175,7.4101,25.4893,0.137149,0.179018,2.5712,17.0273,12.6872,118.1932,14.3989,11.5559,16.6895,18.3175,7.4101,25.4893,0.137149,0.179018,,,,,,,,,,,,,0
1748.028,2.5845,13.5637,11.9566,131.936,13.1202,10.6523,16.0073,15.6817,8.0792,27.6835,0.151469,0.190156,2.5845,13.5637,11.9566,131.936,13.1202,10.6523,16.0073,15.6817,8.0792,27.6835,0.151469,0.190156,,,,,,,,,,,,,0
1748.1804,2.6024,17.608,10.888,141.7637,11.455,9.4205,14.3082,13.409,9.0117,32.2972,0.167382,0.201891,2.6024,17.608,10.888,141.7637,11.455,9.4205,14.3082,13.409,9.0117,32.2972,0.167382,0.201891,,,,,,,,,,,,,0
1748.3328,2.6028,21.6523,9.8195,146.7199,10.0389,8.1887,12.6091,12.1743,9.9441,36.9109,0.17768,0.213626,2.6028,21.6523,9.8195,146.7199,10.0389,8.1887,12.6091,12.1743,9.9441,36.9109,0.17768,0.213626,,,,,,,,,,,,,0
1748.4852,2.5965,25.6966,8.751,151.7941,8.4362,6.9569,10.91,10.6835,10.8765,41.5246,0.188402,0.22536,2.5965,25.6966,8.751,151.7941,8.4362,6.9569,10.91,10.6835,10.8765,41.5246,0.188402,0.22536,,,,,,,,,,,,,0
1748.6376,2.587,43.2655,9.4838,151.4834,7.4048,6.4482,10.1137,9.8963,10.4317,41.2145,0.198439,0.234894,2.587,43.2655,9.4838,151.4834,7.4048,6.4482,10.1137,9.8963,10.4317,41.2145,0.198439,0.234894,,,,,,,,,,,,,0
1748.79,2.5839,62.2892,10.4104,156.4073,6.3785,6.0173,9.4145,8.8919,9.8387,40.3747,0.208507,0.24419,2.5839,62.2892,10.4104,156.4073,6.3785,6.0173,9.4145,8.8919,9.8387,40.3747,0.208507,0.24419,,,,,,,,,,,,,0
1748.9424,2.5854,81.3129,11.337,160.7905,5.9096,5.5864,8.7154,8.1908,9.2457,39.5349,0.215279,0.253486,2.5854,81.3129,11.337,160.7905,5.9096,5.5864,8.7154,8.1908,9.2457,39.5349,0.215279,0.253486,,,,,,,,,,,,,0
1749.0948,2.5932,91.8376,11.8088,158.4019,5.343,5.8503,8.5336,7.9602,10.3848,39.1208,0.221328,0.257076,2.5932,91.8376,11.8088,158.4019,5.343,5.8503,8.5336,7.9602,10.3848,39.1208,0.221328,0.257076,,,,,,,,,,,,,0
1749.2472,2.5994,97.1982,12.0043,158.1107,4.917,6.5363,8.6663,7.6548,12.5763,38.9655,0.22339,0.257198,2.5994,97.1982,12.0043,158.1107,4.917,6.5363,8.6663,7.6548,12.5763,38.9655,0.22339,0.257198,,,,,,,,,,,,,0
1749.3996,2.6099,102.5589,12.1997,148.7485,5.0397,7.2223,8.799,7.2297,14.7678,38.8101,0.219465,0.25732,2.6099,102.5589,12.1997,148.7485,5.0397,7.2223,8.799,7.2297,14.7678,38.8101,0.219465,0.25732,,,,,,,,,,,,,0
1749.552,2.6165,98.0448,12.5856,148.7656,5.422,8.0976,9.4686,6.6002,15.5408,36.6691,0.214849,0.252325,2.6165,98.0448,12.5856,148.7656,5.422,8.0976,9.4686,6.6002,15.5408,36.6691,0.214849,0.252325,,,,,,,,,,,,,0
1749.7044,2.6121,74.4651,13.339,146.7671,5.5469,9.338,11.1747,6.4981,13.5749,30.6943,0.203323,0.237451,2.6121,74.4651,13.339,146.7671,5.5469,9.338,11.1747,6.4981,13.5749,30.6943,0.203323,0.237451,,,,,,,,,,,,,0
1749.8568,2.6033,50.8853,14.0924,135.2277,5.7847,10.5785,12.8808,7.6337,11.6091,24.7196,0.189181,0.222576,2.6033,50.8853,14.0924,135.2277,5.7847,10.5785,12.8808,7.6337,11.6091,24.7196,0.189181,0.222576,,,,,,,,,,,,,0
1750.0092,2.6015,28.5884,15.3716,116.1627,9.5464,11.864,14.6894,13.7435,9.6264,18.9943,0.156209,0.20711,2.6015,28.5884,15.3716,116.1627,9.5464,11.864,14.6894,13.7435,9.6264,18.9943,0.156209,0.20711,,,,,,,,,,,,,0
1750.1616,2.6008,26.2597,24.8346,105.3382,11.5869,13.85,18.0913,18.9539,7.381,17.1529,0.126743,0.182421,2.6008,26.2597,24.8346,105.3382,11.5869,13.85,18.0913,18.9539,7.381,17.1529,0.126743,0.182421,,,,,,,,,,,,,0
1750.314,2.5884,23.9309,34.2976,101.0368,16.853,15.836,21.4932,26.2747,5.1355,15.3114,0.101369,0.157732,2.5884,23.9309,34.2976,101.0368,16.853,15.836,21.4932,26.2747,5.1355,15.3114,0.101369,0.157732,,,,,,,,,,,,,0
1750.4664,2.591,21.6021,43.7607,94.0659,21.5248,17.822,24.8951,30.9542,2.89,13.47,0.086198,0.133043,2.591,21.6021,43.7607,94.0659,21.5248,17.822,24.8951,30.9542,2.89,13.47,0.086198,0.133043,,,,,,,,,,,,,0
1750.6188,2.5817,21.97,39.096,92.1075,19.5454,18.0532,25.6512,27.8834,2.7401,13.9313,0.080621,0.126341,2.5817,21.97,39.096,92.1075,19.5454,18.0532,25.6512,27.8834,2.7401,13.9313,0.080621,0.126341,,,,,,,,,,,,,0
1750.7712,2.5538,23.1006,30.4355,85.3801,17.6905,17.788,25.6591,25.5484,3.1828,15.044,0.07961,0.124725,2.5538,23.1006,30.4355,85.3801,17.6905,17.788,25.6591,25.5484,3.1828,15.044,0.07961,0.124725,,,,,,,,,,,,,0
1750.9236,2.5372,24.2311,21.7751,78.2761,17.4143,17.5228,25.667,25.1263,3.6256,16.1566,0.080538,0.12311,2.5372,24.2311,21.7751,78.2761,17.4143,17.5228,25.667,25.1263,3.6256,16.1566,0.080538,0.12311,,,,,,,,,,,,,0
1751.076,2.5393,25.767,31.4548,75.5067,17.3853,17.17,25.4687,25.6534,3.9654,17.4293,0.081729,0.123653,2.5393,25.767,31.4548,75.5067,17.3853,17.17,25.4687,25.6534,3.9654,17.4293,0.081729,0.123653,,,,,,,,,,,,,0
1751.2284,2.5383,27.7104,59.5711,83.4544,17.1493,16.7291,25.0633,24.5607,4.2015,18.8628,0.083284,0.126366,2.5383,27.7104,59.5711,83.4544,17.1493,16.7291,25.0633,24.5607,4.2015,18.8628,0.083284,0.126366,,,,,,,,,,,,,0
1751.3808,2.535,29.6537,87.6874,92.3235,15.8703,16.2883,24.6579,24.155,4.4377,20.2964,0.087599,0.129078,2.535,29.6537,87.6874,92.3235,15.8703,16.2883,24.6579,24.155,4.4377,20.2964,0.087599,0.129078,,,,,,,,,,,,,0
1751.5332,2.5436,33.0593,118.6583,98.8139,15.4874,15.9205,24.1216,24.5246,4.7027,20.8688,0.091741,0.132608,2.5436,33.0593,118.6583,98.8139,15.4874,15.9205,24.1216,24.5246,4.7027,20.8688,0.091741,0.132608,,,,,,,,,,,,,0
1751.6856,2.5554,41.7146,159.8786,95.0644,15.1361,15.815,23.1152,23.9392,5.0716,18.3494,0.098385,0.139069,2.5554,41.7146,159.8786,95.0644,15.1361,15.815,23.1152,23.9392,5.0716,18.3494,0.098385,0.139069,,,,,,,,,,,,,0
1751.838,2.5609,50.37,201.0988,93.8522,14.8354,15.7095,22.1088,22.0101,5.4404,15.8301,0.104243,0.145531,2.5609,50.37,201.0988,93.8522,14.8354,15.7095,22.1088,22.0101,5.4404,15.8301,0.104243,0.145531,,,,,,,,,,,,,0
1751.9904,2.5631,59.0254,242.319,95.8697,16.4531,15.6039,21.1024,21.0786,5.8092,13.3108,0.111604,0.151993,2.5631,59.0254,242.319,95.8697,16.4531,15.6039,21.1024,21.0786,5.8092,13.3108,0.111604,0.151993,,,,,,,,,,,,,0
1752.1428,2.5633,58.7984,206.7048,96.0524,19.2531,14.4505,19.4692,19.253,6.2591,33.2271,0.118599,0.164681,2.5633,58.7984,206.7048,96.0524,19.2531,14.4505,19.4692,19.253,6.2591,33.2271,0.118599,0.164681,,,,,,,,,,,,,0
1752.2952,2.5598,57.9742,165.9252,107.1261,18.3598,13.2265,17.7939,16.9376,6.7144,54.6517,0.134094,0.177787,2.5598,57.9742,165.9252,107.1261,18.3598,13.2265,17.7939,16.9376,6.7144,54.6517,0.134094,0.177787,,,,,,,,,,,,,0
1752.4476,2.5573,57.1501,125.1455,120.1215,15.9164,12.0026,16.1186,15.3854,7.1697,76.0763,0.147759,0.190894,2.5573,57.1501,125.1455,120.1215,15.9164,12.0026,16.1186,15.3854,7.1697,76.0763,0.147759,0.190894,,,,,,,,,,,,,0
1752.6,2.5591,54.0742,99.8072,126.9201,13.9516,11.197,15.2966,15.0492,7.9918,94.0921,0.160767,0.19998,2.5591,54.0742,99.8072,126.9201,13.9516,11.197,15.2966,15.0492,7.9918,94.0921,0.160767,0.19998,,,,,,,,,,,,,0
1752.7524,2.5614,49.8185,82.56,130.8579,12.7656,10.6106,14.9216,14.3625,9.0061,110.3216,0.16856,0.20696,2.5614,49.8185,82.56,130.8579,12.7656,10.6106,14.9216,14.3625,9.0061,110.3216,0.16856,0.20696,,,,,,,,,,,,,0
1752.9048,2.5641,45.5627,65.3129,131.3075,12.0556,10.0242,14.5466,14.6709,10.0204,126.5511,0.174109,0.21394,2.5641,45.5627,65.3129,131.3075,12.0556,10.0242,14.5466,14.6709,10.0204,126.5511,0.174109,0.21394,,,,,,,,,,,,,0
1753.0572,2.5678,41.2824,55.2886,133.2576,11.3396,9.439,14.0167,14.5586,11.0215,156.906,0.178605,0.220165,2.5678,41.2824,55.2886,133.2576,11.3396,9.439,14.0167,14.5586,11.0215,156.906,0.178605,0.220165,,,,,,,,,,,,,0
1753.2096,2.5721,36.961,57.2856,141.5555,10.4302,8.8557,13.2288,13.081,12.0008,210.7705,0.183818,0.225133,2.5721,36.961,57.2856,141.5555,10.4302,8.8557,13.2288,13.081,12.0008,210.7705,0.183818,0.225133,,,,,,,,,,,,,0
1753.362,2.5785,32.6396,59.2826,146.367,9.9098,8.2724,12.4409,11.684,12.9801,264.635,0.188332,0.230101,2.5785,32.6396,59.2826,146.367,9.9098,8.2724,12.4409,11.684,12.9801,264.635,0.188332,0.230101,,,,,,,,,,,,,0
1753.5144,2.5866,28.4605,61.5978,146.7018,10.0154,7.7115,11.6881,11.5844,13.8309,306.1664,0.194447,0.23509,2.5866,28.4605,61.5978,146.7018,10.0154,7.7115,11.6881,11.5844,13.8309,306.1664,0.194447,0.23509,,,,,,,,,,,,,0
1753.6668,2.5912,25.6448,66.9628,148.2016,10.1382,7.3651,11.2712,11.5631,13.4509,229.5058,0.199177,0.240271,2.5912,25.6448,66.9628,148.2016,10.1382,7.3651,11.2712,11.5631,13.4509,229.5058,0.199177,0.240271,,,,,,,,,,,,,0
1753.8192,2.582,22.8292,72.3278,146.2096,9.345,7.0187,10.8544,10.8567,13.0708,152.8452,0.205211,0.245453,2.582,22.8292,72.3278,146.2096,9.345,7.0187,10.8544,10.8567,13.0708,152.8452,0.205211,0.245453,,,,,,,,,,,,,0
1753.9716,2.589,20.0136,77.6928,144.8571,8.5917,6.6723,10.4375,10.4559,12.6908,76.1846,0.210998,0.250634,2.589,20.0136,77.6928,144.8571,8.5917,6.6723,10.4375,10.4559,12.6908,76.1846,0.210998,0.250634,,,,,,,,,,,,,0
1754.124,2.6022,20.014,69.1105,150.1826,7.8934,6.368,9.9713,9.8011,10.8194,53.0748,0.21455,0.255469,2.6022,20.014,69.1105,150.1826,7.8934,6.368,9.9713,9.8011,10.8194,53.0748,0.21455,0.255469,,,,,,,,,,,,,0
1754.2764,2.6027,20.6595,57.3338,156.2359,7.2354,6.0734,9.4937,8.8741,8.6065,42.2299,0.221149,0.260224,2.6027,20.6595,57.3338,156.2359,7.2354,6.0734,9.4937,8.8741,8.6065,42.2299,0.221149,0.260224,,,,,,,,,,,,,0
1754.4288,2.6031,21.3049,45.5572,156.132,6.8814,5.7787,9.0162,8.419,6.3935,31.385,0.225767,0.264979,2.6031,21.3049,45.5572,156.132,6.8814,5.7787,9.0162,8.419,6.3935,31.385,0.225767,0.264979,,,,,,,,,,,,,0
1754.5812,2.6201,24.0471,46.819,151.6706,6.4454,5.5624,8.6488,8.3871,6.6566,26.6252,0.228194,0.267915,2.6201,24.0471,46.819,151.6706,6.4454,5.5624,8.6488,8.3871,6.6566,26.6252,0.228194,0.267915,,,,,,,,,,,,,0
1754.7336,2.6313,28.6279,59.5136,152.0175,6.0358,5.4146,8.3779,8.1419,9.0908,27.2013,0.228909,0.269256,2.6313,28.6279,59.5136,152.0175,6.0358,5.4146,8.3779,8.1419,9.0908,27.2013,0.228909,0.269256,,,,,,,,,,,,,0
1754.886,2.6253,33.2088,72.2082,158.1798,5.9382,5.2668,8.107,7.7638,11.525,27.7774,0.230267,0.270597,2.6253,33.2088,72.2082,158.1798,5.9382,5.2668,8.107,7.7638,11.525,27.7774,0.230267,0.270597,,,,,,,,,,,,,0
1755.0384,2.6119,46.4488,80.6065,156.6827,6.183,5.1358,7.869,8.1836,13.4316,28.1378,0.231419,0.271915,2.6119,46.4488,80.6065,156.6827,6.183,5.1358,7.869,8.1836,13.4316,28.1378,0.231419,0.271915,,,,,,,,,,,,,0
1755.1908,2.5959,85.3959,76.2506,156.6239,5.9791,5.055,7.7284,7.7509,13.7715,27.8582,0.232939,0.273165,2.5959,85.3959,76.2506,156.6239,5.9791,5.055,7.7284,7.7509,13.7715,27.8582,0.232939,0.273165,,,,,,,,,,,,,0
1755.3432,2.5994,124.3429,71.8946,156.1702,5.7784,4.9742,7.5879,6.9254,14.1114,27.5785,0.233509,0.274414,2.5994,124.3429,71.8946,156.1702,5.7784,4.9742,7.5879,6.9254,14.1114,27.5785,0.233509,0.274414,,,,,,,,,,,,,0
1755.4956,2.604,163.2899,67.5387,160.649,5.6382,4.8933,7.4474,7.5216,14.4514,27.2989,0.235377,0.275664,2.604,163.2899,67.5387,160.649,5.6382,4.8933,7.4474,7.5216,14.4514,27.2989,0.235377,0.275664,,,,,,,,,,,,,0
1755.648,2.6117,131.9032,59.6126,158.4138,5.4933,4.7892,7.384,7.822,15.3575,47.6358,0.237839,0.280022,2.6117,131.9032,59.6126,158.4138,5.4933,4.7892,7.384,7.822,15.3575,47.6358,0.237839,0.280022,,,,,,,,,,,,,0
1755.8004,2.6084,98.4255,51.5804,161.8194,5.3471,4.6844,7.3228,7.5403,16.2804,68.5856,0.243511,0.284472,2.6084,98.4255,51.5804,161.8194,5.3471,4.6844,7.3228,7.5403,16.2804,68.5856,0.243511,0.284472,,,,,,,,,,,,,0
1755.9528,2.6039,64.9477,43.5483,164.2214,5.1766,4.5797,7.2617,7.331,17.2034,89.5354,0.248341,0.288922,2.6039,64.9477,43.5483,164.2214,5.1766,4.5797,7.2617,7.331,17.2034,89.5354,0.248341,0.288922,,,,,,,,,,,,,0
1756.1052,2.6047,51.7765,36.3178,162.104,5.0095,4.4372,7.0048,6.9628,19.306,90.1773,0.25288,0.292067,2.6047,51.7765,36.3178,162.104,5.0095,4.4372,7.0048,6.9628,19.306,90.1773,0.25288,0.292067,,,,,,,,,,,,,0
1756.2576,2.6011,47.7162,29.4471,159.7192,4.8612,4.2779,6.66,6.4972,21.938,81.7076,0.255374,0.294628,2.6011,47.7162,29.4471,159.7192,4.8612,4.2779,6.66,6.4972,21.938,81.7076,0.255374,0.294628,,,,,,,,,,,,,0
1756.41,2.608,43.6559,22.5763,157.5492,4.5126,4.1186,6.3151,6.0082,24.57,73.2379,0.257486,0.297188,2.608,43.6559,22.5763,157.5492,4.5126,4.1186,6.3151,6.0082,24.57,73.2379,0.257486,0.297188,,,,,,,,,,,,,0
1756.5624,2.6165,40.0913,18.5129,162.6251,4.2627,3.9807,6.0014,5.9478,26.0049,64.6267,0.259457,0.299561,2.6165,40.0913,18.5129,162.6251,4.2627,3.9807,6.0014,5.9478,26.0049,64.6267,0.259457,0.299561,,,,,,,,,,,,,0
1756.7148,2.6267,37.2417,18.4986,158.1627,4.1321,3.8737,5.7325,6.052,25.7133,55.8115,0.261913,0.301664,2.6267,37.2417,18.4986,158.1627,4.1321,3.8737,5.7325,6.052,25.7133,55.8115,0.261913,0.301664,,,,,,,,,,,,,0
1756.8672,2.6469,34.3921,18.4843,157.1288,3.925,3.7667,5.4635,5.8919,25.4216,46.9963,0.263893,0.303767,2.6469,34.3921,18.4843,157.1288,3.925,3.7667,5.4635,5.8919,25.4216,46.9963,0.263893,0.303767,,,,,,,,,,,,,0
1757.0196,2.6443,31.6367,21.2429,161.0952,4.0213,3.6727,5.2108,6.1397,25.2717,38.8323,0.265867,0.305537,2.6443,31.6367,21.2429,161.0952,4.0213,3.6727,5.2108,6.1397,25.2717,38.8323,0.265867,0.305537,,,,,,,,,,,,,0
1757.172,2.632,29.5194,42.7898,166.894,3.7753,3.6663,5.0677,5.0184,26.0817,35.0805,0.267976,0.30505,2.632,29.5194,42.7898,166.894,3.7753,3.6663,5.0677,5.0184,26.0817,35.0805,0.267976,0.30505,,,,,,,,,,,,,0
1757.3244,2.6439,27.4022,64.3368,168.925,3.5387,3.6599,4.9245,4.612,26.8918,31.3287,0.267552,0.304562,2.6439,27.4022,64.3368,168.925,3.5387,3.6599,4.9245,4.612,26.8918,31.3287,0.267552,0.304562,,,,,,,,,,,,,0
1757.4768,2.6479,25.2849,85.8837,172.9923,3.5642,3.6535,4.7814,4.86,27.7019,27.5768,0.263647,0.304074,2.6479,25.2849,85.8837,172.9923,3.5642,3.6535,4.7814,4.86,27.7019,27.5768,0.263647,0.304074,,,,,,,,,,,,,0
1757.6292,2.6461,30.3964,117.7984,170.4961,3.4797,3.755,4.7193,4.3089,26.109,26.2201,0.259121,0.299478,2.6461,30.3964,117.7984,170.4961,3.4797,3.755,4.7193,4.3089,26.109,26.2201,0.259121,0.299478,,,,,,,,,,,,,0
1757.7816,2.6426,36.806,151.5749,160.1161,3.5242,3.8759,4.6718,4.0228,24.0846,25.2933,0.250839,0.294144,2.6426,36.806,151.5749,160.1161,3.5242,3.8759,4.6718,4.0228,24.0846,25.2933,0.250839,0.294144,,,,,,,,,,,,,0
1757.934,2.6415,43.2156,185.3513,154.5718,3.8737,3.9968,4.6243,4.3149,22.0602,24.3666,0.245278,0.28881,2.6415,43.2156,185.3513,154.5718,3.8737,3.9968,4.6243,4.3149,22.0602,24.3666,0.245278,0.28881,,,,,,,,,,,,,0
1758.0864,2.6279,45.9517,167.49,153.4917,4.2864,4.1914,4.7052,5.574,21.31,25.1546,0.246213,0.290509,2.6279,45.9517,167.49,153.4917,4.2864,4.1914,4.7052,5.574,21.31,25.1546,0.246213,0.290509,,,,,,,,,,,,,0
1758.2388,2.6126,45.8818,110.1832,162.9868,4.0566,4.4422,4.8843,6.0734,21.5332,27.2525,0.252913,0.29758,2.6126,45.8818,110.1832,162.9868,4.0566,4.4422,4.8843,6.0734,21.5332,27.2525,0.252913,0.29758,,,,,,,,,,,,,0
1758.3912,2.6255,45.8118,52.8764,177.3625,3.6517,4.693,5.0634,5.0363,21.7565,29.3504,0.264455,0.304652,2.6255,45.8118,52.8764,177.3625,3.6517,4.693,5.0634,5.0363,21.7565,29.3504,0.264455,0.304652,,,,,,,,,,,,,0
1758.5436,2.6251,48.4846,14.0196,179.1913,3.714,5.3129,6.0543,4.5804,21.9761,30.5332,0.273409,0.309412,2.6251,48.4846,14.0196,179.1913,3.714,5.3129,6.0543,4.5804,21.9761,30.5332,0.273409,0.309412,,,,,,,,,,,,,0
1758.696,2.5233,58.0014,21.2035,182.877,3.5587,6.8538,9.071,4.9968,22.1868,29.4325,0.278606,0.308406,2.5233,58.0014,21.2035,182.877,3.5587,6.8538,9.071,4.9968,22.1868,29.4325,0.278606,0.308406,,,,,,,,,,,,,0
1758.8484,2.3742,67.5182,28.3874,195.8586,3.6961,8.3948,12.0876,5.3336,22.3976,28.3317,0.278223,0.307401,2.3742,67.5182,28.3874,195.8586,3.6961,8.3948,12.0876,5.3336,22.3976,28.3317,0.278223,0.307401,,,,,,,,,,,,,0
1759.0008,2.3079,77.0072,35.5956,211.1953,14.0764,9.9268,15.0869,18.2671,22.5939,27.2504,0.26377,0.306229,2.3079,77.0072,35.5956,211.1953,14.0764,9.9268,15.0869,18.2671,22.5939,27.2504,0.26377,0.306229,,,,,,,,,,,,,0
1759.1532,2.4086,81.2218,47.4324,208.356,19.5559,9.76,14.8098,28.0667,20.0506,29.8459,0.239235,0.273738,2.4086,81.2218,47.4324,208.356,19.5559,9.76,14.8098,28.0667,20.0506,29.8459,0.239235,0.273738,,,,,,,,,,,,,0
1759.3056,2.5203,85.4363,59.2692,181.2735,13.1621,9.5933,14.5326,16.8891,17.5074,32.4413,0.193373,0.241246,2.5203,85.4363,59.2692,181.2735,13.1621,9.5933,14.5326,16.8891,17.5074,32.4413,0.193373,0.241246,,,,,,,,,,,,,0
1759.458,2.5476,89.6508,71.106,150.4531,10.7261,9.4265,14.2555,8.8066,14.9642,35.0367,0.160937,0.208754,2.5476,89.6508,71.106,150.4531,10.7261,9.4265,14.2555,8.8066,14.9642,35.0367,0.160937,0.208754,,,,,,,,,,,,,0
1759.6104,2.5362,83.5862,75.1225,126.4651,11.6682,10.6183,14.6301,11.2069,12.5098,35.368,0.142783,0.191233,2.5362,83.5862,75.1225,126.4651,11.6682,10.6183,14.6301,11.2069,12.5098,35.368,0.142783,0.191233,,,,,,,,,,,,,0
1759.7628,2.5338,73.6111,76.1639,110.2144,11.9264,12.3271,15.2526,12.8705,10.0893,34.838,0.132218,0.179407,2.5338,73.6111,76.1639,110.2144,11.9264,12.3271,15.2526,12.8705,10.0893,34.838,0.132218,0.179407,,,,,,,,,,,,,0
1759.9152,2.5419,63.636,77.2052,95.5956,14.4094,14.0359,15.8751,15.6202,7.6688,34.3079,0.121736,0.16758,2.5419,63.636,77.2052,95.5956,14.4094,14.0359,15.8751,15.6202,7.6688,34.3079,0.121736,0.16758,,,,,,,,,,,,,0
1760.0676,2.5402,59.1548,69.5519,88.0729,16.3851,14.8376,15.9787,17.6603,5.9843,43.0537,0.114421,0.161487,2.5402,59.1548,69.5519,88.0729,16.3851,14.8376,15.9787,17.6603,5.9843,43.0537,0.114421,0.161487,,,,,,,,,,,,,0
1760.22,2.5274,61.5655,50.9915,89.3856,17.4466,14.5015,15.4314,16.9826,5.223,63.4353,0.113219,0.162584,2.5274,61.5655,50.9915,89.3856,17.4466,14.5015,15.4314,16.9826,5.223,63.4353,0.113219,0.162584,,,,,,,,,,,,,0
1760.3724,2.5206,63.9763,32.4311,91.299,16.4672,14.1654,14.8841,15.8853,4.4618,83.817,0.118375,0.163681,2.5206,63.9763,32.4311,91.299,16.4672,14.1654,14.8841,15.8853,4.4618,83.817,0.118375,0.163681,,,,,,,,,,,,,0
1760.5248,2.526,64.6464,17.2455,96.9865,16.4055,13.7116,14.2347,15.3697,3.9242,97.5461,0.124963,0.166797,2.526,64.6464,17.2455,96.9865,16.4055,13.7116,14.2347,15.3697,3.9242,97.5461,0.124963,0.166797,,,,,,,,,,,,,0
1760.6772,2.5394,56.361,19.4233,103.3108,13.8073,12.6525,13.0604,12.4489,4.5366,77.0469,0.13858,0.1803,2.5394,56.361,19.4233,103.3108,13.8073,12.6525,13.0604,12.4489,4.5366,77.0469,0.13858,0.1803,,,,,,,,,,,,,0
1760.8296,2.5584,48.0755,21.6011,113.5671,11.2247,11.5934,11.8861,9.7753,5.1491,56.5477,0.152052,0.193803,2.5584,48.0755,21.6011,113.5671,11.2247,11.5934,11.8861,9.7753,5.1491,56.5477,0.152052,0.193803,,,,,,,,,,,,,0
1760.982,2.5805,39.7901,23.7789,130.6048,9.7213,10.5343,10.7118,8.499,5.7616,36.0486,0.172519,0.207305,2.5805,39.7901,23.7789,130.6048,9.7213,10.5343,10.7118,8.499,5.7616,36.0486,0.172519,0.207305,,,,,,,,,,,,,0
1761.1344,2.5878,38.8202,23.955,144.2804,9.1152,9.3356,9.5321,8.3092,9.6081,35.9426,0.189235,0.223039,2.5878,38.8202,23.955,144.2804,9.1152,9.3356,9.5321,8.3092,9.6081,35.9426,0.189235,0.223039,,,,,,,,,,,,,0
1761.2868,2.5873,38.83,23.863,151.4428,7.8307,8.1182,8.3517,7.3775,13.8878,38.5679,0.205965,0.239071,2.5873,38.83,23.863,151.4428,7.8307,8.1182,8.3517,7.3775,13.8878,38.5679,0.205965,0.239071,,,,,,,,,,,,,0
1761.4392,2.5904,38.8398,23.7711,156.1359,6.9015,6.9008,7.1713,6.6264,18.1674,41.1931,0.217692,0.255104,2.5904,38.8398,23.7711,156.1359,6.9015,6.9008,7.1713,6.6264,18.1674,41.1931,0.217692,0.255104,,,,,,,,,,,,,0
1761.5916,2.5962,40.5895,24.6282,158.9214,6.002,6.2262,6.5478,5.9254,19.6638,46.0841,0.227635,0.265384,2.5962,40.5895,24.6282,158.9214,6.002,6.2262,6.5478,5.9254,19.6638,46.0841,0.227635,0.265384,,,,,,,,,,,,,0
1761.744,2.6071,43.4941,26.1154,164.2551,5.5007,5.9119,6.2939,5.6636,19.3127,52.4788,0.234415,0.271846,2.6071,43.4941,26.1154,164.2551,5.5007,5.9119,6.2939,5.6636,19.3127,52.4788,0.234415,0.271846,,,,,,,,,,,,,0
1761.8964,2.6015,46.3987,27.6025,158.4945,5.2212,5.5976,6.0401,5.7084,18.9616,58.8736,0.239918,0.278307,2.6015,46.3987,27.6025,158.4945,5.2212,5.5976,6.0401,5.7084,18.9616,58.8736,0.239918,0.278307,,,,,,,,,,,,,0
1762.0488,2.5921,51.4724,29.8871,162.0164,5.0352,5.3889,5.8797,5.8179,19.0558,64.2939,0.244496,0.284281,2.5921,51.4724,29.8871,162.0164,5.0352,5.3889,5.8797,5.8179,19.0558,64.2939,0.244496,0.284281,,,,,,,,,,,,,0
1762.2012,2.5872,61.1509,33.8649,162.1503,4.9997,5.4045,5.9177,6.1842,20.0956,67.6454,0.249372,0.289219,2.5872,61.1509,33.8649,162.1503,4.9997,5.4045,5.9177,6.1842,20.0956,67.6454,0.249372,0.289219,,,,,,,,,,,,,0
1762.3536,2.5872,70.8295,37.8426,159.6801,4.8313,5.4202,5.9558,6.1922,21.1353,70.9969,0.253122,0.294157,2.5872,70.8295,37.8426,159.6801,4.8313,5.4202,5.9558,6.1922,21.1353,70.9969,0.253122,0.294157,,,,,,,,,,,,,0
1762.506,2.5983,79.7637,41.5809,161.7919,4.5875,5.6321,6.2997,5.8058,22.1632,73.8478,0.259202,0.299745,2.5983,79.7637,41.5809,161.7919,4.5875,5.6321,6.2997,5.8058,22.1632,73.8478,0.259202,0.299745,,,,,,,,,,,,,0
1762.6584,2.6054,70.5365,39.4754,162.0301,4.4375,10.6339,14.1089,5.5933,22.9018,64.4836,0.267713,0.321203,2.6054,70.5365,39.4754,162.0301,4.4375,10.6339,14.1089,5.5933,22.9018,64.4836,0.267713,0.321203,,,,,,,,,,,,,0
1762.8108,2.5904,61.3092,37.37,171.5551,3.993,15.6357,21.9181,5.4807,23.6405,55.1195,0.291628,0.342661,2.5904,61.3092,37.37,171.5551,3.993,15.6357,21.9181,5.4807,23.6405,55.1195,0.291628,0.342661,,,,,,,,,,,,,0
1762.9632,2.5506,52.0819,35.2645,172.6445,4.3618,20.6374,29.7273,8.4226,24.3791,45.7553,0.316666,0.364119,2.5506,52.0819,35.2645,172.6445,4.3618,20.6374,29.7273,8.4226,24.3791,45.7553,0.316666,0.364119,,,,,,,,,,,,,0
1763.1156,2.245,95.4383,35.6555,146.45,19.3567,24.2153,34.0234,57.8329,26.2913,49.0438,0.345183,0.373462,2.245,95.4383,35.6555,146.45,19.3567,24.2153,34.0234,57.8329,26.2913,49.0438,0.345183,0.373462,,,,,,,,,,,,,0
1763.268,1.9013,155.5342,36.8411,122.7635,82.2351,27.3398,37.201,131.5487,28.5771,56.3601,0.363924,0.378948,1.9013,155.5342,36.8411,122.7635,82.2351,27.3398,37.201,131.5487,28.5771,56.3601,0.363924,0.378948,,,,,,,,,,,,,0
1763.4204,1.9546,215.6301,38.0268,125.7245,133.1302,30.4643,40.3787,69.4295,30.8628,63.6765,0.357213,0.384434,1.9546,215.6301,38.0268,125.7245,133.1302,30.4643,40.3787,69.4295,30.8628,63.6765,0.357213,0.384434,,,,,,,,,,,,,0
1763.5728,2.3336,330.6914,38.2322,143.0063,62.8404,28.4363,37.1109,12.3794,32.4865,70.4839,0.319629,0.375041,2.3336,330.6914,38.2322,143.0063,62.8404,28.4363,37.1109,12.3794,32.4865,70.4839,0.319629,0.375041,,,,,,,,,,,,,0
1763.7252,2.4972,505.8523,37.3657,150.5394,16.024,20.7745,26.7957,9.1354,33.3862,76.7348,0.287924,0.349376,2.4972,505.8523,37.3657,150.5394,16.024,20.7745,26.7957,9.1354,33.3862,76.7348,0.287924,0.349376,,,,,,,,,,,,,0
1763.8776,2.5137,681.0131,36.4993,157.2787,11.325,13.1126,16.4805,8.3571,34.286,82.9857,0.266579,0.323712,2.5137,681.0131,36.4993,157.2787,11.325,13.1126,16.4805,8.3571,34.286,82.9857,0.266579,0.323712,,,,,,,,,,,,,0
1764.03,2.5299,776.5422,34.7902,159.0979,7.8101,6.8718,8.0917,7.0929,34.6299,91.0833,0.256987,0.303352,2.5299,776.5422,34.7902,159.0979,7.8101,6.8718,8.0917,7.0929,34.6299,91.0833,0.256987,0.303352,,,,,,,,,,,,,0
1764.1824,2.5506,547.1734,29.6432,157.245,6.1271,6.429,7.5632,5.8,32.7062,106.7154,0.258898,0.304632,2.5506,547.1734,29.6432,157.245,6.1271,6.429,7.5632,5.8,32.7062,106.7154,0.258898,0.304632,,,,,,,,,,,,,0
1764.3348,2.566,317.8047,24.4963,160.7223,5.3899,5.9861,7.0346,5.4625,30.7824,122.3475,0.262769,0.305912,2.566,317.8047,24.4963,160.7223,5.3899,5.9861,7.0346,5.4625,30.7824,122.3475,0.262769,0.305912,,,,,,,,,,,,,0
1764.4872,2.5635,88.436,19.3493,165.0052,5.6192,5.5433,6.506,6.2891,28.8587,137.9796,0.268018,0.307192,2.5635,88.436,19.3493,165.0052,5.6192,5.5433,6.506,6.2891,28.8587,137.9796,0.268018,0.307192,,,,,,,,,,,,,0
1764.6396,2.553,61.415,20.8304,164.7517,5.7887,5.6507,6.5086,6.7841,28.6852,219.1632,0.272213,0.309952,2.553,61.415,20.8304,164.7517,5.7887,5.6507,6.5086,6.7841,28.6852,219.1632,0.272213,0.309952,,,,,,,,,,,,,0
1764.792,2.5576,52.9475,22.9193,166.6335,5.6038,5.8086,6.5599,6.6747,28.6722,306.3573,0.274193,0.312848,2.5576,52.9475,22.9193,166.6335,5.6038,5.8086,6.5599,6.6747,28.6722,306.3573,0.274193,0.312848,,,,,,,,,,,,,0
1764.9444,2.5652,44.4799,25.0082,164.5738,5.5936,5.9664,6.6112,6.6124,28.6592,393.5514,0.275465,0.315744,2.5652,44.4799,25.0082,164.5738,5.5936,5.9664,6.6112,6.6124,28.6592,393.5514,0.275465,0.315744,,,,,,,,,,,,,0
1765.0968,2.5607,41.1175,34.2676,158.2257,5.8416,6.1105,6.6795,6.553,27.5289,355.111,0.278132,0.318833,2.5607,41.1175,34.2676,158.2257,5.8416,6.1105,6.6795,6.553,27.5289,355.111,0.278132,0.318833,,,,,,,,,,,,,0
1765.2492,2.5571,40.6875,47.6456,154.1343,6.2166,6.2466,6.7576,6.444,25.7569,244.5086,0.279783,0.322033,2.5571,40.6875,47.6456,154.1343,6.2166,6.2466,6.7576,6.444,25.7569,244.5086,0.279783,0.322033,,,,,,,,,,,,,0
1765.4016,2.5679,40.2574,61.0236,156.8068,5.6392,6.3828,6.8357,6.8335,23.9849,133.9062,0.283827,0.325234,2.5679,40.2574,61.0236,156.8068,5.6392,6.3828,6.8357,6.8335,23.9849,133.9062,0.283827,0.325234,,,,,,,,,,,,,0
1765.554,2.5598,39.2207,67.315,159.897,5.5329,7.3437,7.6574,7.3475,23.0039,59.0429,0.287913,0.330518,2.5598,39.2207,67.315,159.897,5.5329,7.3437,7.6574,7.3475,23.0039,59.0429,0.287913,0.330518,,,,,,,,,,,,,0
1765.7064,2.5297,37.0785,60.6932,158.9632,5.8211,9.8076,9.8344,7.4657,23.4646,49.3042,0.296398,0.339601,2.5297,37.0785,60.6932,158.9632,5.8211,9.8076,9.8344,7.4657,23.4646,49.3042,0.296398,0.339601,,,,,,,,,,,,,0
1765.8588,2.5069,34.9363,54.0714,157.4617,5.77,12.2714,12.0113,7.2126,23.9254,39.5655,0.30532,0.348684,2.5069,34.9363,54.0714,157.4617,5.77,12.2714,12.0113,7.2126,23.9254,39.5655,0.30532,0.348684,,,,,,,,,,,,,0
1766.0112,2.4749,35.2477,47.754,161.7994,5.8815,15.2553,14.8382,7.3544,24.3246,30.8553,0.319608,0.356403,2.4749,35.2477,47.754,161.7994,5.8815,15.2553,14.8382,7.3544,24.3246,30.8553,0.319608,0.356403,,,,,,,,,,,,,0
1766.1636,2.4312,66.4919,45.2735,161.4009,6.4582,24.7953,25.8606,9.3752,23.9488,35.1113,0.32907,0.346924,2.4312,66.4919,45.2735,161.4009,6.4582,24.7953,25.8606,9.3752,23.9488,35.1113,0.32907,0.346924,,,,,,,,,,,,,0
1766.316,2.2476,97.7362,42.7931,138.488,29.6542,34.3354,36.883,29.8469,23.573,39.3673,0.317306,0.337445,2.2476,97.7362,42.7931,138.488,29.6542,34.3354,36.883,29.8469,23.573,39.3673,0.317306,0.337445,,,,,,,,,,,,,0
1766.4684,2.0272,128.9804,40.3126,109.2502,71.0875,43.8754,47.9053,57.4481,23.1972,43.6233,0.29637,0.327966,2.0272,128.9804,40.3126,109.2502,71.0875,43.8754,47.9053,57.4481,23.1972,43.6233,0.29637,0.327966,,,,,,,,,,,,,0
1766.6208,2.2207,237.7386,41.3857,84.0804,116.0228,43.7128,48.7883,73.8169,19.1438,45.0066,0.252063,0.284445,2.2207,237.7386,41.3857,84.0804,116.0228,43.7128,48.7883,73.8169,19.1438,45.0066,0.252063,0.284445,,,,,,,,,,,,,0
1766.7732,2.4748,366.7736,43.3884,75.6185,90.6936,41.0122,47.0189,60.1548,14.1283,45.6385,0.170291,0.232019,2.4748,366.7736,43.3884,75.6185,90.6936,41.0122,47.0189,60.1548,14.1283,45.6385,0.170291,0.232019,,,,,,,,,,,,,0
1766.9256,2.5484,495.8085,45.391,79.2222,44.401,38.3115,45.2495,34.2809,9.1128,46.2703,0.115801,0.179594,2.5484,495.8085,45.391,79.2222,44.401,38.3115,45.2495,34.2809,9.1128,46.2703,0.115801,0.179594,,,,,,,,,,,,,0
1767.078,2.5688,488.6779,44.4993,94.3328,26.9059,35.885,43.4832,20.9753,6.2079,57.7774,0.088555,0.149538,2.5688,488.6779,44.4993,94.3328,26.9059,35.885,43.4832,20.9753,6.2079,57.7774,0.088555,0.149538,,,,,,,,,,,,,0
1767.2304,2.5715,351.6663,40.8467,101.6017,21.4728,33.7199,41.7198,19.2017,5.3163,79.6577,0.079245,0.140821,2.5715,351.6663,40.8467,101.6017,21.4728,33.7199,41.7198,19.2017,5.3163,79.6577,0.079245,0.140821,,,,,,,,,,,,,0
1767.3828,2.5562,214.6547,37.1942,88.1329,31.1801,31.5549,39.9565,36.3496,4.4246,101.5379,0.08248,0.132104,2.5562,214.6547,37.1942,88.1329,31.1801,31.5549,39.9565,36.3496,4.4246,101.5379,0.08248,0.132104,,,,,,,,,,,,,0
1767.5352,2.5276,104.7091,35.2667,77.6916,45.1666,29.979,38.4456,50.2719,3.9072,114.8113,0.085484,0.126153,2.5276,104.7091,35.2667,77.6916,45.1666,29.979,38.4456,50.2719,3.9072,114.8113,0.085484,0.126153,,,,,,,,,,,,,0
1767.6876,2.5149,84.8813,39.083,78.3099,39.6142,30.3646,37.7752,42.6832,4.6359,99.4277,0.087057,0.129415,2.5149,84.8813,39.083,78.3099,39.6142,30.3646,37.7752,42.6832,4.6359,99.4277,0.087057,0.129415,,,,,,,,,,,,,0
1767.84,2.519,65.0534,42.8992,79.8332,32.1246,30.7502,37.1048,33.5573,5.3646,84.0441,0.089067,0.132676,2.519,65.0534,42.8992,79.8332,32.1246,30.7502,37.1048,33.5573,5.3646,84.0441,0.089067,0.132676,,,,,,,,,,,,,0
1767.9924,2.5171,45.2256,46.7154,71.251,32.9468,31.1359,36.4344,34.7171,6.0934,68.6605,0.09564,0.135937,2.5171,45.2256,46.7154,71.251,32.9468,31.1359,36.4344,34.7171,6.0934,68.6605,0.09564,0.135937,,,,,,,,,,,,,0
1768.1448,2.5117,92.4901,51.8358,65.5484,42.6856,28.111,32.6656,44.7456,8.0798,76.5828,0.102791,0.145657,2.5117,92.4901,51.8358,65.5484,42.6856,28.111,32.6656,44.7456,8.0798,76.5828,0.102791,0.145657,,,,,,,,,,,,,0
1768.2972,2.5145,143.276,57.0247,77.6036,39.7099,24.9071,28.7342,35.0551,10.1322,85.7284,0.113228,0.155715,2.5145,143.276,57.0247,77.6036,39.7099,24.9071,28.7342,35.0551,10.1322,85.7284,0.113228,0.155715,,,,,,,,,,,,,0
1768.4496,2.5291,194.062,62.2136,96.2488,27.9195,21.7032,24.8028,19.3049,12.1846,94.874,0.123002,0.165774,2.5291,194.062,62.2136,96.2488,27.9195,21.7032,24.8028,19.3049,12.1846,94.874,0.123002,0.165774,,,,,,,,,,,,,0
1768.602,2.5569,318.0515,58.3816,114.8379,22.0308,19.1341,22.3344,16.8937,13.5534,100.6233,0.139613,0.177913,2.5569,318.0515,58.3816,114.8379,22.0308,19.1341,22.3344,16.8937,13.5534,100.6233,0.139613,0.177913,,,,,,,,,,,,,0
1768.7544,2.5695,478.2121,50.0921,128.4987,20.8269,16.8785,20.5891,19.1368,14.5844,104.6945,0.154161,0.19108,2.5695,478.2121,50.0921,128.4987,20.8269,16.8785,20.5891,19.1368,14.5844,104.6945,0.154161,0.19108,,,,,,,,,,,,,0
1768.9068,2.5675,638.3727,41.8027,131.9437,18.0828,14.623,18.8437,19.0888,15.6154,108.7658,0.167248,0.204248,2.5675,638.3727,41.8027,131.9437,18.0828,14.623,18.8437,19.0888,15.6154,108.7658,0.167248,0.204248,,,,,,,,,,,,,0
1769.0592,2.5604,653.6459,36.9702,137.6544,16.576,13.0414,17.5738,18.3966,16.3004,101.7984,0.175944,0.215568,2.5604,653.6459,36.9702,137.6544,16.576,13.0414,17.5738,18.3966,16.3004,101.7984,0.175944,0.215568,,,,,,,,,,,,,0
1769.2116,2.5635,440.8192,37.58,136.4178,16.6368,12.5207,17.0523,17.3603,16.4407,77.4527,0.184214,0.22398,2.5635,440.8192,37.58,136.4178,16.6368,12.5207,17.0523,17.3603,16.4407,77.4527,0.184214,0.22398,,,,,,,,,,,,,0
1769.364,2.5718,227.9924,38.1899,133.449,16.1005,12.0001,16.5309,16.2579,16.5809,53.1069,0.190543,0.232393,2.5718,227.9924,38.1899,133.449,16.1005,12.0001,16.5309,16.2579,16.5809,53.1069,0.190543,0.232393,,,,,,,,,,,,,0
1769.5164,2.5724,38.0552,41.8143,139.952,14.8985,11.4265,15.9231,15.9686,16.5019,31.2229,0.200838,0.240799,2.5724,38.0552,41.8143,139.952,14.8985,11.4265,15.9231,15.9686,16.5019,31.2229,0.200838,0.240799,,,,,,,,,,,,,0
1769.6688,2.5767,37.9349,70.4377,146.138,12.8995,10.4137,14.5985,14.3979,14.6045,29.7523,0.2139,0.24915,2.5767,37.9349,70.4377,146.138,12.8995,10.4137,14.5985,14.3979,14.6045,29.7523,0.2139,0.24915,,,,,,,,,,,,,0
1769.8212,2.576,37.8145,99.0611,151.634,11.3975,9.4009,13.2739,12.9972,12.7072,28.2818,0.221561,0.257502,2.576,37.8145,99.0611,151.634,11.3975,9.4009,13.2739,12.9972,12.7072,28.2818,0.221561,0.257502,,,,,,,,,,,,,0
1769.9736,2.5766,37.6942,127.6844,153.4391,10.2238,8.3881,11.9494,11.7372,10.8098,26.8112,0.227956,0.265853,2.5766,37.6942,127.6844,153.4391,10.2238,8.3881,11.9494,11.7372,10.8098,26.8112,0.227956,0.265853,,,,,,,,,,,,,0
1770.126,2.5818,46.0955,173.5682,157.94,9.5953,7.8224,10.6306,10.849,12.5359,2165996032.0,0.233917,0.273146,2.5818,46.0955,173.5682,157.94,9.5953,7.8224,10.6306,10.849,12.5359,2165996032.0,0.233917,0.273146,,,,,,,,,,,,,0
1770.2784,2.579,56.2823,223.0685,162.0757,9.1687,7.3503,9.3131,8.7219,15.0212,4785820160.0,0.241349,0.280218,2.579,56.2823,223.0685,162.0757,9.1687,7.3503,9.3131,8.7219,15.0212,4785820160.0,0.241349,0.280218,,,,,,,,,,,,,0
1770.4308,2.5738,66.4692,272.5688,161.8949,8.4711,6.8782,7.9956,7.2364,17.5065,7405643776.0,0.247817,0.287289,2.5738,66.4692,272.5688,161.8949,8.4711,6.8782,7.9956,7.2364,17.5065,7405643776.0,0.247817,0.287289,,,,,,,,,,,,,0
1770.5832,2.5834,65.6123,258.5985,157.3884,7.5619,6.4901,7.1442,6.4322,18.5968,7547923968.0,0.254547,0.29258,2.5834,65.6123,258.5985,157.3884,7.5619,6.4901,7.1442,6.4322,18.5968,7547923968.0,0.254547,0.29258,,,,,,,,,,,,,0
1770.7356,2.5992,55.57,191.8379,155.1371,7.1055,6.1718,6.6804,6.0911,18.527,5629554688.0,0.258576,0.29639,2.5992,55.57,191.8379,155.1371,7.1055,6.1718,6.6804,6.0911,18.527,5629554688.0,0.258576,0.29639,,,,,,,,,,,,,0
1770.888,2.6042,45.5277,125.0772,158.8043,6.6396,5.8536,6.2166,5.9338,18.4571,3711185152.0,0.261468,0.3002,2.6042,45.5277,125.0772,158.8043,6.6396,5.8536,6.2166,5.9338,18.4571,3711185152.0,0.261468,0.3002,,,,,,,,,,,,,0
1771.0404,2.6009,37.9252,72.5774,163.7886,6.3563,5.5827,5.8519,5.8389,18.6392,2115410048.0,0.263465,0.303315,2.6009,37.9252,72.5774,163.7886,6.3563,5.5827,5.8519,5.8389,18.6392,2115410048.0,0.263465,0.303315,,,,,,,,,,,,,0
1771.1928,2.6068,37.0865,59.6123,164.1575,5.9186,5.4433,5.7615,5.6288,19.52,1413955584.0,0.265239,0.304504,2.6068,37.0865,59.6123,164.1575,5.9186,5.4433,5.7615,5.6288,19.52,1413955584.0,0.265239,0.304504,,,,,,,,,,,,,0
1771.3452,2.6071,36.2477,46.6473,166.5015,5.5765,5.3038,5.6712,5.4843,20.4009,712501056.0,0.265872,0.305693,2.6071,36.2477,46.6473,166.5015,5.5765,5.3038,5.6712,5.4843,20.4009,712501056.0,0.265872,0.305693,,,,,,,,,,,,,0
1771.4976,2.6205,35.4089,33.6823,162.5391,5.5189,5.1644,5.5808,5.6851,21.2817,11046568.0,0.26682,0.306881,2.6205,35.4089,33.6823,162.5391,5.5189,5.1644,5.5808,5.6851,21.2817,11046568.0,0.26682,0.306881,,,,,,,,,,,,,0
1771.65,2.6406,31.1393,36.0537,159.8527,5.0873,5.0363,5.4141,5.403,23.1237,49.3568,0.268739,0.30855,2.6406,31.1393,36.0537,159.8527,5.0873,5.0363,5.4141,5.403,23.1237,49.3568,0.268739,0.30855,,,,,,,,,,,,,0
1771.8024,2.6322,26.8149,38.6704,160.4435,5.0171,4.9084,5.2461,5.2564,24.981,57.8673,0.271095,0.310226,2.6322,26.8149,38.6704,160.4435,5.0171,4.9084,5.2461,5.2564,24.981,57.8673,0.271095,0.310226,,,,,,,,,,,,,0
1771.9548,2.636,22.4904,41.2872,161.9225,4.8243,4.7805,5.0781,5.0172,26.8383,66.3778,0.271809,0.311903,2.636,22.4904,41.2872,161.9225,4.8243,4.7805,5.0781,5.0172,26.8383,66.3778,0.271809,0.311903,,,,,,,,,,,,,0
1772.1072,2.6211,21.0286,41.6735,169.5528,4.3449,4.9376,5.3192,4.8412,26.4186,81.5507,0.271891,0.3115,2.6211,21.0286,41.6735,169.5528,4.3449,4.9376,5.3192,4.8412,26.4186,81.5507,0.271891,0.3115,,,,,,,,,,,,,0
1772.2596,2.6063,20.7738,41.1193,170.9077,4.2517,5.2149,5.7328,4.9284,25.0387,99.5328,0.271426,0.310219,2.6063,20.7738,41.1193,170.9077,4.2517,5.2149,5.7328,4.9284,25.0387,99.5328,0.271426,0.310219,,,,,,,,,,,,,0
1772.412,2.5989,20.519,40.5651,154.249,5.2215,5.4922,6.1463,6.1898,23.6588,117.5149,0.268931,0.308939,2.5989,20.519,40.5651,154.249,5.2215,5.4922,6.1463,6.1898,23.6588,117.5149,0.268931,0.308939,,,,,,,,,,,,,0
1772.5644,2.6006,20.2762,46.2557,143.5012,6.2364,5.8169,6.4707,7.5028,22.1777,126.394,0.266297,0.308161,2.6006,20.2762,46.2557,143.5012,6.2364,5.8169,6.4707,7.5028,22.1777,126.394,0.266297,0.308161,,,,,,,,,,,,,0
1772.7168,2.5951,20.0498,60.4795,149.4625,5.5918,6.2064,6.6733,7.1355,20.5584,122.8342,0.263013,0.30807,2.5951,20.0498,60.4795,149.4625,5.5918,6.2064,6.6733,7.1355,20.5584,122.8342,0.263013,0.30807,,,,,,,,,,,,,0
1772.8692,2.5763,19.8234,74.7033,161.1766,5.0595,6.5959,6.8759,6.6145,18.9391,119.2745,0.264087,0.307978,2.5763,19.8234,74.7033,161.1766,5.0595,6.5959,6.8759,6.6145,18.9391,119.2745,0.264087,0.307978,,,,,,,,,,,,,0
1773.0216,2.5703,330617440.0,87.1046,165.5585,5.0046,7.3873,7.4727,6.6437,18.1178,123.5248,0.271814,0.310276,2.5703,330617440.0,87.1046,165.5585,5.0046,7.3873,7.4727,6.6437,18.1178,123.5248,0.271814,0.310276,,,,,,,,,,,,,0
1773.174,2.5578,2663307008.0,88.4695,173.1678,5.5874,10.6127,10.4563,7.3047,22.1293,175.0691,0.290324,0.32704,2.5578,2663307008.0,88.4695,173.1678,5.5874,10.6127,10.4563,7.3047,22.1293,175.0691,0.290324,0.32704,,,,,,,,,,,,,0
1773.3264,2.509,4995996672.0,89.8345,182.6016,5.4392,13.8381,13.44,7.1063,26.1407,226.6135,0.306964,0.343804,2.509,4995996672.0,89.8345,182.6016,5.4392,13.8381,13.44,7.1063,26.1407,226.6135,0.306964,0.343804,,,,,,,,,,,,,0
1773.4788,2.3212,7328686080.0,91.1994,190.4037,14.0422,17.0634,16.4237,16.6513,30.1521,278.1578,0.325121,0.360568,2.3212,7328686080.0,91.1994,190.4037,14.0422,17.0634,16.4237,16.6513,30.1521,278.1578,0.325121,0.360568,,,,,,,,,,,,,0
1773.6312,2.1046,8205987840.0,91.3271,188.3068,24.5888,21.5637,22.1041,29.2689,28.7525,328027872.0,0.336946,0.347445,2.1046,8205987840.0,91.3271,188.3068,24.5888,21.5637,22.1041,29.2689,28.7525,328027872.0,0.336946,0.347445,,,,,,,,,,,,,0
1773.7836,2.0319,8848120832.0,91.2549,150.7301,73.6088,26.27,28.2204,59.8454,26.4786,709059968.0,0.318061,0.329492,2.0319,8848120832.0,91.2549,150.7301,73.6088,26.27,28.2204,59.8454,26.4786,709059968.0,0.318061,0.329492,,,,,,,,,,,,,0
1773.936,2.1642,9490252800.0,91.1826,106.2159,79.9249,30.9762,34.3367,50.8888,24.2047,1090092032.0,0.280998,0.311539,2.1642,9490252800.0,91.1826,106.2159,79.9249,30.9762,34.3367,50.8888,24.2047,1090092032.0,0.280998,0.311539,,,,,,,,,,,,,0
1774.0884,2.4092,8034361856.0,101.4798,81.9026,45.5632,30.1936,33.8552,26.3536,20.9124,2704841984.0,0.194665,0.274262,2.4092,8034361856.0,101.4798,81.9026,45.5632,30.1936,33.8552,26.3536,20.9124,2704841984.0,0.194665,0.274262,,,,,,,,,,,,,0
1774.2408,2.5238,5059539968.0,119.2843,78.3555,27.6236,25.4372,28.5971,19.4351,16.8828,5212781056.0,0.130548,0.222995,2.5238,5059539968.0,119.2843,78.3555,27.6236,25.4372,28.5971,19.4351,16.8828,5212781056.0,0.130548,0.222995,,,,,,,,,,,,,0
1774.3932,2.5462,2084717824.0,137.0888,86.4211,22.678,20.6807,23.3389,19.222,12.8532,7720720384.0,0.09884,0.171728,2.5462,2084717824.0,137.0888,86.4211,22.678,20.6807,23.3389,19.222,12.8532,7720720384.0,0.09884,0.171728,,,,,,,,,,,,,0
1774.5456,2.5505,53.5112,141.0016,93.8886,20.2022,17.1048,19.3712,19.2404,9.9073,8686244864.0,0.08594,0.137971,2.5505,53.5112,141.0016,93.8886,20.2022,17.1048,19.3712,19.2404,9.9073,8686244864.0,0.08594,0.137971,,,,,,,,,,,,,0
1774.698,2.5458,59.361,112.3786,107.2887,18.2954,16.2937,18.4256,18.6587,9.4995,6039272448.0,0.091998,0.145225,2.5458,59.361,112.3786,107.2887,18.2954,16.2937,18.4256,18.6587,9.4995,6039272448.0,0.091998,0.145225,,,,,,,,,,,,,0
1774.8504,2.548,65.2107,83.7557,121.117,17.0984,15.4827,17.4799,17.5094,9.0918,3392299520.0,0.10245,0.152479,2.548,65.2107,83.7557,121.117,17.0984,15.4827,17.4799,17.5094,9.0918,3392299520.0,0.10245,0.152479,,,,,,,,,,,,,0
1775.0028,2.5635,71.1062,55.6177,125.7395,16.4457,14.6814,16.5412,16.6449,8.7463,789512704.0,0.120669,0.159804,2.5635,71.1062,55.6177,125.7395,16.4457,14.6814,16.5412,16.6449,8.7463,789512704.0,0.120669,0.159804,,,,,,,,,,,,,0
1775.1552,2.5868,79.445,53.391,124.6063,16.3543,14.4065,15.9717,16.3292,11.7311,547514048.0,0.134804,0.17093,2.5868,79.445,53.391,124.6063,16.3543,14.4065,15.9717,16.3292,11.7311,547514048.0,0.134804,0.17093,,,,,,,,,,,,,0
1775.3076,2.5916,87.7837,51.1643,124.0128,15.0614,14.1316,15.4021,15.0744,14.7158,305515392.0,0.146391,0.182055,2.5916,87.7837,51.1643,124.0128,15.0614,14.1316,15.4021,15.0744,14.7158,305515392.0,0.146391,0.182055,,,,,,,,,,,,,0
1775.46,2.5893,96.1225,48.9376,128.705,14.2006,13.8567,14.8326,14.5687,17.7006,63516744.0,0.153906,0.19318,2.5893,96.1225,48.9376,128.705,14.2006,13.8567,14.8326,14.5687,17.7006,63516744.0,0.153906,0.19318,,,,,,,,,,,,,0
1775.6124,2.5877,99.0488,47.3774,136.5811,13.7266,14.3059,15.1337,14.3299,17.8365,35.867,0.158625,0.196212,2.5877,99.0488,47.3774,136.5811,13.7266,14.3059,15.1337,14.3299,17.8365,35.867,0.158625,0.196212,,,,,,,,,,,,,0
1775.7648,2.5895,100.049,46.0543,134.2915,12.7081,15.0128,15.7447,13.9282,16.9586,30.8493,0.159698,0.196365,2.5895,100.049,46.0543,134.2915,12.7081,15.0128,15.7447,13.9282,16.9586,30.8493,0.159698,0.196365,,,,,,,,,,,,,0
1775.9172,2.5936,101.0492,44.7312,122.4023,16.3346,15.7197,16.3557,18.7243,16.0808,25.8316,0.155983,0.196517,2.5936,101.0492,44.7312,122.4023,16.3346,15.7197,16.3557,18.7243,16.0808,25.8316,0.155983,0.196517,,,,,,,,,,,,,0
1776.0696,2.5675,100.5098,45.9835,120.5579,20.2239,15.827,16.3328,17.7338,14.8308,25.5622,0.151485,0.197087,2.5675,100.5098,45.9835,120.5579,20.2239,15.827,16.3328,17.7338,14.8308,25.5622,0.151485,0.197087,,,,,,,,,,,,,0
1776.222,2.5625,98.1388,50.2994,123.7575,21.5567,15.2208,15.5559,15.8297,13.1382,30.9416,0.151276,0.198154,2.5625,98.1388,50.2994,123.7575,21.5567,15.2208,15.5559,15.8297,13.1382,30.9416,0.151276,0.198154,,,,,,,,,,,,,0
1776.3744,2.5801,95.7678,54.6153,122.6157,19.3456,14.6147,14.779,13.9661,11.4456,36.3211,0.155763,0.199221,2.5801,95.7678,54.6153,122.6157,19.3456,14.6147,14.779,13.9661,11.4456,36.3211,0.155763,0.199221,,,,,,,,,,,,,0
1776.5268,2.5847,92.1116,400832768.0,120.242,19.462,14.0235,14.0623,14.0972,10.1664,40.1768,0.159494,0.200936,2.5847,92.1116,400832768.0,120.242,19.462,14.0235,14.0623,14.0972,10.1664,40.1768,0.159494,0.200936,,,,,,,,,,,,,0
1776.6792,2.5792,82.4327,2680194816.0,124.016,18.3446,13.5026,13.6277,14.7145,10.8249,36.8913,0.163015,0.205691,2.5792,82.4327,2680194816.0,124.016,18.3446,13.5026,13.6277,14.7145,10.8249,36.8913,0.163015,0.205691,,,,,,,,,,,,,0
1776.8316,2.5783,72.7538,4959557120.0,131.7739,16.2055,12.9818,13.1931,13.6759,11.4834,33.6058,0.166796,0.210446,2.5783,72.7538,4959557120.0,131.7739,16.2055,12.9818,13.1931,13.6759,11.4834,33.6058,0.166796,0.210446,,,,,,,,,,,,,0
1776.984,2.5775,63.0749,7238919168.0,136.9234,15.264,12.4609,12.7585,12.4327,12.1419,30.3202,0.175116,0.215201,2.5775,63.0749,7238919168.0,136.9234,15.264,12.4609,12.7585,12.4327,12.1419,30.3202,0.175116,0.215201,,,,,,,,,,,,,0
1777.1364,2.5799,57.5338,5916093440.0,136.9687,14.9916,12.1109,12.3517,12.0159,10.7576,3395926528.0,0.182225,0.223366,2.5799,57.5338,5916093440.0,136.9687,14.9916,12.1109,12.3517,12.0159,10.7576,3395926528.0,0.182225,0.223366,,,,,,,,,,,,,0
1777.2888,2.5887,52.4781,4170724096.0,139.8563,14.0631,11.781,11.9481,11.4947,9.1337,7190201856.0,0.19312,0.231931,2.5887,52.4781,4170724096.0,139.8563,14.0631,11.781,11.9481,11.4947,9.1337,7190201856.0,0.19312,0.231931,,,,,,,,,,,,,0
1777.4412,2.5893,47.4224,2425354496.0,142.3362,14.0966,11.4511,11.5445,11.5731,7.5098,10984477696.0,0.200787,0.240495,2.5893,47.4224,2425354496.0,142.3362,14.0966,11.4511,11.5445,11.5731,7.5098,10984477696.0,0.200787,0.240495,,,,,,,,,,,,,0
1777.5936,2.5883,48.6523,1423980288.0,145.578,13.6941,10.8621,10.9605,11.0395,6.5312,11633545216.0,0.205517,0.245728,2.5883,48.6523,1423980288.0,145.578,13.6941,10.8621,10.9605,11.0395,6.5312,11633545216.0,0.205517,0.245728,,,,,,,,,,,,,0
1777.746,2.5894,53.8308,889987712.0,147.283,12.7237,10.1104,10.2632,10.0797,5.9578,10306778112.0,0.208165,0.248868,2.5894,53.8308,889987712.0,147.283,12.7237,10.1104,10.2632,10.0797,5.9578,10306778112.0,0.208165,0.248868,,,,,,,,,,,,,0
1777.8984,2.5966,59.0094,355995104.0,153.8082,11.7246,9.3587,9.5659,9.356,5.3845,8980009984.0,0.211661,0.252007,2.5966,59.0094,355995104.0,153.8082,11.7246,9.3587,9.5659,9.356,5.3845,8980009984.0,0.211661,0.252007,,,,,,,,,,,,,0
1778.0508,2.6028,69.2744,47.5772,158.0142,10.915,8.6665,8.8978,8.9305,5.5857,7272995840.0,0.21525,0.256142,2.6028,69.2744,47.5772,158.0142,10.915,8.6665,8.8978,8.9305,5.5857,7272995840.0,0.21525,0.256142,,,,,,,,,,,,,0
1778.2032,2.6135,89.7124,97.86,156.3684,10.1929,8.0931,8.2881,8.1813,7.3361,4805488128.0,0.222104,0.262269,2.6135,89.7124,97.86,156.3684,10.1929,8.0931,8.2881,8.1813,7.3361,4805488128.0,0.222104,0.262269,,,,,,,,,,,,,0
1778.3556,2.6215,110.1505,148.1429,161.1719,9.3831,7.5197,7.6785,7.5722,9.0864,2337980160.0,0.22776,0.268395,2.6215,110.1505,148.1429,161.1719,9.3831,7.5197,7.6785,7.5722,9.0864,2337980160.0,0.22776,0.268395,,,,,,,,,,,,,0
1778.508,2.6165,130.3465,195.2513,163.6361,8.2446,6.957,7.0829,6.7733,10.6964,105.3581,0.234713,0.274445,2.6165,130.3465,195.2513,163.6361,8.2446,6.957,7.0829,6.7733,10.6964,105.3581,0.234713,0.274445,,,,,,,,,,,,,0
1778.6604,2.6169,146.1734,185.0599,163.7667,7.398,6.587,6.742,6.2048,9.7719,172.9476,0.240961,0.279108,2.6169,146.1734,185.0599,163.7667,7.398,6.587,6.742,6.2048,9.7719,172.9476,0.240961,0.279108,,,,,,,,,,,,,0
1778.8128,2.6258,162.0003,174.8685,167.7357,6.8814,6.217,6.4011,5.9554,8.8475,240.5371,0.245953,0.283772,2.6258,162.0003,174.8685,167.7357,6.8814,6.217,6.4011,5.9554,8.8475,240.5371,0.245953,0.283772,,,,,,,,,,,,,0
1778.9652,2.6311,177.8272,164.6771,167.602,6.774,5.847,6.0601,5.9071,7.923,308.1266,0.248948,0.288435,2.6311,177.8272,164.6771,167.602,6.774,5.847,6.0601,5.9071,7.923,308.1266,0.248948,0.288435,,,,,,,,,,,,,0
1779.1176,2.6365,157.8111,136.4102,164.2759,6.5376,5.7252,5.9696,5.9625,9.5605,319.1811,0.250429,0.289312,2.6365,157.8111,136.4102,164.2759,6.5376,5.7252,5.9696,5.9625,9.5605,319.1811,0.250429,0.289312,,,,,,,,,,,,,0
1779.27,2.6463,127.1885,102.7944,159.4182,6.4158,5.677,5.9532,6.1443,11.9561,313.5058,0.249114,0.289068,2.6463,127.1885,102.7944,159.4182,6.4158,5.677,5.9532,6.1443,11.9561,313.5058,0.249114,0.289068,,,,,,,,,,,,,0
1779.4224,2.646,96.5658,69.1786,159.591,6.4477,5.6287,5.9368,6.1729,14.3518,307.8304,0.247845,0.288824,2.646,96.5658,69.1786,159.591,6.4477,5.6287,5.9368,6.1729,14.3518,307.8304,0.247845,0.288824,,,,,,,,,,,,,0
1779.5748,2.6296,76.841,53.419,163.4801,6.0453,5.5479,5.8575,5.799,15.8511,281.4462,0.248657,0.289553,2.6296,76.841,53.419,163.4801,6.0453,5.5479,5.8575,5.799,15.8511,281.4462,0.248657,0.289553,,,,,,,,,,,,,0
1779.7272,2.6252,68.4219,56.184,169.0917,5.7719,5.4335,5.7129,5.5789,16.4206,233.578,0.250348,0.29129,2.6252,68.4219,56.184,169.0917,5.7719,5.4335,5.7129,5.5789,16.4206,233.578,0.250348,0.29129,,,,,,,,,,,,,0
1779.8796,2.6412,60.0029,58.949,170.0021,5.6416,5.319,5.5684,5.4931,16.99,185.7098,0.253169,0.293027,2.6412,60.0029,58.949,170.0021,5.6416,5.319,5.5684,5.4931,16.99,185.7098,0.253169,0.293027,,,,,,,,,,,,,0
1780.032,2.6525,54.3941,59.9199,171.0355,5.4744,5.2458,5.467,5.3857,17.2207,142.5079,0.255293,0.29399,2.6525,54.3941,59.9199,171.0355,5.4744,5.2458,5.467,5.3857,17.2207,142.5079,0.255293,0.29399,,,,,,,,,,,,,0
1780.1844,2.6557,59.359,54.1408,172.9103,5.239,5.328,5.5277,5.3469,16.1766,116.8634,0.253313,0.29204,2.6557,59.359,54.1408,172.9103,5.239,5.328,5.5277,5.3469,16.1766,116.8634,0.253313,0.29204,,,,,,,,,,,,,0
1780.3368,2.6506,64.3239,48.3617,174.246,5.1026,5.4101,5.5885,5.4234,15.1326,91.2189,0.250242,0.290089,2.6506,64.3239,48.3617,174.246,5.1026,5.4101,5.5885,5.4234,15.1326,91.2189,0.250242,0.290089,,,,,,,,,,,,,0
1780.4892,2.6587,69.2889,42.5826,170.1968,5.4244,5.4923,5.6493,5.7269,14.0886,65.5743,0.246494,0.288138,2.6587,69.2889,42.5826,170.1968,5.4244,5.4923,5.6493,5.7269,14.0886,65.5743,0.246494,0.288138,,,,,,,,,,,,,0
1780.6416,2.665,62.6782,42.405,163.8384,5.6905,5.7526,6.2039,5.9258,13.6004,71.0583,0.242476,0.283837,2.665,62.6782,42.405,163.8384,5.6905,5.7526,6.2039,5.9258,13.6004,71.0583,0.242476,0.283837,,,,,,,,,,,,,0
1780.794,2.6569,55.1847,42.6547,161.7205,5.7606,6.0265,6.7961,6.2522,13.1547,78.9164,0.236635,0.279356,2.6569,55.1847,42.6547,161.7205,5.7606,6.0265,6.7961,6.2522,13.1547,78.9164,0.236635,0.279356,,,,,,,,,,,,,0
1780.9464,2.6596,47.6912,42.9043,156.9961,5.989,6.3004,7.3883,6.8045,12.709,86.7745,0.232761,0.274876,2.6596,47.6912,42.9043,156.9961,5.989,6.3004,7.3883,6.8045,12.709,86.7745,0.232761,0.274876,,,,,,,,,,,,,0
1781.0988,2.6553,43.1948,302.5412,157.8749,5.8883,6.3119,7.3761,8.4298,12.7384,79.795,0.230214,0.272707,2.6553,43.1948,302.5412,157.8749,5.8883,6.3119,7.3761,8.4298,12.7384,79.795,0.230214,0.272707,,,,,,,,,,,,,0
1781.2512,2.6365,40.3242,702.8984,161.4221,5.6748,6.181,7.0359,7.3084,13.0257,64.7658,0.229072,0.271793,2.6365,40.3242,702.8984,161.4221,5.6748,6.181,7.0359,7.3084,13.0257,64.7658,0.229072,0.271793,,,,,,,,,,,,,0
1781.4036,2.6247,37.4537,1103.2555,171.3774,5.4333,6.0501,6.6958,5.8992,13.313,49.7366,0.229128,0.270878,2.6247,37.4537,1103.2555,171.3774,5.4333,6.0501,6.6958,5.8992,13.313,49.7366,0.229128,0.270878,,,,,,,,,,,,,0
1781.556,2.6316,39.0524,1286.5942,174.9072,5.1549,6.0853,6.5779,5.8759,12.6093,44.2907,0.230539,0.272316,2.6316,39.0524,1286.5942,174.9072,5.1549,6.0853,6.5779,5.8759,12.6093,44.2907,0.230539,0.272316,,,,,,,,,,,,,0
1781.7084,2.6417,48.3444,1096.3512,164.8452,5.2523,6.4065,6.8427,6.4249,10.1999,55.3419,0.235382,0.277802,2.6417,48.3444,1096.3512,164.8452,5.2523,6.4065,6.8427,6.4249,10.1999,55.3419,0.235382,0.277802,,,,,,,,,,,,,0
1781.8608,2.6438,57.6363,906.1083,161.1564,5.544,6.7276,7.1075,6.5798,7.7904,66.3932,0.240251,0.283289,2.6438,57.6363,906.1083,161.1564,5.544,6.7276,7.1075,6.5798,7.7904,66.3932,0.240251,0.283289,,,,,,,,,,,,,0
1782.0132,2.6458,66.6741,713.7827,159.776,6.3145,7.0504,7.3665,7.4373,5.7583,77.3002,0.24795,0.289396,2.6458,66.6741,713.7827,159.776,6.3145,7.0504,7.3665,7.4373,5.7583,77.3002,0.24795,0.289396,,,,,,,,,,,,,0
1782.1656,2.6361,73.0309,499.4938,157.5852,6.3462,7.3897,7.5642,7.7128,7.7058,86.6865,0.255582,0.302045,2.6361,73.0309,499.4938,157.5852,6.3462,7.3897,7.5642,7.7128,7.7058,86.6865,0.255582,0.302045,,,,,,,,,,,,,0
1782.318,2.6042,79.3878,285.205,165.7086,5.7404,7.7289,7.7618,7.1167,9.6533,96.0729,0.269635,0.314694,2.6042,79.3878,285.205,165.7086,5.7404,7.7289,7.7618,7.1167,9.6533,96.0729,0.269635,0.314694,,,,,,,,,,,,,0
1782.4704,2.5554,85.7446,70.9161,184.0766,6.6593,8.0682,7.9595,7.9908,11.6008,105.4592,0.291097,0.327343,2.5554,85.7446,70.9161,184.0766,6.6593,8.0682,7.9595,7.9908,11.6008,105.4592,0.291097,0.327343,,,,,,,,,,,,,0
1782.6228,2.504,81.777,27.3328,195.6634,8.5143,9.8636,9.3205,10.2169,13.0537,88.7677,0.306835,0.341024,2.504,81.777,27.3328,195.6634,8.5143,9.8636,9.3205,10.2169,13.0537,88.7677,0.306835,0.341024,,,,,,,,,,,,,0
1782.7752,2.4229,75.3206,24.8968,182.2052,8.6255,12.01,10.9618,10.2085,14.3873,65.7902,0.325797,0.354953,2.4229,75.3206,24.8968,182.2052,8.6255,12.01,10.9618,10.2085,14.3873,65.7902,0.325797,0.354953,,,,,,,,,,,,,0
1782.9276,2.3818,68.8643,22.4609,171.4157,8.5971,14.1564,12.6032,9.4271,15.7209,42.8128,0.337772,0.368883,2.3818,68.8643,22.4609,171.4157,8.5971,14.1564,12.6032,9.4271,15.7209,42.8128,0.337772,0.368883,,,,,,,,,,,,,0
1783.08,2.3583,69.0712,20.9051,142.2008,19.8294,16.1672,14.7122,14.4826,15.2651,31.2507,0.325896,0.363292,2.3583,69.0712,20.9051,142.2008,19.8294,16.1672,14.7122,14.4826,15.2651,31.2507,0.325896,0.363292,,,,,,,,,,,,,0
1783.2324,2.2741,75.3085,20.1458,118.9634,43.7976,18.0553,17.2445,23.8992,13.1901,30.0195,0.310665,0.340036,2.2741,75.3085,20.1458,118.9634,43.7976,18.0553,17.2445,23.8992,13.1901,30.0195,0.310665,0.340036,,,,,,,,,,,,,0
1783.3848,2.2342,81.5457,19.3866,121.3688,41.3532,19.9434,19.7767,22.9629,11.115,28.7884,0.27461,0.31678,2.2342,81.5457,19.3866,121.3688,41.3532,19.9434,19.7767,22.9629,11.115,28.7884,0.27461,0.31678,,,,,,,,,,,,,0
1783.5372,2.3794,83.7004,19.6182,131.7463,26.6446,20.7816,21.2882,16.0533,9.534,28.4939,0.236346,0.294371,2.3794,83.7004,19.6182,131.7463,26.6446,20.7816,21.2882,16.0533,9.534,28.4939,0.236346,0.294371,,,,,,,,,,,,,0
1783.6896,2.5192,73.2121,22.918,130.5022,25.5184,18.3684,19.6382,19.1086,9.4827,31.1003,0.203279,0.27459,2.5192,73.2121,22.918,130.5022,25.5184,18.3684,19.6382,19.1086,9.4827,31.1003,0.203279,0.27459,,,,,,,,,,,,,0
1783.842,2.5507,62.7239,26.2178,127.1944,26.7006,15.9552,17.9882,21.8032,9.4315,33.7066,0.188704,0.254808,2.5507,62.7239,26.2178,127.1944,26.7006,15.9552,17.9882,21.8032,9.4315,33.7066,0.188704,0.254808,,,,,,,,,,,,,0
1783.9944,2.559,52.2356,29.5176,135.9888,19.1797,13.5421,16.3382,15.7105,9.3802,36.313,0.191992,0.235027,2.559,52.2356,29.5176,135.9888,19.1797,13.5421,16.3382,15.7105,9.3802,36.313,0.191992,0.235027,,,,,,,,,,,,,0
1784.1468,2.569,50.4983,34.2518,140.7823,12.8737,12.1231,14.4143,9.8175,10.6103,37.0257,0.200149,0.244312,2.569,50.4983,34.2518,140.7823,12.8737,12.1231,14.4143,9.8175,10.6103,37.0257,0.200149,0.244312,,,,,,,,,,,,,0
1784.2992,2.581,49.0947,39.0407,139.9666,10.54,10.742,12.4799,8.3237,11.8894,37.6661,0.217204,0.254705,2.581,49.0947,39.0407,139.9666,10.54,10.742,12.4799,8.3237,11.8894,37.6661,0.217204,0.254705,,,,,,,,,,,,,0
1784.4516,2.5881,47.6912,43.8296,140.15,10.3703,9.3609,10.5455,9.1972,13.1684,38.3065,0.228863,0.265099,2.5881,47.6912,43.8296,140.15,10.3703,9.3609,10.5455,9.1972,13.1684,38.3065,0.228863,0.265099,,,,,,,,,,,,,0
1784.604,2.5897,56.0128,59.7731,133.7629,9.9947,9.9268,11.589,9.7925,12.0531,38.6965,0.23151,0.25488,2.5897,56.0128,59.7731,133.7629,9.9947,9.9268,11.589,9.7925,12.0531,38.6965,0.23151,0.25488,,,,,,,,,,,,,0
1784.7564,2.6113,68.8602,80.9077,130.2424,9.0081,11.3987,14.0182,9.2854,9.8236,38.9699,0.210689,0.235068,2.6113,68.8602,80.9077,130.2424,9.0081,11.3987,14.0182,9.2854,9.8236,38.9699,0.210689,0.235068,,,,,,,,,,,,,0
1784.9088,2.6162,81.7076,102.0423,122.5459,12.1477,12.8707,16.4475,17.0303,7.594,39.2434,0.176441,0.215256,2.6162,81.7076,102.0423,122.5459,12.1477,12.8707,16.4475,17.0303,7.594,39.2434,0.176441,0.215256,,,,,,,,,,,,,0
1785.0612,2.5386,84.5453,113.8162,108.7002,22.9743,14.0343,18.0691,28.1173,6.0294,39.7477,0.15519,0.199801,2.5386,84.5453,113.8162,108.7002,22.9743,14.0343,18.0691,28.1173,6.0294,39.7477,0.15519,0.199801,,,,,,,,,,,,,0
1785.2136,2.4509,72.4667,111.6407,102.6933,20.5245,14.7385,18.4874,23.5837,5.4556,40.5959,0.141881,0.19084,2.4509,72.4667,111.6407,102.6933,20.5245,14.7385,18.4874,23.5837,5.4556,40.5959,0.141881,0.19084,,,,,,,,,,,,,0
1785.366,2.4686,60.3881,109.4652,105.0832,17.3033,15.4428,18.9056,16.5613,4.8819,41.4442,0.135187,0.181879,2.4686,60.3881,109.4652,105.0832,17.3033,15.4428,18.9056,16.5613,4.8819,41.4442,0.135187,0.181879,,,,,,,,,,,,,0
1785.5184,2.4837,52.0833,107.208,102.3433,23.9751,15.9071,19.0403,20.699,4.4982,42.3301,0.130975,0.173845,2.4837,52.0833,107.208,102.3433,23.9751,15.9071,19.0403,20.699,4.4982,42.3301,0.130975,0.173845,,,,,,,,,,,,,0
1785.6708,2.4879,71.262,104.3557,96.4777,17.8625,14.624,17.1107,16.2784,5.4991,43.4895,0.126521,0.172565,2.4879,71.262,104.3557,96.4777,17.8625,14.624,17.1107,16.2784,5.4991,43.4895,0.126521,0.172565,,,,,,,,,,,,,0
1785.8232,2.4703,90.4406,101.5033,84.7544,11.155,13.341,15.1811,9.1992,6.4999,44.6489,0.124617,0.171285,2.4703,90.4406,101.5033,84.7544,11.155,13.341,15.1811,9.1992,6.4999,44.6489,0.124617,0.171285,,,,,,,,,,,,,0
1785.9756,2.3667,109.6192,98.651,65.3827,21.0946,12.0579,13.2515,16.2227,7.5008,45.8084,0.128928,0.170005,2.3667,109.6192,98.651,65.3827,21.0946,12.0579,13.2515,16.2227,7.5008,45.8084,0.128928,0.170005,,,,,,,,,,,,,0
1786.128,2.2992,132.1487,122.6807,54.211,23.7724,9.8317,10.9271,14.1081,8.3905,82.2894,0.133732,0.173512,2.2992,132.1487,122.6807,54.211,23.7724,9.8317,10.9271,14.1081,8.3905,82.2894,0.133732,0.173512,,,,,,,,,,,,,0
1786.2804,2.2787,155.3169,151.8349,47.006,12.5907,7.4256,8.5273,6.3531,9.259,125.5035,0.136722,0.177932,2.2787,155.3169,151.8349,47.006,12.5907,7.4256,8.5273,6.3531,9.259,125.5035,0.136722,0.177932,,,,,,,,,,,,,0
1786.4328,2.2652,178.4851,180.989,44.8274,6.4877,5.0195,6.1276,4.137,10.1275,168.7177,0.14006,0.182351,2.2652,178.4851,180.989,44.8274,6.4877,5.0195,6.1276,4.137,10.1275,168.7177,0.14006,0.182351,,,,,,,,,,,,,0
1786.5852,2.2509,182.2748,181.3057,45.9904,4.261,3.7131,4.8905,3.7771,10.729,170.6482,0.147013,0.186532,2.2509,182.2748,181.3057,45.9904,4.261,3.7131,4.8905,3.7771,10.729,170.6482,0.147013,0.186532,,,,,,,,,,,,,0
1786.7376,2.2423,170.7802,158.8772,46.3208,3.0281,3.2739,4.5705,3.6942,11.1198,140.017,0.152177,0.190525,2.2423,170.7802,158.8772,46.3208,3.0281,3.2739,4.5705,3.6942,11.1198,140.017,0.152177,0.190525,,,,,,,,,,,,,0
1786.89,2.244,159.2855,136.4487,44.7631,2.7283,2.8348,4.2505,3.9066,11.5105,109.3858,0.154958,0.194518,2.244,159.2855,136.4487,44.7631,2.7283,2.8348,4.2505,3.9066,11.5105,109.3858,0.154958,0.194518,,,,,,,,,,,,,0
1787.0424,2.2537,152.4526,118.0939,45.5831,2.5355,2.5218,4.0069,3.9344,11.6826,88.6485,0.155709,0.197375,2.2537,152.4526,118.0939,45.5831,2.5355,2.5218,4.0069,3.9344,11.6826,88.6485,0.155709,0.197375,,,,,,,,,,,,,0
1787.1948,2.2618,157.7139,110.3076,47.8545,2.8396,2.5362,3.9615,4.4033,11.2873,93.5794,0.155855,0.197283,2.2618,157.7139,110.3076,47.8545,2.8396,2.5362,3.9615,4.4033,11.2873,93.5794,0.155855,0.197283,,,,,,,,,,,,,0
1787.3472,2.2673,162.9753,102.5212,49.9924,2.6753,2.5506,3.9162,3.9177,10.892,98.5103,0.156064,0.197192,2.2673,162.9753,102.5212,49.9924,2.6753,2.5506,3.9162,3.9177,10.892,98.5103,0.156064,0.197192,,,,,,,,,,,,,0
1787.4996,2.2629,168.2504,94.7144,48.3669,2.3254,2.5651,3.8707,3.5083,10.4957,103.4541,0.155526,0.1971,2.2629,168.2504,94.7144,48.3669,2.3254,2.5651,3.8707,3.5083,10.4957,103.4541,0.155526,0.1971,,,,,,,,,,,,,0
1787.652,2.2584,228.1139,86.2925,44.8898,2.0181,2.774,4.2045,3.4195,9.994,197.1014,0.1552,0.195854,2.2584,228.1139,86.2925,44.8898,2.0181,2.774,4.2045,3.4195,9.994,197.1014,0.1552,0.195854,,,,,,,,,,,,,0
1787.8044,2.2677,288.1349,77.8484,47.2642,2.425,2.9834,4.5392,4.3633,9.4911,290.9952,0.153606,0.194604,2.2677,288.1349,77.8484,47.2642,2.425,2.9834,4.5392,4.3633,9.4911,290.9952,0.153606,0.194604,,,,,,,,,,,,,0
1787.9568,2.2842,348.1559,69.4043,56.487,2.7412,3.1928,4.8739,5.0497,8.9881,384.8889,0.151361,0.193354,2.2842,348.1559,69.4043,56.487,2.7412,3.1928,4.8739,5.0497,8.9881,384.8889,0.151361,0.193354,,,,,,,,,,,,,0
1788.1092,2.2948,296.9154,60.6365,55.4168,3.8751,3.1969,4.829,5.249,8.9572,413.6712,0.149962,0.19276,2.2948,296.9154,60.6365,55.4168,3.8751,3.1969,4.829,5.249,8.9572,413.6712,0.149962,0.19276,,,,,,,,,,,,,0
1788.2616,2.3011,201.6594,51.7405,48.9745,4.0742,3.1198,4.634,4.9367,9.113,416.6952,0.149855,0.192424,2.3011,201.6594,51.7405,48.9745,4.0742,3.1198,4.634,4.9367,9.113,416.6952,0.149855,0.192424,,,,,,,,,,,,,0
1788.414,2.291,106.4034,42.8446,44.8045,2.8909,3.0427,4.439,3.8701,9.2689,419.7191,0.149872,0.192089,2.291,106.4034,42.8446,44.8045,2.8909,3.0427,4.439,3.8701,9.2689,419.7191,0.149872,0.192089,,,,,,,,,,,,,0
1788.5664,2.2705,53.5083,42.3359,45.8767,2.2506,3.6272,5.3377,3.2047,9.2279,371.0145,0.149928,0.191329,2.2705,53.5083,42.3359,45.8767,2.2506,3.6272,5.3377,3.2047,9.2279,371.0145,0.149928,0.191329,,,,,,,,,,,,,0
1788.7188,2.2664,55.4782,52.6902,60.7038,2.3044,5.0684,7.6531,4.4327,8.932,255.3121,0.149235,0.190018,2.2664,55.4782,52.6902,60.7038,2.3044,5.0684,7.6531,4.4327,8.932,255.3121,0.149235,0.190018,,,,,,,,,,,,,0
1788.8712,2.3218,57.4481,63.0444,81.4034,3.7958,6.5097,9.9685,12.8826,8.6361,139.6098,0.146631,0.188708,2.3218,57.4481,63.0444,81.4034,3.7958,6.5097,9.9685,12.8826,8.6361,139.6098,0.146631,0.188708,,,,,,,,,,,,,0
1789.0236,2.3859,58.1158,73.3729,88.4194,6.7195,8.0497,12.0995,14.1461,8.358,44.0672,0.143295,0.18752,2.3859,58.1158,73.3729,88.4194,6.7195,8.0497,12.0995,14.1461,8.358,44.0672,0.143295,0.18752,,,,,,,,,,,,,0
1789.176,2.4193,51.6765,83.5605,87.5518,8.8971,10.1285,13.2246,15.5042,8.1772,58.5491,0.141462,0.187002,2.4193,51.6765,83.5605,87.5518,8.8971,10.1285,13.2246,15.5042,8.1772,58.5491,0.141462,0.187002,,,,,,,,,,,,,0
1789.3284,2.4258,45.2371,93.7481,101.6437,13.2503,12.2073,14.3496,19.173,7.9965,73.0311,0.140909,0.186483,2.4258,45.2371,93.7481,101.6437,13.2503,12.2073,14.3496,19.173,7.9965,73.0311,0.140909,0.186483,,,,,,,,,,,,,0
1789.4808,2.4886,38.7978,103.9357,125.2855,16.6376,14.2861,15.4747,16.9348,7.8157,87.513,0.145201,0.185965,2.4886,38.7978,103.9357,125.2855,16.6376,14.2861,15.4747,16.9348,7.8157,87.513,0.145201,0.185965,,,,,,,,,,,,,0
1789.6332,2.5522,44.7034,219.5757,142.1454,15.7886,14.4602,15.1027,13.9319,7.997,105.5381,0.152547,0.191361,2.5522,44.7034,219.5757,142.1454,15.7886,14.4602,15.1027,13.9319,7.997,105.5381,0.152547,0.191361,,,,,,,,,,,,,0
1789.7856,2.5885,52.3884,350.4161,144.2904,13.9287,14.3597,14.5149,13.2001,8.2304,124.074,0.160339,0.19761,2.5885,52.3884,350.4161,144.2904,13.9287,14.3597,14.5149,13.2001,8.2304,124.074,0.160339,0.19761,,,,,,,,,,,,,0
1789.938,2.5994,60.0734,481.2565,139.2846,13.4909,14.2592,13.9271,13.3796,8.4639,142.6099,0.164539,0.203858,2.5994,60.0734,481.2565,139.2846,13.4909,14.2592,13.9271,13.3796,8.4639,142.6099,0.164539,0.203858,,,,,,,,,,,,,0
1790.0904,2.5963,68.536,463.5609,134.6277,14.5578,14.2795,13.7557,14.2914,8.5225,200.9772,0.165619,0.20649,2.5963,68.536,463.5609,134.6277,14.5578,14.2795,13.7557,14.2914,8.5225,200.9772,0.165619,0.20649,,,,,,,,,,,,,0
1790.2428,2.5919,77.5319,343.9933,133.6576,16.7637,14.3828,13.8699,15.7915,8.4612,286.6627,0.165035,0.206643,2.5919,77.5319,343.9933,133.6576,16.7637,14.3828,13.8699,15.7915,8.4612,286.6627,0.165035,0.206643,,,,,,,,,,,,,0
1790.3952,2.5916,86.5278,224.4258,136.1773,17.567,14.486,13.984,15.2774,8.4,372.3482,0.164472,0.206795,2.5916,86.5278,224.4258,136.1773,17.567,14.486,13.984,15.2774,8.4,372.3482,0.164472,0.206795,,,,,,,,,,,,,0
1790.5476,2.5949,90.8497,133.045,140.2966,16.5643,14.2972,13.8533,13.7382,8.6371,398.1834,0.164846,0.208385,2.5949,90.8497,133.045,140.2966,16.5643,14.2972,13.8533,13.7382,8.6371,398.1834,0.164846,0.208385,,,,,,,,,,,,,0
1790.7,2.5902,84.8807,103.7225,144.7254,15.4836,13.4654,13.1836,12.8447,9.5312,292.2476,0.169501,0.21314,2.5902,84.8807,103.7225,144.7254,15.4836,13.4654,13.1836,12.8447,9.5312,292.2476,0.169501,0.21314,,,,,,,,,,,,,0
1790.8524,2.5836,78.9118,74.4,147.6655,14.8426,12.6336,12.5138,12.6678,10.4254,186.3118,0.174615,0.217895,2.5836,78.9118,74.4,147.6655,14.8426,12.6336,12.5138,12.6678,10.4254,186.3118,0.174615,0.217895,,,,,,,,,,,,,0
1791.0048,2.5851,74.3008,45.9636,152.182,14.5323,11.7998,11.8369,12.0813,11.3001,83.6482,0.181713,0.222704,2.5851,74.3008,45.9636,152.182,14.5323,11.7998,11.8369,12.0813,11.3001,83.6482,0.181713,0.222704,,,,,,,,,,,,,0
1791.1572,2.5883,111.4471,44.7748,157.2559,14.2239,10.9044,10.9389,11.6322,11.5764,81.6051,0.188217,0.229165,2.5883,111.4471,44.7748,157.2559,14.2239,10.9044,10.9389,11.6322,11.5764,81.6051,0.188217,0.229165,,,,,,,,,,,,,0
1791.3096,2.5949,148.5935,43.586,164.5547,12.8975,10.0089,10.0408,10.5455,11.8528,79.562,0.195457,0.235627,2.5949,148.5935,43.586,164.5547,12.8975,10.0089,10.0408,10.5455,11.8528,79.562,0.195457,0.235627,,,,,,,,,,,,,0
1791.462,2.6009,185.7399,42.3972,168.9106,11.2191,9.1135,9.1427,9.1006,12.1291,77.5189,0.201051,0.242089,2.6009,185.7399,42.3972,168.9106,11.2191,9.1135,9.1427,9.1006,12.1291,77.5189,0.201051,0.242089,,,,,,,,,,,,,0
1791.6144,2.6146,168.7317,40.6236,169.9959,9.6632,8.3453,8.3778,7.7932,11.59,75.7963,0.207985,0.249351,2.6146,168.7317,40.6236,169.9959,9.6632,8.3453,8.3778,7.7932,11.59,75.7963,0.207985,0.249351,,,,,,,,,,,,,0
1791.7668,2.6217,133.735,38.6558,171.6517,8.7387,7.6194,7.6572,7.1076,10.78,74.1801,0.214735,0.25688,2.6217,133.735,38.6558,171.6517,8.7387,7.6194,7.6572,7.1076,10.78,74.1801,0.214735,0.25688,,,,,,,,,,,,,0
1791.9192,2.6286,98.7384,36.6879,177.2422,7.6763,6.8935,6.9366,6.5181,9.97,72.5639,0.22439,0.264408,2.6286,98.7384,36.6879,177.2422,7.6763,6.8935,6.9366,6.5181,9.97,72.5639,0.22439,0.264408,,,,,,,,,,,,,0
1792.0716,2.6463,77.3817,325.725,178.1816,6.9635,6.4068,6.4402,6.249,8.8655,69.4952,0.235014,0.270634,2.6463,77.3817,325.725,178.1816,6.9635,6.4068,6.4402,6.249,8.8655,69.4952,0.235014,0.270634,,,,,,,,,,,,,0
1792.224,2.6538,71.4177,943.1587,178.0482,6.8159,6.19,6.197,6.2046,7.4289,64.7873,0.240513,0.275389,2.6538,71.4177,943.1587,178.0482,6.8159,6.19,6.197,6.2046,7.4289,64.7873,0.240513,0.275389,,,,,,,,,,,,,0
1792.3764,2.6597,65.4537,1560.5924,170.3686,6.7779,5.9733,5.9538,5.9222,5.9922,60.0795,0.242939,0.280144,2.6597,65.4537,1560.5924,170.3686,6.7779,5.9733,5.9538,5.9222,5.9922,60.0795,0.242939,0.280144,,,,,,,,,,,,,0
1792.5288,2.6862,70.4748,2824.6628,169.4624,7.47,5.7664,5.7378,5.7671,5.2705,55.6831,0.244848,0.284207,2.6862,70.4748,2824.6628,169.4624,7.47,5.7664,5.7378,5.7671,5.2705,55.6831,0.244848,0.284207,,,,,,,,,,,,,0
1792.6812,2.6788,122.6398,6863.8833,177.2402,5.9882,5.6016,5.6385,5.0642,7.6174,52.6233,0.245117,0.285305,2.6788,122.6398,6863.8833,177.2402,5.9882,5.6016,5.6385,5.0642,7.6174,52.6233,0.245117,0.285305,,,,,,,,,,,,,0
1792.8336,2.6578,174.8049,10903.1035,180.6123,5.2767,5.4368,5.5392,4.9773,9.9644,49.5636,0.244772,0.286402,2.6578,174.8049,10903.1035,180.6123,5.2767,5.4368,5.5392,4.9773,9.9644,49.5636,0.244772,0.286402,,,,,,,,,,,,,0
1792.986,2.6517,226.9699,14942.3242,181.1248,5.4294,5.272,5.4398,5.3479,12.3113,46.5039,0.24757,0.287499,2.6517,226.9699,14942.3242,181.1248,5.4294,5.272,5.4398,5.3479,12.3113,46.5039,0.24757,0.287499,,,,,,,,,,,,,0
1793.1384,2.6575,187.3201,11463.498,183.9398,5.5842,5.4176,5.4994,6.0642,11.6209,43.2327,0.250731,0.283448,2.6575,187.3201,11463.498,183.9398,5.5842,5.4176,5.4994,6.0642,11.6209,43.2327,0.250731,0.283448,,,,,,,,,,,,,0
1793.2908,2.6621,138.3826,7224.1753,188.9112,5.4,5.5946,5.5751,5.5058,10.6233,39.9402,0.250261,0.278876,2.6621,138.3826,7224.1753,188.9112,5.4,5.5946,5.5751,5.5058,10.6233,39.9402,0.250261,0.278876,,,,,,,,,,,,,0
1793.4432,2.6468,89.4452,2984.8533,191.4495,5.2433,5.7715,5.6508,4.9366,9.6256,36.6476,0.244206,0.274304,2.6468,89.4452,2984.8533,191.4495,5.2433,5.7715,5.6508,4.9366,9.6256,36.6476,0.244206,0.274304,,,,,,,,,,,,,0
1793.5956,2.6372,67.0142,1154.118,178.702,5.5395,6.9873,7.1102,4.8953,7.8057,39.0115,0.216772,0.257457,2.6372,67.0142,1154.118,178.702,5.5395,6.9873,7.1102,4.8953,7.8057,39.0115,0.216772,0.257457,,,,,,,,,,,,,0
1793.748,2.6369,60.3319,754.426,160.9282,8.4187,8.8202,9.3919,6.5261,5.4973,44.7361,0.191228,0.233317,2.6369,60.3319,754.426,160.9282,8.4187,8.8202,9.3919,6.5261,5.4973,44.7361,0.191228,0.233317,,,,,,,,,,,,,0
1793.9004,2.5951,53.6497,354.734,129.1734,13.6264,10.6531,11.6735,12.8545,3.1889,50.4606,0.163106,0.209177,2.5951,53.6497,354.734,129.1734,13.6264,10.6531,11.6735,12.8545,3.1889,50.4606,0.163106,0.209177,,,,,,,,,,,,,0
1794.0528,2.5614,65.3126,88.9571,111.8955,15.527,11.4787,12.7116,17.6545,2.0037,57.1624,0.142864,0.19322,2.5614,65.3126,88.9571,111.8955,15.527,11.4787,12.7116,17.6545,2.0037,57.1624,0.142864,0.19322,,,,,,,,,,,,,0
1794.2052,2.5624,111.5814,75.7927,108.5553,15.0498,10.4041,11.4041,16.2857,2.9375,65.7076,0.133006,0.192702,2.5624,111.5814,75.7927,108.5553,15.0498,10.4041,11.4041,16.2857,2.9375,65.7076,0.133006,0.192702,,,,,,,,,,,,,0
1794.3576,2.5612,157.8502,62.6284,119.7399,13.6672,9.3295,10.0967,12.8623,3.8712,74.2528,0.133827,0.192184,2.5612,157.8502,62.6284,119.7399,13.6672,9.3295,10.0967,12.8623,3.8712,74.2528,0.133827,0.192184,,,,,,,,,,,,,0
1794.51,2.5781,199.3706,50.2833,149.202,9.7122,8.2978,8.8461,8.8082,4.8421,82.7673,0.153539,0.193182,2.5781,199.3706,50.2833,149.202,9.7122,8.2978,8.8461,8.8082,4.8421,82.7673,0.153539,0.193182,,,,,,,,,,,,,0
1794.6624,2.6139,173.273,49.6049,162.78,7.114,7.8776,8.4057,6.775,6.3423,90.8444,0.176256,0.215768,2.6139,173.273,49.6049,162.78,7.114,7.8776,8.4057,6.775,6.3423,90.8444,0.176256,0.215768,,,,,,,,,,,,,0
1794.8148,2.6807,147.1755,48.9264,174.4809,5.8269,7.4574,7.9652,5.6753,7.8424,98.9214,0.205631,0.238353,2.6807,147.1755,48.9264,174.4809,5.8269,7.4574,7.9652,5.6753,7.8424,98.9214,0.205631,0.238353,,,,,,,,,,,,,0
1794.9672,2.7215,121.078,48.248,179.5022,4.8851,7.0372,7.5248,4.8883,9.3425,106.9985,0.22528,0.260939,2.7215,121.078,48.248,179.5022,4.8851,7.0372,7.5248,4.8883,9.3425,106.9985,0.22528,0.260939,,,,,,,,,,,,,0
1795.1196,2.7013,100.3221,51.8554,159.6394,8.4048,6.9408,7.4119,9.0972,10.0525,106.2031,0.23453,0.265991,2.7013,100.3221,51.8554,159.6394,8.4048,6.9408,7.4119,9.0972,10.0525,106.2031,0.23453,0.265991,,,,,,,,,,,,,0
1795.272,2.7127,81.0311,56.6382,155.1225,8.3241,6.9333,7.3888,8.9366,10.5458,102.9744,0.232461,0.266235,2.7127,81.0311,56.6382,155.1225,8.3241,6.9333,7.3888,8.9366,10.5458,102.9744,0.232461,0.266235,,,,,,,,,,,,,0
1795.4244,2.6723,61.7401,61.421,160.3206,6.7456,6.9257,7.3657,7.0573,11.0391,99.7457,0.226347,0.266479,2.6723,61.7401,61.421,160.3206,6.7456,6.9257,7.3657,7.0573,11.0391,99.7457,0.226347,0.266479,,,,,,,,,,,,,0
1795.5768,2.627,69.562,62.3701,168.5534,6.4396,6.8177,7.1864,6.6263,10.8902,93.5124,0.222906,0.267214,2.627,69.562,62.3701,168.5534,6.4396,6.8177,7.1864,6.6263,10.8902,93.5124,0.222906,0.267214,,,,,,,,,,,,,0
1795.7292,2.6269,104.0729,59.5454,171.2672,6.3218,6.611,6.8535,6.4068,10.1091,84.3212,0.223403,0.268434,2.6269,104.0729,59.5454,171.2672,6.3218,6.611,6.8535,6.4068,10.1091,84.3212,0.223403,0.268434,,,,,,,,,,,,,0
1795.8816,2.6272,138.5839,56.7206,171.9796,6.3214,6.4043,6.5206,6.2534,9.3281,75.1301,0.228091,0.269653,2.6272,138.5839,56.7206,171.9796,6.3214,6.4043,6.5206,6.2534,9.3281,75.1301,0.228091,0.269653,,,,,,,,,,,,,0
1796.034,2.6207,165.9773,55.1681,172.9042,6.4301,6.2179,6.2458,6.3112,8.8384,69.1631,0.231065,0.271355,2.6207,165.9773,55.1681,172.9042,6.4301,6.2179,6.2458,6.3112,8.8384,69.1631,0.231065,0.271355,,,,,,,,,,,,,0
1796.1864,2.6234,168.5845,58.0459,169.9365,6.2145,6.1021,6.1737,6.114,9.3635,74.4236,0.234434,0.274738,2.6234,168.5845,58.0459,169.9365,6.2145,6.1021,6.1737,6.114,9.3635,74.4236,0.234434,0.274738,,,,,,,,,,,,,0
1796.3388,2.6267,171.1918,60.9237,168.4459,6.079,5.9863,6.1015,6.0262,9.8886,79.6841,0.237886,0.278121,2.6267,171.1918,60.9237,168.4459,6.079,5.9863,6.1015,6.0262,9.8886,79.6841,0.237886,0.278121,,,,,,,,,,,,,0
1796.4912,2.6371,173.7991,63.8014,168.28,5.9866,5.8706,6.0294,6.0803,10.4137,84.9445,0.241324,0.281505,2.6371,173.7991,63.8014,168.28,5.9866,5.8706,6.0294,6.0803,10.4137,84.9445,0.241324,0.281505,,,,,,,,,,,,,0
1796.6436,2.6325,187.0239,75.6332,168.8902,6.0335,5.7844,5.9903,6.1118,9.3578,151.7974,0.245953,0.285606,2.6325,187.0239,75.6332,168.8902,6.0335,5.7844,5.9903,6.1118,9.3578,151.7974,0.245953,0.285606,,,,,,,,,,,,,0
1796.796,2.6279,200.8994,88.0137,167.3044,5.5783,5.7001,5.9533,5.8656,8.2049,222.4246,0.252137,0.289751,2.6279,200.8994,88.0137,167.3044,5.5783,5.7001,5.9533,5.8656,8.2049,222.4246,0.252137,0.289751,,,,,,,,,,,,,0
1796.9484,2.6404,214.7749,100.3942,169.9477,5.2906,5.6158,5.9163,5.8174,7.0521,293.0519,0.2546,0.293896,2.6404,214.7749,100.3942,169.9477,5.2906,5.6158,5.9163,5.8174,7.0521,293.0519,0.2546,0.293896,,,,,,,,,,,,,0
1797.1008,2.6391,193.7148,132.9533,171.5749,5.21,5.621,5.9334,5.9453,8.5325,268.556,0.25511,0.29661,2.6391,193.7148,132.9533,171.5749,5.21,5.621,5.9334,5.9453,8.5325,268.556,0.25511,0.29661,,,,,,,,,,,,,0
1797.2532,2.6378,154.7709,175.8418,175.9716,5.0465,5.6722,5.9782,5.8695,11.3608,195.3661,0.256994,0.298592,2.6378,154.7709,175.8418,175.9716,5.0465,5.6722,5.9782,5.8695,11.3608,195.3661,0.256994,0.298592,,,,,,,,,,,,,0
1797.4056,2.6318,115.8271,218.7304,179.1241,4.8961,5.7233,6.023,5.8502,14.1892,122.1762,0.26026,0.300573,2.6318,115.8271,218.7304,179.1241,4.8961,5.7233,6.023,5.8502,14.1892,122.1762,0.26026,0.300573,,,,,,,,,,,,,0
1797.558,2.6289,85.2402,233.434,183.127,4.7948,5.9372,6.2574,5.7784,16.2546,73.1121,0.261409,0.301916,2.6289,85.2402,233.434,183.127,4.7948,5.9372,6.2574,5.7784,16.2546,73.1121,0.261409,0.301916,,,,,,,,,,,,,0
1797.7104,2.608,68.255,202.2639,183.6556,5.0768,6.416,6.8003,6.1336,17.0783,63.3149,0.261619,0.302221,2.608,68.255,202.2639,183.6556,5.0768,6.416,6.8003,6.1336,17.0783,63.3149,0.261619,0.302221,,,,,,,,,,,,,0
1797.8628,2.5867,51.2698,171.0938,182.329,5.8448,6.8948,7.3432,7.2452,17.902,53.5177,0.260907,0.302526,2.5867,51.2698,171.0938,182.329,5.8448,6.8948,7.3432,7.2452,17.902,53.5177,0.260907,0.302526,,,,,,,,,,,,,0
1798.0152,2.5401,37.3915,140.6384,180.7952,7.1384,7.3404,7.8149,9.4753,18.6337,44.4076,0.263398,0.303372,2.5401,37.3915,140.6384,180.7952,7.1384,7.3404,7.8149,9.4753,18.6337,44.4076,0.263398,0.303372,,,,,,,,,,,,,0
1798.1676,2.5122,51.5577,116.6343,179.0398,7.5353,7.4862,7.6432,9.7872,18.5353,41.4999,0.266184,0.309102,2.5122,51.5577,116.6343,179.0398,7.5353,7.4862,7.6432,9.7872,18.5353,41.4999,0.266184,0.309102,,,,,,,,,,,,,0
1798.32,2.5507,65.7238,92.6302,174.248,5.6948,7.632,7.4716,6.857,18.437,38.5923,0.269861,0.314832,2.5507,65.7238,92.6302,174.248,5.6948,7.632,7.4716,6.857,18.437,38.5923,0.269861,0.314832,,,,,,,,,,,,,0
1798.4724,2.578,79.89,68.6261,162.9646,5.6238,7.7778,7.2999,6.6993,18.3386,35.6846,0.278297,0.320562,2.578,79.89,68.6261,162.9646,5.6238,7.7778,7.2999,6.6993,18.3386,35.6846,0.278297,0.320562,,,,,,,,,,,,,0
1798.6248,2.5703,69.4295,63.6453,158.9233,5.8775,11.8631,11.481,7.5157,16.6432,46.1908,0.286309,0.331185,2.5703,69.4295,63.6453,158.9233,5.8775,11.8631,11.481,7.5157,16.6432,46.1908,0.286309,0.331185,,,,,,,,,,,,,0
1798.7772,2.511,53.5227,62.8715,141.9959,5.7562,16.8197,16.6248,7.8893,14.5947,59.6636,0.305984,0.342889,2.511,53.5227,62.8715,141.9959,5.7562,16.8197,16.6248,7.8893,14.5947,59.6636,0.305984,0.342889,,,,,,,,,,,,,0
1798.9296,2.4232,37.616,62.0977,129.1043,11.1843,21.7763,21.7686,14.2105,12.5461,73.1364,0.322497,0.354593,2.4232,37.616,62.0977,129.1043,11.1843,21.7763,21.7686,14.2105,12.5461,73.1364,0.322497,0.354593,,,,,,,,,,,,,0
1799.082,2.1521,28.0594,78.8126,118.0931,50.8637,23.9947,24.3325,61.4754,10.6515,80.09,0.32056,0.347192,2.1521,28.0594,78.8126,118.0931,50.8637,23.9947,24.3325,61.4754,10.6515,80.09,0.32056,0.347192,,,,,,,,,,,,,0
1799.2344,2.0468,23.9546,110.5422,109.564,54.87,23.8623,24.6817,56.1862,8.889,81.4467,0.304544,0.323387,2.0468,23.9546,110.5422,109.564,54.87,23.8623,24.6817,56.1862,8.889,81.4467,0.304544,0.323387,,,,,,,,,,,,,0
1799.3868,2.3161,19.8499,142.2718,117.2839,35.5052,23.7299,25.0308,26.9925,7.1265,82.8035,0.260499,0.299582,2.3161,19.8499,142.2718,117.2839,35.5052,23.7299,25.0308,26.9925,7.1265,82.8035,0.260499,0.299582,,,,,,,,,,,,,0
1799.5392,2.4864,17.8582,156.5719,133.919,20.4431,23.3122,25.301,14.2219,5.9988,84.1183,0.225824,0.27729,2.4864,17.8582,156.5719,133.919,20.4431,23.3122,25.301,14.2219,5.9988,84.1183,0.225824,0.27729,,,,,,,,,,,,,0
1799.6916,2.5473,21.9689,120.5401,134.6084,19.5927,22.0708,25.3435,15.1778,6.7046,85.3124,0.198165,0.259368,2.5473,21.9689,120.5401,134.6084,19.5927,22.0708,25.3435,15.1778,6.7046,85.3124,0.198165,0.259368,,,,,,,,,,,,,0
1799.844,2.5427,26.0795,84.5083,123.9797,34.364,20.8295,25.3859,28.153,7.4103,86.5065,0.183009,0.241446,2.5427,26.0795,84.5083,123.9797,34.364,20.8295,25.3859,28.153,7.4103,86.5065,0.183009,0.241446,,,,,,,,,,,,,0
1799.9964,2.5034,30.1902,48.4765,129.6097,27.2411,19.5881,25.4284,24.8018,8.116,87.7006,0.179843,0.223523,2.5034,30.1902,48.4765,129.6097,27.2411,19.5881,25.4284,24.8018,8.116,87.7006,0.179843,0.223523,,,,,,,,,,,,,0
1800.1488,2.5299,33.602,60.5628,140.3421,17.2525,16.574,21.2783,16.9545,8.1526,79.5036,0.180065,0.225362,2.5299,33.602,60.5628,140.3421,17.2525,16.574,21.2783,16.9545,8.1526,79.5036,0.180065,0.225362,2.5299,33.602,60.5628,140.3421,17.2525,16.574,21.2783,16.9545,8.1526,79.5036,0.180065,0.225362,0
1800.3012,2.5878,36.9968,73.8133,149.1876,14.2371,13.517,17.0268,15.2021,8.173,71.0795,0.184327,0.227678,2.5878,36.9968,73.8133,149.1876,14.2371,13.517,17.0268,15.2021,8.173,71.0795,0.184327,0.227678,2.5878,36.9968,73.8133,149.1876,14.2371,13.517,17.0268,15.2021,8.173,71.0795,0.184327,0.227678,0
1800.4536,2.606,40.3917,87.0637,152.6368,12.3755,10.4599,12.7753,12.3746,8.1934,62.6553,0.188477,0.229995,2.606,40.3917,87.0637,152.6368,12.3755,10.4599,12.7753,12.3746,8.1934,62.6553,0.188477,0.229995,2.606,40.3917,87.0637,152.6368,12.3755,10.4599,12.7753,12.3746,8.1934,62.6553,0.188477,0.229995,0
1800.606,2.6036,43.8721,110.1325,163.538,7.5755,9.7401,11.8212,7.8271,7.8366,55.3701,0.194383,0.231696,2.6036,43.8721,110.1325,163.538,7.5755,9.7401,11.8212,7.8271,7.8366,55.3701,0.194383,0.231696,2.6036,43.8721,110.1325,163.538,7.5755,9.7401,11.8212,7.8271,7.8366,55.3701,0.194383,0.231696,0
1800.7584,2.5962,47.3899,137.4991,166.165,5.2421,10.0432,12.3105,7.1843,7.3148,48.5834,0.199396,0.233129,2.5962,47.3899,137.4991,166.165,5.2421,10.0432,12.3105,7.1843,7.3148,48.5834,0.199396,0.233129,2.5962,47.3899,137.4991,166.165,5.2421,10.0432,12.3105,7.1843,7.3148,48.5834,0.199396,0.233129,0
1800.9108,2.5903,50.9078,164.8658,157.3099,7.5258,10.3464,12.7997,13.096,6.7929,41.7968,0.198213,0.234562,2.5903,50.9078,164.8658,157.3099,7.5258,10.3464,12.7997,13.096,6.7929,41.7968,0.198213,0.234562,2.5903,50.9078,164.8658,157.3099,7.5258,10.3464,12.7997,13.096,6.7929,41.7968,0.198213,0.234562,0
1801.0632,2.5925,56.8979,169.6038,150.771,10.2667,11.3633,13.8132,17.4322,6.3433,44.6378,0.190167,0.230483,2.5925,56.8979,169.6038,150.771,10.2667,11.3633,13.8132,17.4322,6.3433,44.6378,0.190167,0.230483,2.5925,56.8979,169.6038,150.771,10.2667,11.3633,13.8132,17.4322,6.3433,44.6378,0.190167,0.230483,0
1801.2156,2.5782,66.3772,142.4041,141.0949,12.9361,13.3877,15.5666,19.3335,5.9954,61.0672,0.172624,0.218626,2.5782,66.3772,142.4041,141.0949,12.9361,13.3877,15.5666,19.3335,5.9954,61.0672,0.172624,0.218626,2.5782,66.3772,142.4041,141.0949,12.9361,13.3877,15.5666,19.3335,5.9954,61.0672,0.172624,0.218626,0
1801.368,2.557,75.8565,115.2044,129.9705,13.839,15.4121,17.32,18.6309,5.6476,77.4967,0.159953,0.20677,2.557,75.8565,115.2044,129.9705,13.839,15.4121,17.32,18.6309,5.6476,77.4967,0.159953,0.20677,2.557,75.8565,115.2044,129.9705,13.839,15.4121,17.32,18.6309,5.6476,77.4967,0.159953,0.20677,0
1801.5204,2.5109,87.0809,89.9562,113.7863,15.515,17.2244,18.8565,19.336,5.3763,90.1448,0.15248,0.196386,2.5109,87.0809,89.9562,113.7863,15.515,17.2244,18.8565,19.336,5.3763,90.1448,0.15248,0.196386,2.5109,87.0809,89.9562,113.7863,15.515,17.2244,18.8565,19.336,5.3763,90.1448,0.15248,0.196386,0
1801.6728,2.4744,109.5975,77.3353,103.1823,16.3245,17.6641,18.9896,19.2233,5.6003,78.3257,0.148014,0.195532,2.4744,109.5975,77.3353,103.1823,16.3245,17.6641,18.9896,19.2233,5.6003,78.3257,0.148014,0.195532,2.4744,109.5975,77.3353,103.1823,16.3245,17.6641,18.9896,19.2233,5.6003,78.3257,0.148014,0.195532,0
1801.8252,2.464,132.1141,64.7144,99.2062,16.7914,18.1038,19.1227,18.7859,5.8243,66.5066,0.147893,0.194679,2.464,132.1141,64.7144,99.2062,16.7914,18.1038,19.1227,18.7859,5.8243,66.5066,0.147893,0.194679,2.464,132.1141,64.7144,99.2062,16.7914,18.1038,19.1227,18.7859,5.8243,66.5066,0.147893,0.194679,0
1801.9776,2.4758,154.6307,52.0934,107.1877,18.1866,18.5436,19.2557,18.9532,6.0483,54.6875,0.152291,0.193825,2.4758,154.6307,52.0934,107.1877,18.1866,18.5436,19.2557,18.9532,6.0483,54.6875,0.152291,0.193825,2.4758,154.6307,52.0934,107.1877,18.1866,18.5436,19.2557,18.9532,6.0483,54.6875,0.152291,0.193825,0
1802.13,2.4978,342.488,47.9664,121.6044,17.8296,18.3589,19.2982,19.0001,6.3122,45.3264,0.156286,0.198536,2.4978,342.488,47.9664,121.6044,17.8296,18.3589,19.2982,19.0001,6.3122,45.3264,0.156286,0.198536,2.4978,342.488,47.9664,121.6044,17.8296,18.3589,19.2982,19.0001,6.3122,45.3264,0.156286,0.198536,0
1802.2824,2.5379,558.8348,45.303,132.4091,17.028,18.0667,19.325,19.1182,6.583,36.3889,0.16202,0.204205,2.5379,558.8348,45.303,132.4091,17.028,18.0667,19.325,19.1182,6.583,36.3889,0.16202,0.204205,2.5379,558.8348,45.303,132.4091,17.028,18.0667,19.325,19.1182,6.583,36.3889,0.16202,0.204205,0
1802.4348,2.5574,775.1817,42.6396,131.7264,16.6788,17.7745,19.3518,19.3811,6.8538,27.4514,0.168017,0.209875,2.5574,775.1817,42.6396,131.7264,16.6788,17.7745,19.3518,19.3811,6.8538,27.4514,0.168017,0.209875,2.5574,775.1817,42.6396,131.7264,16.6788,17.7745,19.3518,19.3811,6.8538,27.4514,0.168017,0.209875,0
1802.5872,2.5669,753.5368,39.7691,137.7016,16.6545,17.0093,20.7984,20.5718,7.4456,22.5745,0.177426,0.218753,2.5669,753.5368,39.7691,137.7016,16.6545,17.0093,20.7984,20.5718,7.4456,22.5745,0.177426,0.218753,2.5669,753.5368,39.7691,137.7016,16.6545,17.0093,20.7984,20.5718,7.4456,22.5745,0.177426,0.218753,0
1802.7396,2.5816,553.944,36.7437,139.9367,15.3691,15.8905,23.3065,21.3273,8.2774,20.7339,0.185272,0.23003,2.5816,553.944,36.7437,139.9367,15.3691,15.8905,23.3065,21.3273,8.2774,20.7339,0.185272,0.23003,2.5816,553.944,36.7437,139.9367,15.3691,15.8905,23.3065,21.3273,8.2774,20.7339,0.185272,0.23003,0
1802.892,2.5993,354.3513,33.7183,142.5372,12.1915,14.7717,25.8146,16.8776,9.1092,18.8933,0.199992,0.241308,2.5993,354.3513,33.7183,142.5372,12.1915,14.7717,25.8146,16.8776,9.1092,18.8933,0.199992,0.241308,2.5993,354.3513,33.7183,142.5372,12.1915,14.7717,25.8146,16.8776,9.1092,18.8933,0.199992,0.241308,0
1803.0444,2.6034,197.9598,31.7922,154.1728,10.3065,17.3501,40.2762,12.9065,9.939,17.3677,0.217979,0.255649,2.6034,197.9598,31.7922,154.1728,10.3065,17.3501,40.2762,12.9065,9.939,17.3677,0.217979,0.255649,2.6034,197.9598,31.7922,154.1728,10.3065,17.3501,40.2762,12.9065,9.939,17.3677,0.217979,0.255649,0
1803.1968,2.6052,146.6527,32.5399,149.7672,8.5956,28.9216,83.8137,11.2345,10.7636,16.6086,0.251015,0.277442,2.6052,146.6527,32.5399,149.7672,8.5956,28.9216,83.8137,11.2345,10.7636,16.6086,0.251015,0.277442,2.6052,146.6527,32.5399,149.7672,8.5956,28.9216,83.8137,11.2345,10.7636,16.6086,0.251015,0.277442,0
1803.3492,2.5732,95.3455,33.2876,140.7165,7.0632,40.493,127.3512,17.985,11.5883,15.8495,0.27778,0.299236,2.5732,95.3455,33.2876,140.7165,7.0632,40.493,127.3512,17.985,11.5883,15.8495,0.27778,0.299236,2.5732,95.3455,33.2876,140.7165,7.0632,40.493,127.3512,17.985,11.5883,15.8495,0.27778,0.299236,0
1803.5016,2.1951,44.5041,34.036,130.4143,220.5766,51.9013,170.1073,347.7168,12.3831,15.1247,0.284938,0.32043,2.1951,44.5041,34.036,130.4143,220.5766,51.9013,170.1073,347.7168,12.3831,15.1247,0.284938,0.32043,2.1951,44.5041,34.036,130.4143,220.5766,51.9013,170.1073,347.7168,12.3831,15.1247,0.284938,0.32043,0
1803.654,1.9405,37.565,34.8478,120.1892,769.4391,47.9325,139.2115,467.263,10.3663,17.6372,0.277965,0.285226,1.9405,37.565,34.8478,120.1892,769.4391,47.9325,139.2115,467.263,10.3663,17.6372,0.277965,0.285226,1.9405,37.565,34.8478,120.1892,769.4391,47.9325,139.2115,467.263,10.3663,17.6372,0.277965,0.285226,0
1803.8064,2.174,30.6259,35.6596,105.8532,441.6673,43.9637,108.3157,181.0707,8.3495,20.1497,0.223223,0.250022,2.174,30.6259,35.6596,105.8532,441.6673,43.9637,108.3157,181.0707,8.3495,20.1497,0.223223,0.250022,2.174,30.6259,35.6596,105.8532,441.6673,43.9637,108.3157,181.0707,8.3495,20.1497,0.223223,0.250022,0
1803.9588,2.3319,23.6868,36.4713,90.9282,103.9745,39.9949,77.4199,36.7074,6.3327,22.6623,0.173261,0.214817,2.3319,23.6868,36.4713,90.9282,103.9745,39.9949,77.4199,36.7074,6.3327,22.6623,0.173261,0.214817,2.3319,23.6868,36.4713,90.9282,103.9745,39.9949,77.4199,36.7074,6.3327,22.6623,0.173261,0.214817,0
1804.1112,2.3146,22.9551,36.6255,75.3941,56.0432,35.982,62.7978,40.8762,6.4063,53.6912,0.141683,0.19676,2.3146,22.9551,36.6255,75.3941,56.0432,35.982,62.7978,40.8762,6.4063,53.6912,0.141683,0.19676,2.3146,22.9551,36.6255,75.3941,56.0432,35.982,62.7978,40.8762,6.4063,53.6912,0.141683,0.19676,0
1804.2636,2.2955,24.5232,36.5361,68.8544,30.2069,31.9526,54.2051,49.5254,7.2544,95.2856,0.128176,0.185056,2.2955,24.5232,36.5361,68.8544,30.2069,31.9526,54.2051,49.5254,7.2544,95.2856,0.128176,0.185056,2.2955,24.5232,36.5361,68.8544,30.2069,31.9526,54.2051,49.5254,7.2544,95.2856,0.128176,0.185056,0
1804.416,2.2685,26.0914,36.4466,74.934,38.2941,27.9233,45.6124,51.3483,8.1025,136.88,0.125397,0.173351,2.2685,26.0914,36.4466,74.934,38.2941,27.9233,45.6124,51.3483,8.1025,136.88,0.125397,0.173351,2.2685,26.0914,36.4466,74.934,38.2941,27.9233,45.6124,51.3483,8.1025,136.88,0.125397,0.173351,0
1804.5684,2.2565,26.791,36.6963,81.7277,44.9214,24.1872,38.3326,36.5475,8.749,182.7344,0.124791,0.165368,2.2565,26.791,36.6963,81.7277,44.9214,24.1872,38.3326,36.5475,8.749,182.7344,0.124791,0.165368,2.2565,26.791,36.6963,81.7277,44.9214,24.1872,38.3326,36.5475,8.749,182.7344,0.124791,0.165368,0
1804.7208,2.3026,26.4239,37.3626,76.892,34.3414,20.8111,32.6651,21.1545,9.1482,233.8204,0.12254,0.161954,2.3026,26.4239,37.3626,76.892,34.3414,20.8111,32.6651,21.1545,9.1482,233.8204,0.12254,0.161954,2.3026,26.4239,37.3626,76.892,34.3414,20.8111,32.6651,21.1545,9.1482,233.8204,0.12254,0.161954,0
1804.8732,2.3163,26.0568,38.0289,68.6948,20.5485,17.4351,26.9975,18.0969,9.5473,284.9065,0.116225,0.15854,2.3163,26.0568,38.0289,68.6948,20.5485,17.4351,26.9975,18.0969,9.5473,284.9065,0.116225,0.15854,2.3163,26.0568,38.0289,68.6948,20.5485,17.4351,26.9975,18.0969,9.5473,284.9065,0.116225,0.15854,0
1805.0256,2.2856,25.442,41.0072,60.6551,16.3987,14.4348,22.0854,19.8431,9.9263,316.2211,0.11104,0.155644,2.2856,25.442,41.0072,60.6551,16.3987,14.4348,22.0854,19.8431,9.9263,316.2211,0.11104,0.155644,2.2856,25.442,41.0072,60.6551,16.3987,14.4348,22.0854,19.8431,9.9263,316.2211,0.11104,0.155644,0
1805.178,2.2536,23.5999,55.4367,51.8418,15.1469,13.2955,20.9148,22.5532,10.2058,249.6052,0.108042,0.155308,2.2536,23.5999,55.4367,51.8418,15.1469,13.2955,20.9148,22.5532,10.2058,249.6052,0.108042,0.155308,2.2536,23.5999,55.4367,51.8418,15.1469,13.2955,20.9148,22.5532,10.2058,249.6052,0.108042,0.155308,0
1805.3304,2.2252,21.7579,69.8663,48.3294,12.7829,12.1563,19.7443,19.6409,10.4853,182.9893,0.108503,0.154973,2.2252,21.7579,69.8663,48.3294,12.7829,12.1563,19.7443,19.6409,10.4853,182.9893,0.108503,0.154973,2.2252,21.7579,69.8663,48.3294,12.7829,12.1563,19.7443,19.6409,10.4853,182.9893,0.108503,0.154973,0
1805.4828,2.2607,19.9158,84.2959,65.528,16.5579,11.017,18.5737,20.8297,10.7648,116.3733,0.113063,0.154638,2.2607,19.9158,84.2959,65.528,16.5579,11.017,18.5737,20.8297,10.7648,116.3733,0.113063,0.154638,2.2607,19.9158,84.2959,65.528,16.5579,11.017,18.5737,20.8297,10.7648,116.3733,0.113063,0.154638,0
1805.6352,2.342,30.4837,83.2134,82.2586,23.3023,9.3459,15.4743,19.5541,10.304,116.7311,0.117177,0.156709,2.342,30.4837,83.2134,82.2586,23.3023,9.3459,15.4743,19.5541,10.304,116.7311,0.117177,0.156709,2.342,30.4837,83.2134,82.2586,23.3023,9.3459,15.4743,19.5541,10.304,116.7311,0.117177,0.156709,0
1805.7876,2.3523,42.6305,80.1576,61.5785,19.4178,7.6072,12.1295,11.3027,9.749,125.6093,0.119512,0.159087,2.3523,42.6305,80.1576,61.5785,19.4178,7.6072,12.1295,11.3027,9.749,125.6093,0.119512,0.159087,2.3523,42.6305,80.1576,61.5785,19.4178,7.6072,12.1295,11.3027,9.749,125.6093,0.119512,0.159087,0
1805.94,2.3226,54.7772,77.1017,42.3144,12.1123,5.8684,8.7847,6.208,9.1941,134.4874,0.119498,0.161464,2.3226,54.7772,77.1017,42.3144,12.1123,5.8684,8.7847,6.208,9.1941,134.4874,0.119498,0.161464,2.3226,54.7772,77.1017,42.3144,12.1123,5.8684,8.7847,6.208,9.1941,134.4874,0.119498,0.161464,0
1806.0924,2.2835,71.2365,94.3977,37.3277,6.8193,4.7516,7.0418,4.7588,8.4581,139.1741,0.122735,0.164839,2.2835,71.2365,94.3977,37.3277,6.8193,4.7516,7.0418,4.7588,8.4581,139.1741,0.122735,0.164839,2.2835,71.2365,94.3977,37.3277,6.8193,4.7516,7.0418,4.7588,8.4581,139.1741,0.122735,0.164839,0
1806.2448,2.2656,90.4961,124.9091,34.1998,4.6568,4.0386,6.3389,4.5566,7.6045,141.1393,0.127479,0.168863,2.2656,90.4961,124.9091,34.1998,4.6568,4.0386,6.3389,4.5566,7.6045,141.1393,0.127479,0.168863,2.2656,90.4961,124.9091,34.1998,4.6568,4.0386,6.3389,4.5566,7.6045,141.1393,0.127479,0.168863,0
1806.3972,2.2682,109.7557,155.4205,31.7359,3.4925,3.3256,5.636,4.9259,6.751,143.1044,0.131806,0.172886,2.2682,109.7557,155.4205,31.7359,3.4925,3.3256,5.636,4.9259,6.751,143.1044,0.131806,0.172886,2.2682,109.7557,155.4205,31.7359,3.4925,3.3256,5.636,4.9259,6.751,143.1044,0.131806,0.172886,0
1806.5496,2.2738,119.2992,165.4736,32.5175,3.2093,2.8033,5.1488,5.9844,5.7755,136.0328,0.134612,0.176394,2.2738,119.2992,165.4736,32.5175,3.2093,2.8033,5.1488,5.9844,5.7755,136.0328,0.134612,0.176394,2.2738,119.2992,165.4736,32.5175,3.2093,2.8033,5.1488,5.9844,5.7755,136.0328,0.134612,0.176394,0
1806.702,2.2763,108.7053,133.1251,36.9903,2.8291,2.676,5.1085,5.0807,4.5472,110.232,0.136448,0.178832,2.2763,108.7053,133.1251,36.9903,2.8291,2.676,5.1085,5.0807,4.5472,110.232,0.136448,0.178832,2.2763,108.7053,133.1251,36.9903,2.8291,2.676,5.1085,5.0807,4.5472,110.232,0.136448,0.178832,0
1806.8544,2.2829,98.1114,100.7766,40.3619,2.2177,2.5487,5.0681,4.1041,3.319,84.4312,0.138057,0.18127,2.2829,98.1114,100.7766,40.3619,2.2177,2.5487,5.0681,4.1041,3.319,84.4312,0.138057,0.18127,2.2829,98.1114,100.7766,40.3619,2.2177,2.5487,5.0681,4.1041,3.319,84.4312,0.138057,0.18127,0
1807.0068,2.304,87.4485,69.3333,45.9367,2.129,2.4484,5.046,5.2742,2.2278,59.7989,0.142873,0.183805,2.304,87.4485,69.3333,45.9367,2.129,2.4484,5.046,5.2742,2.2278,59.7989,0.142873,0.183805,2.304,87.4485,69.3333,45.9367,2.129,2.4484,5.046,5.2742,2.2278,59.7989,0.142873,0.183805,0
1807.1592,2.3129,75.3072,57.2708,49.5235,2.4931,2.9256,5.4139,6.05,4.0695,60.1864,0.148043,0.188408,2.3129,75.3072,57.2708,49.5235,2.4931,2.9256,5.4139,6.05,4.0695,60.1864,0.148043,0.188408,2.3129,75.3072,57.2708,49.5235,2.4931,2.9256,5.4139,6.05,4.0695,60.1864,0.148043,0.188408,0
1807.3116,2.2855,63.166,45.2082,41.768,2.2635,3.4028,5.7819,4.7238,5.9113,60.5739,0.153554,0.19301,2.2855,63.166,45.2082,41.768,2.2635,3.4028,5.7819,4.7238,5.9113,60.5739,0.153554,0.19301,2.2855,63.166,45.2082,41.768,2.2635,3.4028,5.7819,4.7238,5.9113,60.5739,0.153554,0.19301,0
1807.464,2.2572,51.0248,33.1457,37.4214,1.929,3.8801,6.1498,3.6455,7.753,60.9614,0.157139,0.197613,2.2572,51.0248,33.1457,37.4214,1.929,3.8801,6.1498,3.6455,7.753,60.9614,0.157139,0.197613,2.2572,51.0248,33.1457,37.4214,1.929,3.8801,6.1498,3.6455,7.753,60.9614,0.157139,0.197613,0
1807.6164,2.2934,48.6195,34.558,48.1892,2.0045,6.5682,9.5797,3.8191,8.1203,54.4628,0.158219,0.196372,2.2934,48.6195,34.558,48.1892,2.0045,6.5682,9.5797,3.8191,8.1203,54.4628,0.158219,0.196372,2.2934,48.6195,34.558,48.1892,2.0045,6.5682,9.5797,3.8191,8.1203,54.4628,0.158219,0.196372,0
1807.7688,2.4257,49.2253,40.1377,87.6462,8.4904,9.94,13.9566,18.6827,8.0316,45.8345,0.152915,0.193324,2.4257,49.2253,40.1377,87.6462,8.4904,9.94,13.9566,18.6827,8.0316,45.8345,0.152915,0.193324,2.4257,49.2253,40.1377,87.6462,8.4904,9.94,13.9566,18.6827,8.0316,45.8345,0.152915,0.193324,0
1807.9212,2.4984,49.8312,45.7174,111.1645,12.4456,13.3118,18.3335,26.7858,7.9428,37.2062,0.146802,0.190276,2.4984,49.8312,45.7174,111.1645,12.4456,13.3118,18.3335,26.7858,7.9428,37.2062,0.146802,0.190276,2.4984,49.8312,45.7174,111.1645,12.4456,13.3118,18.3335,26.7858,7.9428,37.2062,0.146802,0.190276,0
1808.0736,2.525,54.9493,44.3721,117.687,14.0433,15.3546,20.1425,22.3222,7.5467,35.6594,0.144271,0.189995,2.525,54.9493,44.3721,117.687,14.0433,15.3546,20.1425,22.3222,7.5467,35.6594,0.144271,0.189995,2.525,54.9493,44.3721,117.687,14.0433,15.3546,20.1425,22.3222,7.5467,35.6594,0.144271,0.189995,0
1808.226,2.5317,64.8985,35.6125,120.055,15.823,15.9745,19.2022,19.6682,6.8215,41.6942,0.14565,0.192678,2.5317,64.8985,35.6125,120.055,15.823,15.9745,19.2022,19.6682,6.8215,41.6942,0.14565,0.192678,2.5317,64.8985,35.6125,120.055,15.823,15.9745,19.2022,19.6682,6.8215,41.6942,0.14565,0.192678,0
1808.3784,2.5635,74.8477,26.853,141.8725,17.4752,16.5943,18.2619,17.9662,6.0963,47.729,0.151866,0.19536,2.5635,74.8477,26.853,141.8725,17.4752,16.5943,18.2619,17.9662,6.0963,47.729,0.151866,0.19536,2.5635,74.8477,26.853,141.8725,17.4752,16.5943,18.2619,17.9662,6.0963,47.729,0.151866,0.19536,0
1808.5308,2.6019,80.5897,20.7703,143.7563,17.8653,16.9965,17.403,17.0554,5.5019,51.2915,0.158308,0.198412,2.6019,80.5897,20.7703,143.7563,17.8653,16.9965,17.403,17.0554,5.5019,51.2915,0.158308,0.198412,2.6019,80.5897,20.7703,143.7563,17.8653,16.9965,17.403,17.0554,5.5019,51.2915,0.158308,0.198412,0
1808.6832,2.6138,69.7212,25.2563,149.8346,16.698,16.5394,16.8652,16.8512,5.4235,45.0932,0.16553,0.202923,2.6138,69.7212,25.2563,149.8346,16.698,16.5394,16.8652,16.8512,5.4235,45.0932,0.16553,0.202923,2.6138,69.7212,25.2563,149.8346,16.698,16.5394,16.8652,16.8512,5.4235,45.0932,0.16553,0.202923,0
1808.8356,2.6122,58.8528,29.7423,154.144,16.206,16.0822,16.3273,16.6167,5.3452,38.8948,0.168755,0.207434,2.6122,58.8528,29.7423,154.144,16.206,16.0822,16.3273,16.6167,5.3452,38.8948,0.168755,0.207434,2.6122,58.8528,29.7423,154.144,16.206,16.0822,16.3273,16.6167,5.3452,38.8948,0.168755,0.207434,0
1808.988,2.5937,47.9843,34.2283,156.0891,15.405,15.6251,15.7895,15.5588,5.2669,32.6965,0.171069,0.211945,2.5937,47.9843,34.2283,156.0891,15.405,15.6251,15.7895,15.5588,5.2669,32.6965,0.171069,0.211945,2.5937,47.9843,34.2283,156.0891,15.405,15.6251,15.7895,15.5588,5.2669,32.6965,0.171069,0.211945,0
1809.1404,2.5827,47.9151,32.3063,158.0452,15.4531,15.3494,15.5074,15.4007,5.6152,30.8191,0.175043,0.217804,2.5827,47.9151,32.3063,158.0452,15.4531,15.3494,15.5074,15.4007,5.6152,30.8191,0.175043,0.217804,2.5827,47.9151,32.3063,158.0452,15.4531,15.3494,15.5074,15.4007,5.6152,30.8191,0.175043,0.217804,0
1809.2928,2.5965,48.769,29.8367,165.1561,15.5939,15.0893,15.2471,15.3075,6.0,29.311,0.183297,0.223778,2.5965,48.769,29.8367,165.1561,15.5939,15.0893,15.2471,15.3075,6.0,29.311,0.183297,0.223778,2.5965,48.769,29.8367,165.1561,15.5939,15.0893,15.2471,15.3075,6.0,29.311,0.183297,0.223778,0
1809.4452,2.6083,49.6229,27.367,163.3384,15.568,14.8291,14.9869,15.0154,6.3847,27.803,0.189524,0.229752,2.6083,49.6229,27.367,163.3384,15.568,14.8291,14.9869,15.0154,6.3847,27.803,0.189524,0.229752,2.6083,49.6229,27.367,163.3384,15.568,14.8291,14.9869,15.0154,6.3847,27.803,0.189524,0.229752,0
1809.5976,2.6063,49.8277,24.2557,166.033,14.0945,14.4322,15.3518,13.7931,6.7388,74.7101,0.194344,0.233618,2.6063,49.8277,24.2557,166.033,14.0945,14.4322,15.3518,13.7931,6.7388,74.7101,0.194344,0.233618,2.6063,49.8277,24.2557,166.033,14.0945,14.4322,15.3518,13.7931,6.7388,74.7101,0.194344,0.233618,0
1809.75,2.589,49.6681,20.784,165.8593,13.2698,13.9584,16.0679,13.3899,7.0757,148.8012,0.197384,0.2363,2.589,49.6681,20.784,165.8593,13.2698,13.9584,16.0679,13.3899,7.0757,148.8012,0.197384,0.2363,2.589,49.6681,20.784,165.8593,13.2698,13.9584,16.0679,13.3899,7.0757,148.8012,0.197384,0.2363,0
1809.9024,2.5791,49.5085,17.3122,160.6965,13.4318,13.4846,16.7839,17.0091,7.4126,222.8922,0.198829,0.238982,2.5791,49.5085,17.3122,160.6965,13.4318,13.4846,16.7839,17.0091,7.4126,222.8922,0.198829,0.238982,2.5791,49.5085,17.3122,160.6965,13.4318,13.4846,16.7839,17.0091,7.4126,222.8922,0.198829,0.238982,0
1810.0548,2.581,47.6741,15.9951,170.8653,13.5535,13.0744,17.1396,18.5931,7.6323,359.2151,0.199746,0.241095,2.581,47.6741,15.9951,170.8653,13.5535,13.0744,17.1396,18.5931,7.6323,359.2151,0.199746,0.241095,2.581,47.6741,15.9951,170.8653,13.5535,13.0744,17.1396,18.5931,7.6323,359.2151,0.199746,0.241095,0
1810.2072,2.5933,42.857,18.5154,170.5412,13.0362,12.7774,16.8538,17.5815,7.6435,606.3743,0.200574,0.242192,2.5933,42.857,18.5154,170.5412,13.0362,12.7774,16.8538,17.5815,7.6435,606.3743,0.200574,0.242192,2.5933,42.857,18.5154,170.5412,13.0362,12.7774,16.8538,17.5815,7.6435,606.3743,0.200574,0.242192,0
1810.3596,2.5988,38.0398,21.0356,161.8432,12.7669,12.4805,16.568,16.9703,7.6546,853.5334,0.201538,0.243289,2.5988,38.0398,21.0356,161.8432,12.7669,12.4805,16.568,16.9703,7.6546,853.5334,0.201538,0.243289,2.5988,38.0398,21.0356,161.8432,12.7669,12.4805,16.568,16.9703,7.6546,853.5334,0.201538,0.243289,0
1810.512,2.5996,33.2512,23.8447,160.4281,12.9705,12.1557,16.2131,16.5297,7.7076,1062.1239,0.203877,0.244626,2.5996,33.2512,23.8447,160.4281,12.9705,12.1557,16.2131,16.5297,7.7076,1062.1239,0.203877,0.244626,2.5996,33.2512,23.8447,160.4281,12.9705,12.1557,16.2131,16.5297,7.7076,1062.1239,0.203877,0.244626,0
1810.6644,2.6086,28.7966,30.0335,167.8331,12.668,11.5057,15.0496,15.2801,8.2495,819.4611,0.206276,0.248772,2.6086,28.7966,30.0335,167.8331,12.668,11.5057,15.0496,15.2801,8.2495,819.4611,0.206276,0.248772,2.6086,28.7966,30.0335,167.8331,12.668,11.5057,15.0496,15.2801,8.2495,819.4611,0.206276,0.248772,0
1810.8168,2.6076,24.3419,36.2223,172.3066,11.331,10.8557,13.8862,13.0253,8.7915,576.7982,0.211018,0.252917,2.6076,24.3419,36.2223,172.3066,11.331,10.8557,13.8862,13.0253,8.7915,576.7982,0.211018,0.252917,2.6076,24.3419,36.2223,172.3066,11.331,10.8557,13.8862,13.0253,8.7915,576.7982,0.211018,0.252917,0
1810.9692,2.6224,19.8873,42.4111,168.201,9.5891,10.2057,12.7227,11.7467,9.3335,334.1354,0.217956,0.257062,2.6224,19.8873,42.4111,168.201,9.5891,10.2057,12.7227,11.7467,9.3335,334.1354,0.217956,0.257062,2.6224,19.8873,42.4111,168.201,9.5891,10.2057,12.7227,11.7467,9.3335,334.1354,0.217956,0.257062,0
1811.1216,2.6171,19.6769,52.5792,169.3158,8.7175,9.9159,13.057,11.7066,9.429,348.8971,0.22245,0.263834,2.6171,19.6769,52.5792,169.3158,8.7175,9.9159,13.057,11.7066,9.429,348.8971,0.22245,0.263834,2.6171,19.6769,52.5792,169.3158,8.7175,9.9159,13.057,11.7066,9.429,348.8971,0.22245,0.263834,0
1811.274,2.6136,20.5416,63.7552,169.2951,8.568,9.7173,13.7707,12.5476,9.4114,428.8616,0.23058,0.271271,2.6136,20.5416,63.7552,169.2951,8.568,9.7173,13.7707,12.5476,9.4114,428.8616,0.23058,0.271271,2.6136,20.5416,63.7552,169.2951,8.568,9.7173,13.7707,12.5476,9.4114,428.8616,0.23058,0.271271,0
1811.4264,2.6344,21.4062,74.9312,168.0641,9.0814,9.5187,14.4843,14.1852,9.3938,508.8262,0.239192,0.278708,2.6344,21.4062,74.9312,168.0641,9.0814,9.5187,14.4843,14.1852,9.3938,508.8262,0.239192,0.278708,2.6344,21.4062,74.9312,168.0641,9.0814,9.5187,14.4843,14.1852,9.3938,508.8262,0.239192,0.278708,0
1811.5788,2.7552,24.6541,78.9813,160.2355,9.2052,10.1172,15.6172,18.4559,9.6324,535.6819,0.250091,0.281575,2.7552,24.6541,78.9813,160.2355,9.2052,10.1172,15.6172,18.4559,9.6324,535.6819,0.250091,0.281575,2.7552,24.6541,78.9813,160.2355,9.2052,10.1172,15.6172,18.4559,9.6324,535.6819,0.250091,0.281575,0
1811.7312,2.8305,30.1278,76.3757,160.2167,7.2227,11.4602,17.1416,15.4836,10.1104,512.9335,0.253269,0.280173,2.8305,30.1278,76.3757,160.2167,7.2227,11.4602,17.1416,15.4836,10.1104,512.9335,0.253269,0.280173,2.8305,30.1278,76.3757,160.2167,7.2227,11.4602,17.1416,15.4836,10.1104,512.9335,0.253269,0.280173,0
1811.8836,2.5192,35.6016,73.7701,154.9118,18.1369,12.8032,18.6661,18.3101,10.5884,490.185,0.24328,0.278771,2.5192,35.6016,73.7701,154.9118,18.1369,12.8032,18.6661,18.3101,10.5884,490.185,0.24328,0.278771,2.5192,35.6016,73.7701,154.9118,18.1369,12.8032,18.6661,18.3101,10.5884,490.185,0.24328,0.278771,0
1812.036,2.2573,40.6859,72.91,134.913,27.8729,14.0804,20.3515,22.7217,10.6845,450.3431,0.232998,0.272242,2.2573,40.6859,72.91,134.913,27.8729,14.0804,20.3515,22.7217,10.6845,450.3431,0.232998,0.272242,2.2573,40.6859,72.91,134.913,27.8729,14.0804,20.3515,22.7217,10.6845,450.3431,0.232998,0.272242,0
1812.1884,2.3162,44.5114,77.6934,113.2549,27.3338,15.1452,22.5576,25.1134,9.5456,355.2325,0.204461,0.249139,2.3162,44.5114,77.6934,113.2549,27.3338,15.1452,22.5576,25.1134,9.5456,355.2325,0.204461,0.249139,2.3162,44.5114,77.6934,113.2549,27.3338,15.1452,22.5576,25.1134,9.5456,355.2325,0.204461,0.249139,0
1812.3408,2.4213,48.3368,82.4769,110.3216,23.2162,16.2099,24.7636,24.4174,8.4068,260.1218,0.177208,0.226035,2.4213,48.3368,82.4769,110.3216,23.2162,16.2099,24.7636,24.4174,8.4068,260.1218,0.177208,0.226035,2.4213,48.3368,82.4769,110.3216,23.2162,16.2099,24.7636,24.4174,8.4068,260.1218,0.177208,0.226035,0
1812.4932,2.4974,52.1622,87.2604,115.4692,24.4939,17.2747,26.9697,28.054,7.2679,165.0112,0.154502,0.202931,2.4974,52.1622,87.2604,115.4692,24.4939,17.2747,26.9697,28.054,7.2679,165.0112,0.154502,0.202931,2.4974,52.1622,87.2604,115.4692,24.4939,17.2747,26.9697,28.054,7.2679,165.0112,0.154502,0.202931,0
1812.6456,2.539,48.6946,84.3622,114.7264,25.8086,15.3339,25.2468,31.2063,6.6691,152.9746,0.143213,0.192378,2.539,48.6946,84.3622,114.7264,25.8086,15.3339,25.2468,31.2063,6.6691,152.9746,0.143213,0.192378,2.539,48.6946,84.3622,114.7264,25.8086,15.3339,25.2468,31.2063,6.6691,152.9746,0.143213,0.192378,0
1812.798,2.4909,44.8864,81.1053,101.6837,21.253,13.2527,23.3404,27.9915,6.0955,144.8179,0.135422,0.182411,2.4909,44.8864,81.1053,101.6837,21.253,13.2527,23.3404,27.9915,6.0955,144.8179,0.135422,0.182411,2.4909,44.8864,81.1053,101.6837,21.253,13.2527,23.3404,27.9915,6.0955,144.8179,0.135422,0.182411,0
1812.9504,2.4165,41.0781,77.8484,88.1952,20.7944,11.1714,21.434,24.8485,5.522,136.6612,0.127909,0.172444,2.4165,41.0781,77.8484,88.1952,20.7944,11.1714,21.434,24.8485,5.522,136.6612,0.127909,0.172444,2.4165,41.0781,77.8484,88.1952,20.7944,11.1714,21.434,24.8485,5.522,136.6612,0.127909,0.172444,0
1813.1028,2.3489,47.1922,79.8735,75.7299,13.7299,9.3681,18.8211,16.0409,5.479,125.3403,0.123404,0.170454,2.3489,47.1922,79.8735,75.7299,13.7299,9.3681,18.8211,16.0409,5.479,125.3403,0.123404,0.170454,2.3489,47.1922,79.8735,75.7299,13.7299,9.3681,18.8211,16.0409,5.479,125.3403,0.123404,0.170454,0
1813.2552,2.2975,58.0937,84.4472,67.326,8.15,7.6987,15.8672,12.3752,5.692,112.4927,0.123822,0.172313,2.2975,58.0937,84.4472,67.326,8.15,7.6987,15.8672,12.3752,5.692,112.4927,0.123822,0.172313,2.2975,58.0937,84.4472,67.326,8.15,7.6987,15.8672,12.3752,5.692,112.4927,0.123822,0.172313,0
1813.4076,2.2859,68.9951,89.0209,58.5515,5.9794,6.0294,12.9133,10.8989,5.905,99.6452,0.129902,0.174173,2.2859,68.9951,89.0209,58.5515,5.9794,6.0294,12.9133,10.8989,5.905,99.6452,0.129902,0.174173,2.2859,68.9951,89.0209,58.5515,5.9794,6.0294,12.9133,10.8989,5.905,99.6452,0.129902,0.174173,0
1813.56,2.2818,75.8768,85.0441,51.9104,4.4775,5.0007,10.9285,9.753,6.3613,87.6096,0.13516,0.176548,2.2818,75.8768,85.0441,51.9104,4.4775,5.0007,10.9285,9.753,6.3613,87.6096,0.13516,0.176548,2.2818,75.8768,85.0441,51.9104,4.4775,5.0007,10.9285,9.753,6.3613,87.6096,0.13516,0.176548,0
1813.7124,2.2688,76.5678,67.8995,47.6607,3.9264,4.9585,10.4361,9.0148,7.1922,76.8247,0.139243,0.179718,2.2688,76.5678,67.8995,47.6607,3.9264,4.9585,10.4361,9.0148,7.1922,76.8247,0.139243,0.179718,2.2688,76.5678,67.8995,47.6607,3.9264,4.9585,10.4361,9.0148,7.1922,76.8247,0.139243,0.179718,0
1813.8648,2.2679,77.2589,50.7548,45.2726,3.8178,4.9163,9.9437,9.9771,8.0232,66.0397,0.142012,0.182888,2.2679,77.2589,50.7548,45.2726,3.8178,4.9163,9.9437,9.9771,8.0232,66.0397,0.142012,0.182888,2.2679,77.2589,50.7548,45.2726,3.8178,4.9163,9.9437,9.9771,8.0232,66.0397,0.142012,0.182888,0
1814.0172,2.2689,76.3195,35.1992,46.8122,3.3241,5.1417,9.8317,9.1334,8.7632,55.9679,0.143784,0.186261,2.2689,76.3195,35.1992,46.8122,3.3241,5.1417,9.8317,9.1334,8.7632,55.9679,0.143784,0.186261,2.2689,76.3195,35.1992,46.8122,3.3241,5.1417,9.8317,9.1334,8.7632,55.9679,0.143784,0.186261,0
1814.1696,2.2773,62.5635,32.1332,59.9012,3.3172,7.4708,12.7093,7.0618,8.7878,51.5021,0.147972,0.191229,2.2773,62.5635,32.1332,59.9012,3.3172,7.4708,12.7093,7.0618,8.7878,51.5021,0.147972,0.191229,2.2773,62.5635,32.1332,59.9012,3.3172,7.4708,12.7093,7.0618,8.7878,51.5021,0.147972,0.191229,0
1814.322,2.3008,48.8075,29.0671,75.8434,7.2226,9.8,15.5869,10.3134,8.8124,47.0364,0.153317,0.196197,2.3008,48.8075,29.0671,75.8434,7.2226,9.8,15.5869,10.3134,8.8124,47.0364,0.153317,0.196197,2.3008,48.8075,29.0671,75.8434,7.2226,9.8,15.5869,10.3134,8.8124,47.0364,0.153317,0.196197,0
1814.4744,2.4739,35.0515,26.0011,114.2321,12.7413,12.1292,18.4645,21.0716,8.8371,42.5707,0.161514,0.201165,2.4739,35.0515,26.0011,114.2321,12.7413,12.1292,18.4645,21.0716,8.8371,42.5707,0.161514,0.201165,2.4739,35.0515,26.0011,114.2321,12.7413,12.1292,18.4645,21.0716,8.8371,42.5707,0.161514,0.201165,0
1814.6268,2.5937,33.0114,30.951,144.9726,12.5687,12.8833,19.0197,22.0768,9.3551,36.07,0.168735,0.206235,2.5937,33.0114,30.951,144.9726,12.5687,12.8833,19.0197,22.0768,9.3551,36.07,0.168735,0.206235,2.5937,33.0114,30.951,144.9726,12.5687,12.8833,19.0197,22.0768,9.3551,36.07,0.168735,0.206235,0
1814.7792,2.6065,33.3366,37.5192,158.6627,11.1146,13.3194,19.1059,19.0935,9.9729,29.1585,0.17552,0.211325,2.6065,33.3366,37.5192,158.6627,11.1146,13.3194,19.1059,19.0935,9.9729,29.1585,0.17552,0.211325,2.6065,33.3366,37.5192,158.6627,11.1146,13.3194,19.1059,19.0935,9.9729,29.1585,0.17552,0.211325,0
1814.9316,2.5947,33.6618,44.0875,161.3064,11.0749,13.7555,19.1922,18.1694,10.5906,22.247,0.17922,0.216415,2.5947,33.6618,44.0875,161.3064,11.0749,13.7555,19.1922,18.1694,10.5906,22.247,0.17922,0.216415,2.5947,33.6618,44.0875,161.3064,11.0749,13.7555,19.1922,18.1694,10.5906,22.247,0.17922,0.216415,0
1815.084,2.5801,32.819,90.5964,143.4874,13.3233,14.4125,19.3854,19.2505,10.1783,19.8395,0.173231,0.211577,2.5801,32.819,90.5964,143.4874,13.3233,14.4125,19.3854,19.2505,10.1783,19.8395,0.173231,0.211577,2.5801,32.819,90.5964,143.4874,13.3233,14.4125,19.3854,19.2505,10.1783,19.8395,0.173231,0.211577,0
1815.2364,2.5803,31.0249,169.6284,124.2282,16.9511,15.2496,19.6657,24.2233,8.9272,21.0994,0.162612,0.198653,2.5803,31.0249,169.6284,124.2282,16.9511,15.2496,19.6657,24.2233,8.9272,21.0994,0.162612,0.198653,2.5803,31.0249,169.6284,124.2282,16.9511,15.2496,19.6657,24.2233,8.9272,21.0994,0.162612,0.198653,0
1815.3888,2.5553,29.2309,248.6605,103.1958,16.7341,16.0866,19.9461,22.5448,7.6762,22.3594,0.142691,0.18573,2.5553,29.2309,248.6605,103.1958,16.7341,16.0866,19.9461,22.5448,7.6762,22.3594,0.142691,0.18573,2.5553,29.2309,248.6605,103.1958,16.7341,16.0866,19.9461,22.5448,7.6762,22.3594,0.142691,0.18573,0
1815.5412,2.5176,30.4159,286.8489,92.8977,15.6068,16.6772,19.9964,19.5766,6.6212,28.9049,0.12652,0.174817,2.5176,30.4159,286.8489,92.8977,15.6068,16.6772,19.9964,19.5766,6.6212,28.9049,0.12652,0.174817,2.5176,30.4159,286.8489,92.8977,15.6068,16.6772,19.9964,19.5766,6.6212,28.9049,0.12652,0.174817,0
1815.6936,2.4965,39.6411,214.7993,82.0245,12.7763,16.6027,19.4262,16.2084,6.0953,49.7163,0.116441,0.16933,2.4965,39.6411,214.7993,82.0245,12.7763,16.6027,19.4262,16.2084,6.0953,49.7163,0.116441,0.16933,2.4965,39.6411,214.7993,82.0245,12.7763,16.6027,19.4262,16.2084,6.0953,49.7163,0.116441,0.16933,0
1815.846,2.4761,48.8663,142.7497,78.2085,10.8091,16.5283,18.8559,14.8652,5.5694,70.5276,0.112745,0.163844,2.4761,48.8663,142.7497,78.2085,10.8091,16.5283,18.8559,14.8652,5.5694,70.5276,0.112745,0.163844,2.4761,48.8663,142.7497,78.2085,10.8091,16.5283,18.8559,14.8652,5.5694,70.5276,0.112745,0.163844,0
1815.9984,2.4695,58.0915,70.7001,85.8328,11.5541,16.4539,18.2857,17.7807,5.0435,91.339,0.116299,0.158358,2.4695,58.0915,70.7001,85.8328,11.5541,16.4539,18.2857,17.7807,5.0435,91.339,0.116299,0.158358,2.4695,58.0915,70.7001,85.8328,11.5541,16.4539,18.2857,17.7807,5.0435,91.339,0.116299,0.158358,0
1816.1508,2.4817,50.5084,86.2894,96.4466,13.3303,17.853,19.504,19.9797,5.2786,79.3974,0.121143,0.165599,2.4817,50.5084,86.2894,96.4466,13.3303,17.853,19.504,19.9797,5.2786,79.3974,0.121143,0.165599,2.4817,50.5084,86.2894,96.4466,13.3303,17.853,19.504,19.9797,5.2786,79.3974,0.121143,0.165599,0
1816.3032,2.5133,42.747,102.8085,113.5142,14.9283,19.2677,20.7412,21.0831,5.5218,67.1082,0.129397,0.172975,2.5133,42.747,102.8085,113.5142,14.9283,19.2677,20.7412,21.0831,5.5218,67.1082,0.129397,0.172975,2.5133,42.747,102.8085,113.5142,14.9283,19.2677,20.7412,21.0831,5.5218,67.1082,0.129397,0.172975,0
1816.4556,2.5497,34.9855,119.3276,124.2876,16.2223,20.6824,21.9784,22.266,5.765,54.8191,0.137537,0.180351,2.5497,34.9855,119.3276,124.2876,16.2223,20.6824,21.9784,22.266,5.765,54.8191,0.137537,0.180351,2.5497,34.9855,119.3276,124.2876,16.2223,20.6824,21.9784,22.266,5.765,54.8191,0.137537,0.180351,0
1816.608,2.5759,27.3375,188.6357,123.0863,17.9223,21.1444,22.3183,24.2242,6.0996,47.9452,0.146824,0.187274,2.5759,27.3375,188.6357,123.0863,17.9223,21.1444,22.3183,24.2242,6.0996,47.9452,0.146824,0.187274,2.5759,27.3375,188.6357,123.0863,17.9223,21.1444,22.3183,24.2242,6.0996,47.9452,0.146824,0.187274,0
1816.7604,2.5934,19.7362,279.646,123.0003,18.6454,21.2147,22.2893,25.0555,6.4718,43.2975,0.153634,0.19401,2.5934,19.7362,279.646,123.0003,18.6454,21.2147,22.2893,25.0555,6.4718,43.2975,0.153634,0.19401,2.5934,19.7362,279.646,123.0003,18.6454,21.2147,22.2893,25.0555,6.4718,43.2975,0.153634,0.19401,0
1816.9128,2.5879,12.1349,370.6563,138.6374,16.9705,21.285,22.2603,22.7222,6.844,38.6498,0.160211,0.200746,2.5879,12.1349,370.6563,138.6374,16.9705,21.285,22.2603,22.7222,6.844,38.6498,0.160211,0.200746,2.5879,12.1349,370.6563,138.6374,16.9705,21.285,22.2603,22.7222,6.844,38.6498,0.160211,0.200746,0
1817.0652,2.5758,9.5021,408.5034,148.3269,15.6674,21.2957,24.9728,21.5754,7.5564,37.8638,0.165169,0.212633,2.5758,9.5021,408.5034,148.3269,15.6674,21.2957,24.9728,21.5754,7.5564,37.8638,0.165169,0.212633,2.5758,9.5021,408.5034,148.3269,15.6674,21.2957,24.9728,21.5754,7.5564,37.8638,0.165169,0.212633,0
1817.2176,2.5722,13.5141,375.249,151.451,15.3105,21.2268,31.3518,21.2947,8.7236,42.2425,0.181133,0.231408,2.5722,13.5141,375.249,151.451,15.3105,21.2268,31.3518,21.2947,8.7236,42.2425,0.181133,0.231408,2.5722,13.5141,375.249,151.451,15.3105,21.2268,31.3518,21.2947,8.7236,42.2425,0.181133,0.231408,0
1817.37,2.5735,17.5262,341.9945,147.9196,13.5887,21.1578,37.7309,19.0665,9.8908,46.6211,0.208443,0.250184,2.5735,17.5262,341.9945,147.9196,13.5887,21.1578,37.7309,19.0665,9.8908,46.6211,0.208443,0.250184,2.5735,17.5262,341.9945,147.9196,13.5887,21.1578,37.7309,19.0665,9.8908,46.6211,0.208443,0.250184,0
1817.5224,2.5568,21.3542,301.6797,136.5937,13.7055,20.6397,66.8565,21.9424,11.0197,49.5925,0.23438,0.274837,2.5568,21.3542,301.6797,136.5937,13.7055,20.6397,66.8565,21.9424,11.0197,49.5925,0.23438,0.274837,2.5568,21.3542,301.6797,136.5937,13.7055,20.6397,66.8565,21.9424,11.0197,49.5925,0.23438,0.274837,0
1817.6748,2.4003,24.1134,220.3893,101.1321,36.8187,17.5151,227.9934,111.7477,11.9266,44.3963,0.277186,0.333603,2.4003,24.1134,220.3893,101.1321,36.8187,17.5151,227.9934,111.7477,11.9266,44.3963,0.277186,0.333603,2.4003,24.1134,220.3893,101.1321,36.8187,17.5151,227.9934,111.7477,11.9266,44.3963,0.277186,0.333603,0
1817.8272,2.1606,26.8726,139.099,71.5627,75.7117,14.3905,389.1303,150.7294,12.8336,39.2001,0.332508,0.392368,2.1606,26.8726,139.099,71.5627,75.7117,14.3905,389.1303,150.7294,12.8336,39.2001,0.332508,0.392368,2.1606,26.8726,139.099,71.5627,75.7117,14.3905,389.1303,150.7294,12.8336,39.2001,0.332508,0.392368,0
1817.9796,1.7534,29.6318,57.8086,52.0492,45.8332,11.2659,550.2673,334.1172,13.7405,34.0039,0.42867,0.451134,1.7534,29.6318,57.8086,52.0492,45.8332,11.2659,550.2673,334.1172,13.7405,34.0039,0.42867,0.451134,1.7534,29.6318,57.8086,52.0492,45.8332,11.2659,550.2673,334.1172,13.7405,34.0039,0.42867,0.451134,0
1818.132,1.4745,28.0797,49.1314,49.0728,10.5358,11.365,656.8907,930.6643,13.5435,33.9289,0.495171,0.463198,1.4745,28.0797,49.1314,49.0728,10.5358,11.365,656.8907,930.6643,13.5435,33.9289,0.495171,0.463198,1.4745,28.0797,49.1314,49.0728,10.5358,11.365,656.8907,930.6643,13.5435,33.9289,0.495171,0.463198,0
1818.2844,1.5187,25.8613,51.6763,78.5739,5.494,11.9624,755.0893,1570.2617,13.1759,34.6454,0.487325,0.468044,1.5187,25.8613,51.6763,78.5739,5.494,11.9624,755.0893,1570.2617,13.1759,34.6454,0.487325,0.468044,1.5187,25.8613,51.6763,78.5739,5.494,11.9624,755.0893,1570.2617,13.1759,34.6454,0.487325,0.468044,0
1818.4368,1.7596,23.643,54.2212,113.7803,31.436,12.5598,853.2878,911.4124,12.8083,35.3619,0.451383,0.47289,1.7596,23.643,54.2212,113.7803,31.436,12.5598,853.2878,911.4124,12.8083,35.3619,0.451383,0.47289,1.7596,23.643,54.2212,113.7803,31.436,12.5598,853.2878,911.4124,12.8083,35.3619,0.451383,0.47289,0
1818.5892,2.2695,21.5967,63.537,139.6331,69.1529,15.4731,743.1556,172.0978,12.5538,35.7726,0.361201,0.433065,2.2695,21.5967,63.537,139.6331,69.1529,15.4731,743.1556,172.0978,12.5538,35.7726,0.361201,0.433065,2.2695,21.5967,63.537,139.6331,69.1529,15.4731,743.1556,172.0978,12.5538,35.7726,0.361201,0.433065,0
1818.7416,2.5316,19.6725,77.6501,148.8703,67.7746,20.0274,485.4167,30.5058,12.3794,35.9667,0.273565,0.36159,2.5316,19.6725,77.6501,148.8703,67.7746,20.0274,485.4167,30.5058,12.3794,35.9667,0.273565,0.36159,2.5316,19.6725,77.6501,148.8703,67.7746,20.0274,485.4167,30.5058,12.3794,35.9667,0.273565,0.36159,0
1818.894,2.5559,17.7483,91.7632,149.9476,49.4464,24.5817,227.6778,29.0312,12.2049,36.1607,0.209403,0.290114,2.5559,17.7483,91.7632,149.9476,49.4464,24.5817,227.6778,29.0312,12.2049,36.1607,0.209403,0.290114,2.5559,17.7483,91.7632,149.9476,49.4464,24.5817,227.6778,29.0312,12.2049,36.1607,0.209403,0.290114,0
1819.0464,2.5732,16.424,107.5173,144.8263,44.8568,27.2319,46.1297,31.6519,12.0494,37.9986,0.180057,0.239852,2.5732,16.424,107.5173,144.8263,44.8568,27.2319,46.1297,31.6519,12.0494,37.9986,0.180057,0.239852,2.5732,16.424,107.5173,144.8263,44.8568,27.2319,46.1297,31.6519,12.0494,37.9986,0.180057,0.239852,0
1819.1988,2.5925,16.4705,127.0204,141.0172,44.5374,25.5323,38.6381,33.1742,11.9372,43.5915,0.172811,0.238054,2.5925,16.4705,127.0204,141.0172,44.5374,25.5323,38.6381,33.1742,11.9372,43.5915,0.172811,0.238054,2.5925,16.4705,127.0204,141.0172,44.5374,25.5323,38.6381,33.1742,11.9372,43.5915,0.172811,0.238054,0
1819.3512,2.6017,16.5169,146.5235,141.3055,37.8423,23.8326,31.1466,27.4106,11.8249,49.1845,0.174827,0.236256,2.6017,16.5169,146.5235,141.3055,37.8423,23.8326,31.1466,27.4106,11.8249,49.1845,0.174827,0.236256,2.6017,16.5169,146.5235,141.3055,37.8423,23.8326,31.1466,27.4106,11.8249,49.1845,0.174827,0.236256,0
1819.5036,2.5805,16.7436,166.9725,156.2147,27.7071,22.1385,23.7869,21.2001,11.7507,54.9488,0.197154,0.234892,2.5805,16.7436,166.9725,156.2147,27.7071,22.1385,23.7869,21.2001,11.7507,54.9488,0.197154,0.234892,2.5805,16.7436,166.9725,156.2147,27.7071,22.1385,23.7869,21.2001,11.7507,54.9488,0.197154,0.234892,0
1819.656,2.5363,24.4207,226.5208,168.3136,23.887,20.6732,21.8762,19.6963,13.2493,67.7915,0.219379,0.251473,2.5363,24.4207,226.5208,168.3136,23.887,20.6732,21.8762,19.6963,13.2493,67.7915,0.219379,0.251473,2.5363,24.4207,226.5208,168.3136,23.887,20.6732,21.8762,19.6963,13.2493,67.7915,0.219379,0.251473,0
1819.8084,2.5395,32.0977,286.0689,173.2825,21.8424,19.2079,19.9656,17.4924,14.7479,80.6341,0.24221,0.268054,2.5395,32.0977,286.0689,173.2825,21.8424,19.2079,19.9656,17.4924,14.7479,80.6341,0.24221,0.268054,2.5395,32.0977,286.0689,173.2825,21.8424,19.2079,19.9656,17.4924,14.7479,80.6341,0.24221,0.268054,0
1819.9608,2.5792,39.7747,345.6171,165.6585,18.7845,17.7426,18.055,14.3614,16.2464,93.4768,0.253231,0.284635,2.5792,39.7747,345.6171,165.6585,18.7845,17.7426,18.055,14.3614,16.2464,93.4768,0.253231,0.284635,2.5792,39.7747,345.6171,165.6585,18.7845,17.7426,18.055,14.3614,16.2464,93.4768,0.253231,0.284635,0
1820.1132,2.6661,48.0607,295.1654,127.3152,21.7406,17.874,19.5838,16.6972,14.561,91.1783,0.234265,0.27038,2.6661,48.0607,295.1654,127.3152,21.7406,17.874,19.5838,16.6972,14.561,91.1783,0.234265,0.27038,2.6661,48.0607,295.1654,127.3152,21.7406,17.874,19.5838,16.6972,14.561,91.1783,0.234265,0.27038,0
1820.2656,2.6789,56.5575,206.6218,102.4356,19.3586,18.5584,22.3038,16.9291,11.7729,83.6366,0.211775,0.245448,2.6789,56.5575,206.6218,102.4356,19.3586,18.5584,22.3038,16.9291,11.7729,83.6366,0.211775,0.245448,2.6789,56.5575,206.6218,102.4356,19.3586,18.5584,22.3038,16.9291,11.7729,83.6366,0.211775,0.245448,0
1820.418,2.5223,65.0543,118.0783,82.3008,17.5959,19.2428,25.0238,21.0861,8.9848,76.0949,0.175105,0.220515,2.5223,65.0543,118.0783,82.3008,17.5959,19.2428,25.0238,21.0861,8.9848,76.0949,0.175105,0.220515,2.5223,65.0543,118.0783,82.3008,17.5959,19.2428,25.0238,21.0861,8.9848,76.0949,0.175105,0.220515,0
1820.5704,2.4468,66.8384,64.6154,79.1463,20.3313,21.0862,27.8805,31.0081,7.1395,63.0433,0.132452,0.19968,2.4468,66.8384,64.6154,79.1463,20.3313,21.0862,27.8805,31.0081,7.1395,63.0433,0.132452,0.19968,2.4468,66.8384,64.6154,79.1463,20.3313,21.0862,27.8805,31.0081,7.1395,63.0433,0.132452,0.19968,0
1820.7228,2.4731,60.8037,52.0135,97.35,22.0749,24.2796,30.8966,33.8135,6.3923,43.5741,0.111941,0.183617,2.4731,60.8037,52.0135,97.35,22.0749,24.2796,30.8966,33.8135,6.3923,43.5741,0.111941,0.183617,2.4731,60.8037,52.0135,97.35,22.0749,24.2796,30.8966,33.8135,6.3923,43.5741,0.111941,0.183617,0
1820.8752,2.5047,54.7689,39.4117,106.6825,26.224,27.4731,33.9127,37.6054,5.6451,24.1049,0.109648,0.167554,2.5047,54.7689,39.4117,106.6825,26.224,27.4731,33.9127,37.6054,5.6451,24.1049,0.109648,0.167554,2.5047,54.7689,39.4117,106.6825,26.224,27.4731,33.9127,37.6054,5.6451,24.1049,0.109648,0.167554,0
1821.0276,2.5105,50.3505,28.5083,104.4353,27.6434,30.8049,36.7388,37.0109,5.0223,30.236,0.113234,0.155769,2.5105,50.3505,28.5083,104.4353,27.6434,30.8049,36.7388,37.0109,5.0223,30.236,0.113234,0.155769,2.5105,50.3505,28.5083,104.4353,27.6434,30.8049,36.7388,37.0109,5.0223,30.236,0.113234,0.155769,0
1821.18,2.5204,53.2405,25.2848,100.9788,29.4878,34.7623,38.706,32.9049,4.9622,152.1248,0.121724,0.163328,2.5204,53.2405,25.2848,100.9788,29.4878,34.7623,38.706,32.9049,4.9622,152.1248,0.121724,0.163328,2.5204,53.2405,25.2848,100.9788,29.4878,34.7623,38.706,32.9049,4.9622,152.1248,0.121724,0.163328,0
1821.3324,2.5531,56.1305,22.0613,94.786,36.9322,38.7198,40.6733,36.2058,4.902,274.0136,0.130192,0.170887,2.5531,56.1305,22.0613,94.786,36.9322,38.7198,40.6733,36.2058,4.902,274.0136,0.130192,0.170887,2.5531,56.1305,22.0613,94.786,36.9322,38.7198,40.6733,36.2058,4.902,274.0136,0.130192,0.170887,0
1821.4848,2.6668,59.0205,18.8378,106.2659,49.292,42.6772,42.6406,49.1999,4.8419,395.9025,0.137137,0.178446,2.6668,59.0205,18.8378,106.2659,49.292,42.6772,42.6406,49.1999,4.8419,395.9025,0.137137,0.178446,2.6668,59.0205,18.8378,106.2659,49.292,42.6772,42.6406,49.1999,4.8419,395.9025,0.137137,0.178446,0
1821.6372,2.7332,64.5621,20.3247,112.681,54.8689,41.8137,42.1737,55.0755,5.3548,445.8197,0.141067,0.182026,2.7332,64.5621,20.3247,112.681,54.8689,41.8137,42.1737,55.0755,5.3548,445.8197,0.141067,0.182026,2.7332,64.5621,20.3247,112.681,54.8689,41.8137,42.1737,55.0755,5.3548,445.8197,0.141067,0.182026,0
1821.7896,2.6163,70.3975,22.3335,119.313,55.2124,40.4161,41.4372,49.8657,5.9311,487.7633,0.143877,0.185166,2.6163,70.3975,22.3335,119.313,55.2124,40.4161,41.4372,49.8657,5.9311,487.7633,0.143877,0.185166,2.6163,70.3975,22.3335,119.313,55.2124,40.4161,41.4372,49.8657,5.9311,487.7633,0.143877,0.185166,0
1821.942,2.546,76.233,24.3422,134.8072,52.902,39.0185,40.7006,44.0621,6.5075,529.707,0.145765,0.188305,2.546,76.233,24.3422,134.8072,52.902,39.0185,40.7006,44.0621,6.5075,529.707,0.145765,0.188305,2.546,76.233,24.3422,134.8072,52.902,39.0185,40.7006,44.0621,6.5075,529.707,0.145765,0.188305,0
1822.0944,2.5613,76.9134,26.613,141.2458,46.5054,36.4217,38.3781,38.3308,7.8419,447.2547,0.152706,0.195051,2.5613,76.9134,26.613,141.2458,46.5054,36.4217,38.3781,38.3308,7.8419,447.2547,0.152706,0.195051,2.5613,76.9134,26.613,141.2458,46.5054,36.4217,38.3781,38.3308,7.8419,447.2547,0.152706,0.195051,0
1822.2468,2.5695,74.4265,29.0448,142.2857,40.9465,33.088,35.0812,33.7563,9.6422,288.3727,0.160992,0.204012,2.5695,74.4265,29.0448,142.2857,40.9465,33.088,35.0812,33.7563,9.6422,288.3727,0.160992,0.204012,2.5695,74.4265,29.0448,142.2857,40.9465,33.088,35.0812,33.7563,9.6422,288.3727,0.160992,0.204012,0
1822.3992,2.5726,71.9397,31.4767,159.1306,33.9373,29.7543,31.7842,29.0891,11.4425,129.4908,0.172593,0.212973,2.5726,71.9397,31.4767,159.1306,33.9373,29.7543,31.7842,29.0891,11.4425,129.4908,0.172593,0.212973,2.5726,71.9397,31.4767,159.1306,33.9373,29.7543,31.7842,29.0891,11.4425,129.4908,0.172593,0.212973,0
1822.5516,2.5746,76.112,36.1176,166.0971,28.8663,27.1013,29.101,27.2703,12.6128,26.3393,0.182994,0.224122,2.5746,76.112,36.1176,166.0971,28.8663,27.1013,29.101,27.2703,12.6128,26.3393,0.182994,0.224122,2.5746,76.112,36.1176,166.0971,28.8663,27.1013,29.101,27.2703,12.6128,26.3393,0.182994,0.224122,0
1822.704,2.5808,93.293,45.0742,163.5563,25.7014,25.7777,27.6166,26.779,12.5521,32.0567,0.198246,0.239545,2.5808,93.293,45.0742,163.5563,25.7014,25.7777,27.6166,26.779,12.5521,32.0567,0.198246,0.239545,2.5808,93.293,45.0742,163.5563,25.7014,25.7777,27.6166,26.779,12.5521,32.0567,0.198246,0.239545,0
1822.8564,2.5862,110.4741,54.0307,164.7268,23.4012,24.4542,26.1323,25.4714,12.4915,37.7741,0.211323,0.254968,2.5862,110.4741,54.0307,164.7268,23.4012,24.4542,26.1323,25.4714,12.4915,37.7741,0.211323,0.254968,2.5862,110.4741,54.0307,164.7268,23.4012,24.4542,26.1323,25.4714,12.4915,37.7741,0.211323,0.254968,0
1823.0088,2.6046,126.0146,62.8402,165.169,22.0716,23.1289,24.6275,25.0393,12.4846,43.055,0.232913,0.270811,2.6046,126.0146,62.8402,165.169,22.0716,23.1289,24.6275,25.0393,12.4846,43.055,0.232913,0.270811,2.6046,126.0146,62.8402,165.169,22.0716,23.1289,24.6275,25.0393,12.4846,43.055,0.232913,0.270811,0
1823.1612,2.6031,114.7854,69.2492,167.3834,18.7252,21.775,22.7901,21.8708,13.3548,41.2149,0.254361,0.293519,2.6031,114.7854,69.2492,167.3834,18.7252,21.775,22.7901,21.8708,13.3548,41.2149,0.254361,0.293519,2.6031,114.7854,69.2492,167.3834,18.7252,21.775,22.7901,21.8708,13.3548,41.2149,0.254361,0.293519,0
1823.3136,2.4593,103.5561,75.6582,173.4675,20.8243,20.4211,20.9527,20.6742,14.2251,39.3748,0.282194,0.316226,2.4593,103.5561,75.6582,173.4675,20.8243,20.4211,20.9527,20.6742,14.2251,39.3748,0.282194,0.316226,2.4593,103.5561,75.6582,173.4675,20.8243,20.4211,20.9527,20.6742,14.2251,39.3748,0.282194,0.316226,0
1823.466,2.2714,92.3269,82.0673,177.0098,34.2853,19.0672,19.1152,23.0846,15.0953,37.5346,0.302245,0.338934,2.2714,92.3269,82.0673,177.0098,34.2853,19.0672,19.1152,23.0846,15.0953,37.5346,0.302245,0.338934,2.2714,92.3269,82.0673,177.0098,34.2853,19.0672,19.1152,23.0846,15.0953,37.5346,0.302245,0.338934,0
1823.6184,2.33,105.033,79.6691,177.8352,27.391,16.4689,16.9222,14.9175,16.2424,36.0979,0.30619,0.343361,2.33,105.033,79.6691,177.8352,27.391,16.4689,16.9222,14.9175,16.2424,36.0979,0.30619,0.343361,2.33,105.033,79.6691,177.8352,27.391,16.4689,16.9222,14.9175,16.2424,36.0979,0.30619,0.343361,0
1823.7708,2.4846,124.6124,74.7419,188.4875,15.7431,13.5133,14.6272,10.3455,17.469,34.777,0.299267,0.342538,2.4846,124.6124,74.7419,188.4875,15.7431,13.5133,14.6272,10.3455,17.469,34.777,0.299267,0.342538,2.4846,124.6124,74.7419,188.4875,15.7431,13.5133,14.6272,10.3455,17.469,34.777,0.299267,0.342538,0
1823.9232,2.5398,144.1918,69.8146,192.5299,10.907,10.5576,12.3321,10.7043,18.6955,33.4561,0.296202,0.341715,2.5398,144.1918,69.8146,192.5299,10.907,10.5576,12.3321,10.7043,18.6955,33.4561,0.296202,0.341715,2.5398,144.1918,69.8146,192.5299,10.907,10.5576,12.3321,10.7043,18.6955,33.4561,0.296202,0.341715,0
1824.0756,2.5112,143.2012,62.3973,198.3054,7.5461,10.1972,12.2848,9.7279,18.9384,33.5607,0.306231,0.348331,2.5112,143.2012,62.3973,198.3054,7.5461,10.1972,12.2848,9.7279,18.9384,33.5607,0.306231,0.348331,2.5112,143.2012,62.3973,198.3054,7.5461,10.1972,12.2848,9.7279,18.9384,33.5607,0.306231,0.348331,0
1824.228,2.4602,121.3142,52.4504,206.9204,7.4054,12.4731,14.5211,9.8076,18.1821,35.1133,0.318333,0.362504,2.4602,121.3142,52.4504,206.9204,7.4054,12.4731,14.5211,9.8076,18.1821,35.1133,0.318333,0.362504,2.4602,121.3142,52.4504,206.9204,7.4054,12.4731,14.5211,9.8076,18.1821,35.1133,0.318333,0.362504,0
1824.3804,2.335,99.4272,42.5034,197.697,12.419,14.749,16.7573,15.6546,17.4258,36.6659,0.336961,0.376677,2.335,99.4272,42.5034,197.697,12.419,14.749,16.7573,15.6546,17.4258,36.6659,0.336961,0.376677,2.335,99.4272,42.5034,197.697,12.419,14.749,16.7573,15.6546,17.4258,36.6659,0.336961,0.376677,0
1824.5328,2.2345,102.9153,35.0545,193.2015,21.7627,16.8698,18.6766,23.3958,17.2035,38.2902,0.351459,0.38965,2.2345,102.9153,35.0545,193.2015,21.7627,16.8698,18.6766,23.3958,17.2035,38.2902,0.351459,0.38965,2.2345,102.9153,35.0545,193.2015,21.7627,16.8698,18.6766,23.3958,17.2035,38.2902,0.351459,0.38965,0
1824.6852,2.2497,198.9294,36.7141,188.7381,21.8529,18.4247,19.4397,22.6413,18.9282,40.1761,0.361342,0.398245,2.2497,198.9294,36.7141,188.7381,21.8529,18.4247,19.4397,22.6413,18.9282,40.1761,0.361342,0.398245,2.2497,198.9294,36.7141,188.7381,21.8529,18.4247,19.4397,22.6413,18.9282,40.1761,0.361342,0.398245,0
1824.8376,2.2775,294.9435,38.3736,185.1835,17.9456,19.9797,20.2029,16.8184,20.6529,42.062,0.367487,0.406841,2.2775,294.9435,38.3736,185.1835,17.9456,19.9797,20.2029,16.8184,20.6529,42.062,0.367487,0.406841,2.2775,294.9435,38.3736,185.1835,17.9456,19.9797,20.2029,16.8184,20.6529,42.062,0.367487,0.406841,0
1824.99,2.218,390.9576,40.0332,188.3924,22.7249,21.5347,20.9661,21.0527,22.3776,43.948,0.373811,0.415436,2.218,390.9576,40.0332,188.3924,22.7249,21.5347,20.9661,21.0527,22.3776,43.948,0.373811,0.415436,2.218,390.9576,40.0332,188.3924,22.7249,21.5347,20.9661,21.0527,22.3776,43.948,0.373811,0.415436,0
1825.1424,2.1282,325.5979,41.7207,190.5523,33.4224,20.7482,20.183,26.3233,22.0674,47.9346,0.377429,0.402985,2.1282,325.5979,41.7207,190.5523,33.4224,20.7482,20.183,26.3233,22.0674,47.9346,0.377429,0.402985,2.1282,325.5979,41.7207,190.5523,33.4224,20.7482,20.183,26.3233,22.0674,47.9346,0.377429,0.402985,0
1825.2948,2.0999,248.9059,43.4101,181.9745,41.8385,19.7974,19.2914,25.0293,21.6143,52.0688,0.365144,0.389055,2.0999,248.9059,43.4101,181.9745,41.8385,19.7974,19.2914,25.0293,21.6143,52.0688,0.365144,0.389055,2.0999,248.9059,43.4101,181.9745,41.8385,19.7974,19.2914,25.0293,21.6143,52.0688,0.365144,0.389055,0
1825.4472,2.1392,172.2139,45.0996,183.0002,36.6676,18.8465,18.3997,18.6763,21.1612,56.203,0.341955,0.375126,2.1392,172.2139,45.0996,183.0002,36.6676,18.8465,18.3997,18.6763,21.1612,56.203,0.341955,0.375126,2.1392,172.2139,45.0996,183.0002,36.6676,18.8465,18.3997,18.6763,21.1612,56.203,0.341955,0.375126,0
1825.5996,2.3575,127.6952,41.5691,179.3914,25.4703,17.4485,17.2988,11.9951,19.3871,60.6285,0.291698,0.343189,2.3575,127.6952,41.5691,179.3914,25.4703,17.4485,17.2988,11.9951,19.3871,60.6285,0.291698,0.343189,2.3575,127.6952,41.5691,179.3914,25.4703,17.4485,17.2988,11.9951,19.3871,60.6285,0.291698,0.343189,0
1825.752,2.5404,100.2323,35.2715,175.7468,20.6892,15.8133,16.0869,10.9212,16.9127,65.2084,0.247125,0.301706,2.5404,100.2323,35.2715,175.7468,20.6892,15.8133,16.0869,10.9212,16.9127,65.2084,0.247125,0.301706,2.5404,100.2323,35.2715,175.7468,20.6892,15.8133,16.0869,10.9212,16.9127,65.2084,0.247125,0.301706,0
1825.9044,2.6219,72.7694,28.9738,170.0674,18.2396,14.1781,14.8751,13.1517,14.4384,69.7883,0.206144,0.260222,2.6219,72.7694,28.9738,170.0674,18.2396,14.1781,14.8751,13.1517,14.4384,69.7883,0.206144,0.260222,2.6219,72.7694,28.9738,170.0674,18.2396,14.1781,14.8751,13.1517,14.4384,69.7883,0.206144,0.260222,0
1826.0568,2.6466,55.071,24.8363,166.4712,14.9619,13.5128,14.585,13.1264,12.4989,74.2101,0.181536,0.22877,2.6466,55.071,24.8363,166.4712,14.9619,13.5128,14.585,13.1264,12.4989,74.2101,0.181536,0.22877,2.6466,55.071,24.8363,166.4712,14.9619,13.5128,14.585,13.1264,12.4989,74.2101,0.181536,0.22877,0
1826.2092,2.6397,53.8074,24.3345,161.7753,15.5294,14.4799,15.8464,14.5021,11.4599,78.3658,0.164463,0.2142,2.6397,53.8074,24.3345,161.7753,15.5294,14.4799,15.8464,14.5021,11.4599,78.3658,0.164463,0.2142,2.6397,53.8074,24.3345,161.7753,15.5294,14.4799,15.8464,14.5021,11.4599,78.3658,0.164463,0.2142,0
1826.3616,2.6309,52.5438,23.8328,151.414,17.9949,15.4469,17.1078,17.5191,10.4208,82.5215,0.151851,0.199631,2.6309,52.5438,23.8328,151.414,17.9949,15.4469,17.1078,17.5191,10.4208,82.5215,0.151851,0.199631,2.6309,52.5438,23.8328,151.414,17.9949,15.4469,17.1078,17.5191,10.4208,82.5215,0.151851,0.199631,0
1826.514,2.6305,50.8902,23.2183,144.6183,21.1535,16.2952,18.1999,21.2676,9.4349,85.9021,0.141493,0.186753,2.6305,50.8902,23.2183,144.6183,21.1535,16.2952,18.1999,21.2676,9.4349,85.9021,0.141493,0.186753,2.6305,50.8902,23.2183,144.6183,21.1535,16.2952,18.1999,21.2676,9.4349,85.9021,0.141493,0.186753,0
1826.6664,2.6325,45.382,21.4897,142.3192,20.4979,15.9691,17.6182,20.9071,8.9742,81.6212,0.136571,0.190593,2.6325,45.382,21.4897,142.3192,20.4979,15.9691,17.6182,20.9071,8.9742,81.6212,0.136571,0.190593,2.6325,45.382,21.4897,142.3192,20.4979,15.9691,17.6182,20.9071,8.9742,81.6212,0.136571,0.190593,0
1826.8188,2.6824,39.8739,19.7611,142.0643,18.5343,15.6431,17.0366,16.8057,8.5135,77.3403,0.144391,0.194434,2.6824,39.8739,19.7611,142.0643,18.5343,15.6431,17.0366,16.8057,8.5135,77.3403,0.144391,0.194434,2.6824,39.8739,19.7611,142.0643,18.5343,15.6431,17.0366,16.8057,8.5135,77.3403,0.144391,0.194434,0
1826.9712,2.8854,34.3657,18.0325,141.6493,17.3311,15.3171,16.4549,15.5582,8.0528,73.0594,0.158157,0.198274,2.8854,34.3657,18.0325,141.6493,17.3311,15.3171,16.4549,15.5582,8.0528,73.0594,0.158157,0.198274,2.8854,34.3657,18.0325,141.6493,17.3311,15.3171,16.4549,15.5582,8.0528,73.0594,0.158157,0.198274,0
1827.1236,2.9894,34.5186,15.4033,141.3703,16.8793,15.2984,16.6189,15.8587,7.5351,69.6428,0.16566,0.200903,2.9894,34.5186,15.4033,141.3703,16.8793,15.2984,16.6189,15.8587,7.5351,69.6428,0.16566,0.200903,2.9894,34.5186,15.4033,141.3703,16.8793,15.2984,16.6189,15.8587,7.5351,69.6428,0.16566,0.200903,0
1827.276,2.8204,35.9906,12.5643,141.0788,17.3245,15.3514,16.9566,17.9481,7.0042,66.4276,0.168531,0.20325,2.8204,35.9906,12.5643,141.0788,17.3245,15.3514,16.9566,17.9481,7.0042,66.4276,0.168531,0.20325,2.8204,35.9906,12.5643,141.0788,17.3245,15.3514,16.9566,17.9481,7.0042,66.4276,0.168531,0.20325,0
1827.4284,2.7577,37.4626,9.7252,139.0053,15.3481,15.4043,17.2943,16.6015,6.4733,63.2124,0.168061,0.205597,2.7577,37.4626,9.7252,139.0053,15.3481,15.4043,17.2943,16.6015,6.4733,63.2124,0.168061,0.205597,2.7577,37.4626,9.7252,139.0053,15.3481,15.4043,17.2943,16.6015,6.4733,63.2124,0.168061,0.205597,0
1827.5808,2.7912,37.0266,10.702,137.9591,16.2083,15.6536,18.3249,17.4024,5.9953,63.4363,0.156521,0.199299,2.7912,37.0266,10.702,137.9591,16.2083,15.6536,18.3249,17.4024,5.9953,63.4363,0.156521,0.199299,2.7912,37.0266,10.702,137.9591,16.2083,15.6536,18.3249,17.4024,5.9953,63.4363,0.156521,0.199299,0
1827.7332,2.799,34.8999,15.0602,141.557,17.9506,16.077,19.9695,19.3597,5.5642,66.7075,0.143576,0.185339,2.799,34.8999,15.0602,141.557,17.9506,16.077,19.9695,19.3597,5.5642,66.7075,0.143576,0.185339,2.799,34.8999,15.0602,141.557,17.9506,16.077,19.9695,19.3597,5.5642,66.7075,0.143576,0.185339,0
1827.8856,2.7135,32.7732,19.4183,145.2704,19.7328,16.5003,21.614,21.222,5.1331,69.9788,0.125669,0.171379,2.7135,32.7732,19.4183,145.2704,19.7328,16.5003,21.614,21.222,5.1331,69.9788,0.125669,0.171379,2.7135,32.7732,19.4183,145.2704,19.7328,16.5003,21.614,21.222,5.1331,69.9788,0.125669,0.171379,0
1828.038,2.6283,30.2049,23.0068,144.4212,21.8222,16.4363,22.7916,23.2165,4.83,75.3689,0.111386,0.159091,2.6283,30.2049,23.0068,144.4212,21.8222,16.4363,22.7916,23.2165,4.83,75.3689,0.111386,0.159091,2.6283,30.2049,23.0068,144.4212,21.8222,16.4363,22.7916,23.2165,4.83,75.3689,0.111386,0.159091,0
1828.1904,2.6034,26.3075,24.2782,131.1482,24.0351,14.9051,22.5633,28.0387,4.9122,87.138,0.10072,0.151837,2.6034,26.3075,24.2782,131.1482,24.0351,14.9051,22.5633,28.0387,4.9122,87.138,0.10072,0.151837,2.6034,26.3075,24.2782,131.1482,24.0351,14.9051,22.5633,28.0387,4.9122,87.138,0.10072,0.151837,0
1828.3428,2.6145,22.4101,25.5495,117.0512,22.1497,13.3739,22.3351,30.7457,4.9945,98.9071,0.095424,0.144583,2.6145,22.4101,25.5495,117.0512,22.1497,13.3739,22.3351,30.7457,4.9945,98.9071,0.095424,0.144583,2.6145,22.4101,25.5495,117.0512,22.1497,13.3739,22.3351,30.7457,4.9945,98.9071,0.095424,0.144583,0
1828.4952,2.5732,18.5127,26.8209,84.0735,16.5763,11.8427,22.1068,23.032,5.0767,110.6761,0.094955,0.137328,2.5732,18.5127,26.8209,84.0735,16.5763,11.8427,22.1068,23.032,5.0767,110.6761,0.094955,0.137328,2.5732,18.5127,26.8209,84.0735,16.5763,11.8427,22.1068,23.032,5.0767,110.6761,0.094955,0.137328,0
1828.6476,2.4697,16.4111,26.163,60.2058,12.3069,10.8341,21.1306,16.8718,6.3538,101.3961,0.095355,0.139727,2.4697,16.4111,26.163,60.2058,12.3069,10.8341,21.1306,16.8718,6.3538,101.3961,0.095355,0.139727,2.4697,16.4111,26.163,60.2058,12.3069,10.8341,21.1306,16.8718,6.3538,101.3961,0.095355,0.139727,0
1828.8,2.3558,14.368,25.4425,52.2016,11.2513,9.8424,20.1301,17.7695,7.6697,91.4317,0.098051,0.14244,2.3558,14.368,25.4425,52.2016,11.2513,9.8424,20.1301,17.7695,7.6697,91.4317,0.098051,0.14244,2.3558,14.368,25.4425,52.2016,11.2513,9.8424,20.1301,17.7695,7.6697,91.4317,0.098051,0.14244,0
1828.9524,2.3246,12.3248,24.722,47.9361,13.1655,8.8507,19.1296,22.602,8.9857,81.4672,0.101987,0.145153,2.3246,12.3248,24.722,47.9361,13.1655,8.8507,19.1296,22.602,8.9857,81.4672,0.101987,0.145153,2.3246,12.3248,24.722,47.9361,13.1655,8.8507,19.1296,22.602,8.9857,81.4672,0.101987,0.145153,0
1829.1048,2.3157,14.2526,28.5813,39.1858,11.27,8.0664,17.9814,18.319,11.3967,88.1278,0.110671,0.151303,2.3157,14.2526,28.5813,39.1858,11.27,8.0664,17.9814,18.319,11.3967,88.1278,0.110671,0.151303,2.3157,14.2526,28.5813,39.1858,11.27,8.0664,17.9814,18.319,11.3967,88.1278,0.110671,0.151303,0
1829.2572,2.2671,17.9838,34.5208,37.5166,8.2248,7.3763,16.766,13.3806,14.305,102.3395,0.118754,0.159014,2.2671,17.9838,34.5208,37.5166,8.2248,7.3763,16.766,13.3806,14.305,102.3395,0.118754,0.159014,2.2671,17.9838,34.5208,37.5166,8.2248,7.3763,16.766,13.3806,14.305,102.3395,0.118754,0.159014,0
1829.4096,2.2344,21.7151,40.4603,34.6174,8.5123,6.6862,15.5507,14.662,17.2133,116.5512,0.126676,0.166726,2.2344,21.7151,40.4603,34.6174,8.5123,6.6862,15.5507,14.662,17.2133,116.5512,0.126676,0.166726,2.2344,21.7151,40.4603,34.6174,8.5123,6.6862,15.5507,14.662,17.2133,116.5512,0.126676,0.166726,0
1829.562,2.2291,34.4441,42.5481,34.8974,7.4791,6.0859,14.3319,13.7598,18.7613,181.039,0.13092,0.171461,2.2291,34.4441,42.5481,34.8974,7.4791,6.0859,14.3319,13.7598,18.7613,181.039,0.13092,0.171461,2.2291,34.4441,42.5481,34.8974,7.4791,6.0859,14.3319,13.7598,18.7613,181.039,0.13092,0.171461,0
1829.7144,2.2254,60.2922,39.0198,38.8104,7.0226,5.6166,13.1079,12.6527,18.3258,318.8324,0.131564,0.171857,2.2254,60.2922,39.0198,38.8104,7.0226,5.6166,13.1079,12.6527,18.3258,318.8324,0.131564,0.171857,2.2254,60.2922,39.0198,38.8104,7.0226,5.6166,13.1079,12.6527,18.3258,318.8324,0.131564,0.171857,0
1829.8668,2.2358,86.1404,35.4915,39.9165,8.4021,5.1473,11.8839,14.7354,17.8903,456.6259,0.131154,0.172254,2.2358,86.1404,35.4915,39.9165,8.4021,5.1473,11.8839,14.7354,17.8903,456.6259,0.131154,0.172254,2.2358,86.1404,35.4915,39.9165,8.4021,5.1473,11.8839,14.7354,17.8903,456.6259,0.131154,0.172254,0
1830.0192,2.246,113.2418,33.2206,33.7199,7.4089,4.6598,10.6474,11.4155,17.3844,558.9691,0.130007,0.172519,2.246,113.2418,33.2206,33.7199,7.4089,4.6598,10.6474,11.4155,17.3844,558.9691,0.130007,0.172519,2.246,113.2418,33.2206,33.7199,7.4089,4.6598,10.6474,11.4155,17.3844,558.9691,0.130007,0.172519,0
1830.1716,2.2473,149.0377,39.6733,31.8896,5.1372,4.0452,9.324,7.5394,16.3901,415.3762,0.128862,0.171879,2.2473,149.0377,39.6733,31.8896,5.1372,4.0452,9.324,7.5394,16.3901,415.3762,0.128862,0.171879,2.2473,149.0377,39.6733,31.8896,5.1372,4.0452,9.324,7.5394,16.3901,415.3762,0.128862,0.171879,0
1830.324,2.2455,184.8336,46.1259,32.012,3.9866,3.4306,8.0005,6.4257,15.3958,271.7834,0.12799,0.171239,2.2455,184.8336,46.1259,32.012,3.9866,3.4306,8.0005,6.4257,15.3958,271.7834,0.12799,0.171239,2.2455,184.8336,46.1259,32.012,3.9866,3.4306,8.0005,6.4257,15.3958,271.7834,0.12799,0.171239,0
1830.4764,2.2471,220.6295,52.5786,33.8698,3.3466,2.8161,6.6771,6.3444,14.4015,128.1906,0.128593,0.170599,2.2471,220.6295,52.5786,33.8698,3.3466,2.8161,6.6771,6.3444,14.4015,128.1906,0.128593,0.170599,2.2471,220.6295,52.5786,33.8698,3.3466,2.8161,6.6771,6.3444,14.4015,128.1906,0.128593,0.170599,0
1830.6288,2.2509,215.8915,60.2637,33.9308,2.9911,2.5831,6.1543,6.029,14.9022,88.2562,0.129355,0.170706,2.2509,215.8915,60.2637,33.9308,2.9911,2.5831,6.1543,6.029,14.9022,88.2562,0.129355,0.170706,2.2509,215.8915,60.2637,33.9308,2.9911,2.5831,6.1543,6.029,14.9022,88.2562,0.129355,0.170706,0
1830.7812,2.2577,203.7264,68.1747,32.0988,2.7165,2.4201,5.7781,5.9749,15.6768,67.3153,0.129245,0.17095,2.2577,203.7264,68.1747,32.0988,2.7165,2.4201,5.7781,5.9749,15.6768,67.3153,0.129245,0.17095,2.2577,203.7264,68.1747,32.0988,2.7165,2.4201,5.7781,5.9749,15.6768,67.3153,0.129245,0.17095,0
1830.9336,2.2604,191.5614,76.0856,32.3487,2.511,2.257,5.402,5.0959,16.4514,46.3743,0.129036,0.171194,2.2604,191.5614,76.0856,32.3487,2.511,2.257,5.402,5.0959,16.4514,46.3743,0.129036,0.171194,2.2604,191.5614,76.0856,32.3487,2.511,2.257,5.402,5.0959,16.4514,46.3743,0.129036,0.171194,0
1831.086,2.2592,178.166,81.391,32.696,2.3655,2.1319,5.0849,4.8707,15.2435,38.4025,0.128745,0.171352,2.2592,178.166,81.391,32.696,2.3655,2.1319,5.0849,4.8707,15.2435,38.4025,0.128745,0.171352,2.2592,178.166,81.391,32.696,2.3655,2.1319,5.0849,4.8707,15.2435,38.4025,0.128745,0.171352,0
1831.2384,2.2618,163.8207,84.6845,34.2925,2.3064,2.0359,4.8134,4.9121,12.5049,40.4441,0.128728,0.171443,2.2618,163.8207,84.6845,34.2925,2.3064,2.0359,4.8134,4.9121,12.5049,40.4441,0.128728,0.171443,2.2618,163.8207,84.6845,34.2925,2.3064,2.0359,4.8134,4.9121,12.5049,40.4441,0.128728,0.171443,0
1831.3908,2.2623,149.4754,87.9781,33.7288,2.0023,1.94,4.5419,4.3917,9.7663,42.4857,0.128991,0.171534,2.2623,149.4754,87.9781,33.7288,2.0023,1.94,4.5419,4.3917,9.7663,42.4857,0.128991,0.171534,2.2623,149.4754,87.9781,33.7288,2.0023,1.94,4.5419,4.3917,9.7663,42.4857,0.128991,0.171534,0
1831.5432,2.2611,134.7878,88.9185,33.0007,1.6602,2.0108,4.6363,3.7934,7.4281,42.3911,0.129674,0.171548,2.2611,134.7878,88.9185,33.0007,1.6602,2.0108,4.6363,3.7934,7.4281,42.3911,0.129674,0.171548,2.2611,134.7878,88.9185,33.0007,1.6602,2.0108,4.6363,3.7934,7.4281,42.3911,0.129674,0.171548,0
1831.6956,2.2673,119.2347,83.911,33.9331,1.5118,2.5033,5.6555,3.584,6.1022,36.8967,0.130702,0.171365,2.2673,119.2347,83.911,33.9331,1.5118,2.5033,5.6555,3.584,6.1022,36.8967,0.130702,0.171365,2.2673,119.2347,83.911,33.9331,1.5118,2.5033,5.6555,3.584,6.1022,36.8967,0.130702,0.171365,0
1831.848,2.2721,103.6816,78.9034,34.5271,1.8515,2.9958,6.6748,5.2911,4.7762,31.4023,0.130909,0.171182,2.2721,103.6816,78.9034,34.5271,1.8515,2.9958,6.6748,5.2911,4.7762,31.4023,0.130909,0.171182,2.2721,103.6816,78.9034,34.5271,1.8515,2.9958,6.6748,5.2911,4.7762,31.4023,0.130909,0.171182,0
1832.0004,2.2806,88.1694,73.909,33.6744,2.6151,3.487,7.6913,8.1418,3.4537,25.9223,0.127802,0.171,2.2806,88.1694,73.909,33.6744,2.6151,3.487,7.6913,8.1418,3.4537,25.9223,0.127802,0.171,2.2806,88.1694,73.909,33.6744,2.6151,3.487,7.6913,8.1418,3.4537,25.9223,0.127802,0.171,0
1832.1528,2.2865,93.1394,71.6802,32.4784,3.1091,4.2635,8.7882,8.4841,4.0836,22.44,0.123294,0.166722,2.2865,93.1394,71.6802,32.4784,3.1091,4.2635,8.7882,8.4841,4.0836,22.44,0.123294,0.166722,2.2865,93.1394,71.6802,32.4784,3.1091,4.2635,8.7882,8.4841,4.0836,22.44,0.123294,0.166722,0
1832.3052,2.2835,98.0963,69.4572,33.106,4.6848,5.0379,9.8823,10.1118,4.7118,18.9669,0.117491,0.162454,2.2835,98.0963,69.4572,33.106,4.6848,5.0379,9.8823,10.1118,4.7118,18.9669,0.117491,0.162454,2.2835,98.0963,69.4572,33.106,4.6848,5.0379,9.8823,10.1118,4.7118,18.9669,0.117491,0.162454,0
1832.4576,2.2747,103.0533,67.2343,32.3173,6.9143,5.8123,10.9763,14.6889,5.34,15.4937,0.114526,0.158187,2.2747,103.0533,67.2343,32.3173,6.9143,5.8123,10.9763,14.6889,5.34,15.4937,0.114526,0.158187,2.2747,103.0533,67.2343,32.3173,6.9143,5.8123,10.9763,14.6889,5.34,15.4937,0.114526,0.158187,0
1832.61,2.2769,104.656,62.7256,30.9852,6.9221,5.8223,10.3718,11.0693,5.8216,13.9778,0.112924,0.156164,2.2769,104.656,62.7256,30.9852,6.9221,5.8223,10.3718,11.0693,5.8216,13.9778,0.112924,0.156164,2.2769,104.656,62.7256,30.9852,6.9221,5.8223,10.3718,11.0693,5.8216,13.9778,0.112924,0.156164,0
1832.7624,2.2821,104.9659,57.3358,32.1436,5.8213,5.5376,9.1126,7.4067,6.2466,13.2162,0.111945,0.155006,2.2821,104.9659,57.3358,32.1436,5.8213,5.5376,9.1126,7.4067,6.2466,13.2162,0.111945,0.155006,2.2821,104.9659,57.3358,32.1436,5.8213,5.5376,9.1126,7.4067,6.2466,13.2162,0.111945,0.155006,0
1832.9148,2.2692,105.2757,51.9461,32.5231,4.6974,5.2529,7.8534,6.5265,6.6717,12.4547,0.111162,0.153848,2.2692,105.2757,51.9461,32.5231,4.6974,5.2529,7.8534,6.5265,6.6717,12.4547,0.111162,0.153848,2.2692,105.2757,51.9461,32.5231,4.6974,5.2529,7.8534,6.5265,6.6717,12.4547,0.111162,0.153848,0
1833.0672,2.2594,100.234,49.6447,33.8953,4.6187,5.202,7.3464,6.549,6.6268,13.4585,0.110928,0.153012,2.2594,100.234,49.6447,33.8953,4.6187,5.202,7.3464,6.549,6.6268,13.4585,0.110928,0.153012,2.2594,100.234,49.6447,33.8953,4.6187,5.202,7.3464,6.549,6.6268,13.4585,0.110928,0.153012,0
1833.2196,2.2637,88.4072,51.259,31.6105,5.0545,5.4477,7.7933,7.4276,5.9861,16.7003,0.110617,0.152585,2.2637,88.4072,51.259,31.6105,5.0545,5.4477,7.7933,7.4276,5.9861,16.7003,0.110617,0.152585,2.2637,88.4072,51.259,31.6105,5.0545,5.4477,7.7933,7.4276,5.9861,16.7003,0.110617,0.152585,0
1833.372,2.2616,76.5805,52.8733,31.6584,5.353,5.6934,8.2402,8.3007,5.3454,19.9422,0.109826,0.152158,2.2616,76.5805,52.8733,31.6584,5.353,5.6934,8.2402,8.3007,5.3454,19.9422,0.109826,0.152158,2.2616,76.5805,52.8733,31.6584,5.353,5.6934,8.2402,8.3007,5.3454,19.9422,0.109826,0.152158,0
1833.5244,2.2609,65.654,53.8348,32.684,6.1132,5.8968,8.6042,9.5674,4.9482,25.0285,0.109691,0.151756,2.2609,65.654,53.8348,32.684,6.1132,5.8968,8.6042,9.5674,4.9482,25.0285,0.109691,0.151756,2.2609,65.654,53.8348,32.684,6.1132,5.8968,8.6042,9.5674,4.9482,25.0285,0.109691,0.151756,0
1833.6768,2.2664,59.4498,51.3723,34.1345,6.6601,5.8787,8.5337,9.5429,5.828,39.7906,0.109545,0.151482,2.2664,59.4498,51.3723,34.1345,6.6601,5.8787,8.5337,9.5429,5.828,39.7906,0.109545,0.151482,2.2664,59.4498,51.3723,34.1345,6.6601,5.8787,8.5337,9.5429,5.828,39.7906,0.109545,0.151482,0
1833.8292,2.2663,53.2457,48.9097,32.7221,6.2342,5.8605,8.4632,8.5201,6.7078,54.5526,0.109209,0.151207,2.2663,53.2457,48.9097,32.7221,6.2342,5.8605,8.4632,8.5201,6.7078,54.5526,0.109209,0.151207,2.2663,53.2457,48.9097,32.7221,6.2342,5.8605,8.4632,8.5201,6.7078,54.5526,0.109209,0.151207,0
1833.9816,2.2651,47.0416,46.4471,34.4184,6.27,5.8424,8.3927,8.4335,7.5876,69.3147,0.10859,0.150933,2.2651,47.0416,46.4471,34.4184,6.27,5.8424,8.3927,8.4335,7.5876,69.3147,0.10859,0.150933,2.2651,47.0416,46.4471,34.4184,6.27,5.8424,8.3927,8.4335,7.5876,69.3147,0.10859,0.150933,0
1834.134,2.2695,66.5086,56.4348,35.2636,6.6763,5.6197,7.9836,8.8047,7.6554,79.0841,0.1083,0.151061,2.2695,66.5086,56.4348,35.2636,6.6763,5.6197,7.9836,8.8047,7.6554,79.0841,0.1083,0.151061,2.2695,66.5086,56.4348,35.2636,6.6763,5.6197,7.9836,8.8047,7.6554,79.0841,0.1083,0.151061,0
1834.2864,2.2655,89.5007,68.132,33.4664,6.0636,5.369,7.5279,7.4589,7.6118,88.168,0.1083,0.151244,2.2655,89.5007,68.132,33.4664,6.0636,5.369,7.5279,7.4589,7.6118,88.168,0.1083,0.151244,2.2655,89.5007,68.132,33.4664,6.0636,5.369,7.5279,7.4589,7.6118,88.168,0.1083,0.151244,0
1834.4388,2.257,112.4928,79.8292,32.2945,5.2134,5.1183,7.0723,6.3134,7.5681,97.2518,0.108938,0.151427,2.257,112.4928,79.8292,32.2945,5.2134,5.1183,7.0723,6.3134,7.5681,97.2518,0.108938,0.151427,2.257,112.4928,79.8292,32.2945,5.2134,5.1183,7.0723,6.3134,7.5681,97.2518,0.108938,0.151427,0
1834.5912,2.2613,121.0394,85.2586,34.8215,5.0641,4.9386,6.9595,6.4777,7.2908,101.4813,0.109746,0.151536,2.2613,121.0394,85.2586,34.8215,5.0641,4.9386,6.9595,6.4777,7.2908,101.4813,0.109746,0.151536,2.2613,121.0394,85.2586,34.8215,5.0641,4.9386,6.9595,6.4777,7.2908,101.4813,0.109746,0.151536,0
1834.7436,2.2651,119.8924,86.4819,36.5034,5.0014,4.8065,7.0767,7.1128,6.8565,102.4533,0.109872,0.151597,2.2651,119.8924,86.4819,36.5034,5.0014,4.8065,7.0767,7.1128,6.8565,102.4533,0.109872,0.151597,2.2651,119.8924,86.4819,36.5034,5.0014,4.8065,7.0767,7.1128,6.8565,102.4533,0.109872,0.151597,0
1834.896,2.2711,118.7454,87.7053,35.2857,5.2572,4.6745,7.194,7.9983,6.4223,103.4252,0.109609,0.151658,2.2711,118.7454,87.7053,35.2857,5.2572,4.6745,7.194,7.9983,6.4223,103.4252,0.109609,0.151658,2.2711,118.7454,87.7053,35.2857,5.2572,4.6745,7.194,7.9983,6.4223,103.4252,0.109609,0.151658,0
1835.0484,2.2769,115.5515,86.6014,34.5619,5.072,4.5223,7.1624,7.4471,5.8839,107.9442,0.109245,0.151613,2.2769,115.5515,86.6014,34.5619,5.072,4.5223,7.1624,7.4471,5.8839,107.9442,0.109245,0.151613,2.2769,115.5515,86.6014,34.5619,5.072,4.5223,7.1624,7.4471,5.8839,107.9442,0.109245,0.151613,0
1835.2008,2.2737,107.9594,80.4969,34.844,4.5015,4.3266,6.8111,6.3093,5.1215,120.085,0.108781,0.151339,2.2737,107.9594,80.4969,34.844,4.5015,4.3266,6.8111,6.3093,5.1215,120.085,0.108781,0.151339,2.2737,107.9594,80.4969,34.844,4.5015,4.3266,6.8111,6.3093,5.1215,120.085,0.108781,0.151339,0
1835.3532,2.2748,100.3672,74.3924,34.8716,4.0945,4.1309,6.4598,5.4514,4.3591,132.2258,0.1086,0.151064,2.2748,100.3672,74.3924,34.8716,4.0945,4.1309,6.4598,5.4514,4.3591,132.2258,0.1086,0.151064,2.2748,100.3672,74.3924,34.8716,4.0945,4.1309,6.4598,5.4514,4.3591,132.2258,0.1086,0.151064,0
1835.5056,2.271,92.5471,68.4017,31.6936,3.7949,3.9474,6.1264,5.6367,3.6895,145.0026,0.108472,0.15079,2.271,92.5471,68.4017,31.6936,3.7949,3.9474,6.1264,5.6367,3.6895,145.0026,0.108472,0.15079,2.271,92.5471,68.4017,31.6936,3.7949,3.9474,6.1264,5.6367,3.6895,145.0026,0.108472,0.15079,0
1835.658,2.264,78.7513,65.395,32.2999,3.779,4.0841,6.2621,6.8077,5.4538,174.4538,0.1084,0.150516,2.264,78.7513,65.395,32.2999,3.779,4.0841,6.2621,6.8077,5.4538,174.4538,0.1084,0.150516,2.264,78.7513,65.395,32.2999,3.779,4.0841,6.2621,6.8077,5.4538,174.4538,0.1084,0.150516,0
1835.8104,2.2756,64.9555,62.3883,34.1329,3.8885,4.2208,6.3977,6.4694,7.2181,203.905,0.108145,0.150241,2.2756,64.9555,62.3883,34.1329,3.8885,4.2208,6.3977,6.4694,7.2181,203.905,0.108145,0.150241,2.2756,64.9555,62.3883,34.1329,3.8885,4.2208,6.3977,6.4694,7.2181,203.905,0.108145,0.150241,0
1835.9628,2.291,51.1598,59.3816,35.1636,4.1515,4.3574,6.5334,6.2761,8.9824,233.3561,0.107681,0.149967,2.291,51.1598,59.3816,35.1636,4.1515,4.3574,6.5334,6.2761,8.9824,233.3561,0.107681,0.149967,2.291,51.1598,59.3816,35.1636,4.1515,4.3574,6.5334,6.2761,8.9824,233.3561,0.107681,0.149967,0
1836.1152,2.2876,45.2349,64.3341,36.2005,4.6106,4.3804,6.3935,6.5956,10.8607,211.0666,0.107691,0.150729,2.2876,45.2349,64.3341,36.2005,4.6106,4.3804,6.3935,6.5956,10.8607,211.0666,0.107691,0.150729,2.2876,45.2349,64.3341,36.2005,4.6106,4.3804,6.3935,6.5956,10.8607,211.0666,0.107691,0.150729,0
1836.2676,2.2769,41.8517,71.8568,36.0673,4.6839,4.3667,6.1646,6.7958,12.7759,172.0691,0.108119,0.151827,2.2769,41.8517,71.8568,36.0673,4.6839,4.3667,6.1646,6.7958,12.7759,172.0691,0.108119,0.151827,2.2769,41.8517,71.8568,36.0673,4.6839,4.3667,6.1646,6.7958,12.7759,172.0691,0.108119,0.151827,0
1836.42,2.2711,38.4686,79.3794,35.9029,3.9415,4.3529,5.9357,5.5711,14.6911,133.0716,0.110468,0.152924,2.2711,38.4686,79.3794,35.9029,3.9415,4.3529,5.9357,5.5711,14.6911,133.0716,0.110468,0.152924,2.2711,38.4686,79.3794,35.9029,3.9415,4.3529,5.9357,5.5711,14.6911,133.0716,0.110468,0.152924,0
1836.5724,2.2774,35.6099,77.3335,42.8206,4.2228,4.6287,6.2385,5.8965,15.7266,112.5222,0.111955,0.153326,2.2774,35.6099,77.3335,42.8206,4.2228,4.6287,6.2385,5.8965,15.7266,112.5222,0.111955,0.153326,2.2774,35.6099,77.3335,42.8206,4.2228,4.6287,6.2385,5.8965,15.7266,112.5222,0.111955,0.153326,0
1836.7248,2.2809,33.3309,64.7148,46.0997,4.8216,5.2244,7.129,7.1734,15.7899,112.3573,0.111398,0.15296,2.2809,33.3309,64.7148,46.0997,4.8216,5.2244,7.129,7.1734,15.7899,112.3573,0.111398,0.15296,2.2809,33.3309,64.7148,46.0997,4.8216,5.2244,7.129,7.1734,15.7899,112.3573,0.111398,0.15296,0
1836.8772,2.2955,31.0518,52.096,47.0348,9.9992,5.82,8.0194,13.07,15.8533,112.1924,0.110171,0.152595,2.2955,31.0518,52.096,47.0348,9.9992,5.82,8.0194,13.07,15.8533,112.1924,0.110171,0.152595,2.2955,31.0518,52.096,47.0348,9.9992,5.82,8.0194,13.07,15.8533,112.1924,0.110171,0.152595,0
1837.0296,2.2933,28.8871,43.0985,44.8406,9.2982,6.1801,8.5713,12.4275,15.7078,114.843,0.109636,0.152543,2.2933,28.8871,43.0985,44.8406,9.2982,6.1801,8.5713,12.4275,15.7078,114.843,0.109636,0.152543,2.2933,28.8871,43.0985,44.8406,9.2982,6.1801,8.5713,12.4275,15.7078,114.843,0.109636,0.152543,0
1837.182,2.2744,27.1968,49.1242,38.7506,5.5977,5.5628,7.7188,7.7764,14.696,129.1745,0.111131,0.153792,2.2744,27.1968,49.1242,38.7506,5.5977,5.5628,7.7188,7.7764,14.696,129.1745,0.111131,0.153792,2.2744,27.1968,49.1242,38.7506,5.5977,5.5628,7.7188,7.7764,14.696,129.1745,0.111131,0.153792,0
1837.3344,2.2619,25.5066,55.1499,33.4321,4.4184,4.9455,6.8663,5.7526,13.6843,143.506,0.112765,0.155042,2.2619,25.5066,55.1499,33.4321,4.4184,4.9455,6.8663,5.7526,13.6843,143.506,0.112765,0.155042,2.2619,25.5066,55.1499,33.4321,4.4184,4.9455,6.8663,5.7526,13.6843,143.506,0.112765,0.155042,0
1837.4868,2.2672,23.8163,61.1757,34.4351,4.3027,4.3283,6.0138,6.1625,12.6725,157.8375,0.114284,0.156292,2.2672,23.8163,61.1757,34.4351,4.3027,4.3283,6.0138,6.1625,12.6725,157.8375,0.114284,0.156292,2.2672,23.8163,61.1757,34.4351,4.3027,4.3283,6.0138,6.1625,12.6725,157.8375,0.114284,0.156292,0
1837.6392,2.2751,23.2853,64.8473,37.416,3.874,4.1437,5.6259,6.1881,12.1205,134.7281,0.115346,0.159991,2.2751,23.2853,64.8473,37.416,3.874,4.1437,5.6259,6.1881,12.1205,134.7281,0.115346,0.159991,2.2751,23.2853,64.8473,37.416,3.874,4.1437,5.6259,6.1881,12.1205,134.7281,0.115346,0.159991,0
1837.7916,2.2746,22.8642,68.2956,36.1227,3.8459,4.0001,5.2819,5.3414,11.6121,108.0683,0.119427,0.163923,2.2746,22.8642,68.2956,36.1227,3.8459,4.0001,5.2819,5.3414,11.6121,108.0683,0.119427,0.163923,2.2746,22.8642,68.2956,36.1227,3.8459,4.0001,5.2819,5.3414,11.6121,108.0683,0.119427,0.163923,0
1837.944,2.2667,22.4431,71.7439,38.5844,3.432,3.8566,4.938,4.5325,11.1036,81.4085,0.124853,0.167855,2.2667,22.4431,71.7439,38.5844,3.432,3.8566,4.938,4.5325,11.1036,81.4085,0.124853,0.167855,2.2667,22.4431,71.7439,38.5844,3.432,3.8566,4.938,4.5325,11.1036,81.4085,0.124853,0.167855,0
1838.0964,2.2511,29.2246,64.4306,41.5711,2.95,3.7897,4.8466,4.452,10.6039,90.6321,0.134035,0.174024,2.2511,29.2246,64.4306,41.5711,2.95,3.7897,4.8466,4.452,10.6039,90.6321,0.134035,0.174024,2.2511,29.2246,64.4306,41.5711,2.95,3.7897,4.8466,4.452,10.6039,90.6321,0.134035,0.174024,0
1838.2488,2.2557,40.19,50.8658,47.303,3.036,3.7674,4.9019,4.593,10.1092,120.7008,0.142091,0.181491,2.2557,40.19,50.8658,47.303,3.036,3.7674,4.9019,4.593,10.1092,120.7008,0.142091,0.181491,2.2557,40.19,50.8658,47.303,3.036,3.7674,4.9019,4.593,10.1092,120.7008,0.142091,0.181491,0
1838.4012,2.2752,51.1555,37.301,61.8437,3.4275,3.7451,4.9572,5.3868,9.6146,150.7695,0.149402,0.188959,2.2752,51.1555,37.301,61.8437,3.4275,3.7451,4.9572,5.3868,9.6146,150.7695,0.149402,0.188959,2.2752,51.1555,37.301,61.8437,3.4275,3.7451,4.9572,5.3868,9.6146,150.7695,0.149402,0.188959,0
1838.5536,2.2808,61.2887,27.008,65.9182,3.2955,4.0086,5.328,5.3193,9.5465,159.601,0.153512,0.195955,2.2808,61.2887,27.008,65.9182,3.2955,4.0086,5.328,5.3193,9.5465,159.601,0.153512,0.195955,2.2808,61.2887,27.008,65.9182,3.2955,4.0086,5.328,5.3193,9.5465,159.601,0.153512,0.195955,0
1838.706,2.2575,69.8877,22.746,57.6225,2.4437,4.7989,6.2803,4.1259,10.2647,129.2862,0.15707,0.202081,2.2575,69.8877,22.746,57.6225,2.4437,4.7989,6.2803,4.1259,10.2647,129.2862,0.15707,0.202081,2.2575,69.8877,22.746,57.6225,2.4437,4.7989,6.2803,4.1259,10.2647,129.2862,0.15707,0.202081,0
1838.8584,2.244,78.4868,18.4839,49.4163,1.902,5.5893,7.2326,3.7221,10.983,98.9714,0.161761,0.208208,2.244,78.4868,18.4839,49.4163,1.902,5.5893,7.2326,3.7221,10.983,98.9714,0.161761,0.208208,2.244,78.4868,18.4839,49.4163,1.902,5.5893,7.2326,3.7221,10.983,98.9714,0.161761,0.208208,0
1839.0108,2.3057,87.1269,14.5064,64.1344,3.9451,6.428,8.184,8.682,11.6381,71.7458,0.17345,0.214732,2.3057,87.1269,14.5064,64.1344,3.9451,6.428,8.184,8.682,11.6381,71.7458,0.17345,0.214732,2.3057,87.1269,14.5064,64.1344,3.9451,6.428,8.184,8.682,11.6381,71.7458,0.17345,0.214732,0
1839.1632,2.4326,96.3049,14.2595,99.4459,6.6662,7.9006,9.1232,11.4084,11.4655,85.0224,0.184713,0.226466,2.4326,96.3049,14.2595,99.4459,6.6662,7.9006,9.1232,11.4084,11.4655,85.0224,0.184713,0.226466,2.4326,96.3049,14.2595,99.4459,6.6662,7.9006,9.1232,11.4084,11.4655,85.0224,0.184713,0.226466,0
1839.3156,2.6069,105.4829,14.0127,146.8927,7.6919,9.3733,10.0624,10.8004,11.2929,98.299,0.200783,0.238201,2.6069,105.4829,14.0127,146.8927,7.6919,9.3733,10.0624,10.8004,11.2929,98.299,0.200783,0.238201,2.6069,105.4829,14.0127,146.8927,7.6919,9.3733,10.0624,10.8004,11.2929,98.299,0.200783,0.238201,0
1839.468,2.6466,114.661,13.7658,172.4373,8.3348,10.846,11.0017,10.7274,11.1202,111.5756,0.21148,0.249936,2.6466,114.661,13.7658,172.4373,8.3348,10.846,11.0017,10.7274,11.1202,111.5756,0.21148,0.249936,2.6466,114.661,13.7658,172.4373,8.3348,10.846,11.0017,10.7274,11.1202,111.5756,0.21148,0.249936,0
1839.6204,2.622,111.7255,23.7154,179.6383,10.1289,11.7789,11.7968,11.8197,10.7941,98.0305,0.212188,0.249631,2.622,111.7255,23.7154,179.6383,10.1289,11.7789,11.7968,11.8197,10.7941,98.0305,0.212188,0.249631,2.622,111.7255,23.7154,179.6383,10.1289,11.7789,11.7968,11.8197,10.7941,98.0305,0.212188,0.249631,0
1839.7728,2.6318,105.5704,36.375,175.2559,11.4331,12.5684,12.5537,13.8177,10.4271,77.3568,0.205951,0.246126,2.6318,105.5704,36.375,175.2559,11.4331,12.5684,12.5537,13.8177,10.4271,77.3568,0.205951,0.246126,2.6318,105.5704,36.375,175.2559,11.4331,12.5684,12.5537,13.8177,10.4271,77.3568,0.205951,0.246126,0
1839.9252,2.6378,99.4154,49.0345,179.8244,11.2908,13.3579,13.3105,13.8243,10.0601,56.683,0.200376,0.24262,2.6378,99.4154,49.0345,179.8244,11.2908,13.3579,13.3105,13.8243,10.0601,56.683,0.200376,0.24262,2.6378,99.4154,49.0345,179.8244,11.2908,13.3579,13.3105,13.8243,10.0601,56.683,0.200376,0.24262,0
1840.0776,2.632,123.0706,64.3303,176.4418,11.6986,13.8704,13.854,13.9991,10.0645,44.7142,0.197278,0.240326,2.632,123.0706,64.3303,176.4418,11.6986,13.8704,13.854,13.9991,10.0645,44.7142,0.197278,0.240326,2.632,123.0706,64.3303,176.4418,11.6986,13.8704,13.854,13.9991,10.0645,44.7142,0.197278,0.240326,0
1840.23,2.6326,175.4604,82.1672,167.2755,12.039,14.1158,14.1918,14.4291,10.4269,41.1362,0.195981,0.239198,2.6326,175.4604,82.1672,167.2755,12.039,14.1158,14.1918,14.4291,10.4269,41.1362,0.195981,0.239198,2.6326,175.4604,82.1672,167.2755,12.039,14.1158,14.1918,14.4291,10.4269,41.1362,0.195981,0.239198,0
1840.3824,2.6338,227.8502,100.0042,170.5195,12.4596,14.3613,14.5296,15.0891,10.7893,37.5581,0.195354,0.23807,2.6338,227.8502,100.0042,170.5195,12.4596,14.3613,14.5296,15.0891,10.7893,37.5581,0.195354,0.23807,2.6338,227.8502,100.0042,170.5195,12.4596,14.3613,14.5296,15.0891,10.7893,37.5581,0.195354,0.23807,0
1840.5348,2.63,254.1382,122.4002,168.7149,12.1453,14.4248,14.6759,14.8509,11.1738,34.8657,0.19612,0.238369,2.63,254.1382,122.4002,168.7149,12.1453,14.4248,14.6759,14.8509,11.1738,34.8657,0.19612,0.238369,2.63,254.1382,122.4002,168.7149,12.1453,14.4248,14.6759,14.8509,11.1738,34.8657,0.19612,0.238369,0
1840.6872,2.6343,192.2201,160.2028,164.0735,12.6887,13.8735,14.1747,15.5223,11.6329,35.1662,0.202057,0.24349,2.6343,192.2201,160.2028,164.0735,12.6887,13.8735,14.1747,15.5223,11.6329,35.1662,0.202057,0.24349,2.6343,192.2201,160.2028,164.0735,12.6887,13.8735,14.1747,15.5223,11.6329,35.1662,0.202057,0.24349,0
1840.8396,2.6448,130.3019,198.0054,165.6356,11.9864,13.3222,13.6736,14.6595,12.092,35.4667,0.207205,0.248611,2.6448,130.3019,198.0054,165.6356,11.9864,13.3222,13.6736,14.6595,12.092,35.4667,0.207205,0.248611,2.6448,130.3019,198.0054,165.6356,11.9864,13.3222,13.6736,14.6595,12.092,35.4667,0.207205,0.248611,0
1840.992,2.6453,68.3838,235.808,174.6416,9.8871,12.7708,13.1725,12.8848,12.5511,35.7672,0.214587,0.253731,2.6453,68.3838,235.808,174.6416,9.8871,12.7708,13.1725,12.8848,12.5511,35.7672,0.214587,0.253731,2.6453,68.3838,235.808,174.6416,9.8871,12.7708,13.1725,12.8848,12.5511,35.7672,0.214587,0.253731,0
1841.1444,2.6357,51.3098,211.7586,179.2151,8.8974,12.428,47.9637,12.1735,13.4308,31.7745,0.22097,0.267054,2.6357,51.3098,211.7586,179.2151,8.8974,12.428,47.9637,12.1735,13.4308,31.7745,0.22097,0.267054,2.6357,51.3098,211.7586,179.2151,8.8974,12.428,47.9637,12.1735,13.4308,31.7745,0.22097,0.267054,0
1841.2968,2.6298,36.7202,184.2826,180.6231,8.261,12.0967,84.7101,11.5083,14.3338,27.5438,0.231593,0.280831,2.6298,36.7202,184.2826,180.6231,8.261,12.0967,84.7101,11.5083,14.3338,27.5438,0.231593,0.280831,2.6298,36.7202,184.2826,180.6231,8.261,12.0967,84.7101,11.5083,14.3338,27.5438,0.231593,0.280831,0
1841.4492,2.6371,22.1306,156.8065,183.776,7.4558,11.7654,121.4566,10.4068,15.2368,23.3132,0.246777,0.294608,2.6371,22.1306,156.8065,183.776,7.4558,11.7654,121.4566,10.4068,15.2368,23.3132,0.246777,0.294608,2.6371,22.1306,156.8065,183.776,7.4558,11.7654,121.4566,10.4068,15.2368,23.3132,0.246777,0.294608,0
1841.6016,2.6249,17.5553,145.9203,176.3327,6.8565,11.4697,449.6999,10.0311,16.4471,22.6012,0.296763,0.354796,2.6249,17.5553,145.9203,176.3327,6.8565,11.4697,449.6999,10.0311,16.4471,22.6012,0.296763,0.354796,2.6249,17.5553,145.9203,176.3327,6.8565,11.4697,449.6999,10.0311,16.4471,22.6012,0.296763,0.354796,0
1841.754,2.6015,17.9872,143.3291,155.3569,16.4009,11.1918,923.6915,41.1446,17.8111,23.6485,0.352387,0.438189,2.6015,17.9872,143.3291,155.3569,16.4009,11.1918,923.6915,41.1446,17.8111,23.6485,0.352387,0.438189,2.6015,17.9872,143.3291,155.3569,16.4009,11.1918,923.6915,41.1446,17.8111,23.6485,0.352387,0.438189,0
1841.9064,2.3752,18.4191,140.7379,104.1608,193.0938,10.9138,1397.6832,2558.144,19.1751,24.6959,0.470535,0.521582,2.3752,18.4191,140.7379,104.1608,193.0938,10.9138,1397.6832,2558.144,19.1751,24.6959,0.470535,0.521582,2.3752,18.4191,140.7379,104.1608,193.0938,10.9138,1397.6832,2558.144,19.1751,24.6959,0.470535,0.521582,0
1842.0588,2.0191,18.8378,140.1772,67.9777,171.6657,11.6981,1584.7626,3271.4646,22.2106,30.0101,0.563835,0.579409,2.0191,18.8378,140.1772,67.9777,171.6657,11.6981,1584.7626,3271.4646,22.2106,30.0101,0.563835,0.579409,2.0191,18.8378,140.1772,67.9777,171.6657,11.6981,1584.7626,3271.4646,22.2106,30.0101,0.563835,0.579409,0
1842.2112,1.5203,19.2356,142.8487,67.0098,39.6614,14.1733,1315.1241,1129.7716,27.9071,42.1164,0.606559,0.596539,1.5203,19.2356,142.8487,67.0098,39.6614,14.1733,1315.1241,1129.7716,27.9071,42.1164,0.606559,0.596539,1.5203,19.2356,142.8487,67.0098,39.6614,14.1733,1315.1241,1129.7716,27.9071,42.1164,0.606559,0.596539,0
1842.3636,1.3427,19.6334,145.5201,78.564,3.7684,16.6485,1045.4858,95.0384,33.6036,54.2228,0.618881,0.613669,1.3427,19.6334,145.5201,78.564,3.7684,16.6485,1045.4858,95.0384,33.6036,54.2228,0.618881,0.613669,1.3427,19.6334,145.5201,78.564,3.7684,16.6485,1045.4858,95.0384,33.6036,54.2228,0.618881,0.613669,0
1842.516,1.4031,20.0767,151.1843,81.6624,15.2033,18.923,788.5295,575.3386,38.2385,66.149,0.582665,0.620917,1.4031,20.0767,151.1843,81.6624,15.2033,18.923,788.5295,575.3386,38.2385,66.149,0.582665,0.620917,1.4031,20.0767,151.1843,81.6624,15.2033,18.923,788.5295,575.3386,38.2385,66.149,0.582665,0.620917,0
1842.6684,1.3953,20.9069,182.3615,81.2451,29.1166,19.4872,639.6887,1229.0596,33.8238,76.5393,0.520743,0.543924,1.3953,20.9069,182.3615,81.2451,29.1166,19.4872,639.6887,1229.0596,33.8238,76.5393,0.520743,0.543924,1.3953,20.9069,182.3615,81.2451,29.1166,19.4872,639.6887,1229.0596,33.8238,76.5393,0.520743,0.543924,0
1842.8208,1.532,21.7371,213.5388,102.4111,48.3451,20.0515,490.8477,602.951,29.4091,86.9295,0.424619,0.466932,1.532,21.7371,213.5388,102.4111,48.3451,20.0515,490.8477,602.951,29.4091,86.9295,0.424619,0.466932,1.532,21.7371,213.5388,102.4111,48.3451,20.0515,490.8477,602.951,29.4091,86.9295,0.424619,0.466932,0
1842.9732,2.0732,22.5673,244.716,127.547,45.6285,20.6157,342.0068,55.663,24.9943,97.3197,0.315602,0.389939,2.0732,22.5673,244.716,127.547,45.6285,20.6157,342.0068,55.663,24.9943,97.3197,0.315602,0.389939,2.0732,22.5673,244.716,127.547,45.6285,20.6157,342.0068,55.663,24.9943,97.3197,0.315602,0.389939,0
1843.1256,2.4469,21.6225,224.0365,140.5144,33.3151,19.0782,242.4711,16.9547,20.9871,122.3083,0.247698,0.335756,2.4469,21.6225,224.0365,140.5144,33.3151,19.0782,242.4711,16.9547,20.9871,122.3083,0.247698,0.335756,2.4469,21.6225,224.0365,140.5144,33.3151,19.0782,242.4711,16.9547,20.9871,122.3083,0.247698,0.335756,0
1843.278,2.5545,20.299,192.292,150.8611,23.3761,17.0922,153.4559,21.0649,17.0669,150.4118,0.196495,0.286439,2.5545,20.299,192.292,150.8611,23.3761,17.0922,153.4559,21.0649,17.0669,150.4118,0.196495,0.286439,2.5545,20.299,192.292,150.8611,23.3761,17.0922,153.4559,21.0649,17.0669,150.4118,0.196495,0.286439,0
1843.4304,2.5818,18.9754,160.5476,156.6058,19.7033,15.1063,64.4407,24.7571,13.1466,178.5152,0.17218,0.237123,2.5818,18.9754,160.5476,156.6058,19.7033,15.1063,64.4407,24.7571,13.1466,178.5152,0.17218,0.237123,2.5818,18.9754,160.5476,156.6058,19.7033,15.1063,64.4407,24.7571,13.1466,178.5152,0.17218,0.237123,0
1843.5828,2.5977,18.8752,132.2155,152.5856,19.0495,13.7372,23.3614,27.0749,11.367,195.3279,0.167331,0.214534,2.5977,18.8752,132.2155,152.5856,19.0495,13.7372,23.3614,27.0749,11.367,195.3279,0.167331,0.214534,2.5977,18.8752,132.2155,152.5856,19.0495,13.7372,23.3614,27.0749,11.367,195.3279,0.167331,0.214534,0
1843.7352,2.6272,19.8033,106.7517,146.3515,16.8488,12.8866,22.576,26.393,11.3868,202.6497,0.166419,0.214412,2.6272,19.8033,106.7517,146.3515,16.8488,12.8866,22.576,26.393,11.3868,202.6497,0.166419,0.214412,2.6272,19.8033,106.7517,146.3515,16.8488,12.8866,22.576,26.393,11.3868,202.6497,0.166419,0.214412,0
1843.8876,2.6309,20.7313,81.2879,150.5347,13.5292,12.0359,21.7906,21.9057,11.4066,209.9715,0.170172,0.21429,2.6309,20.7313,81.2879,150.5347,13.5292,12.0359,21.7906,21.9057,11.4066,209.9715,0.170172,0.21429,2.6309,20.7313,81.2879,150.5347,13.5292,12.0359,21.7906,21.9057,11.4066,209.9715,0.170172,0.21429,0
1844.04,2.6285,22.4863,62.3175,159.3113,11.8406,11.3082,20.9298,19.8146,11.852,203.8541,0.176154,0.218232,2.6285,22.4863,62.3175,159.3113,11.8406,11.3082,20.9298,19.8146,11.852,203.8541,0.176154,0.218232,2.6285,22.4863,62.3175,159.3113,11.8406,11.3082,20.9298,19.8146,11.852,203.8541,0.176154,0.218232,0
1844.1924,2.6073,26.565,61.5931,168.4887,11.1848,10.9259,19.8569,19.3771,13.4932,159.9727,0.192495,0.233594,2.6073,26.565,61.5931,168.4887,11.1848,10.9259,19.8569,19.3771,13.4932,159.9727,0.192495,0.233594,2.6073,26.565,61.5931,168.4887,11.1848,10.9259,19.8569,19.3771,13.4932,159.9727,0.192495,0.233594,0
1844.3448,2.5857,30.6437,60.8688,167.0832,10.1147,10.5436,18.7839,17.5564,15.1344,116.0913,0.208026,0.248956,2.5857,30.6437,60.8688,167.0832,10.1147,10.5436,18.7839,17.5564,15.1344,116.0913,0.208026,0.248956,2.5857,30.6437,60.8688,167.0832,10.1147,10.5436,18.7839,17.5564,15.1344,116.0913,0.208026,0.248956,0
1844.4972,2.5595,34.7224,60.1444,165.6373,8.9911,10.1612,17.711,16.4542,16.7756,72.2099,0.226332,0.264318,2.5595,34.7224,60.1444,165.6373,8.9911,10.1612,17.711,16.4542,16.7756,72.2099,0.226332,0.264318,2.5595,34.7224,60.1444,165.6373,8.9911,10.1612,17.711,16.4542,16.7756,72.2099,0.226332,0.264318,0
1844.6496,2.5442,28.445,62.0401,171.5351,8.108,28.9496,87.4896,15.4467,17.5746,61.0932,0.246801,0.301072,2.5442,28.445,62.0401,171.5351,8.108,28.9496,87.4896,15.4467,17.5746,61.0932,0.246801,0.301072,2.5442,28.445,62.0401,171.5351,8.108,28.9496,87.4896,15.4467,17.5746,61.0932,0.246801,0.301072,0
1844.802,2.505,21.9738,63.9849,167.1337,5.9484,48.0967,158.5943,12.6564,18.3578,50.5897,0.290063,0.338228,2.505,21.9738,63.9849,167.1337,5.9484,48.0967,158.5943,12.6564,18.3578,50.5897,0.290063,0.338228,2.505,21.9738,63.9849,167.1337,5.9484,48.0967,158.5943,12.6564,18.3578,50.5897,0.290063,0.338228,0
1844.9544,2.4626,15.5026,65.9296,150.9624,6.681,67.2438,229.699,24.8841,19.141,40.0863,0.335091,0.375383,2.4626,15.5026,65.9296,150.9624,6.681,67.2438,229.699,24.8841,19.141,40.0863,0.335091,0.375383,2.4626,15.5026,65.9296,150.9624,6.681,67.2438,229.699,24.8841,19.141,40.0863,0.335091,0.375383,0
1845.1068,2.295,15.0092,65.0764,125.535,882.5025,83.9968,256.8257,1215.0635,18.1546,32.5757,0.385099,0.393613,2.295,15.0092,65.0764,125.535,882.5025,83.9968,256.8257,1215.0635,18.1546,32.5757,0.385099,0.393613,2.295,15.0092,65.0764,125.535,882.5025,83.9968,256.8257,1215.0635,18.1546,32.5757,0.385099,0.393613,0
1845.2592,1.9803,17.0681,63.0286,114.7289,2709.626,99.7275,265.1752,2415.9409,16.4127,26.343,0.410894,0.403763,1.9803,17.0681,63.0286,114.7289,2709.626,99.7275,265.1752,2415.9409,16.4127,26.343,0.410894,0.403763,1.9803,17.0681,63.0286,114.7289,2709.626,99.7275,265.1752,2415.9409,16.4127,26.343,0.410894,0.403763,0
1845.4116,1.8492,19.127,60.9808,136.7213,1335.4921,115.4583,273.5247,1006.8737,14.6708,20.1103,0.398338,0.413913,1.8492,19.127,60.9808,136.7213,1335.4921,115.4583,273.5247,1006.8737,14.6708,20.1103,0.398338,0.413913,1.8492,19.127,60.9808,136.7213,1335.4921,115.4583,273.5247,1006.8737,14.6708,20.1103,0.398338,0.413913,0
1845.564,2.1464,20.3628,57.3813,154.3216,86.4064,111.3875,247.3074,34.692,12.9457,16.9915,0.356398,0.39493,2.1464,20.3628,57.3813,154.3216,86.4064,111.3875,247.3074,34.692,12.9457,16.9915,0.356398,0.39493,2.1464,20.3628,57.3813,154.3216,86.4064,111.3875,247.3074,34.692,12.9457,16.9915,0.356398,0.39493,0
1845.7164,2.4604,20.4615,51.6384,152.1286,44.1451,79.9661,173.3446,37.1444,11.2439,18.1739,0.268017,0.335707,2.4604,20.4615,51.6384,152.1286,44.1451,79.9661,173.3446,37.1444,11.2439,18.1739,0.268017,0.335707,2.4604,20.4615,51.6384,152.1286,44.1451,79.9661,173.3446,37.1444,11.2439,18.1739,0.268017,0.335707,0
1845.8688,2.5686,20.5602,45.8954,148.3821,29.5693,48.5446,99.3818,36.1872,9.5421,19.3563,0.196738,0.276484,2.5686,20.5602,45.8954,148.3821,29.5693,48.5446,99.3818,36.1872,9.5421,19.3563,0.196738,0.276484,2.5686,20.5602,45.8954,148.3821,29.5693,48.5446,99.3818,36.1872,9.5421,19.3563,0.196738,0.276484,0
1846.0212,2.5957,20.1254,40.7763,143.4576,26.7258,21.523,35.4803,34.7971,7.985,20.4458,0.172194,0.224126,2.5957,20.1254,40.7763,143.4576,26.7258,21.523,35.4803,34.7971,7.985,20.4458,0.172194,0.224126,2.5957,20.1254,40.7763,143.4576,26.7258,21.523,35.4803,34.7971,7.985,20.4458,0.172194,0.224126,0
1846.1736,2.6828,16.389,39.5177,126.1621,26.3702,21.7305,33.8447,37.213,7.3239,20.9603,0.163206,0.214251,2.6828,16.389,39.5177,126.1621,26.3702,21.7305,33.8447,37.213,7.3239,20.9603,0.163206,0.214251,2.6828,16.389,39.5177,126.1621,26.3702,21.7305,33.8447,37.213,7.3239,20.9603,0.163206,0.214251,0
1846.326,2.759,12.6526,38.2592,111.496,24.8938,21.938,32.209,34.6123,6.6627,21.4749,0.15784,0.204375,2.759,12.6526,38.2592,111.496,24.8938,21.938,32.209,34.6123,6.6627,21.4749,0.15784,0.204375,2.759,12.6526,38.2592,111.496,24.8938,21.938,32.209,34.6123,6.6627,21.4749,0.15784,0.204375,0
1846.4784,2.7257,8.9162,37.0006,115.0265,24.0893,22.1456,30.5734,28.787,6.0016,21.9895,0.149484,0.1945,2.7257,8.9162,37.0006,115.0265,24.0893,22.1456,30.5734,28.787,6.0016,21.9895,0.149484,0.1945,2.7257,8.9162,37.0006,115.0265,24.0893,22.1456,30.5734,28.787,6.0016,21.9895,0.149484,0.1945,0
1846.6308,2.6325,11.3036,36.2941,124.3385,26.8819,22.9737,30.703,28.3285,5.8988,23.921,0.143459,0.19051,2.6325,11.3036,36.2941,124.3385,26.8819,22.9737,30.703,28.3285,5.8988,23.921,0.143459,0.19051,2.6325,11.3036,36.2941,124.3385,26.8819,22.9737,30.703,28.3285,5.8988,23.921,0.143459,0.19051,0
1846.7832,2.5778,14.7022,35.6788,129.8949,26.6014,23.9043,31.1241,28.3968,5.8881,26.0866,0.14128,0.187493,2.5778,14.7022,35.6788,129.8949,26.6014,23.9043,31.1241,28.3968,5.8881,26.0866,0.14128,0.187493,2.5778,14.7022,35.6788,129.8949,26.6014,23.9043,31.1241,28.3968,5.8881,26.0866,0.14128,0.187493,0
1846.9356,2.5773,18.1009,35.0635,132.5513,28.0362,24.8349,31.5452,28.297,5.8775,28.2521,0.140636,0.184475,2.5773,18.1009,35.0635,132.5513,28.0362,24.8349,31.5452,28.297,5.8775,28.2521,0.140636,0.184475,2.5773,18.1009,35.0635,132.5513,28.0362,24.8349,31.5452,28.297,5.8775,28.2521,0.140636,0.184475,0
1847.088,2.604,34.4706,35.2631,137.0747,33.0697,26.3265,33.3837,34.0416,5.6527,26.9955,0.139643,0.182214,2.604,34.4706,35.2631,137.0747,33.0697,26.3265,33.3837,34.0416,5.6527,26.9955,0.139643,0.182214,2.604,34.4706,35.2631,137.0747,33.0697,26.3265,33.3837,34.0416,5.6527,26.9955,0.139643,0.182214,0
1847.2404,2.6186,60.3326,36.059,133.3413,36.3855,28.2285,36.2596,40.587,5.2713,23.2344,0.138462,0.180508,2.6186,60.3326,36.059,133.3413,36.3855,28.2285,36.2596,40.587,5.2713,23.2344,0.138462,0.180508,2.6186,60.3326,36.059,133.3413,36.3855,28.2285,36.2596,40.587,5.2713,23.2344,0.138462,0.180508,0
1847.3928,2.6313,86.1947,36.8549,130.6624,37.07,30.1305,39.1356,44.2953,4.8898,19.4734,0.136187,0.178801,2.6313,86.1947,36.8549,130.6624,37.07,30.1305,39.1356,44.2953,4.8898,19.4734,0.136187,0.178801,2.6313,86.1947,36.8549,130.6624,37.07,30.1305,39.1356,44.2953,4.8898,19.4734,0.136187,0.178801,0
1847.5452,2.6524,145.562,35.8856,133.0812,39.0667,31.2734,40.6029,43.293,4.6621,17.5291,0.134016,0.177591,2.6524,145.562,35.8856,133.0812,39.0667,31.2734,40.6029,43.293,4.6621,17.5291,0.134016,0.177591,2.6524,145.562,35.8856,133.0812,39.0667,31.2734,40.6029,43.293,4.6621,17.5291,0.134016,0.177591,0
1847.6976,2.6377,284.3931,30.7296,135.5682,37.9774,30.616,38.7294,38.6813,4.799,19.8935,0.132826,0.17756,2.6377,284.3931,30.7296,135.5682,37.9774,30.616,38.7294,38.6813,4.799,19.8935,0.132826,0.17756,2.6377,284.3931,30.7296,135.5682,37.9774,30.616,38.7294,38.6813,4.799,19.8935,0.132826,0.17756,0
1847.85,2.6173,423.2242,25.5737,140.0189,37.6749,29.9585,36.8559,37.2848,4.9359,22.2579,0.133457,0.17753,2.6173,423.2242,25.5737,140.0189,37.6749,29.9585,36.8559,37.2848,4.9359,22.2579,0.133457,0.17753,2.6173,423.2242,25.5737,140.0189,37.6749,29.9585,36.8559,37.2848,4.9359,22.2579,0.133457,0.17753,0
1848.0024,2.5915,558.0389,20.5563,139.5722,36.8324,29.3028,35.0019,34.9499,5.0729,24.6083,0.135722,0.177522,2.5915,558.0389,20.5563,139.5722,36.8324,29.3028,35.0019,34.9499,5.0729,24.6083,0.135722,0.177522,2.5915,558.0389,20.5563,139.5722,36.8324,29.3028,35.0019,34.9499,5.0729,24.6083,0.135722,0.177522,0
1848.1548,2.5892,441.829,24.2032,137.7858,36.3765,28.759,34.3601,33.8628,5.2218,26.0812,0.137657,0.178893,2.5892,441.829,24.2032,137.7858,36.3765,28.759,34.3601,33.8628,5.2218,26.0812,0.137657,0.178893,2.5892,441.829,24.2032,137.7858,36.3765,28.759,34.3601,33.8628,5.2218,26.0812,0.137657,0.178893,0
1848.3072,2.5981,325.6191,27.85,135.9535,33.9909,28.2152,33.7184,34.8176,5.3707,27.5542,0.139029,0.180265,2.5981,325.6191,27.85,135.9535,33.9909,28.2152,33.7184,34.8176,5.3707,27.5542,0.139029,0.180265,2.5981,325.6191,27.85,135.9535,33.9909,28.2152,33.7184,34.8176,5.3707,27.5542,0.139029,0.180265,0
1848.4596,2.5929,209.4092,31.4969,130.0862,29.5181,27.6714,33.0766,33.6781,5.5196,29.0271,0.139564,0.181636,2.5929,209.4092,31.4969,130.0862,29.5181,27.6714,33.0766,33.6781,5.5196,29.0271,0.139564,0.181636,2.5929,209.4092,31.4969,130.0862,29.5181,27.6714,33.0766,33.6781,5.5196,29.0271,0.139564,0.181636,0
1848.612,2.5726,158.0283,43.8503,131.3076,26.9954,27.3951,31.7777,27.6293,5.9372,25.8678,0.142789,0.18713,2.5726,158.0283,43.8503,131.3076,26.9954,27.3951,31.7777,27.6293,5.9372,25.8678,0.142789,0.18713,2.5726,158.0283,43.8503,131.3076,26.9954,27.3951,31.7777,27.6293,5.9372,25.8678,0.142789,0.18713,0
1848.7644,2.5694,130.032,59.3445,133.718,25.8607,27.2154,30.2417,24.0301,6.4516,21.0377,0.14798,0.19411,2.5694,130.032,59.3445,133.718,25.8607,27.2154,30.2417,24.0301,6.4516,21.0377,0.14798,0.19411,2.5694,130.032,59.3445,133.718,25.8607,27.2154,30.2417,24.0301,6.4516,21.0377,0.14798,0.19411,0
1848.9168,2.5707,102.0358,74.8386,134.1538,28.4306,27.0357,28.7057,25.7449,6.9661,16.2075,0.158383,0.201089,2.5707,102.0358,74.8386,134.1538,28.4306,27.0357,28.7057,25.7449,6.9661,16.2075,0.158383,0.201089,2.5707,102.0358,74.8386,134.1538,28.4306,27.0357,28.7057,25.7449,6.9661,16.2075,0.158383,0.201089,0
1849.0692,2.5654,82.194,87.6348,143.0708,40.0676,26.7066,27.5992,29.6321,6.5534,14.7468,0.167154,0.206284,2.5654,82.194,87.6348,143.0708,40.0676,26.7066,27.5992,29.6321,6.5534,14.7468,0.167154,0.206284,2.5654,82.194,87.6348,143.0708,40.0676,26.7066,27.5992,29.6321,6.5534,14.7468,0.167154,0.206284,0
1849.2216,2.589,72.1563,97.1873,148.8771,44.0673,26.1977,27.0092,29.5742,5.0261,17.3375,0.169783,0.209332,2.589,72.1563,97.1873,148.8771,44.0673,26.1977,27.0092,29.5742,5.0261,17.3375,0.169783,0.209332,2.589,72.1563,97.1873,148.8771,44.0673,26.1977,27.0092,29.5742,5.0261,17.3375,0.169783,0.209332,0
1849.374,2.6043,62.1185,106.7398,154.7683,38.4829,25.6889,26.4193,25.4918,3.4987,19.9282,0.17185,0.21238,2.6043,62.1185,106.7398,154.7683,38.4829,25.6889,26.4193,25.4918,3.4987,19.9282,0.17185,0.21238,2.6043,62.1185,106.7398,154.7683,38.4829,25.6889,26.4193,25.4918,3.4987,19.9282,0.17185,0.21238,0
1849.5264,2.6027,58.7493,114.5627,159.6496,34.2082,25.0901,25.85,24.2156,2.131,21.7768,0.174239,0.21566,2.6027,58.7493,114.5627,159.6496,34.2082,25.0901,25.85,24.2156,2.131,21.7768,0.174239,0.21566,2.6027,58.7493,114.5627,159.6496,34.2082,25.0901,25.85,24.2156,2.131,21.7768,0.174239,0.21566,0
1849.6788,2.6028,87.207,114.1308,160.123,31.3514,24.0618,25.3792,25.7039,1.5251,20.0839,0.180166,0.220049,2.6028,87.207,114.1308,160.123,31.3514,24.0618,25.3792,25.7039,1.5251,20.0839,0.180166,0.220049,2.6028,87.207,114.1308,160.123,31.3514,24.0618,25.3792,25.7039,1.5251,20.0839,0.180166,0.220049,0
1849.8312,2.6027,115.6647,113.6989,159.7478,28.1844,23.0336,24.9085,24.3914,0.9191,18.391,0.185205,0.224439,2.6027,115.6647,113.6989,159.7478,28.1844,23.0336,24.9085,24.3914,0.9191,18.391,0.185205,0.224439,2.6027,115.6647,113.6989,159.7478,28.1844,23.0336,24.9085,24.3914,0.9191,18.391,0.185205,0.224439,0
1849.9836,2.5966,144.1224,113.2671,157.9379,27.6637,22.0054,24.4378,24.2578,0.3131,16.6981,0.18927,0.228828,2.5966,144.1224,113.2671,157.9379,27.6637,22.0054,24.4378,24.2578,0.3131,16.6981,0.18927,0.228828,2.5966,144.1224,113.2671,157.9379,27.6637,22.0054,24.4378,24.2578,0.3131,16.6981,0.18927,0.228828,0
1850.136,2.5944,124.4208,101.668,157.4324,29.6295,21.8194,25.1674,24.4579,0.9816,14.711,0.192048,0.231177,2.5944,124.4208,101.668,157.4324,29.6295,21.8194,25.1674,24.4579,0.9816,14.711,0.192048,0.231177,2.5944,124.4208,101.668,157.4324,29.6295,21.8194,25.1674,24.4579,0.9816,14.711,0.192048,0.231177,0
1850.2884,2.5976,98.9117,88.7222,161.8016,28.3989,21.735,26.0417,24.8917,1.8038,12.6884,0.19321,0.23328,2.5976,98.9117,88.7222,161.8016,28.3989,21.735,26.0417,24.8917,1.8038,12.6884,0.19321,0.23328,2.5976,98.9117,88.7222,161.8016,28.3989,21.735,26.0417,24.8917,1.8038,12.6884,0.19321,0.23328,0
1850.4408,2.5992,73.4026,75.7765,160.715,28.5064,21.6506,26.9161,28.2369,2.626,10.6659,0.194584,0.235383,2.5992,73.4026,75.7765,160.715,28.5064,21.6506,26.9161,28.2369,2.626,10.6659,0.194584,0.235383,2.5992,73.4026,75.7765,160.715,28.5064,21.6506,26.9161,28.2369,2.626,10.6659,0.194584,0.235383,0
1850.5932,2.6014,56.4794,63.115,163.9554,29.9936,21.0102,26.4304,28.532,3.4482,12.4485,0.195072,0.235734,2.6014,56.4794,63.115,163.9554,29.9936,21.0102,26.4304,28.532,3.4482,12.4485,0.195072,0.235734,2.6014,56.4794,63.115,163.9554,29.9936,21.0102,26.4304,28.532,3.4482,12.4485,0.195072,0.235734,0
1850.7456,2.6032,45.0099,50.634,163.4102,28.222,20.0165,25.0809,27.12,4.2705,16.6481,0.194235,0.234972,2.6032,45.0099,50.634,163.4102,28.222,20.0165,25.0809,27.12,4.2705,16.6481,0.194235,0.234972,2.6032,45.0099,50.634,163.4102,28.222,20.0165,25.0809,27.12,4.2705,16.6481,0.194235,0.234972,0
1850.898,2.6109,33.5404,38.1531,162.425,25.087,19.0229,23.7314,22.9454,5.0927,20.8478,0.192971,0.23421,2.6109,33.5404,38.1531,162.425,25.087,19.0229,23.7314,22.9454,5.0927,20.8478,0.192971,0.23421,2.6109,33.5404,38.1531,162.425,25.087,19.0229,23.7314,22.9454,5.0927,20.8478,0.192971,0.23421,0
1851.0504,2.6152,26.0318,30.2171,163.3534,24.1639,18.1655,22.595,20.6525,5.6467,26.3059,0.191671,0.23371,2.6152,26.0318,30.2171,163.3534,24.1639,18.1655,22.595,20.6525,5.6467,26.3059,0.191671,0.23371,2.6152,26.0318,30.2171,163.3534,24.1639,18.1655,22.595,20.6525,5.6467,26.3059,0.191671,0.23371,0
1851.2028,2.6273,26.5396,31.4791,155.514,23.5468,17.5837,21.8898,20.9967,5.6579,34.3109,0.191136,0.233741,2.6273,26.5396,31.4791,155.514,23.5468,17.5837,21.8898,20.9967,5.6579,34.3109,0.191136,0.233741,2.6273,26.5396,31.4791,155.514,23.5468,17.5837,21.8898,20.9967,5.6579,34.3109,0.191136,0.233741,0
1851.3552,2.6336,27.0474,32.7412,150.5325,22.9004,17.0018,21.1847,20.5749,5.6691,42.3158,0.191419,0.233771,2.6336,27.0474,32.7412,150.5325,22.9004,17.0018,21.1847,20.5749,5.6691,42.3158,0.191419,0.233771,2.6336,27.0474,32.7412,150.5325,22.9004,17.0018,21.1847,20.5749,5.6691,42.3158,0.191419,0.233771,0
1851.5076,2.634,29.0827,33.6824,149.1623,22.1093,16.3962,20.4626,20.795,5.7039,52.4384,0.192684,0.233911,2.634,29.0827,33.6824,149.1623,22.1093,16.3962,20.4626,20.795,5.7039,52.4384,0.192684,0.233911,2.634,29.0827,33.6824,149.1623,22.1093,16.3962,20.4626,20.795,5.7039,52.4384,0.192684,0.233911,0
1851.66,2.6319,60.2221,28.5109,149.4742,20.9151,15.338,19.4168,21.2234,6.1899,102.907,0.193746,0.236136,2.6319,60.2221,28.5109,149.4742,20.9151,15.338,19.4168,21.2234,6.1899,102.907,0.193746,0.236136,2.6319,60.2221,28.5109,149.4742,20.9151,15.338,19.4168,21.2234,6.1899,102.907,0.193746,0.236136,0
1851.8124,2.6364,91.3614,23.3393,152.1676,19.0548,14.2797,18.3711,19.1197,6.6759,153.3757,0.196169,0.238361,2.6364,91.3614,23.3393,152.1676,19.0548,14.2797,18.3711,19.1197,6.6759,153.3757,0.196169,0.238361,2.6364,91.3614,23.3393,152.1676,19.0548,14.2797,18.3711,19.1197,6.6759,153.3757,0.196169,0.238361,0
1851.9648,2.6404,122.5008,18.1678,155.5321,17.4237,13.2214,17.3253,16.5639,7.1619,203.8443,0.198739,0.240586,2.6404,122.5008,18.1678,155.5321,17.4237,13.2214,17.3253,16.5639,7.1619,203.8443,0.198739,0.240586,2.6404,122.5008,18.1678,155.5321,17.4237,13.2214,17.3253,16.5639,7.1619,203.8443,0.198739,0.240586,0
1852.1172,2.6404,227.5244,21.6347,162.6598,15.7708,12.1522,16.4801,15.932,7.8176,484.439,0.202306,0.243913,2.6404,227.5244,21.6347,162.6598,15.7708,12.1522,16.4801,15.932,7.8176,484.439,0.202306,0.243913,2.6404,227.5244,21.6347,162.6598,15.7708,12.1522,16.4801,15.932,7.8176,484.439,0.202306,0.243913,0
1852.2696,2.6462,354.7385,27.6961,165.9996,13.7601,11.0797,15.6951,15.8333,8.5242,834.1501,0.206324,0.24757,2.6462,354.7385,27.6961,165.9996,13.7601,11.0797,15.6951,15.8333,8.5242,834.1501,0.206324,0.24757,2.6462,354.7385,27.6961,165.9996,13.7601,11.0797,15.6951,15.8333,8.5242,834.1501,0.206324,0.24757,0
1852.422,2.653,481.9525,33.7575,167.3409,12.2356,10.0071,14.9102,15.461,9.2309,1183.8612,0.210443,0.251228,2.653,481.9525,33.7575,167.3409,12.2356,10.0071,14.9102,15.461,9.2309,1183.8612,0.210443,0.251228,2.653,481.9525,33.7575,167.3409,12.2356,10.0071,14.9102,15.461,9.2309,1183.8612,0.210443,0.251228,0
1852.5744,2.6581,489.7202,64.845,178.0776,10.5871,9.2007,14.2162,14.1425,10.0862,1204.7394,0.218569,0.257162,2.6581,489.7202,64.845,178.0776,10.5871,9.2007,14.2162,14.1425,10.0862,1204.7394,0.218569,0.257162,2.6581,489.7202,64.845,178.0776,10.5871,9.2007,14.2162,14.1425,10.0862,1204.7394,0.218569,0.257162,0
1852.7268,2.6583,372.2618,122.1695,184.5195,9.279,8.6732,13.6177,13.2015,11.0972,880.8735,0.226765,0.265483,2.6583,372.2618,122.1695,184.5195,9.279,8.6732,13.6177,13.2015,11.0972,880.8735,0.226765,0.265483,2.6583,372.2618,122.1695,184.5195,9.279,8.6732,13.6177,13.2015,11.0972,880.8735,0.226765,0.265483,0
1852.8792,2.6589,254.8035,179.494,191.5959,8.089,8.1457,13.0192,12.4771,12.1082,557.0077,0.236635,0.273804,2.6589,254.8035,179.494,191.5959,8.089,8.1457,13.0192,12.4771,12.1082,557.0077,0.236635,0.273804,2.6589,254.8035,179.494,191.5959,8.089,8.1457,13.0192,12.4771,12.1082,557.0077,0.236635,0.273804,0
1853.0316,2.6606,154.1651,214.9203,188.6729,7.3982,7.7251,12.3851,12.0476,13.1592,283.7751,0.24316,0.283389,2.6606,154.1651,214.9203,188.6729,7.3982,7.7251,12.3851,12.0476,13.1592,283.7751,0.24316,0.283389,2.6606,154.1651,214.9203,188.6729,7.3982,7.7251,12.3851,12.0476,13.1592,283.7751,0.24316,0.283389,0
1853.184,2.6647,117.826,166.6349,190.512,6.6898,7.7131,11.615,10.6459,14.3631,204.103,0.248646,0.297806,2.6647,117.826,166.6349,190.512,6.6898,7.7131,11.615,10.6459,14.3631,204.103,0.248646,0.297806,2.6647,117.826,166.6349,190.512,6.6898,7.7131,11.615,10.6459,14.3631,204.103,0.248646,0.297806,0
1853.3364,2.6657,81.4868,118.3494,188.7488,5.9731,7.701,10.845,9.3674,15.567,124.4308,0.262417,0.312223,2.6657,81.4868,118.3494,188.7488,5.9731,7.701,10.845,9.3674,15.567,124.4308,0.262417,0.312223,2.6657,81.4868,118.3494,188.7488,5.9731,7.701,10.845,9.3674,15.567,124.4308,0.262417,0.312223,0
1853.4888,2.6904,45.1477,70.0639,186.168,5.3861,7.689,10.0749,8.3576,16.7709,44.7586,0.288863,0.32664,2.6904,45.1477,70.0639,186.168,5.3861,7.689,10.0749,8.3576,16.7709,44.7586,0.288863,0.32664,2.6904,45.1477,70.0639,186.168,5.3861,7.689,10.0749,8.3576,16.7709,44.7586,0.288863,0.32664,0
1853.6412,2.723,42.3355,53.0555,192.6966,5.0135,18.7817,17.4159,7.6783,18.3372,48.6226,0.314678,0.352015,2.723,42.3355,53.0555,192.6966,5.0135,18.7817,17.4159,7.6783,18.3372,48.6226,0.314678,0.352015,2.723,42.3355,53.0555,192.6966,5.0135,18.7817,17.4159,7.6783,18.3372,48.6226,0.314678,0.352015,0
1853.7936,2.6407,42.1826,38.528,195.3694,4.521,30.7552,25.4002,6.966,19.9323,59.1127,0.346754,0.378258,2.6407,42.1826,38.528,195.3694,4.521,30.7552,25.4002,6.966,19.9323,59.1127,0.346754,0.378258,2.6407,42.1826,38.528,195.3694,4.521,30.7552,25.4002,6.966,19.9323,59.1127,0.346754,0.378258,0
1853.946,2.5086,42.0298,24.0005,188.2575,13.9619,42.7287,33.3845,33.6234,21.5273,69.6028,0.367061,0.404501,2.5086,42.0298,24.0005,188.2575,13.9619,42.7287,33.3845,33.6234,21.5273,69.6028,0.367061,0.404501,2.5086,42.0298,24.0005,188.2575,13.9619,42.7287,33.3845,33.6234,21.5273,69.6028,0.367061,0.404501,0
1854.0984,2.0847,38.0408,21.0747,168.4788,126.8936,44.0771,33.5213,50.6956,23.3228,78.3889,0.393861,0.416221,2.0847,38.0408,21.0747,168.4788,126.8936,44.0771,33.5213,50.6956,23.3228,78.3889,0.393861,0.416221,2.0847,38.0408,21.0747,168.4788,126.8936,44.0771,33.5213,50.6956,23.3228,78.3889,0.393861,0.416221,0
1854.2508,1.8667,31.9467,24.5156,166.1696,112.5836,39.5946,29.3516,40.3071,25.2284,86.2397,0.412257,0.41997,1.8667,31.9467,24.5156,166.1696,112.5836,39.5946,29.3516,40.3071,25.2284,86.2397,0.412257,0.41997,1.8667,31.9467,24.5156,166.1696,112.5836,39.5946,29.3516,40.3071,25.2284,86.2397,0.412257,0.41997,0
1854.4032,2.091,25.8526,27.9564,179.6185,42.0899,35.1121,25.1819,23.3832,27.1339,94.0906,0.395082,0.423719,2.091,25.8526,27.9564,179.6185,42.0899,35.1121,25.1819,23.3832,27.1339,94.0906,0.395082,0.423719,2.091,25.8526,27.9564,179.6185,42.0899,35.1121,25.1819,23.3832,27.1339,94.0906,0.395082,0.423719,0
1854.5556,2.2663,21.9246,29.9246,183.0192,23.5609,29.4723,21.0737,13.6997,27.5003,90.9792,0.369568,0.415781,2.2663,21.9246,29.9246,183.0192,23.5609,29.4723,21.0737,13.6997,27.5003,90.9792,0.369568,0.415781,2.2663,21.9246,29.9246,183.0192,23.5609,29.4723,21.0737,13.6997,27.5003,90.9792,0.369568,0.415781,0
1854.708,2.3437,21.7679,29.3288,179.7815,14.2266,21.8177,17.0727,8.6737,25.1872,68.7827,0.338894,0.387495,2.3437,21.7679,29.3288,179.7815,14.2266,21.8177,17.0727,8.6737,25.1872,68.7827,0.338894,0.387495,2.3437,21.7679,29.3288,179.7815,14.2266,21.8177,17.0727,8.6737,25.1872,68.7827,0.338894,0.387495,0
1854.8604,2.4154,21.6112,28.7331,177.2274,8.4065,14.163,13.0717,6.4771,22.8741,46.5861,0.31267,0.35921,2.4154,21.6112,28.7331,177.2274,8.4065,14.163,13.0717,6.4771,22.8741,46.5861,0.31267,0.35921,2.4154,21.6112,28.7331,177.2274,8.4065,14.163,13.0717,6.4771,22.8741,46.5861,0.31267,0.35921,0
1855.0128,2.4846,21.4892,27.7916,185.572,6.3098,7.3293,9.6192,6.9331,20.4563,26.3947,0.288262,0.331144,2.4846,21.4892,27.7916,185.572,6.3098,7.3293,9.6192,6.9331,20.4563,26.3947,0.288262,0.331144,2.4846,21.4892,27.7916,185.572,6.3098,7.3293,9.6192,6.9331,20.4563,26.3947,0.288262,0.331144,0
1855.1652,2.5092,21.7463,23.0806,188.1899,4.9682,9.4504,12.1497,7.2408,16.8966,28.0723,0.272513,0.30548,2.5092,21.7463,23.0806,188.1899,4.9682,9.4504,12.1497,7.2408,16.8966,28.0723,0.272513,0.30548,2.5092,21.7463,23.0806,188.1899,4.9682,9.4504,12.1497,7.2408,16.8966,28.0723,0.272513,0.30548,0
1855.3176,2.4977,22.0033,18.3695,170.3473,8.3132,11.5714,14.6802,14.0275,13.3369,29.7498,0.2528,0.279816,2.4977,22.0033,18.3695,170.3473,8.3132,11.5714,14.6802,14.0275,13.3369,29.7498,0.2528,0.279816,2.4977,22.0033,18.3695,170.3473,8.3132,11.5714,14.6802,14.0275,13.3369,29.7498,0.2528,0.279816,0
1855.47,2.5095,22.2604,13.6585,148.9734,15.4931,13.6924,17.2107,17.716,9.7771,31.4274,0.208011,0.254152,2.5095,22.2604,13.6585,148.9734,15.4931,13.6924,17.2107,17.716,9.7771,31.4274,0.208011,0.254152,2.5095,22.2604,13.6585,148.9734,15.4931,13.6924,17.2107,17.716,9.7771,31.4274,0.208011,0.254152,0
1855.6224,2.4848,22.9829,12.5754,132.5324,21.4885,14.8919,17.8475,17.6496,8.1016,47.7222,0.178361,0.23566,2.4848,22.9829,12.5754,132.5324,21.4885,14.8919,17.8475,17.6496,8.1016,47.7222,0.178361,0.23566,2.4848,22.9829,12.5754,132.5324,21.4885,14.8919,17.8475,17.6496,8.1016,47.7222,0.178361,0.23566,0
1855.7748,2.4568,23.8194,12.3816,112.4144,20.4369,15.8655,18.0201,16.7234,6.8878,67.5996,0.165028,0.218927,2.4568,23.8194,12.3816,112.4144,20.4369,15.8655,18.0201,16.7234,6.8878,67.5996,0.165028,0.218927,2.4568,23.8194,12.3816,112.4144,20.4369,15.8655,18.0201,16.7234,6.8878,67.5996,0.165028,0.218927,0
1855.9272,2.4648,24.656,12.1877,102.6843,17.2037,16.8392,18.1927,15.9834,5.674,87.477,0.154569,0.202193,2.4648,24.656,12.1877,102.6843,17.2037,16.8392,18.1927,15.9834,5.674,87.477,0.154569,0.202193,2.4648,24.656,12.1877,102.6843,17.2037,16.8392,18.1927,15.9834,5.674,87.477,0.154569,0.202193,0
1856.0796,2.4928,24.3262,11.7234,100.9423,17.6088,18.1591,19.1942,18.6783,4.8874,154.6213,0.148266,0.194089,2.4928,24.3262,11.7234,100.9423,17.6088,18.1591,19.1942,18.6783,4.8874,154.6213,0.148266,0.194089,2.4928,24.3262,11.7234,100.9423,17.6088,18.1591,19.1942,18.6783,4.8874,154.6213,0.148266,0.194089,0
1856.232,2.5091,22.9296,11.0118,99.636,18.502,19.7957,20.9538,20.9295,4.4916,264.9944,0.147174,0.193875,2.5091,22.9296,11.0118,99.636,18.502,19.7957,20.9538,20.9295,4.4916,264.9944,0.147174,0.193875,2.5091,22.9296,11.0118,99.636,18.502,19.7957,20.9538,20.9295,4.4916,264.9944,0.147174,0.193875,0
1856.3844,2.5086,21.533,10.3003,114.1639,20.2626,21.4323,22.7133,22.9108,4.0958,375.3676,0.150179,0.193662,2.5086,21.533,10.3003,114.1639,20.2626,21.4323,22.7133,22.9108,4.0958,375.3676,0.150179,0.193662,2.5086,21.533,10.3003,114.1639,20.2626,21.4323,22.7133,22.9108,4.0958,375.3676,0.150179,0.193662,0
1856.5368,2.509,20.654,9.9932,128.1741,22.781,22.6093,24.0063,25.0402,3.8582,439.1407,0.152976,0.193272,2.509,20.654,9.9932,128.1741,22.781,22.6093,24.0063,25.0402,3.8582,439.1407,0.152976,0.193272,2.509,20.654,9.9932,128.1741,22.781,22.6093,24.0063,25.0402,3.8582,439.1407,0.152976,0.193272,0
1856.6892,2.523,21.4008,10.9571,134.2373,25.3379,22.3428,23.8337,25.7068,4.1179,356.5294,0.155039,0.192327,2.523,21.4008,10.9571,134.2373,25.3379,22.3428,23.8337,25.7068,4.1179,356.5294,0.155039,0.192327,2.523,21.4008,10.9571,134.2373,25.3379,22.3428,23.8337,25.7068,4.1179,356.5294,0.155039,0.192327,0
1856.8416,2.5425,22.1475,11.921,132.5883,26.3169,22.0763,23.661,23.824,4.3775,273.918,0.155672,0.191382,2.5425,22.1475,11.921,132.5883,26.3169,22.0763,23.661,23.824,4.3775,273.918,0.155672,0.191382,2.5425,22.1475,11.921,132.5883,26.3169,22.0763,23.661,23.824,4.3775,273.918,0.155672,0.191382,0
1856.994,2.5739,22.8943,12.8849,119.15,26.0131,21.8098,23.4884,22.6853,4.6372,191.3066,0.146033,0.190437,2.5739,22.8943,12.8849,119.15,26.0131,21.8098,23.4884,22.6853,4.6372,191.3066,0.146033,0.190437,2.5739,22.8943,12.8849,119.15,26.0131,21.8098,23.4884,22.6853,4.6372,191.3066,0.146033,0.190437,0
1857.1464,2.5665,23.0607,20.1977,104.3047,22.9492,19.7634,21.9586,21.106,4.8551,145.558,0.133138,0.178717,2.5665,23.0607,20.1977,104.3047,22.9492,19.7634,21.9586,21.106,4.8551,145.558,0.133138,0.178717,2.5665,23.0607,20.1977,104.3047,22.9492,19.7634,21.9586,21.106,4.8551,145.558,0.133138,0.178717,0
1857.2988,2.5268,23.2033,27.7708,92.9567,18.9379,17.6441,20.3732,19.1534,5.0713,101.3201,0.117866,0.166556,2.5268,23.2033,27.7708,92.9567,18.9379,17.6441,20.3732,19.1534,5.0713,101.3201,0.117866,0.166556,2.5268,23.2033,27.7708,92.9567,18.9379,17.6441,20.3732,19.1534,5.0713,101.3201,0.117866,0.166556,0
1857.4512,2.5061,23.3459,35.3439,86.5651,17.4585,15.5247,18.7878,18.2462,5.2876,57.0822,0.108666,0.154394,2.5061,23.3459,35.3439,86.5651,17.4585,15.5247,18.7878,18.2462,5.2876,57.0822,0.108666,0.154394,2.5061,23.3459,35.3439,86.5651,17.4585,15.5247,18.7878,18.2462,5.2876,57.0822,0.108666,0.154394,0
1857.6036,2.4867,21.425,38.7921,78.9029,14.9402,14.4122,17.8064,16.2893,5.4222,40.0631,0.103939,0.149609,2.4867,21.425,38.7921,78.9029,14.9402,14.4122,17.8064,16.2893,5.4222,40.0631,0.103939,0.149609,2.4867,21.425,38.7921,78.9029,14.9402,14.4122,17.8064,16.2893,5.4222,40.0631,0.103939,0.149609,0
1857.756,2.4666,18.5322,40.2972,75.7652,12.9604,13.7739,17.1095,14.7871,5.5184,35.8653,0.101945,0.148298,2.4666,18.5322,40.2972,75.7652,12.9604,13.7739,17.1095,14.7871,5.5184,35.8653,0.101945,0.148298,2.4666,18.5322,40.2972,75.7652,12.9604,13.7739,17.1095,14.7871,5.5184,35.8653,0.101945,0.148298,0
1857.9084,2.4567,15.6393,41.8023,66.265,11.847,13.1356,16.4127,14.1611,5.6146,31.6674,0.103139,0.146988,2.4567,15.6393,41.8023,66.265,11.847,13.1356,16.4127,14.1611,5.6146,31.6674,0.103139,0.146988,2.4567,15.6393,41.8023,66.265,11.847,13.1356,16.4127,14.1611,5.6146,31.6674,0.103139,0.146988,0
1858.0608,2.4635,100.197,47.9733,66.1841,12.4422,13.012,16.1853,15.1174,5.6383,28.2863,0.104602,0.147294,2.4635,100.197,47.9733,66.1841,12.4422,13.012,16.1853,15.1174,5.6383,28.2863,0.104602,0.147294,2.4635,100.197,47.9733,66.1841,12.4422,13.012,16.1853,15.1174,5.6383,28.2863,0.104602,0.147294,0
1858.2132,2.4719,316.506,61.174,80.8369,14.1893,13.6636,16.6653,17.6912,5.553,26.1356,0.107487,0.150038,2.4719,316.506,61.174,80.8369,14.1893,13.6636,16.6653,17.6912,5.553,26.1356,0.107487,0.150038,2.4719,316.506,61.174,80.8369,14.1893,13.6636,16.6653,17.6912,5.553,26.1356,0.107487,0.150038,0
1858.3656,2.4814,532.815,74.3747,85.7037,15.0539,14.3153,17.1454,18.4615,5.4676,23.985,0.110048,0.152781,2.4814,532.815,74.3747,85.7037,15.0539,14.3153,17.1454,18.4615,5.4676,23.985,0.110048,0.152781,2.4814,532.815,74.3747,85.7037,15.0539,14.3153,17.1454,18.4615,5.4676,23.985,0.110048,0.152781,0
1858.518,2.4946,705.9686,85.9324,91.7704,15.3802,14.9413,17.564,17.2893,5.3917,22.1493,0.113506,0.155855,2.4946,705.9686,85.9324,91.7704,15.3802,14.9413,17.564,17.2893,5.3917,22.1493,0.113506,0.155855,2.4946,705.9686,85.9324,91.7704,15.3802,14.9413,17.564,17.2893,5.3917,22.1493,0.113506,0.155855,0
1858.6704,2.5085,556.8955,85.2223,97.2668,15.9149,15.376,17.5241,16.4764,5.387,22.6656,0.119437,0.161403,2.5085,556.8955,85.2223,97.2668,15.9149,15.376,17.5241,16.4764,5.387,22.6656,0.119437,0.161403,2.5085,556.8955,85.2223,97.2668,15.9149,15.376,17.5241,16.4764,5.387,22.6656,0.119437,0.161403,0
1858.8228,2.523,407.8224,84.5122,108.6888,16.3323,15.8107,17.4841,16.6261,5.3822,23.1819,0.124196,0.16695,2.523,407.8224,84.5122,108.6888,16.3323,15.8107,17.4841,16.6261,5.3822,23.1819,0.124196,0.16695,2.523,407.8224,84.5122,108.6888,16.3323,15.8107,17.4841,16.6261,5.3822,23.1819,0.124196,0.16695,0
1858.9752,2.5467,258.7493,83.8022,121.8989,17.4214,16.2454,17.4442,18.2092,5.3775,23.6983,0.132452,0.172497,2.5467,258.7493,83.8022,121.8989,17.4214,16.2454,17.4442,18.2092,5.3775,23.6983,0.132452,0.172497,2.5467,258.7493,83.8022,121.8989,17.4214,16.2454,17.4442,18.2092,5.3775,23.6983,0.132452,0.172497,0
1859.1276,2.5633,210.353,75.6166,134.4518,18.818,15.7279,16.6515,18.9981,5.8528,24.1654,0.141375,0.186262,2.5633,210.353,75.6166,134.4518,18.818,15.7279,16.6515,18.9981,5.8528,24.1654,0.141375,0.186262,2.5633,210.353,75.6166,134.4518,18.818,15.7279,16.6515,18.9981,5.8528,24.1654,0.141375,0.186262,0
1859.28,2.6071,181.5239,65.9782,146.7105,18.1446,15.0253,15.7126,16.3462,6.4215,24.623,0.159826,0.201624,2.6071,181.5239,65.9782,146.7105,18.1446,15.0253,15.7126,16.3462,6.4215,24.623,0.159826,0.201624,2.6071,181.5239,65.9782,146.7105,18.1446,15.0253,15.7126,16.3462,6.4215,24.623,0.159826,0.201624,0
1859.4324,2.6277,152.6948,56.3398,153.9446,16.658,14.3227,14.7736,14.3191,6.9902,25.0806,0.177502,0.216986,2.6277,152.6948,56.3398,153.9446,16.658,14.3227,14.7736,14.3191,6.9902,25.0806,0.177502,0.216986,2.6277,152.6948,56.3398,153.9446,16.658,14.3227,14.7736,14.3191,6.9902,25.0806,0.177502,0.216986,0
1859.5848,2.6314,185.3145,53.7988,163.6339,14.1272,13.4093,13.7031,12.5468,7.5259,26.2641,0.195256,0.228939,2.6314,185.3145,53.7988,163.6339,14.1272,13.4093,13.7031,12.5468,7.5259,26.2641,0.195256,0.228939,2.6314,185.3145,53.7988,163.6339,14.1272,13.4093,13.7031,12.5468,7.5259,26.2641,0.195256,0.228939,0
1859.7372,2.6313,266.9193,56.9156,171.3863,12.4296,12.3277,12.5279,10.9293,8.0353,28.0263,0.205434,0.238174,2.6313,266.9193,56.9156,171.3863,12.4296,12.3277,12.5279,10.9293,8.0353,28.0263,0.205434,0.238174,2.6313,266.9193,56.9156,171.3863,12.4296,12.3277,12.5279,10.9293,8.0353,28.0263,0.205434,0.238174,0
1859.8896,2.6378,348.5241,60.0324,179.5939,11.0286,11.2462,11.3526,9.3312,8.5447,29.7885,0.211756,0.24741,2.6378,348.5241,60.0324,179.5939,11.0286,11.2462,11.3526,9.3312,8.5447,29.7885,0.211756,0.24741,2.6378,348.5241,60.0324,179.5939,11.0286,11.2462,11.3526,9.3312,8.5447,29.7885,0.211756,0.24741,0
1860.042,2.6405,395.4011,63.0958,185.2631,10.0944,10.5488,10.6298,8.2658,9.0619,30.2405,0.215484,0.253831,2.6405,395.4011,63.0958,185.2631,10.0944,10.5488,10.6298,8.2658,9.0619,30.2405,0.215484,0.253831,2.6405,395.4011,63.0958,185.2631,10.0944,10.5488,10.6298,8.2658,9.0619,30.2405,0.215484,0.253831,0
1860.1944,2.6471,350.9936,66.0185,176.9144,10.1915,10.861,11.0964,9.2448,9.5997,27.2487,0.216802,0.252856,2.6471,350.9936,66.0185,176.9144,10.1915,10.861,11.0964,9.2448,9.5997,27.2487,0.216802,0.252856,2.6471,350.9936,66.0185,176.9144,10.1915,10.861,11.0964,9.2448,9.5997,27.2487,0.216802,0.252856,0
1860.3468,2.647,306.5861,68.9412,171.4105,10.8675,11.1733,11.563,10.6427,10.1374,24.257,0.21484,0.25188,2.647,306.5861,68.9412,171.4105,10.8675,11.1733,11.563,10.6427,10.1374,24.257,0.21484,0.25188,2.647,306.5861,68.9412,171.4105,10.8675,11.1733,11.563,10.6427,10.1374,24.257,0.21484,0.25188,0
1860.4992,2.6339,262.1786,71.8639,168.5772,12.3603,11.4856,12.0297,12.49,10.6752,21.2652,0.208844,0.250905,2.6339,262.1786,71.8639,168.5772,12.3603,11.4856,12.0297,12.49,10.6752,21.2652,0.208844,0.250905,2.6339,262.1786,71.8639,168.5772,12.3603,11.4856,12.0297,12.49,10.6752,21.2652,0.208844,0.250905,0
1860.6516,2.6264,202.6501,68.3254,169.8971,13.1826,11.6427,12.0005,12.8937,10.4245,21.9367,0.204669,0.24902,2.6264,202.6501,68.3254,169.8971,13.1826,11.6427,12.0005,12.8937,10.4245,21.9367,0.204669,0.24902,2.6264,202.6501,68.3254,169.8971,13.1826,11.6427,12.0005,12.8937,10.4245,21.9367,0.204669,0.24902,0
1860.804,2.6227,143.0417,64.7529,172.9548,12.7498,11.7991,11.9687,12.2111,10.1697,22.6275,0.203098,0.24713,2.6227,143.0417,64.7529,172.9548,12.7498,11.7991,11.9687,12.2111,10.1697,22.6275,0.203098,0.24713,2.6227,143.0417,64.7529,172.9548,12.7498,11.7991,11.9687,12.2111,10.1697,22.6275,0.203098,0.24713,0
1860.9564,2.6143,83.4334,61.1804,171.6906,12.5832,11.9555,11.9369,11.7485,9.9148,23.3183,0.203019,0.245241,2.6143,83.4334,61.1804,171.6906,12.5832,11.9555,11.9369,11.7485,9.9148,23.3183,0.203019,0.245241,2.6143,83.4334,61.1804,171.6906,12.5832,11.9555,11.9369,11.7485,9.9148,23.3183,0.203019,0.245241,0
1861.1088,2.6163,62.1439,54.0183,168.506,12.674,12.0642,12.0126,11.5567,9.8346,22.8293,0.204986,0.246571,2.6163,62.1439,54.0183,168.506,12.674,12.0642,12.0126,11.5567,9.8346,22.8293,0.204986,0.246571,2.6163,62.1439,54.0183,168.506,12.674,12.0642,12.0126,11.5567,9.8346,22.8293,0.204986,0.246571,0
1861.2612,2.6145,56.2102,45.4178,165.6614,12.3056,12.1538,12.1313,11.6932,9.8243,21.8675,0.206765,0.249193,2.6145,56.2102,45.4178,165.6614,12.3056,12.1538,12.1313,11.6932,9.8243,21.8675,0.206765,0.249193,2.6145,56.2102,45.4178,165.6614,12.3056,12.1538,12.1313,11.6932,9.8243,21.8675,0.206765,0.249193,0
1861.4136,2.5958,50.2765,36.8174,169.0549,13.3724,12.2434,12.2501,12.6888,9.8141,20.9057,0.210453,0.251814,2.5958,50.2765,36.8174,169.0549,13.3724,12.2434,12.2501,12.6888,9.8141,20.9057,0.210453,0.251814,2.5958,50.2765,36.8174,169.0549,13.3724,12.2434,12.2501,12.6888,9.8141,20.9057,0.210453,0.251814,0
1861.566,2.5952,48.2467,33.5664,173.5546,13.748,11.9721,12.0081,12.701,9.7174,19.52,0.214213,0.255518,2.5952,48.2467,33.5664,173.5546,13.748,11.9721,12.0081,12.701,9.7174,19.52,0.214213,0.255518,2.5952,48.2467,33.5664,173.5546,13.748,11.9721,12.0081,12.701,9.7174,19.52,0.214213,0.255518,0
1861.7184,2.6277,51.3274,37.3184,166.6855,13.1583,11.2282,11.2938,11.7494,9.5074,17.5795,0.21868,0.260638,2.6277,51.3274,37.3184,166.6855,13.1583,11.2282,11.2938,11.7494,9.5074,17.5795,0.21868,0.260638,2.6277,51.3274,37.3184,166.6855,13.1583,11.2282,11.2938,11.7494,9.5074,17.5795,0.21868,0.260638,0
1861.8708,2.6359,54.4081,41.0704,164.8991,11.6961,10.4843,10.5795,10.5093,9.2975,15.6389,0.225957,0.265759,2.6359,54.4081,41.0704,164.8991,11.6961,10.4843,10.5795,10.5093,9.2975,15.6389,0.225957,0.265759,2.6359,54.4081,41.0704,164.8991,11.6961,10.4843,10.5795,10.5093,9.2975,15.6389,0.225957,0.265759,0
1862.0232,2.6288,60.336,45.9611,169.9839,10.6163,9.7713,9.899,9.6136,9.3502,15.5756,0.232061,0.270828,2.6288,60.336,45.9611,169.9839,10.6163,9.7713,9.899,9.6136,9.3502,15.5756,0.232061,0.270828,2.6288,60.336,45.9611,169.9839,10.6163,9.7713,9.899,9.6136,9.3502,15.5756,0.232061,0.270828,0
1862.1756,2.628,82.1201,57.1924,176.6431,9.0615,9.23,9.4072,8.416,10.8658,25.9662,0.237244,0.275614,2.628,82.1201,57.1924,176.6431,9.0615,9.23,9.4072,8.416,10.8658,25.9662,0.237244,0.275614,2.628,82.1201,57.1924,176.6431,9.0615,9.23,9.4072,8.416,10.8658,25.9662,0.237244,0.275614,0
1862.328,2.6378,103.9042,68.4237,181.2793,8.0205,8.6887,8.9153,7.6818,12.3813,36.3568,0.241624,0.280399,2.6378,103.9042,68.4237,181.2793,8.0205,8.6887,8.9153,7.6818,12.3813,36.3568,0.241624,0.280399,2.6378,103.9042,68.4237,181.2793,8.0205,8.6887,8.9153,7.6818,12.3813,36.3568,0.241624,0.280399,0
1862.4804,2.6597,125.6883,79.655,178.4135,8.0113,8.1474,8.4235,8.0039,13.8969,46.7475,0.244913,0.285185,2.6597,125.6883,79.655,178.4135,8.0113,8.1474,8.4235,8.0039,13.8969,46.7475,0.244913,0.285185,2.6597,125.6883,79.655,178.4135,8.0113,8.1474,8.4235,8.0039,13.8969,46.7475,0.244913,0.285185,0
1862.6328,2.6779,104.4212,73.278,174.0755,8.4901,7.9439,8.3637,8.5885,14.4138,57.7641,0.246446,0.288456,2.6779,104.4212,73.278,174.0755,8.4901,7.9439,8.3637,8.5885,14.4138,57.7641,0.246446,0.288456,2.6779,104.4212,73.278,174.0755,8.4901,7.9439,8.3637,8.5885,14.4138,57.7641,0.246446,0.288456,0
1862.7852,2.6594,76.8003,64.3023,186.5087,7.6601,7.7901,8.3677,8.5643,14.7834,68.8731,0.250527,0.291504,2.6594,76.8003,64.3023,186.5087,7.6601,7.7901,8.3677,8.5643,14.7834,68.8731,0.250527,0.291504,2.6594,76.8003,64.3023,186.5087,7.6601,7.7901,8.3677,8.5643,14.7834,68.8731,0.250527,0.291504,0
1862.9376,2.6378,49.1793,55.3266,190.6152,6.9047,7.6364,8.3717,8.4455,15.1529,79.982,0.253976,0.294552,2.6378,49.1793,55.3266,190.6152,6.9047,7.6364,8.3717,8.4455,15.1529,79.982,0.253976,0.294552,2.6378,49.1793,55.3266,190.6152,6.9047,7.6364,8.3717,8.4455,15.1529,79.982,0.253976,0.294552,0
1863.09,2.6503,38.2127,49.66,188.8755,6.5017,8.0631,8.5577,8.2855,15.2373,92.2216,0.259675,0.301488,2.6503,38.2127,49.66,188.8755,6.5017,8.0631,8.5577,8.2855,15.2373,92.2216,0.259675,0.301488,2.6503,38.2127,49.66,188.8755,6.5017,8.0631,8.5577,8.2855,15.2373,92.2216,0.259675,0.301488,0
1863.2424,2.6423,38.7932,46.2878,193.9312,6.1675,8.8921,8.87,7.8826,15.124,105.245,0.266072,0.31112,2.6423,38.7932,46.2878,193.9312,6.1675,8.8921,8.87,7.8826,15.124,105.245,0.266072,0.31112,2.6423,38.7932,46.2878,193.9312,6.1675,8.8921,8.87,7.8826,15.124,105.245,0.266072,0.31112,0
1863.3948,2.6115,39.3737,42.9155,202.0609,5.7475,9.7211,9.1822,7.3314,15.0108,118.2684,0.279708,0.320751,2.6115,39.3737,42.9155,202.0609,5.7475,9.7211,9.1822,7.3314,15.0108,118.2684,0.279708,0.320751,2.6115,39.3737,42.9155,202.0609,5.7475,9.7211,9.1822,7.3314,15.0108,118.2684,0.279708,0.320751,0
1863.5472,2.5892,41.4939,40.0463,206.7808,5.5463,12.1055,10.2102,7.6621,14.2249,155.7544,0.294209,0.327929,2.5892,41.4939,40.0463,206.7808,5.5463,12.1055,10.2102,7.6621,14.2249,155.7544,0.294209,0.327929,2.5892,41.4939,40.0463,206.7808,5.5463,12.1055,10.2102,7.6621,14.2249,155.7544,0.294209,0.327929,0
1863.6996,2.4417,47.0457,38.2983,207.1375,7.3571,17.9569,12.8331,10.7201,11.9398,247.7631,0.305333,0.329636,2.4417,47.0457,38.2983,207.1375,7.3571,17.9569,12.8331,10.7201,11.9398,247.7631,0.305333,0.329636,2.4417,47.0457,38.2983,207.1375,7.3571,17.9569,12.8331,10.7201,11.9398,247.7631,0.305333,0.329636,0
1863.852,2.1978,52.5975,36.5503,201.5071,33.357,23.8083,15.4561,23.1515,9.6548,339.7718,0.307059,0.331342,2.1978,52.5975,36.5503,201.5071,33.357,23.8083,15.4561,23.1515,9.6548,339.7718,0.307059,0.331342,2.1978,52.5975,36.5503,201.5071,33.357,23.8083,15.4561,23.1515,9.6548,339.7718,0.307059,0.331342,0
1864.0044,2.3225,58.5107,34.7742,179.965,43.741,29.3316,17.9387,18.1395,7.413,426.1588,0.287276,0.332143,2.3225,58.5107,34.7742,179.965,43.741,29.3316,17.9387,18.1395,7.413,426.1588,0.287276,0.332143,2.3225,58.5107,34.7742,179.965,43.741,29.3316,17.9387,18.1395,7.413,426.1588,0.287276,0.332143,0
1864.1568,2.5375,76.5761,32.0521,169.4963,29.7858,23.8203,15.7013,10.3042,6.6268,323.45,0.255717,0.302455,2.5375,76.5761,32.0521,169.4963,29.7858,23.8203,15.7013,10.3042,6.6268,323.45,0.255717,0.302455,2.5375,76.5761,32.0521,169.4963,29.7858,23.8203,15.7013,10.3042,6.6268,323.45,0.255717,0.302455,0
1864.3092,2.622,94.6416,29.3301,163.7057,18.794,18.3091,13.4639,9.8513,5.8405,220.7412,0.21663,0.272768,2.622,94.6416,29.3301,163.7057,18.794,18.3091,13.4639,9.8513,5.8405,220.7412,0.21663,0.272768,2.622,94.6416,29.3301,163.7057,18.794,18.3091,13.4639,9.8513,5.8405,220.7412,0.21663,0.272768,0
1864.4616,2.6371,112.7071,26.608,162.1072,13.4574,12.7979,11.2265,9.5436,5.0543,118.0324,0.193993,0.24308,2.6371,112.7071,26.608,162.1072,13.4574,12.7979,11.2265,9.5436,5.0543,118.0324,0.193993,0.24308,2.6371,112.7071,26.608,162.1072,13.4574,12.7979,11.2265,9.5436,5.0543,118.0324,0.193993,0.24308,0
1864.614,2.6385,103.0798,24.9159,164.5625,12.3359,11.1324,10.8479,10.9964,4.6964,89.6893,0.183012,0.231428,2.6385,103.0798,24.9159,164.5625,12.3359,11.1324,10.8479,10.9964,4.6964,89.6893,0.183012,0.231428,2.6385,103.0798,24.9159,164.5625,12.3359,11.1324,10.8479,10.9964,4.6964,89.6893,0.183012,0.231428,0
1864.7664,2.6345,84.1245,23.5709,170.0219,12.2065,10.7624,11.0954,12.0727,4.4827,86.3958,0.178271,0.22585,2.6345,84.1245,23.5709,170.0219,12.2065,10.7624,11.0954,12.0727,4.4827,86.3958,0.178271,0.22585,2.6345,84.1245,23.5709,170.0219,12.2065,10.7624,11.0954,12.0727,4.4827,86.3958,0.178271,0.22585,0
1864.9188,2.6373,65.1692,22.2258,166.7918,11.5493,10.3924,11.343,11.5599,4.269,83.1022,0.176333,0.220272,2.6373,65.1692,22.2258,166.7918,11.5493,10.3924,11.343,11.5599,4.269,83.1022,0.176333,0.220272,2.6373,65.1692,22.2258,166.7918,11.5493,10.3924,11.343,11.5599,4.269,83.1022,0.176333,0.220272,0
1865.0712,2.6337,65.7903,22.1686,162.7338,11.62,10.3395,11.5176,11.48,4.3021,78.1863,0.173459,0.216332,2.6337,65.7903,22.1686,162.7338,11.62,10.3395,11.5176,11.48,4.3021,78.1863,0.173459,0.216332,2.6337,65.7903,22.1686,162.7338,11.62,10.3395,11.5176,11.48,4.3021,78.1863,0.173459,0.216332,0
1865.2236,2.6156,88.7372,23.5802,170.4808,11.7529,10.6482,11.6091,11.803,4.6166,71.4201,0.171981,0.214259,2.6156,88.7372,23.5802,170.4808,11.7529,10.6482,11.6091,11.803,4.6166,71.4201,0.171981,0.214259,2.6156,88.7372,23.5802,170.4808,11.7529,10.6482,11.6091,11.803,4.6166,71.4201,0.171981,0.214259,0
1865.376,2.5985,111.684,24.9918,172.092,11.7201,10.9569,11.7006,11.6211,4.9311,64.6539,0.169887,0.212186,2.5985,111.684,24.9918,172.092,11.7201,10.9569,11.7006,11.6211,4.9311,64.6539,0.169887,0.212186,2.5985,111.684,24.9918,172.092,11.7201,10.9569,11.7006,11.6211,4.9311,64.6539,0.169887,0.212186,0
1865.5284,2.5886,125.8932,26.0733,172.0037,11.3768,11.354,11.9493,11.1685,5.5934,59.6145,0.167588,0.209932,2.5886,125.8932,26.0733,172.0037,11.3768,11.354,11.9493,11.1685,5.5934,59.6145,0.167588,0.209932,2.5886,125.8932,26.0733,172.0037,11.3768,11.354,11.9493,11.1685,5.5934,59.6145,0.167588,0.209932,0
1865.6808,2.615,101.9519,25.7131,160.7606,11.8141,12.1378,12.8849,11.6057,7.7745,62.1147,0.164157,0.206884,2.615,101.9519,25.7131,160.7606,11.8141,12.1378,12.8849,11.6057,7.7745,62.1147,0.164157,0.206884,2.615,101.9519,25.7131,160.7606,11.8141,12.1378,12.8849,11.6057,7.7745,62.1147,0.164157,0.206884,0
1865.8332,2.6585,78.0106,25.3528,147.9882,14.4524,12.9215,13.8204,14.9521,9.9556,64.6149,0.160431,0.203836,2.6585,78.0106,25.3528,147.9882,14.4524,12.9215,13.8204,14.9521,9.9556,64.6149,0.160431,0.203836,2.6585,78.0106,25.3528,147.9882,14.4524,12.9215,13.8204,14.9521,9.9556,64.6149,0.160431,0.203836,0
1865.9856,2.6503,54.0693,24.9926,141.6107,14.9375,13.7052,14.7559,15.9969,12.1366,67.1152,0.158243,0.200788,2.6503,54.0693,24.9926,141.6107,14.9375,13.7052,14.7559,15.9969,12.1366,67.1152,0.158243,0.200788,2.6503,54.0693,24.9926,141.6107,14.9375,13.7052,14.7559,15.9969,12.1366,67.1152,0.158243,0.200788,0
1866.138,2.6263,45.2628,25.9264,144.3172,13.764,13.5611,14.2633,14.567,12.9229,80.1035,0.159805,0.210905,2.6263,45.2628,25.9264,144.3172,13.764,13.5611,14.2633,14.567,12.9229,80.1035,0.159805,0.210905,2.6263,45.2628,25.9264,144.3172,13.764,13.5611,14.2633,14.567,12.9229,80.1035,0.159805,0.210905,0
1866.2904,2.6172,38.0356,26.9952,151.0446,12.6648,13.3201,13.6216,12.9799,13.5636,94.1862,0.173309,0.222396,2.6172,38.0356,26.9952,151.0446,12.6648,13.3201,13.6216,12.9799,13.5636,94.1862,0.173309,0.222396,2.6172,38.0356,26.9952,151.0446,12.6648,13.3201,13.6216,12.9799,13.5636,94.1862,0.173309,0.222396,0
1866.4428,2.6075,30.8085,28.064,162.835,12.5891,13.0791,12.9799,12.4256,14.2043,108.2689,0.190313,0.233887,2.6075,30.8085,28.064,162.835,12.5891,13.0791,12.9799,12.4256,14.2043,108.2689,0.190313,0.233887,2.6075,30.8085,28.064,162.835,12.5891,13.0791,12.9799,12.4256,14.2043,108.2689,0.190313,0.233887,0
1866.5952,2.546,56.5063,27.2803,166.01,13.715,12.124,11.8867,13.9084,15.6203,103.3438,0.22081,0.249548,2.546,56.5063,27.2803,166.01,13.715,12.124,11.8867,13.9084,15.6203,103.3438,0.22081,0.249548,2.546,56.5063,27.2803,166.01,13.715,12.124,11.8867,13.9084,15.6203,103.3438,0.22081,0.249548,0
1866.7476,2.4712,101.9868,25.3837,164.0493,13.0055,10.7397,10.5222,13.8553,17.5022,86.998,0.243383,0.267714,2.4712,101.9868,25.3837,164.0493,13.0055,10.7397,10.5222,13.8553,17.5022,86.998,0.243383,0.267714,2.4712,101.9868,25.3837,164.0493,13.0055,10.7397,10.5222,13.8553,17.5022,86.998,0.243383,0.267714,0
1866.9,2.4646,147.4673,23.4871,168.4709,10.26,9.3554,9.1577,8.8038,19.384,70.6523,0.256683,0.28588,2.4646,147.4673,23.4871,168.4709,10.26,9.3554,9.1577,8.8038,19.384,70.6523,0.256683,0.28588,2.4646,147.4673,23.4871,168.4709,10.26,9.3554,9.1577,8.8038,19.384,70.6523,0.256683,0.28588,0
1867.0524,2.5121,253.8274,22.1576,173.1842,8.6621,8.4646,8.4149,6.5425,20.7175,57.2093,0.257291,0.293178,2.5121,253.8274,22.1576,173.1842,8.6621,8.4646,8.4149,6.5425,20.7175,57.2093,0.257291,0.293178,2.5121,253.8274,22.1576,173.1842,8.6621,8.4646,8.4149,6.5425,20.7175,57.2093,0.257291,0.293178,0
1867.2048,2.5901,476.3699,21.9106,172.6945,9.416,8.5153,8.8583,9.1265,21.0046,49.3059,0.238636,0.279737,2.5901,476.3699,21.9106,172.6945,9.416,8.5153,8.8583,9.1265,21.0046,49.3059,0.238636,0.279737,2.5901,476.3699,21.9106,172.6945,9.416,8.5153,8.8583,9.1265,21.0046,49.3059,0.238636,0.279737,0
1867.3572,2.6248,698.9124,21.6635,168.6475,9.5188,8.5661,9.3017,10.6725,21.2916,41.4026,0.221555,0.266295,2.6248,698.9124,21.6635,168.6475,9.5188,8.5661,9.3017,10.6725,21.2916,41.4026,0.221555,0.266295,2.6248,698.9124,21.6635,168.6475,9.5188,8.5661,9.3017,10.6725,21.2916,41.4026,0.221555,0.266295,0
1867.5096,2.6272,892.9603,21.3598,165.7313,8.6913,8.6252,9.7195,10.0232,21.4759,34.0411,0.209128,0.253402,2.6272,892.9603,21.3598,165.7313,8.6913,8.6252,9.7195,10.0232,21.4759,34.0411,0.209128,0.253402,2.6272,892.9603,21.3598,165.7313,8.6913,8.6252,9.7195,10.0232,21.4759,34.0411,0.209128,0.253402,0
1867.662,2.6443,663.1514,20.2135,163.992,8.5025,8.8085,9.7561,9.6857,20.1308,34.7393,0.20224,0.248678,2.6443,663.1514,20.2135,163.992,8.5025,8.8085,9.7561,9.6857,20.1308,34.7393,0.20224,0.248678,2.6443,663.1514,20.2135,163.992,8.5025,8.8085,9.7561,9.6857,20.1308,34.7393,0.20224,0.248678,0
1867.8144,2.7602,433.3425,19.0673,174.9092,8.5956,8.9918,9.7928,9.6295,18.7856,35.4376,0.197265,0.243954,2.7602,433.3425,19.0673,174.9092,8.5956,8.9918,9.7928,9.6295,18.7856,35.4376,0.197265,0.243954,2.7602,433.3425,19.0673,174.9092,8.5956,8.9918,9.7928,9.6295,18.7856,35.4376,0.197265,0.243954,0
1867.9668,2.7797,203.5337,17.921,173.6475,8.6785,9.1751,9.8294,9.6895,17.4405,36.1358,0.195902,0.239229,2.7797,203.5337,17.921,173.6475,8.6785,9.1751,9.8294,9.6895,17.4405,36.1358,0.195902,0.239229,2.7797,203.5337,17.921,173.6475,8.6785,9.1751,9.8294,9.6895,17.4405,36.1358,0.195902,0.239229,0
1868.1192,2.6666,121.2131,16.9246,158.4945,9.8767,9.0719,9.7759,10.5008,16.9676,49.0705,0.197894,0.239726,2.6666,121.2131,16.9246,158.4945,9.8767,9.0719,9.7759,10.5008,16.9676,49.0705,0.197894,0.239726,2.6666,121.2131,16.9246,158.4945,9.8767,9.0719,9.7759,10.5008,16.9676,49.0705,0.197894,0.239726,0
1868.2716,2.6216,79.9715,15.9699,153.7866,9.0271,8.8889,9.6972,9.9893,16.7375,65.4134,0.200267,0.241676,2.6216,79.9715,15.9699,153.7866,9.0271,8.8889,9.6972,9.9893,16.7375,65.4134,0.200267,0.241676,2.6216,79.9715,15.9699,153.7866,9.0271,8.8889,9.6972,9.9893,16.7375,65.4134,0.200267,0.241676,0
1868.424,2.6304,38.73,15.0152,167.0222,8.0713,8.7059,9.6185,9.4704,16.5075,81.7562,0.201993,0.243627,2.6304,38.73,15.0152,167.0222,8.0713,8.7059,9.6185,9.4704,16.5075,81.7562,0.201993,0.243627,2.6304,38.73,15.0152,167.0222,8.0713,8.7059,9.6185,9.4704,16.5075,81.7562,0.201993,0.243627,0
1868.5764,2.6258,17.8055,17.2195,172.3277,7.4295,8.4372,9.4592,9.4296,16.6535,86.0084,0.206327,0.247977,2.6258,17.8055,17.2195,172.3277,7.4295,8.4372,9.4592,9.4296,16.6535,86.0084,0.206327,0.247977,2.6258,17.8055,17.2195,172.3277,7.4295,8.4372,9.4592,9.4296,16.6535,86.0084,0.206327,0.247977,0
1868.7288,2.6148,17.0918,22.5662,170.3928,7.2091,8.0831,9.2198,9.9509,17.1735,78.2333,0.211944,0.254713,2.6148,17.0918,22.5662,170.3928,7.2091,8.0831,9.2198,9.9509,17.1735,78.2333,0.211944,0.254713,2.6148,17.0918,22.5662,170.3928,7.2091,8.0831,9.2198,9.9509,17.1735,78.2333,0.211944,0.254713,0
1868.8812,2.6004,16.3781,27.9129,169.435,6.564,7.729,8.9803,9.5033,17.6935,70.4582,0.222191,0.261449,2.6004,16.3781,27.9129,169.435,6.564,7.729,8.9803,9.5033,17.6935,70.4582,0.222191,0.261449,2.6004,16.3781,27.9129,169.435,6.564,7.729,8.9803,9.5033,17.6935,70.4582,0.222191,0.261449,0
1869.0336,2.5764,15.6526,32.7832,172.7768,5.8236,11.2482,57.6584,8.579,18.1131,67.5009,0.229706,0.267762,2.5764,15.6526,32.7832,172.7768,5.8236,11.2482,57.6584,8.579,18.1131,67.5009,0.229706,0.267762,2.5764,15.6526,32.7832,172.7768,5.8236,11.2482,57.6584,8.579,18.1131,67.5009,0.229706,0.267762,0
1869.186,2.546,14.8858,35.9693,176.5166,4.624,28.4621,279.2951,6.9575,18.1781,81.5778,0.232512,0.272578,2.546,14.8858,35.9693,176.5166,4.624,28.4621,279.2951,6.9575,18.1781,81.5778,0.232512,0.272578,2.546,14.8858,35.9693,176.5166,4.624,28.4621,279.2951,6.9575,18.1781,81.5778,0.232512,0.272578,0
1869.3384,2.5038,14.1189,39.1554,175.2946,3.7447,45.6761,500.9318,5.4739,18.2431,95.6547,0.233391,0.277393,2.5038,14.1189,39.1554,175.2946,3.7447,45.6761,500.9318,5.4739,18.2431,95.6547,0.233391,0.277393,2.5038,14.1189,39.1554,175.2946,3.7447,45.6761,500.9318,5.4739,18.2431,95.6547,0.233391,0.277393,0
1869.4908,2.1111,13.3521,42.3415,149.0535,6.4097,62.89,722.5685,10.2572,18.3081,109.7316,0.245235,0.282209,2.1111,13.3521,42.3415,149.0535,6.4097,62.89,722.5685,10.2572,18.3081,109.7316,0.245235,0.282209,2.1111,13.3521,42.3415,149.0535,6.4097,62.89,722.5685,10.2572,18.3081,109.7316,0.245235,0.282209,0
1869.6432,1.7787,16.4409,39.2464,115.401,15.9455,159.6224,1555.8538,15.7848,17.5556,89.8295,0.265102,0.324114,1.7787,16.4409,39.2464,115.401,15.9455,159.6224,1555.8538,15.7848,17.5556,89.8295,0.265102,0.324114,1.7787,16.4409,39.2464,115.401,15.9455,159.6224,1555.8538,15.7848,17.5556,89.8295,0.265102,0.324114,0
1869.7956,1.8257,19.7774,35.7478,80.0542,1743.58,261.4635,2428.4348,6177.3042,16.7507,67.7445,0.315332,0.368401,1.8257,19.7774,35.7478,80.0542,1743.58,261.4635,2428.4348,6177.3042,16.7507,67.7445,0.315332,0.368401,1.8257,19.7774,35.7478,80.0542,1743.58,261.4635,2428.4348,6177.3042,16.7507,67.7445,0.315332,0.368401,0
1869.948,2.0757,23.1139,32.2492,73.1139,3476.9304,363.3047,3301.0159,6912.9072,15.9458,45.6594,0.374105,0.412689,2.0757,23.1139,32.2492,73.1139,3476.9304,363.3047,3301.0159,6912.9072,15.9458,45.6594,0.374105,0.412689,2.0757,23.1139,32.2492,73.1139,3476.9304,363.3047,3301.0159,6912.9072,15.9458,45.6594,0.374105,0.412689,0
1870.1004,2.1947,27.7531,33.7343,109.6887,1479.2897,331.1689,2942.5525,1982.6418,18.8316,36.4585,0.424697,0.426033,2.1947,27.7531,33.7343,109.6887,1479.2897,331.1689,2942.5525,1982.6418,18.8316,36.4585,0.424697,0.426033,2.1947,27.7531,33.7343,109.6887,1479.2897,331.1689,2942.5525,1982.6418,18.8316,36.4585,0.424697,0.426033,0
1870.2528,2.2276,33.0672,37.8004,146.6685,55.9152,229.6428,1946.4961,38.5983,23.6289,33.9308,0.432478,0.423351,2.2276,33.0672,37.8004,146.6685,55.9152,229.6428,1946.4961,38.5983,23.6289,33.9308,0.432478,0.423351,2.2276,33.0672,37.8004,146.6685,55.9152,229.6428,1946.4961,38.5983,23.6289,33.9308,0.432478,0.423351,0
1870.4052,2.2967,38.3812,41.8666,172.2828,40.6613,128.1167,950.4398,32.392,28.4263,31.403,0.392842,0.420668,2.2967,38.3812,41.8666,172.2828,40.6613,128.1167,950.4398,32.392,28.4263,31.403,0.392842,0.420668,2.2967,38.3812,41.8666,172.2828,40.6613,128.1167,950.4398,32.392,28.4263,31.403,0.392842,0.420668,0
1870.5576,2.3589,41.2111,55.3964,176.1665,44.7568,59.117,329.4225,39.1452,30.8941,43.469,0.361446,0.431856,2.3589,41.2111,55.3964,176.1665,44.7568,59.117,329.4225,39.1452,30.8941,43.469,0.361446,0.431856,2.3589,41.2111,55.3964,176.1665,44.7568,59.117,329.4225,39.1452,30.8941,43.469,0.361446,0.431856,0
1870.71,2.4399,39.9524,84.502,178.7234,25.0884,43.6501,325.657,24.6464,29.528,79.554,0.384321,0.465872,2.4399,39.9524,84.502,178.7234,25.0884,43.6501,325.657,24.6464,29.528,79.554,0.384321,0.465872,2.4399,39.9524,84.502,178.7234,25.0884,43.6501,325.657,24.6464,29.528,79.554,0.384321,0.465872,0
1870.8624,2.4674,38.6937,113.6075,183.0325,13.7266,28.1832,321.8915,16.1861,28.1618,115.639,0.418102,0.499888,2.4674,38.6937,113.6075,183.0325,13.7266,28.1832,321.8915,16.1861,28.1618,115.639,0.418102,0.499888,2.4674,38.6937,113.6075,183.0325,13.7266,28.1832,321.8915,16.1861,28.1618,115.639,0.418102,0.499888,0
1871.0148,2.2977,37.1193,139.4031,185.1733,11.0516,15.8345,522.1562,15.4515,26.9837,147.1076,0.477639,0.532619,2.2977,37.1193,139.4031,185.1733,11.0516,15.8345,522.1562,15.4515,26.9837,147.1076,0.477639,0.532619,2.2977,37.1193,139.4031,185.1733,11.0516,15.8345,522.1562,15.4515,26.9837,147.1076,0.477639,0.532619,0
1871.1672,2.0167,32.6085,134.4254,187.3473,8.0135,32.4761,2619.3501,13.0041,27.5544,135.6559,0.525389,0.553406,2.0167,32.6085,134.4254,187.3473,8.0135,32.4761,2619.3501,13.0041,27.5544,135.6559,0.525389,0.553406,2.0167,32.6085,134.4254,187.3473,8.0135,32.4761,2619.3501,13.0041,27.5544,135.6559,0.525389,0.553406,0
1871.3196,1.5085,28.0978,129.4478,161.5784,18.0353,49.1178,4716.5439,632.3322,28.1251,124.2042,0.543161,0.574193,1.5085,28.0978,129.4478,161.5784,18.0353,49.1178,4716.5439,632.3322,28.1251,124.2042,0.543161,0.574193,1.5085,28.0978,129.4478,161.5784,18.0353,49.1178,4716.5439,632.3322,28.1251,124.2042,0.543161,0.574193,0
1871.472,1.2591,23.587,124.4701,87.0932,850.0892,65.7594,6813.7383,11263.4648,28.6958,112.7525,0.555738,0.594981,1.2591,23.587,124.4701,87.0932,850.0892,65.7594,6813.7383,11263.4648,28.6958,112.7525,0.555738,0.594981,1.2591,23.587,124.4701,87.0932,850.0892,65.7594,6813.7383,11263.4648,28.6958,112.7525,0.555738,0.594981,0
1871.6244,1.2526,19.3701,110.0677,44.1329,822.6505,107.029,8563.7236,17767.1992,30.8011,90.8176,0.552154,0.561803,1.2526,19.3701,110.0677,44.1329,822.6505,107.029,8563.7236,17767.1992,30.8011,90.8176,0.552154,0.561803,1.2526,19.3701,110.0677,44.1329,822.6505,107.029,8563.7236,17767.1992,30.8011,90.8176,0.552154,0.561803,0
1871.7768,1.4426,15.2194,93.544,33.1516,255.6653,153.8419,10235.5596,18922.7188,33.2519,66.5231,0.485625,0.51648,1.4426,15.2194,93.544,33.1516,255.6653,153.8419,10235.5596,18922.7188,33.2519,66.5231,0.485625,0.51648,1.4426,15.2194,93.544,33.1516,255.6653,153.8419,10235.5596,18922.7188,33.2519,66.5231,0.485625,0.51648,0
1871.9292,1.8856,11.0686,77.0202,33.4222,337.5878,200.6549,11907.3955,19540.5645,35.7027,42.2286,0.395686,0.471156,1.8856,11.0686,77.0202,33.4222,337.5878,200.6549,11907.3955,19540.5645,35.7027,42.2286,0.395686,0.471156,1.8856,11.0686,77.0202,33.4222,337.5878,200.6549,11907.3955,19540.5645,35.7027,42.2286,0.395686,0.471156,0
1872.0816,2.335,9.5181,65.4688,65.559,432.7809,199.6507,10686.1914,8380.3164,34.8096,28.5727,0.297468,0.415534,2.335,9.5181,65.4688,65.559,432.7809,199.6507,10686.1914,8380.3164,34.8096,28.5727,0.297468,0.415534,2.335,9.5181,65.4688,65.559,432.7809,199.6507,10686.1914,8380.3164,34.8096,28.5727,0.297468,0.415534,0
1872.234,2.4864,10.2238,58.2318,105.51,201.4705,157.1582,6954.8486,755.0315,31.015,24.1474,0.240075,0.350978,2.4864,10.2238,58.2318,105.51,201.4705,157.1582,6954.8486,755.0315,31.015,24.1474,0.240075,0.350978,2.4864,10.2238,58.2318,105.51,201.4705,157.1582,6954.8486,755.0315,31.015,24.1474,0.240075,0.350978,0
1872.3864,2.5265,10.9295,50.9947,135.2598,76.4092,114.6657,3223.5063,43.345,27.2205,19.722,0.20378,0.286421,2.5265,10.9295,50.9947,135.2598,76.4092,114.6657,3223.5063,43.345,27.2205,19.722,0.20378,0.286421,2.5265,10.9295,50.9947,135.2598,76.4092,114.6657,3223.5063,43.345,27.2205,19.722,0.20378,0.286421,0
1872.5388,2.5665,12.257,47.7479,137.3001,63.9885,78.1675,409.5351,39.5983,23.4839,16.1899,0.181428,0.233442,2.5665,12.257,47.7479,137.3001,63.9885,78.1675,409.5351,39.5983,23.4839,16.1899,0.181428,0.233442,2.5665,12.257,47.7479,137.3001,63.9885,78.1675,409.5351,39.5983,23.4839,16.1899,0.181428,0.233442,0
1872.6912,2.572,15.4052,56.1841,139.3193,54.1758,59.2198,281.4746,32.7769,19.9172,15.2732,0.159169,0.214362,2.572,15.4052,56.1841,139.3193,54.1758,59.2198,281.4746,32.7769,19.9172,15.2732,0.159169,0.214362,2.572,15.4052,56.1841,139.3193,54.1758,59.2198,281.4746,32.7769,19.9172,15.2732,0.159169,0.214362,0
1872.8436,2.5629,18.5534,64.6202,145.3348,45.6396,40.2721,153.4142,21.1249,16.3504,14.3565,0.143105,0.195281,2.5629,18.5534,64.6202,145.3348,45.6396,40.2721,153.4142,21.1249,16.3504,14.3565,0.143105,0.195281,2.5629,18.5534,64.6202,145.3348,45.6396,40.2721,153.4142,21.1249,16.3504,14.3565,0.143105,0.195281,0
1872.996,2.5658,21.7016,73.0564,138.3971,39.2842,21.3244,25.3538,19.323,12.7836,13.4398,0.130261,0.176201,2.5658,21.7016,73.0564,138.3971,39.2842,21.3244,25.3538,19.323,12.7836,13.4398,0.130261,0.176201,2.5658,21.7016,73.0564,138.3971,39.2842,21.3244,25.3538,19.323,12.7836,13.4398,0.130261,0.176201,0
1873.1484,2.5913,24.1748,91.0257,123.5893,33.2396,19.8514,21.3959,19.9867,10.94,12.9809,0.124326,0.173385,2.5913,24.1748,91.0257,123.5893,33.2396,19.8514,21.3959,19.9867,10.94,12.9809,0.124326,0.173385,2.5913,24.1748,91.0257,123.5893,33.2396,19.8514,21.3959,19.9867,10.94,12.9809,0.124326,0.173385,0
1873.3008,2.6872,26.6298,109.252,115.4103,26.5346,18.8495,20.7831,19.8335,9.1428,12.5344,0.125786,0.171008,2.6872,26.6298,109.252,115.4103,26.5346,18.8495,20.7831,19.8335,9.1428,12.5344,0.125786,0.171008,2.6872,26.6298,109.252,115.4103,26.5346,18.8495,20.7831,19.8335,9.1428,12.5344,0.125786,0.171008,0
1873.4532,2.7499,29.0849,127.4783,108.9369,22.4659,17.8475,20.1703,19.5811,7.3456,12.0879,0.1268,0.16863,2.7499,29.0849,127.4783,108.9369,22.4659,17.8475,20.1703,19.5811,7.3456,12.0879,0.1268,0.16863,2.7499,29.0849,127.4783,108.9369,22.4659,17.8475,20.1703,19.5811,7.3456,12.0879,0.1268,0.16863,0
1873.6056,2.6208,32.213,121.1196,110.9194,24.0557,17.1847,19.464,22.5189,6.5098,19.6067,0.12208,0.168639,2.6208,32.213,121.1196,110.9194,24.0557,17.1847,19.464,22.5189,6.5098,19.6067,0.12208,0.168639,2.6208,32.213,121.1196,110.9194,24.0557,17.1847,19.464,22.5189,6.5098,19.6067,0.12208,0.168639,0
1873.758,2.535,35.6394,103.8652,113.6723,20.9934,16.6723,18.7164,18.9719,6.1001,30.6554,0.118635,0.169706,2.535,35.6394,103.8652,113.6723,20.9934,16.6723,18.7164,18.9719,6.1001,30.6554,0.118635,0.169706,2.535,35.6394,103.8652,113.6723,20.9934,16.6723,18.7164,18.9719,6.1001,30.6554,0.118635,0.169706,0
1873.9104,2.5288,39.0658,86.6107,107.9205,18.899,16.1599,17.9687,16.9044,5.6904,41.7042,0.123494,0.170773,2.5288,39.0658,86.6107,107.9205,18.899,16.1599,17.9687,16.9044,5.6904,41.7042,0.123494,0.170773,2.5288,39.0658,86.6107,107.9205,18.899,16.1599,17.9687,16.9044,5.6904,41.7042,0.123494,0.170773,0
1874.0628,2.5341,46.5644,75.0812,103.4225,18.9406,15.8014,17.3646,18.0267,5.7779,48.5924,0.133962,0.178446,2.5341,46.5644,75.0812,103.4225,18.9406,15.8014,17.3646,18.0267,5.7779,48.5924,0.133962,0.178446,2.5341,46.5644,75.0812,103.4225,18.9406,15.8014,17.3646,18.0267,5.7779,48.5924,0.133962,0.178446,0
1874.2152,2.5616,59.8729,71.7197,103.9483,19.6652,15.6627,16.9653,19.0366,6.5749,49.5443,0.155038,0.195545,2.5616,59.8729,71.7197,103.9483,19.6652,15.6627,16.9653,19.0366,6.5749,49.5443,0.155038,0.195545,2.5616,59.8729,71.7197,103.9483,19.6652,15.6627,16.9653,19.0366,6.5749,49.5443,0.155038,0.195545,0
1874.3676,2.5856,73.1814,68.3582,116.2992,19.1239,15.524,16.566,18.3442,7.3719,50.4963,0.172317,0.212645,2.5856,73.1814,68.3582,116.2992,19.1239,15.524,16.566,18.3442,7.3719,50.4963,0.172317,0.212645,2.5856,73.1814,68.3582,116.2992,19.1239,15.524,16.566,18.3442,7.3719,50.4963,0.172317,0.212645,0
1874.52,2.6011,85.9891,65.6798,140.5903,16.8427,15.3811,16.1623,16.1352,8.2462,50.6112,0.186777,0.227632,2.6011,85.9891,65.6798,140.5903,16.8427,15.3811,16.1623,16.1352,8.2462,50.6112,0.186777,0.227632,2.6011,85.9891,65.6798,140.5903,16.8427,15.3811,16.1623,16.1352,8.2462,50.6112,0.186777,0.227632,0
1874.6724,2.607,95.4815,67.5229,153.4412,15.6415,15.2106,15.7297,14.5996,9.6323,45.1853,0.192755,0.228638,2.607,95.4815,67.5229,153.4412,15.6415,15.2106,15.7297,14.5996,9.6323,45.1853,0.192755,0.228638,2.607,95.4815,67.5229,153.4412,15.6415,15.2106,15.7297,14.5996,9.6323,45.1853,0.192755,0.228638,0
1874.8248,2.607,104.9738,69.366,158.7611,15.5094,15.04,15.297,13.9237,11.0184,39.7594,0.191752,0.229644,2.607,104.9738,69.366,158.7611,15.5094,15.04,15.297,13.9237,11.0184,39.7594,0.191752,0.229644,2.607,104.9738,69.366,158.7611,15.5094,15.04,15.297,13.9237,11.0184,39.7594,0.191752,0.229644,0
1874.9772,2.6051,114.4662,71.2092,163.6153,17.1922,14.8695,14.8643,14.2887,12.4044,34.3335,0.189123,0.23065,2.6051,114.4662,71.2092,163.6153,17.1922,14.8695,14.8643,14.2887,12.4044,34.3335,0.189123,0.23065,2.6051,114.4662,71.2092,163.6153,17.1922,14.8695,14.8643,14.2887,12.4044,34.3335,0.189123,0.23065,0
1875.1296,2.5985,102.9923,110.8495,160.2297,18.1144,14.3152,14.6783,15.1395,11.7896,29.9056,0.187617,0.230956,2.5985,102.9923,110.8495,160.2297,18.1144,14.3152,14.6783,15.1395,11.7896,29.9056,0.187617,0.230956,2.5985,102.9923,110.8495,160.2297,18.1144,14.3152,14.6783,15.1395,11.7896,29.9056,0.187617,0.230956,0
1875.282,2.5981,87.8299,157.1394,150.1833,17.155,13.6933,14.5358,17.1502,10.8228,25.6532,0.187272,0.231138,2.5981,87.8299,157.1394,150.1833,17.155,13.6933,14.5358,17.1502,10.8228,25.6532,0.187272,0.231138,2.5981,87.8299,157.1394,150.1833,17.155,13.6933,14.5358,17.1502,10.8228,25.6532,0.187272,0.231138,0
1875.4344,2.6098,72.6675,203.4293,147.3778,15.879,13.0715,14.3932,17.3339,9.8561,21.4009,0.188348,0.231321,2.6098,72.6675,203.4293,147.3778,15.879,13.0715,14.3932,17.3339,9.8561,21.4009,0.188348,0.231321,2.6098,72.6675,203.4293,147.3778,15.879,13.0715,14.3932,17.3339,9.8561,21.4009,0.188348,0.231321,0
1875.5868,2.6201,131.2417,193.1774,148.9688,13.8028,12.489,13.9185,15.6287,9.8194,17.7722,0.196207,0.238518,2.6201,131.2417,193.1774,148.9688,13.8028,12.489,13.9185,15.6287,9.8194,17.7722,0.196207,0.238518,2.6201,131.2417,193.1774,148.9688,13.8028,12.489,13.9185,15.6287,9.8194,17.7722,0.196207,0.238518,0
1875.7392,2.6262,245.5432,140.1935,148.6575,12.1058,11.9362,13.1929,13.9963,10.4857,14.6148,0.205083,0.251014,2.6262,245.5432,140.1935,148.6575,12.1058,11.9362,13.1929,13.9963,10.4857,14.6148,0.205083,0.251014,2.6262,245.5432,140.1935,148.6575,12.1058,11.9362,13.1929,13.9963,10.4857,14.6148,0.205083,0.251014,0
1875.8916,2.6346,359.8446,87.2096,154.7695,9.8833,11.3835,12.4673,11.7942,11.1521,11.4574,0.222214,0.263511,2.6346,359.8446,87.2096,154.7695,9.8833,11.3835,12.4673,11.7942,11.1521,11.4574,0.222214,0.263511,2.6346,359.8446,87.2096,154.7695,9.8833,11.3835,12.4673,11.7942,11.1521,11.4574,0.222214,0.263511,0
1876.044,2.6496,458.3278,50.5502,159.7671,8.7592,13.3479,14.6746,10.7945,11.9595,9.4976,0.239074,0.277953,2.6496,458.3278,50.5502,159.7671,8.7592,13.3479,14.6746,10.7945,11.9595,9.4976,0.239074,0.277953,2.6496,458.3278,50.5502,159.7671,8.7592,13.3479,14.6746,10.7945,11.9595,9.4976,0.239074,0.277953,0
1876.1964,2.675,517.8405,54.1086,167.9604,7.3387,21.5136,24.1074,9.6821,13.1148,10.4883,0.259626,0.297186,2.675,517.8405,54.1086,167.9604,7.3387,21.5136,24.1074,9.6821,13.1148,10.4883,0.259626,0.297186,2.675,517.8405,54.1086,167.9604,7.3387,21.5136,24.1074,9.6821,13.1148,10.4883,0.259626,0.297186,0
1876.3488,2.6574,577.3531,57.667,167.6211,6.4007,29.6793,33.5402,8.8739,14.27,11.479,0.277939,0.316419,2.6574,577.3531,57.667,167.6211,6.4007,29.6793,33.5402,8.8739,14.27,11.479,0.277939,0.316419,2.6574,577.3531,57.667,167.6211,6.4007,29.6793,33.5402,8.8739,14.27,11.479,0.277939,0.316419,0
1876.5012,2.5607,634.9086,61.2351,171.409,11.4186,37.914,42.9966,39.9439,15.4153,12.4881,0.29714,0.335344,2.5607,634.9086,61.2351,171.409,11.4186,37.914,42.9966,39.9439,15.4153,12.4881,0.29714,0.335344,2.5607,634.9086,61.2351,171.409,11.4186,37.914,42.9966,39.9439,15.4153,12.4881,0.29714,0.335344,0
1876.6536,2.4184,445.8484,66.0323,174.8454,73.3791,54.8419,55.4212,118.3765,15.3168,15.8142,0.303597,0.315593,2.4184,445.8484,66.0323,174.8454,73.3791,54.8419,55.4212,118.3765,15.3168,15.8142,0.303597,0.315593,2.4184,445.8484,66.0323,174.8454,73.3791,54.8419,55.4212,118.3765,15.3168,15.8142,0.303597,0.315593,0
1876.806,2.1239,256.7882,70.8296,191.2885,615.1032,71.7698,67.8458,129.8933,15.2182,19.1404,0.281115,0.295842,2.1239,256.7882,70.8296,191.2885,615.1032,71.7698,67.8458,129.8933,15.2182,19.1404,0.281115,0.295842,2.1239,256.7882,70.8296,191.2885,615.1032,71.7698,67.8458,129.8933,15.2182,19.1404,0.281115,0.295842,0
1876.9584,2.129,67.728,75.6268,185.908,529.7731,88.6977,80.2703,78.2716,15.1196,22.4665,0.247944,0.276091,2.129,67.728,75.6268,185.908,529.7731,88.6977,80.2703,78.2716,15.1196,22.4665,0.247944,0.276091,2.129,67.728,75.6268,185.908,529.7731,88.6977,80.2703,78.2716,15.1196,22.4665,0.247944,0.276091,0
1877.1108,2.3943,15.328,71.1463,139.9609,161.0365,77.6565,70.8312,37.6922,13.3285,23.9651,0.176976,0.240496,2.3943,15.328,71.1463,139.9609,161.0365,77.6565,70.8312,37.6922,13.3285,23.9651,0.176976,0.240496,2.3943,15.328,71.1463,139.9609,161.0365,77.6565,70.8312,37.6922,13.3285,23.9651,0.176976,0.240496,0
1877.2632,2.513,14.2373,63.1824,95.0958,58.544,56.1142,53.1834,26.0212,10.902,24.7775,0.122034,0.198952,2.513,14.2373,63.1824,95.0958,58.544,56.1142,53.1834,26.0212,10.902,24.7775,0.122034,0.198952,2.513,14.2373,63.1824,95.0958,58.544,56.1142,53.1834,26.0212,10.902,24.7775,0.122034,0.198952,0
1877.4156,2.4974,13.1466,55.2185,76.6742,33.9858,34.572,35.5356,20.5428,8.4755,25.59,0.095486,0.157407,2.4974,13.1466,55.2185,76.6742,33.9858,34.572,35.5356,20.5428,8.4755,25.59,0.095486,0.157407,2.4974,13.1466,55.2185,76.6742,33.9858,34.572,35.5356,20.5428,8.4755,25.59,0.095486,0.157407,0
1877.568,2.4838,12.4851,51.1523,76.1953,24.0172,21.8232,25.286,19.1998,6.8262,29.4311,0.086535,0.13474,2.4838,12.4851,51.1523,76.1953,24.0172,21.8232,25.286,19.1998,6.8262,29.4311,0.086535,0.13474,2.4838,12.4851,51.1523,76.1953,24.0172,21.8232,25.286,19.1998,6.8262,29.4311,0.086535,0.13474,0
1877.7204,2.5111,12.3563,51.9238,77.3254,23.3225,19.9886,24.219,22.9399,6.1414,37.0313,0.088651,0.135502,2.5111,12.3563,51.9238,77.3254,23.3225,19.9886,24.219,22.9399,6.1414,37.0313,0.088651,0.135502,2.5111,12.3563,51.9238,77.3254,23.3225,19.9886,24.219,22.9399,6.1414,37.0313,0.088651,0.135502,0
1877.8728,2.506,12.2275,52.6952,77.7346,20.0225,18.154,23.1521,23.187,5.4567,44.6315,0.093161,0.136264,2.506,12.2275,52.6952,77.7346,20.0225,18.154,23.1521,23.187,5.4567,44.6315,0.093161,0.136264,2.506,12.2275,52.6952,77.7346,20.0225,18.154,23.1521,23.187,5.4567,44.6315,0.093161,0.136264,0
1878.0252,2.473,12.2493,51.8216,72.7925,18.2481,16.6553,22.4031,21.9324,4.954,51.3798,0.096686,0.137439,2.473,12.2493,51.8216,72.7925,18.2481,16.6553,22.4031,21.9324,4.954,51.3798,0.096686,0.137439,2.473,12.2493,51.8216,72.7925,18.2481,16.6553,22.4031,21.9324,4.954,51.3798,0.096686,0.137439,0
1878.1776,2.4418,13.0309,42.6443,75.3748,17.6369,16.8525,23.2596,21.4616,5.3697,53.8278,0.100443,0.140701,2.4418,13.0309,42.6443,75.3748,17.6369,16.8525,23.2596,21.4616,5.3697,53.8278,0.100443,0.140701,2.4418,13.0309,42.6443,75.3748,17.6369,16.8525,23.2596,21.4616,5.3697,53.8278,0.100443,0.140701,0
1878.33,2.4343,13.8126,33.467,83.4992,16.8039,17.0497,24.116,21.8166,5.7855,56.2757,0.102893,0.143962,2.4343,13.8126,33.467,83.4992,16.8039,17.0497,24.116,21.8166,5.7855,56.2757,0.102893,0.143962,2.4343,13.8126,33.467,83.4992,16.8039,17.0497,24.116,21.8166,5.7855,56.2757,0.102893,0.143962,0
1878.4824,2.4191,14.5943,24.2897,87.7328,17.6409,17.2469,24.9725,24.363,6.2013,58.7237,0.10627,0.147223,2.4191,14.5943,24.2897,87.7328,17.6409,17.2469,24.9725,24.363,6.2013,58.7237,0.10627,0.147223,2.4191,14.5943,24.2897,87.7328,17.6409,17.2469,24.9725,24.363,6.2013,58.7237,0.10627,0.147223,0
1878.6348,2.4023,16.3082,89.4312,93.5128,17.9108,17.6549,24.5725,24.718,7.9367,63.9539,0.109303,0.153046,2.4023,16.3082,89.4312,93.5128,17.9108,17.6549,24.5725,24.718,7.9367,63.9539,0.109303,0.153046,2.4023,16.3082,89.4312,93.5128,17.9108,17.6549,24.5725,24.718,7.9367,63.9539,0.109303,0.153046,0
1878.7872,2.3854,18.1438,164.2761,89.7743,17.2948,18.0903,24.0084,23.0363,9.8445,69.5473,0.11584,0.159203,2.3854,18.1438,164.2761,89.7743,17.2948,18.0903,24.0084,23.0363,9.8445,69.5473,0.11584,0.159203,2.3854,18.1438,164.2761,89.7743,17.2948,18.0903,24.0084,23.0363,9.8445,69.5473,0.11584,0.159203,0
1878.9396,2.3906,19.9794,239.1209,91.9524,16.5178,18.5258,23.4443,22.7956,11.7522,75.1407,0.122799,0.16536,2.3906,19.9794,239.1209,91.9524,16.5178,18.5258,23.4443,22.7956,11.7522,75.1407,0.122799,0.16536,2.3906,19.9794,239.1209,91.9524,16.5178,18.5258,23.4443,22.7956,11.7522,75.1407,0.122799,0.16536,0
1879.092,2.4405,27.5987,346.1171,98.5334,15.3307,19.4949,22.8733,22.4722,12.6876,75.73,0.13402,0.173651,2.4405,27.5987,346.1171,98.5334,15.3307,19.4949,22.8733,22.4722,12.6876,75.73,0.13402,0.173651,2.4405,27.5987,346.1171,98.5334,15.3307,19.4949,22.8733,22.4722,12.6876,75.73,0.13402,0.173651,0
1879.2444,2.4505,39.015,474.2214,98.9284,16.1039,20.8144,22.2979,24.746,12.9846,73.034,0.144366,0.183344,2.4505,39.015,474.2214,98.9284,16.1039,20.8144,22.2979,24.746,12.9846,73.034,0.144366,0.183344,2.4505,39.015,474.2214,98.9284,16.1039,20.8144,22.2979,24.746,12.9846,73.034,0.144366,0.183344,0
1879.3968,2.4677,50.4313,602.3256,109.9257,20.6839,22.1339,21.7225,22.4502,13.2816,70.338,0.154698,0.193036,2.4677,50.4313,602.3256,109.9257,20.6839,22.1339,21.7225,22.4502,13.2816,70.338,0.154698,0.193036,2.4677,50.4313,602.3256,109.9257,20.6839,22.1339,21.7225,22.4502,13.2816,70.338,0.154698,0.193036,0
1879.5492,2.503,55.3748,622.3452,117.905,21.0421,23.3477,21.6788,19.0321,13.667,74.7644,0.162217,0.200909,2.503,55.3748,622.3452,117.905,21.0421,23.3477,21.6788,19.0321,13.667,74.7644,0.162217,0.200909,2.503,55.3748,622.3452,117.905,21.0421,23.3477,21.6788,19.0321,13.667,74.7644,0.162217,0.200909,0
1879.7016,2.4859,46.7411,415.6504,118.1055,32.2617,24.3397,22.7505,26.1355,14.2379,94.1305,0.168883,0.204963,2.4859,46.7411,415.6504,118.1055,32.2617,24.3397,22.7505,26.1355,14.2379,94.1305,0.168883,0.204963,2.4859,46.7411,415.6504,118.1055,32.2617,24.3397,22.7505,26.1355,14.2379,94.1305,0.168883,0.204963,0
1879.854,2.4278,38.1074,208.9556,116.1636,45.5052,25.3317,23.8223,32.8207,14.8087,113.4965,0.172493,0.209016,2.4278,38.1074,208.9556,116.1636,45.5052,25.3317,23.8223,32.8207,14.8087,113.4965,0.172493,0.209016,2.4278,38.1074,208.9556,116.1636,45.5052,25.3317,23.8223,32.8207,14.8087,113.4965,0.172493,0.209016,0
1880.0064,2.4574,29.7761,10.9792,124.6163,45.6825,26.2261,24.8271,27.941,15.3826,131.5426,0.170704,0.212833,2.4574,29.7761,10.9792,124.6163,45.6825,26.2261,24.8271,27.941,15.3826,131.5426,0.170704,0.212833,2.4574,29.7761,10.9792,124.6163,45.6825,26.2261,24.8271,27.941,15.3826,131.5426,0.170704,0.212833,0
1880.1588,2.5271,28.3441,11.8914,131.9876,40.9159,24.8929,24.3046,24.2796,16.0263,119.4766,0.166594,0.211248,2.5271,28.3441,11.8914,131.9876,40.9159,24.8929,24.3046,24.2796,16.0263,119.4766,0.166594,0.211248,2.5271,28.3441,11.8914,131.9876,40.9159,24.8929,24.3046,24.2796,16.0263,119.4766,0.166594,0.211248,0
1880.3112,2.5586,26.9121,12.8036,136.268,32.5548,23.5597,23.7822,23.8447,16.67,107.4107,0.164745,0.209664,2.5586,26.9121,12.8036,136.268,32.5548,23.5597,23.7822,23.8447,16.67,107.4107,0.164745,0.209664,2.5586,26.9121,12.8036,136.268,32.5548,23.5597,23.7822,23.8447,16.67,107.4107,0.164745,0.209664,0
1880.4636,2.5726,25.4801,13.7158,135.8255,27.4227,22.2265,23.2598,23.1745,17.3138,95.3447,0.165174,0.208079,2.5726,25.4801,13.7158,135.8255,27.4227,22.2265,23.2598,23.1745,17.3138,95.3447,0.165174,0.208079,2.5726,25.4801,13.7158,135.8255,27.4227,22.2265,23.2598,23.1745,17.3138,95.3447,0.165174,0.208079,0
1880.616,2.5785,23.3717,14.6732,141.4497,25.876,22.1108,23.3188,22.2882,16.4244,74.6166,0.166329,0.208234,2.5785,23.3717,14.6732,141.4497,25.876,22.1108,23.3188,22.2882,16.4244,74.6166,0.166329,0.208234,2.5785,23.3717,14.6732,141.4497,25.876,22.1108,23.3188,22.2882,16.4244,74.6166,0.166329,0.208234,0
1880.7684,2.5751,21.0511,15.6449,139.8371,24.7696,22.3772,23.5602,21.9573,15.054,51.1703,0.167693,0.208935,2.5751,21.0511,15.6449,139.8371,24.7696,22.3772,23.5602,21.9573,15.054,51.1703,0.167693,0.208935,2.5751,21.0511,15.6449,139.8371,24.7696,22.3772,23.5602,21.9573,15.054,51.1703,0.167693,0.208935,0
1880.9208,2.5669,18.7305,16.6165,130.6016,27.461,22.6435,23.8016,25.0402,13.6837,27.7241,0.168072,0.209636,2.5669,18.7305,16.6165,130.6016,27.461,22.6435,23.8016,25.0402,13.6837,27.7241,0.168072,0.209636,2.5669,18.7305,16.6165,130.6016,27.461,22.6435,23.8016,25.0402,13.6837,27.7241,0.168072,0.209636,0
1881.0732,2.5678,18.0643,18.6809,138.7042,26.6181,22.5814,23.6177,23.6351,12.2224,15.0336,0.168829,0.211771,2.5678,18.0643,18.6809,138.7042,26.6181,22.5814,23.6177,23.6351,12.2224,15.0336,0.168829,0.211771,2.5678,18.0643,18.6809,138.7042,26.6181,22.5814,23.6177,23.6351,12.2224,15.0336,0.168829,0.211771,0
1881.2256,2.5865,19.1883,21.9277,148.519,24.7063,22.1641,22.9736,21.8382,10.6629,13.9807,0.171596,0.21546,2.5865,19.1883,21.9277,148.519,24.7063,22.1641,22.9736,21.8382,10.6629,13.9807,0.171596,0.21546,2.5865,19.1883,21.9277,148.519,24.7063,22.1641,22.9736,21.8382,10.6629,13.9807,0.171596,0.21546,0
1881.378,2.5983,20.3122,25.1745,152.804,25.7794,21.7467,22.3295,21.832,9.1034,12.9277,0.178194,0.219148,2.5983,20.3122,25.1745,152.804,25.7794,21.7467,22.3295,21.832,9.1034,12.9277,0.178194,0.219148,2.5983,20.3122,25.1745,152.804,25.7794,21.7467,22.3295,21.832,9.1034,12.9277,0.178194,0.219148,0
1881.5304,2.5995,23.2502,27.0811,153.8847,28.1679,21.2861,21.689,22.5381,8.2986,12.1389,0.182603,0.222769,2.5995,23.2502,27.0811,153.8847,28.1679,21.2861,21.689,22.5381,8.2986,12.1389,0.182603,0.222769,2.5995,23.2502,27.0811,153.8847,28.1679,21.2861,21.689,22.5381,8.2986,12.1389,0.182603,0.222769,0
1881.6828,2.605,33.4686,23.609,158.8032,27.2059,20.6521,21.0629,21.3894,10.5232,12.4102,0.186398,0.226122,2.605,33.4686,23.609,158.8032,27.2059,20.6521,21.0629,21.3894,10.5232,12.4102,0.186398,0.226122,2.605,33.4686,23.609,158.8032,27.2059,20.6521,21.0629,21.3894,10.5232,12.4102,0.186398,0.226122,0
1881.8352,2.609,43.687,20.137,153.1371,24.6615,20.018,20.4368,20.1729,12.7477,12.6815,0.188738,0.229474,2.609,43.687,20.137,153.1371,24.6615,20.018,20.4368,20.1729,12.7477,12.6815,0.188738,0.229474,2.609,43.687,20.137,153.1371,24.6615,20.018,20.4368,20.1729,12.7477,12.6815,0.188738,0.229474,0
1881.9876,2.6152,53.9054,16.6649,147.5661,21.6498,19.384,19.8106,19.3009,14.9722,12.9528,0.191843,0.232827,2.6152,53.9054,16.6649,147.5661,21.6498,19.384,19.8106,19.3009,14.9722,12.9528,0.191843,0.232827,2.6152,53.9054,16.6649,147.5661,21.6498,19.384,19.8106,19.3009,14.9722,12.9528,0.191843,0.232827,0
1882.14,2.621,55.1168,14.2912,154.5558,19.2303,22.4572,22.6816,18.5373,14.9789,13.5918,0.19525,0.236852,2.621,55.1168,14.2912,154.5558,19.2303,22.4572,22.6816,18.5373,14.9789,13.5918,0.19525,0.236852,2.621,55.1168,14.2912,154.5558,19.2303,22.4572,22.6816,18.5373,14.9789,13.5918,0.19525,0.236852,0
1882.2924,2.6019,55.5306,12.0148,157.1579,16.8998,25.8588,25.8622,17.6505,14.7892,14.2633,0.200828,0.240936,2.6019,55.5306,12.0148,157.1579,16.8998,25.8588,25.8622,17.6505,14.7892,14.2633,0.200828,0.240936,2.6019,55.5306,12.0148,157.1579,16.8998,25.8588,25.8622,17.6505,14.7892,14.2633,0.200828,0.240936,0
1882.4448,2.5625,55.9443,9.7383,150.6877,25.7067,29.2604,29.0429,25.189,14.5995,14.9348,0.204867,0.245021,2.5625,55.9443,9.7383,150.6877,25.7067,29.2604,29.0429,25.189,14.5995,14.9348,0.204867,0.245021,2.5625,55.9443,9.7383,150.6877,25.7067,29.2604,29.0429,25.189,14.5995,14.9348,0.204867,0.245021,0
1882.5972,2.4811,51.0452,9.7952,145.7652,43.408,29.7417,29.1267,37.509,14.8746,17.1007,0.209654,0.249183,2.4811,51.0452,9.7952,145.7652,43.408,29.7417,29.1267,37.509,14.8746,17.1007,0.209654,0.249183,2.4811,51.0452,9.7952,145.7652,43.408,29.7417,29.1267,37.509,14.8746,17.1007,0.209654,0.249183,0
1882.7496,2.4424,43.1289,11.1771,152.2142,43.8693,28.5645,27.4518,37.0992,15.4137,20.1152,0.214961,0.253389,2.4424,43.1289,11.1771,152.2142,43.8693,28.5645,27.4518,37.0992,15.4137,20.1152,0.214961,0.253389,2.4424,43.1289,11.1771,152.2142,43.8693,28.5645,27.4518,37.0992,15.4137,20.1152,0.214961,0.253389,0
1882.902,2.422,35.2127,12.559,157.9336,33.4027,27.3873,25.7769,25.4073,15.9528,23.1297,0.220208,0.257595,2.422,35.2127,12.559,157.9336,33.4027,27.3873,25.7769,25.4073,15.9528,23.1297,0.220208,0.257595,2.422,35.2127,12.559,157.9336,33.4027,27.3873,25.7769,25.4073,15.9528,23.1297,0.220208,0.257595,0
1883.0544,2.4062,29.4177,15.9095,159.7601,30.9158,25.7257,24.0311,19.5466,16.9896,27.2819,0.221498,0.256002,2.4062,29.4177,15.9095,159.7601,30.9158,25.7257,24.0311,19.5466,16.9896,27.2819,0.221498,0.256002,2.4062,29.4177,15.9095,159.7601,30.9158,25.7257,24.0311,19.5466,16.9896,27.2819,0.221498,0.256002,0
1883.2068,2.4448,27.4441,22.8066,155.7872,34.0898,23.1914,22.1573,17.1988,18.9234,33.4834,0.211852,0.243963,2.4448,27.4441,22.8066,155.7872,34.0898,23.1914,22.1573,17.1988,18.9234,33.4834,0.211852,0.243963,2.4448,27.4441,22.8066,155.7872,34.0898,23.1914,22.1573,17.1988,18.9234,33.4834,0.211852,0.243963,0
1883.3592,2.5162,25.4706,29.7036,144.1077,37.4854,20.6571,20.2836,18.665,20.8571,39.685,0.199712,0.231923,2.5162,25.4706,29.7036,144.1077,37.4854,20.6571,20.2836,18.665,20.8571,39.685,0.199712,0.231923,2.5162,25.4706,29.7036,144.1077,37.4854,20.6571,20.2836,18.665,20.8571,39.685,0.199712,0.231923,0
1883.5116,2.5278,23.5752,36.7197,113.7762,30.4033,18.3163,18.6756,18.2282,22.5065,45.8408,0.176092,0.218949,2.5278,23.5752,36.7197,113.7762,30.4033,18.3163,18.6756,18.2282,22.5065,45.8408,0.176092,0.218949,2.5278,23.5752,36.7197,113.7762,30.4033,18.3163,18.6756,18.2282,22.5065,45.8408,0.176092,0.218949,0
1883.664,2.4818,22.6287,45.1805,93.0534,25.4791,18.3241,20.2935,18.7181,20.7054,51.4413,0.153101,0.194626,2.4818,22.6287,45.1805,93.0534,25.4791,18.3241,20.2935,18.7181,20.7054,51.4413,0.153101,0.194626,2.4818,22.6287,45.1805,93.0534,25.4791,18.3241,20.2935,18.7181,20.7054,51.4413,0.153101,0.194626,0
1883.8164,2.3892,21.6822,53.6413,67.209,24.2158,18.3318,21.9113,21.4261,18.9043,57.0419,0.122738,0.170303,2.3892,21.6822,53.6413,67.209,24.2158,18.3318,21.9113,21.4261,18.9043,57.0419,0.122738,0.170303,2.3892,21.6822,53.6413,67.209,24.2158,18.3318,21.9113,21.4261,18.9043,57.0419,0.122738,0.170303,0
1883.9688,2.2832,20.7357,62.1022,46.6293,28.9461,18.3396,23.5291,27.5837,17.1031,62.6424,0.095141,0.14598,2.2832,20.7357,62.1022,46.6293,28.9461,18.3396,23.5291,27.5837,17.1031,62.6424,0.095141,0.14598,2.2832,20.7357,62.1022,46.6293,28.9461,18.3396,23.5291,27.5837,17.1031,62.6424,0.095141,0.14598,0
1884.1212,2.2214,18.0503,56.0903,38.8543,31.9248,15.9505,20.799,28.5345,15.423,55.9522,0.084039,0.139085,2.2214,18.0503,56.0903,38.8543,31.9248,15.9505,20.799,28.5345,15.423,55.9522,0.084039,0.139085,2.2214,18.0503,56.0903,38.8543,31.9248,15.9505,20.799,28.5345,15.423,55.9522,0.084039,0.139085,0
1884.2736,2.197,14.9173,46.3527,33.685,26.0071,12.9443,16.9496,19.4228,13.7739,46.0981,0.083831,0.136677,2.197,14.9173,46.3527,33.685,26.0071,12.9443,16.9496,19.4228,13.7739,46.0981,0.083831,0.136677,2.197,14.9173,46.3527,33.685,26.0071,12.9443,16.9496,19.4228,13.7739,46.0981,0.083831,0.136677,0
1884.426,2.2055,11.7843,36.6151,34.7799,18.4852,9.9382,13.1002,12.48,12.1249,36.2439,0.088527,0.134269,2.2055,11.7843,36.6151,34.7799,18.4852,9.9382,13.1002,12.48,12.1249,36.2439,0.088527,0.134269,2.2055,11.7843,36.6151,34.7799,18.4852,9.9382,13.1002,12.48,12.1249,36.2439,0.088527,0.134269,0
1884.5784,2.2308,10.2024,30.0382,35.7447,11.8911,7.828,10.3251,7.5897,11.5145,29.2599,0.100905,0.138133,2.2308,10.2024,30.0382,35.7447,11.8911,7.828,10.3251,7.5897,11.5145,29.2599,0.100905,0.138133,2.2308,10.2024,30.0382,35.7447,11.8911,7.828,10.3251,7.5897,11.5145,29.2599,0.100905,0.138133,0
1884.7308,2.24,10.0845,26.4445,34.8213,8.6198,6.5634,8.5641,5.3162,11.8845,24.9848,0.111292,0.147917,2.24,10.0845,26.4445,34.8213,8.6198,6.5634,8.5641,5.3162,11.8845,24.9848,0.111292,0.147917,2.24,10.0845,26.4445,34.8213,8.6198,6.5634,8.5641,5.3162,11.8845,24.9848,0.111292,0.147917,0
1884.8832,2.235,9.9667,22.8508,34.7825,5.5722,5.2988,6.803,4.3793,12.2545,20.7097,0.120533,0.157701,2.235,9.9667,22.8508,34.7825,5.5722,5.2988,6.803,4.3793,12.2545,20.7097,0.120533,0.157701,2.235,9.9667,22.8508,34.7825,5.5722,5.2988,6.803,4.3793,12.2545,20.7097,0.120533,0.157701,0
1885.0356,2.2391,9.8676,20.3424,38.5237,4.3913,4.4366,5.6362,5.1069,12.695,17.8678,0.126787,0.165449,2.2391,9.8676,20.3424,38.5237,4.3913,4.4366,5.6362,5.1069,12.695,17.8678,0.126787,0.165449,2.2391,9.8676,20.3424,38.5237,4.3913,4.4366,5.6362,5.1069,12.695,17.8678,0.126787,0.165449,0
1885.188,2.2819,9.8302,21.3949,54.613,4.6906,4.8947,6.4194,6.0183,13.3669,19.7278,0.1282,0.166516,2.2819,9.8302,21.3949,54.613,4.6906,4.8947,6.4194,6.0183,13.3669,19.7278,0.1282,0.166516,2.2819,9.8302,21.3949,54.613,4.6906,4.8947,6.4194,6.0183,13.3669,19.7278,0.1282,0.166516,0
1885.3404,2.2986,9.7927,22.4473,64.9993,6.9677,5.3528,7.2025,8.4127,14.0388,21.5878,0.127243,0.167583,2.2986,9.7927,22.4473,64.9993,6.9677,5.3528,7.2025,8.4127,14.0388,21.5878,0.127243,0.167583,2.2986,9.7927,22.4473,64.9993,6.9677,5.3528,7.2025,8.4127,14.0388,21.5878,0.127243,0.167583,0
1885.4928,2.2567,9.7553,23.4997,60.7116,7.7422,5.811,7.9856,8.7443,14.7107,23.4478,0.126062,0.16865,2.2567,9.7553,23.4997,60.7116,7.7422,5.811,7.9856,8.7443,14.7107,23.4478,0.126062,0.16865,2.2567,9.7553,23.4997,60.7116,7.7422,5.811,7.9856,8.7443,14.7107,23.4478,0.126062,0.16865,0
1885.6452,2.24,9.9211,22.9902,57.0661,7.3829,5.373,7.4293,7.8753,13.8842,26.8529,0.125381,0.16992,2.24,9.9211,22.9902,57.0661,7.3829,5.373,7.4293,7.8753,13.8842,26.8529,0.125381,0.16992,2.24,9.9211,22.9902,57.0661,7.3829,5.373,7.4293,7.8753,13.8842,26.8529,0.125381,0.16992,0
1885.7976,2.2493,10.0971,22.4032,53.0695,6.7441,4.8906,6.8067,6.8578,12.9835,30.3346,0.126986,0.1712,2.2493,10.0971,22.4032,53.0695,6.7441,4.8906,6.8067,6.8578,12.9835,30.3346,0.126986,0.1712,2.2493,10.0971,22.4032,53.0695,6.7441,4.8906,6.8067,6.8578,12.9835,30.3346,0.126986,0.1712,0
1885.95,2.2347,10.2731,21.8163,47.1518,5.6553,4.4082,6.184,5.8405,12.0828,33.8162,0.129531,0.17248,2.2347,10.2731,21.8163,47.1518,5.6553,4.4082,6.184,5.8405,12.0828,33.8162,0.129531,0.17248,2.2347,10.2731,21.8163,47.1518,5.6553,4.4082,6.184,5.8405,12.0828,33.8162,0.129531,0.17248,0
1886.1024,2.217,10.5157,19.9905,37.104,3.9475,4.2835,6.6615,4.5364,12.2337,35.5082,0.133653,0.176074,2.217,10.5157,19.9905,37.104,3.9475,4.2835,6.6615,4.5364,12.2337,35.5082,0.133653,0.176074,2.217,10.5157,19.9905,37.104,3.9475,4.2835,6.6615,4.5364,12.2337,35.5082,0.133653,0.176074,0
1886.2548,2.2075,10.7909,17.5598,31.3804,3.1573,4.3334,7.6763,4.223,12.8982,36.3264,0.138306,0.180799,2.2075,10.7909,17.5598,31.3804,3.1573,4.3334,7.6763,4.223,12.8982,36.3264,0.138306,0.180799,2.2075,10.7909,17.5598,31.3804,3.1573,4.3334,7.6763,4.223,12.8982,36.3264,0.138306,0.180799,0
1886.4072,2.2497,11.066,15.1291,56.0958,3.8896,4.3834,8.691,9.3305,13.5626,37.1445,0.144173,0.185523,2.2497,11.066,15.1291,56.0958,3.8896,4.3834,8.691,9.3305,13.5626,37.1445,0.144173,0.185523,2.2497,11.066,15.1291,56.0958,3.8896,4.3834,8.691,9.3305,13.5626,37.1445,0.144173,0.185523,0
1886.5596,2.3152,11.5852,14.718,76.8414,7.4097,4.5614,9.278,13.3973,13.8469,35.4899,0.148513,0.189938,2.3152,11.5852,14.718,76.8414,7.4097,4.5614,9.278,13.3973,13.8469,35.4899,0.148513,0.189938,2.3152,11.5852,14.718,76.8414,7.4097,4.5614,9.278,13.3973,13.8469,35.4899,0.148513,0.189938,0
1886.712,2.3472,12.4844,17.4516,79.8536,7.6695,4.9387,9.199,10.3779,13.5394,29.9851,0.155468,0.19387,2.3472,12.4844,17.4516,79.8536,7.6695,4.9387,9.199,10.3779,13.5394,29.9851,0.155468,0.19387,2.3472,12.4844,17.4516,79.8536,7.6695,4.9387,9.199,10.3779,13.5394,29.9851,0.155468,0.19387,0
1886.8644,2.3709,13.3835,20.1852,89.0809,6.6683,5.316,9.12,7.6385,13.2318,24.4804,0.160331,0.197802,2.3709,13.3835,20.1852,89.0809,6.6683,5.316,9.12,7.6385,13.2318,24.4804,0.160331,0.197802,2.3709,13.3835,20.1852,89.0809,6.6683,5.316,9.12,7.6385,13.2318,24.4804,0.160331,0.197802,0
1887.0168,2.4088,14.0719,22.4798,98.8413,10.8896,5.5885,8.9637,10.7653,12.9198,19.6246,0.159861,0.201085,2.4088,14.0719,22.4798,98.8413,10.8896,5.5885,8.9637,10.7653,12.9198,19.6246,0.159861,0.201085,2.4088,14.0719,22.4798,98.8413,10.8896,5.5885,8.9637,10.7653,12.9198,19.6246,0.159861,0.201085,0
1887.1692,2.3633,13.06,21.2307,80.8134,10.9621,5.0153,8.1832,10.1721,12.571,20.0071,0.15808,0.199134,2.3633,13.06,21.2307,80.8134,10.9621,5.0153,8.1832,10.1721,12.571,20.0071,0.15808,0.199134,2.3633,13.06,21.2307,80.8134,10.9621,5.0153,8.1832,10.1721,12.571,20.0071,0.15808,0.199134,0
1887.3216,2.3049,12.048,19.9817,56.2962,7.3184,4.442,7.4028,6.7483,12.2223,20.3897,0.156161,0.197184,2.3049,12.048,19.9817,56.2962,7.3184,4.442,7.4028,6.7483,12.2223,20.3897,0.156161,0.197184,2.3049,12.048,19.9817,56.2962,7.3184,4.442,7.4028,6.7483,12.2223,20.3897,0.156161,0.197184,0
1887.474,2.2448,11.036,18.7326,39.6699,4.6911,3.8688,6.6223,5.9055,11.8736,20.7722,0.15202,0.195233,2.2448,11.036,18.7326,39.6699,4.6911,3.8688,6.6223,5.9055,11.8736,20.7722,0.15202,0.195233,2.2448,11.036,18.7326,39.6699,4.6911,3.8688,6.6223,5.9055,11.8736,20.7722,0.15202,0.195233,0
1887.6264,2.2121,11.1972,16.9161,34.1422,3.4353,3.6772,6.4296,5.7941,12.1,21.8173,0.148187,0.193307,2.2121,11.1972,16.9161,34.1422,3.4353,3.6772,6.4296,5.7941,12.1,21.8173,0.148187,0.193307,2.2121,11.1972,16.9161,34.1422,3.4353,3.6772,6.4296,5.7941,12.1,21.8173,0.148187,0.193307,0
1887.7788,2.2267,11.5998,14.9829,37.1538,3.5533,3.5641,6.3578,6.064,12.4446,22.9986,0.145633,0.191387,2.2267,11.5998,14.9829,37.1538,3.5533,3.5641,6.3578,6.064,12.4446,22.9986,0.145633,0.191387,2.2267,11.5998,14.9829,37.1538,3.5533,3.5641,6.3578,6.064,12.4446,22.9986,0.145633,0.191387,0
1887.9312,2.2507,12.0023,13.0496,42.4629,3.7919,3.451,6.286,6.5731,12.7893,24.1799,0.145374,0.189467,2.2507,12.0023,13.0496,42.4629,3.7919,3.451,6.286,6.5731,12.7893,24.1799,0.145374,0.189467,2.2507,12.0023,13.0496,42.4629,3.7919,3.451,6.286,6.5731,12.7893,24.1799,0.145374,0.189467,0
1888.0836,2.2683,13.6155,12.3168,47.4337,3.871,3.6036,6.5222,6.7838,13.2225,22.2587,0.148698,0.19079,2.2683,13.6155,12.3168,47.4337,3.871,3.6036,6.5222,6.7838,13.2225,22.2587,0.148698,0.19079,2.2683,13.6155,12.3168,47.4337,3.871,3.6036,6.5222,6.7838,13.2225,22.2587,0.148698,0.19079,0
1888.236,2.2664,16.2251,12.5719,51.1126,3.3255,3.9748,7.0118,5.9138,13.7285,17.7842,0.152186,0.194783,2.2664,16.2251,12.5719,51.1126,3.3255,3.9748,7.0118,5.9138,13.7285,17.7842,0.152186,0.194783,2.2664,16.2251,12.5719,51.1126,3.3255,3.9748,7.0118,5.9138,13.7285,17.7842,0.152186,0.194783,0
1888.3884,2.2571,18.8347,12.827,67.5481,3.402,4.3461,7.5015,6.4561,14.2345,13.3098,0.157537,0.198776,2.2571,18.8347,12.827,67.5481,3.402,4.3461,7.5015,6.4561,14.2345,13.3098,0.157537,0.198776,2.2571,18.8347,12.827,67.5481,3.402,4.3461,7.5015,6.4561,14.2345,13.3098,0.157537,0.198776,0
1888.5408,2.3148,22.9277,13.8351,85.5203,5.3069,4.5469,7.7797,7.1043,14.4556,10.0136,0.16287,0.201969,2.3148,22.9277,13.8351,85.5203,5.3069,4.5469,7.7797,7.1043,14.4556,10.0136,0.16287,0.201969,2.3148,22.9277,13.8351,85.5203,5.3069,4.5469,7.7797,7.1043,14.4556,10.0136,0.16287,0.201969,0
1888.6932,2.3602,31.078,16.9028,91.1682,7.4407,4.2817,7.4799,12.3399,13.897,9.9406,0.16552,0.202975,2.3602,31.078,16.9028,91.1682,7.4407,4.2817,7.4799,12.3399,13.897,9.9406,0.16552,0.202975,2.3602,31.078,16.9028,91.1682,7.4407,4.2817,7.4799,12.3399,13.897,9.9406,0.16552,0.202975,0
1888.8456,2.3411,39.2283,19.9706,68.6885,5.425,4.0165,7.18,9.5099,13.3385,9.8676,0.165781,0.203981,2.3411,39.2283,19.9706,68.6885,5.425,4.0165,7.18,9.5099,13.3385,9.8676,0.165781,0.203981,2.3411,39.2283,19.9706,68.6885,5.425,4.0165,7.18,9.5099,13.3385,9.8676,0.165781,0.203981,0
1888.998,2.2576,47.3786,23.0383,50.0721,3.8076,3.7513,6.8801,5.4057,12.7799,9.7946,0.161709,0.204987,2.2576,47.3786,23.0383,50.0721,3.8076,3.7513,6.8801,5.4057,12.7799,9.7946,0.161709,0.204987,2.2576,47.3786,23.0383,50.0721,3.8076,3.7513,6.8801,5.4057,12.7799,9.7946,0.161709,0.204987,0
1889.1504,2.2316,41.0505,19.7265,48.2904,4.4243,3.8,6.8302,5.4999,13.7982,9.7722,0.156502,0.20109,2.2316,41.0505,19.7265,48.2904,4.4243,3.8,6.8302,5.4999,13.7982,9.7722,0.156502,0.20109,2.2316,41.0505,19.7265,48.2904,4.4243,3.8,6.8302,5.4999,13.7982,9.7722,0.156502,0.20109,0
1889.3028,2.2462,34.5298,16.3297,45.6126,3.8691,3.8528,6.7835,6.4614,14.8375,9.7505,0.152057,0.197127,2.2462,34.5298,16.3297,45.6126,3.8691,3.8528,6.7835,6.4614,14.8375,9.7505,0.152057,0.197127,2.2462,34.5298,16.3297,45.6126,3.8691,3.8528,6.7835,6.4614,14.8375,9.7505,0.152057,0.197127,0
1889.4552,2.2348,28.009,12.933,48.8269,2.979,3.9057,6.7369,6.0086,15.8767,9.7288,0.149798,0.193165,2.2348,28.009,12.933,48.8269,2.979,3.9057,6.7369,6.0086,15.8767,9.7288,0.149798,0.193165,2.2348,28.009,12.933,48.8269,2.979,3.9057,6.7369,6.0086,15.8767,9.7288,0.149798,0.193165,0
1889.6076,2.2491,26.3841,13.3969,52.3204,3.6961,4.2344,8.6442,7.6577,15.8739,9.8106,0.147869,0.191828,2.2491,26.3841,13.3969,52.3204,3.6961,4.2344,8.6442,7.6577,15.8739,9.8106,0.147869,0.191828,2.2491,26.3841,13.3969,52.3204,3.6961,4.2344,8.6442,7.6577,15.8739,9.8106,0.147869,0.191828,0
1889.76,2.2753,26.7975,15.4681,50.4988,4.6864,4.678,11.3649,8.4845,15.4374,9.9356,0.146362,0.191584,2.2753,26.7975,15.4681,50.4988,4.6864,4.678,11.3649,8.4845,15.4374,9.9356,0.146362,0.191584,2.2753,26.7975,15.4681,50.4988,4.6864,4.678,11.3649,8.4845,15.4374,9.9356,0.146362,0.191584,0
1889.9124,2.2616,27.2109,17.5393,45.0821,4.006,5.1215,14.0857,7.5438,15.0008,10.0606,0.147339,0.19134,2.2616,27.2109,17.5393,45.0821,4.006,5.1215,14.0857,7.5438,15.0008,10.0606,0.147339,0.19134,2.2616,27.2109,17.5393,45.0821,4.006,5.1215,14.0857,7.5438,15.0008,10.0606,0.147339,0.19134,0
1890.0648,2.2477,26.7855,18.7429,43.2916,3.0709,5.8282,16.2105,10.8101,14.6235,10.2238,0.149631,0.19225,2.2477,26.7855,18.7429,43.2916,3.0709,5.8282,16.2105,10.8101,14.6235,10.2238,0.149631,0.19225,2.2477,26.7855,18.7429,43.2916,3.0709,5.8282,16.2105,10.8101,14.6235,10.2238,0.149631,0.19225,0
1890.2172,2.3398,25.2262,18.7736,74.5568,12.8509,6.8906,17.5296,21.3677,14.3265,10.4388,0.156304,0.194719,2.3398,25.2262,18.7736,74.5568,12.8509,6.8906,17.5296,21.3677,14.3265,10.4388,0.156304,0.194719,2.3398,25.2262,18.7736,74.5568,12.8509,6.8906,17.5296,21.3677,14.3265,10.4388,0.156304,0.194719,0
1890.3696,2.4595,23.667,18.8043,102.9845,22.9356,7.9529,18.8488,25.9456,14.0294,10.6538,0.159154,0.197188,2.4595,23.667,18.8043,102.9845,22.9356,7.9529,18.8488,25.9456,14.0294,10.6538,0.159154,0.197188,2.4595,23.667,18.8043,102.9845,22.9356,7.9529,18.8488,25.9456,14.0294,10.6538,0.159154,0.197188,0
1890.522,2.4559,22.3706,18.9113,94.9422,15.9018,8.8176,19.6427,16.2487,13.6248,10.9204,0.15654,0.198992,2.4559,22.3706,18.9113,94.9422,15.9018,8.8176,19.6427,16.2487,13.6248,10.9204,0.15654,0.198992,2.4559,22.3706,18.9113,94.9422,15.9018,8.8176,19.6427,16.2487,13.6248,10.9204,0.15654,0.198992,0
1890.6744,2.3936,22.6321,19.471,77.8473,13.3131,8.5104,17.3233,17.9821,12.5822,11.4932,0.151118,0.196858,2.3936,22.6321,19.471,77.8473,13.3131,8.5104,17.3233,17.9821,12.5822,11.4932,0.151118,0.196858,2.3936,22.6321,19.471,77.8473,13.3131,8.5104,17.3233,17.9821,12.5822,11.4932,0.151118,0.196858,0
1890.8268,2.3517,22.8937,20.0308,67.8138,10.2194,8.2033,15.0039,16.3457,11.5397,12.066,0.148991,0.194725,2.3517,22.8937,20.0308,67.8138,10.2194,8.2033,15.0039,16.3457,11.5397,12.066,0.148991,0.194725,2.3517,22.8937,20.0308,67.8138,10.2194,8.2033,15.0039,16.3457,11.5397,12.066,0.148991,0.194725,0
1890.9792,2.3022,23.1553,20.5905,63.7904,6.4763,7.8961,12.6846,11.0488,10.4971,12.6388,0.150758,0.192591,2.3022,23.1553,20.5905,63.7904,6.4763,7.8961,12.6846,11.0488,10.4971,12.6388,0.150758,0.192591,2.3022,23.1553,20.5905,63.7904,6.4763,7.8961,12.6846,11.0488,10.4971,12.6388,0.150758,0.192591,0
1891.1316,2.2956,24.817,24.7063,65.7862,9.1777,8.585,12.7103,12.5853,10.9788,12.2482,0.153103,0.195222,2.2956,24.817,24.7063,65.7862,9.1777,8.585,12.7103,12.5853,10.9788,12.2482,0.153103,0.195222,2.2956,24.817,24.7063,65.7862,9.1777,8.585,12.7103,12.5853,10.9788,12.2482,0.153103,0.195222,0
1891.284,2.3366,26.6999,29.3842,78.2483,16.1773,9.4313,13.1068,16.8138,11.7014,11.7054,0.158301,0.198605,2.3366,26.6999,29.3842,78.2483,16.1773,9.4313,13.1068,16.8138,11.7014,11.7054,0.158301,0.198605,2.3366,26.6999,29.3842,78.2483,16.1773,9.4313,13.1068,16.8138,11.7014,11.7054,0.158301,0.198605,0
1891.4364,2.3747,28.5829,34.062,81.8196,16.2718,10.2776,13.5033,14.8374,12.424,11.1625,0.161884,0.201988,2.3747,28.5829,34.062,81.8196,16.2718,10.2776,13.5033,14.8374,12.424,11.1625,0.161884,0.201988,2.3747,28.5829,34.062,81.8196,16.2718,10.2776,13.5033,14.8374,12.424,11.1625,0.161884,0.201988,0
1891.5888,2.3022,34.2761,50.8889,70.7304,12.5725,10.3123,13.1579,11.3021,13.081,12.3761,0.160204,0.202352,2.3022,34.2761,50.8889,70.7304,12.5725,10.3123,13.1579,11.3021,13.081,12.3761,0.160204,0.202352,2.3022,34.2761,50.8889,70.7304,12.5725,10.3123,13.1579,11.3021,13.081,12.3761,0.160204,0.202352,0
1891.7412,2.2645,42.6982,76.4171,69.1654,10.2839,9.7656,12.2813,10.4938,13.6911,14.8475,0.15788,0.200554,2.2645,42.6982,76.4171,69.1654,10.2839,9.7656,12.2813,10.4938,13.6911,14.8475,0.15788,0.200554,2.2645,42.6982,76.4171,69.1654,10.2839,9.7656,12.2813,10.4938,13.6911,14.8475,0.15788,0.200554,0
1891.8936,2.2853,51.1204,101.9454,77.4861,12.1489,9.2189,11.4047,11.7855,14.3011,17.3189,0.158257,0.198756,2.2853,51.1204,101.9454,77.4861,12.1489,9.2189,11.4047,11.7855,14.3011,17.3189,0.158257,0.198756,2.2853,51.1204,101.9454,77.4861,12.1489,9.2189,11.4047,11.7855,14.3011,17.3189,0.158257,0.198756,0
1892.046,2.2923,54.0104,127.2501,72.3782,14.2921,8.4365,10.3925,10.3634,13.9448,23.4724,0.156376,0.195973,2.2923,54.0104,127.2501,72.3782,14.2921,8.4365,10.3925,10.3634,13.9448,23.4724,0.156376,0.195973,2.2923,54.0104,127.2501,72.3782,14.2921,8.4365,10.3925,10.3634,13.9448,23.4724,0.156376,0.195973,0
1892.1984,2.3015,44.1044,152.0381,56.0934,16.6012,7.1088,9.0666,11.0916,11.3535,38.1427,0.149643,0.190913,2.3015,44.1044,152.0381,56.0934,16.6012,7.1088,9.0666,11.0916,11.3535,38.1427,0.149643,0.190913,2.3015,44.1044,152.0381,56.0934,16.6012,7.1088,9.0666,11.0916,11.3535,38.1427,0.149643,0.190913,0
1892.3508,2.3076,34.1983,176.826,45.5216,11.5691,5.7811,7.7407,8.7862,8.7622,52.8129,0.142646,0.185853,2.3076,34.1983,176.826,45.5216,11.5691,5.7811,7.7407,8.7862,8.7622,52.8129,0.142646,0.185853,2.3076,34.1983,176.826,45.5216,11.5691,5.7811,7.7407,8.7862,8.7622,52.8129,0.142646,0.185853,0
1892.5032,2.2622,24.4489,200.1944,37.9443,5.3889,4.4731,6.4322,4.5506,6.2041,66.9631,0.138678,0.180963,2.2622,24.4489,200.1944,37.9443,5.3889,4.4731,6.4322,4.5506,6.2041,66.9631,0.138678,0.180963,2.2622,24.4489,200.1944,37.9443,5.3889,4.4731,6.4322,4.5506,6.2041,66.9631,0.138678,0.180963,0
1892.6556,2.2342,21.9991,157.3741,34.3909,3.0936,4.0828,5.9376,2.8623,5.1953,56.8677,0.138529,0.18395,2.2342,21.9991,157.3741,34.3909,3.0936,4.0828,5.9376,2.8623,5.1953,56.8677,0.138529,0.18395,2.2342,21.9991,157.3741,34.3909,3.0936,4.0828,5.9376,2.8623,5.1953,56.8677,0.138529,0.18395,0
1892.808,2.2389,19.5493,114.5538,39.6189,2.595,3.6925,5.443,3.4633,4.1865,46.7723,0.142699,0.186937,2.2389,19.5493,114.5538,39.6189,2.595,3.6925,5.443,3.4633,4.1865,46.7723,0.142699,0.186937,2.2389,19.5493,114.5538,39.6189,2.595,3.6925,5.443,3.4633,4.1865,46.7723,0.142699,0.186937,0
1892.9604,2.2678,17.0995,71.7335,47.7587,2.5817,3.3021,4.9483,4.1487,3.1777,36.6769,0.147479,0.189924,2.2678,17.0995,71.7335,47.7587,2.5817,3.3021,4.9483,4.1487,3.1777,36.6769,0.147479,0.189924,2.2678,17.0995,71.7335,47.7587,2.5817,3.3021,4.9483,4.1487,3.1777,36.6769,0.147479,0.189924,0
1893.1128,2.3574,18.2651,51.275,72.2212,3.963,3.2625,4.7754,6.368,4.6319,32.2354,0.153146,0.19246,2.3574,18.2651,51.275,72.2212,3.963,3.2625,4.7754,6.368,4.6319,32.2354,0.153146,0.19246,2.3574,18.2651,51.275,72.2212,3.963,3.2625,4.7754,6.368,4.6319,32.2354,0.153146,0.19246,0
1893.2652,2.3877,20.6999,38.6668,92.0333,6.7232,3.3461,4.7154,8.8814,6.9508,29.7788,0.156712,0.194837,2.3877,20.6999,38.6668,92.0333,6.7232,3.3461,4.7154,8.8814,6.9508,29.7788,0.156712,0.194837,2.3877,20.6999,38.6668,92.0333,6.7232,3.3461,4.7154,8.8814,6.9508,29.7788,0.156712,0.194837,0
1893.4176,2.2827,23.1348,26.0586,68.9077,5.5295,3.4296,4.6553,5.6531,9.2697,27.3222,0.157591,0.197215,2.2827,23.1348,26.0586,68.9077,5.5295,3.4296,4.6553,5.6531,9.2697,27.3222,0.157591,0.197215,2.2827,23.1348,26.0586,68.9077,5.5295,3.4296,4.6553,5.6531,9.2697,27.3222,0.157591,0.197215,0
1893.57,2.2553,23.9165,18.8061,51.5947,3.6243,3.4412,4.5859,3.151,11.3877,26.5197,0.152087,0.196946,2.2553,23.9165,18.8061,51.5947,3.6243,3.4412,4.5859,3.151,11.3877,26.5197,0.152087,0.196946,2.2553,23.9165,18.8061,51.5947,3.6243,3.4412,4.5859,3.151,11.3877,26.5197,0.152087,0.196946,0
1893.7224,2.2968,22.7522,17.858,51.0215,3.2853,3.368,4.5054,3.4061,13.2693,27.6644,0.146476,0.193563,2.2968,22.7522,17.858,51.0215,3.2853,3.368,4.5054,3.4061,13.2693,27.6644,0.146476,0.193563,2.2968,22.7522,17.858,51.0215,3.2853,3.368,4.5054,3.4061,13.2693,27.6644,0.146476,0.193563,0
1893.8748,2.3505,21.5878,16.9099,69.0529,4.1696,3.2947,4.4249,4.506,15.1508,28.809,0.144462,0.190179,2.3505,21.5878,16.9099,69.0529,4.1696,3.2947,4.4249,4.506,15.1508,28.809,0.144462,0.190179,2.3505,21.5878,16.9099,69.0529,4.1696,3.2947,4.4249,4.506,15.1508,28.809,0.144462,0.190179,0
1894.0272,2.3451,25.2142,16.0211,75.6931,4.7049,3.1686,4.2723,5.3622,17.4322,29.3349,0.145567,0.188004,2.3451,25.2142,16.0211,75.6931,4.7049,3.1686,4.2723,5.3622,17.4322,29.3349,0.145567,0.188004,2.3451,25.2142,16.0211,75.6931,4.7049,3.1686,4.2723,5.3622,17.4322,29.3349,0.145567,0.188004,0
1894.1796,2.2428,50.8916,15.4056,56.2251,3.2096,2.799,3.7878,3.6558,21.5542,27.0133,0.151566,0.191387,2.2428,50.8916,15.4056,56.2251,3.2096,2.799,3.7878,3.6558,21.5542,27.0133,0.151566,0.191387,2.2428,50.8916,15.4056,56.2251,3.2096,2.799,3.7878,3.6558,21.5542,27.0133,0.151566,0.191387,0
1894.332,2.2004,76.5691,14.7901,38.9396,2.3425,2.4293,3.3032,2.412,25.6763,24.6917,0.156732,0.19477,2.2004,76.5691,14.7901,38.9396,2.3425,2.4293,3.3032,2.412,25.6763,24.6917,0.156732,0.19477,2.2004,76.5691,14.7901,38.9396,2.3425,2.4293,3.3032,2.412,25.6763,24.6917,0.156732,0.19477,0
1894.4844,2.2032,102.2466,14.1746,28.8199,2.2946,2.0596,2.8187,2.5642,29.7984,22.3701,0.156278,0.198154,2.2032,102.2466,14.1746,28.8199,2.2946,2.0596,2.8187,2.5642,29.7984,22.3701,0.156278,0.198154,2.2032,102.2466,14.1746,28.8199,2.2946,2.0596,2.8187,2.5642,29.7984,22.3701,0.156278,0.198154,0
1894.6368,2.2001,127.3025,12.8164,27.6472,2.1029,2.0207,2.7799,2.56,30.9233,21.948,0.154535,0.197214,2.2001,127.3025,12.8164,27.6472,2.1029,2.0207,2.7799,2.56,30.9233,21.948,0.154535,0.197214,2.2001,127.3025,12.8164,27.6472,2.1029,2.0207,2.7799,2.56,30.9233,21.948,0.154535,0.197214,0
1894.7892,2.2035,152.2875,11.3736,31.5213,1.926,2.0194,2.7919,2.5563,31.7064,21.7424,0.153398,0.195782,2.2035,152.2875,11.3736,31.5213,1.926,2.0194,2.7919,2.5563,31.7064,21.7424,0.153398,0.195782,2.2035,152.2875,11.3736,31.5213,1.926,2.0194,2.7919,2.5563,31.7064,21.7424,0.153398,0.195782,0
1894.9416,2.2054,177.2726,9.9307,33.1496,1.9005,2.0182,2.804,2.65,32.4895,21.5368,0.152107,0.194349,2.2054,177.2726,9.9307,33.1496,1.9005,2.0182,2.804,2.65,32.4895,21.5368,0.152107,0.194349,2.2054,177.2726,9.9307,33.1496,1.9005,2.0182,2.804,2.65,32.4895,21.5368,0.152107,0.194349,0
1895.094,2.2151,212.7579,9.4762,28.836,2.0417,2.0464,2.8388,2.857,31.5861,24.2771,0.149431,0.19254,2.2151,212.7579,9.4762,28.836,2.0417,2.0464,2.8388,2.857,31.5861,24.2771,0.149431,0.19254,2.2151,212.7579,9.4762,28.836,2.0417,2.0464,2.8388,2.857,31.5861,24.2771,0.149431,0.19254,0
1895.2464,2.2249,254.7669,9.6357,26.7608,2.1941,2.093,2.8878,3.0143,29.6348,28.8476,0.147371,0.190498,2.2249,254.7669,9.6357,26.7608,2.1941,2.093,2.8878,3.0143,29.6348,28.8476,0.147371,0.190498,2.2249,254.7669,9.6357,26.7608,2.1941,2.093,2.8878,3.0143,29.6348,28.8476,0.147371,0.190498,0
1895.3988,2.2319,296.7759,9.7953,28.7738,2.3565,2.1396,2.9368,3.0151,27.6836,33.4182,0.145752,0.188456,2.2319,296.7759,9.7953,28.7738,2.3565,2.1396,2.9368,3.0151,27.6836,33.4182,0.145752,0.188456,2.2319,296.7759,9.7953,28.7738,2.3565,2.1396,2.9368,3.0151,27.6836,33.4182,0.145752,0.188456,0
1895.5512,2.2317,301.7971,9.7573,27.9559,2.3157,2.1739,2.9566,2.8433,25.9427,37.7449,0.144717,0.186291,2.2317,301.7971,9.7573,27.9559,2.3157,2.1739,2.9566,2.8433,25.9427,37.7449,0.144717,0.186291,2.2317,301.7971,9.7573,27.9559,2.3157,2.1739,2.9566,2.8433,25.9427,37.7449,0.144717,0.186291,0
1895.7036,2.2278,233.7096,9.329,25.5176,2.1458,2.184,2.9188,2.7125,24.6176,41.5899,0.144691,0.183883,2.2278,233.7096,9.329,25.5176,2.1458,2.184,2.9188,2.7125,24.6176,41.5899,0.144691,0.183883,2.2278,233.7096,9.329,25.5176,2.1458,2.184,2.9188,2.7125,24.6176,41.5899,0.144691,0.183883,0
1895.856,2.232,165.6222,8.9006,25.1212,2.0972,2.1941,2.8809,2.7223,23.2926,45.4348,0.146522,0.181475,2.232,165.6222,8.9006,25.1212,2.0972,2.1941,2.8809,2.7223,23.2926,45.4348,0.146522,0.181475,2.232,165.6222,8.9006,25.1212,2.0972,2.1941,2.8809,2.7223,23.2926,45.4348,0.146522,0.181475,0
1896.0084,2.2637,100.6895,8.423,29.6086,1.8693,2.2043,2.847,2.5676,21.9507,48.5998,0.157832,0.179101,2.2637,100.6895,8.423,29.6086,1.8693,2.2043,2.847,2.5676,21.9507,48.5998,0.157832,0.179101,2.2637,100.6895,8.423,29.6086,1.8693,2.2043,2.847,2.5676,21.9507,48.5998,0.157832,0.179101,0
1896.1608,2.2745,89.8384,7.1008,31.8963,1.4805,2.2175,2.8802,2.1052,20.3221,40.1082,0.165103,0.177303,2.2745,89.8384,7.1008,31.8963,1.4805,2.2175,2.8802,2.1052,20.3221,40.1082,0.165103,0.177303,2.2745,89.8384,7.1008,31.8963,1.4805,2.2175,2.8802,2.1052,20.3221,40.1082,0.165103,0.177303,0
1896.3132,2.2765,78.9874,5.7785,29.0745,1.2529,2.2307,2.9133,1.795,18.6935,31.6167,0.165326,0.175504,2.2765,78.9874,5.7785,29.0745,1.2529,2.2307,2.9133,1.795,18.6935,31.6167,0.165326,0.175504,2.2765,78.9874,5.7785,29.0745,1.2529,2.2307,2.9133,1.795,18.6935,31.6167,0.165326,0.175504,0
1896.4656,2.2761,68.1363,4.4563,29.5556,1.1907,2.2438,2.9464,1.6488,17.0649,23.1252,0.16398,0.173706,2.2761,68.1363,4.4563,29.5556,1.1907,2.2438,2.9464,1.6488,17.0649,23.1252,0.16398,0.173706,2.2761,68.1363,4.4563,29.5556,1.1907,2.2438,2.9464,1.6488,17.0649,23.1252,0.16398,0.173706,0
1896.618,2.2958,,3.8238,34.3293,1.3248,2.1629,2.8622,1.752,17.1399,19.8311,0.158744,0.176226,2.2958,,3.8238,34.3293,1.3248,2.1629,2.8622,1.752,17.1399,19.8311,0.158744,0.176226,2.2958,,3.8238,34.3293,1.3248,2.1629,2.8622,1.752,17.1399,19.8311,0.158744,0.176226,0
1896.7704,2.2985,,3.3925,37.1582,1.9205,2.0544,2.7437,2.4974,17.7115,18.0521,0.151444,0.180006,2.2985,,3.3925,37.1582,1.9205,2.0544,2.7437,2.4974,17.7115,18.0521,0.151444,0.180006,2.2985,,3.3925,37.1582,1.9205,2.0544,2.7437,2.4974,17.7115,18.0521,0.151444,0.180006,0
1896.9228,2.2879,,2.9611,37.7725,2.3889,1.946,2.6253,3.0472,18.2831,16.2732,0.147333,0.183785,2.2879,,2.9611,37.7725,2.3889,1.946,2.6253,3.0472,18.2831,16.2732,0.147333,0.183785,2.2879,,2.9611,37.7725,2.3889,1.946,2.6253,3.0472,18.2831,16.2732,0.147333,0.183785,0
1897.0752,2.3048,,10.5607,31.8995,2.5152,1.9247,2.6323,3.2912,20.8529,17.0153,0.143757,0.185986,2.3048,,10.5607,31.8995,2.5152,1.9247,2.6323,3.2912,20.8529,17.0153,0.143757,0.185986,2.3048,,10.5607,31.8995,2.5152,1.9247,2.6323,3.2912,20.8529,17.0153,0.143757,0.185986,0
1897.2276,2.3353,,26.4048,27.3289,2.4606,1.9927,2.7682,3.2703,25.4743,20.3457,0.140733,0.186565,2.3353,,26.4048,27.3289,2.4606,1.9927,2.7682,3.2703,25.4743,20.3457,0.140733,0.186565,2.3353,,26.4048,27.3289,2.4606,1.9927,2.7682,3.2703,25.4743,20.3457,0.140733,0.186565,0
1897.38,2.3505,,42.2488,29.0344,2.2954,2.0607,2.9041,3.1556,30.0956,23.6761,0.139262,0.187144,2.3505,,42.2488,29.0344,2.2954,2.0607,2.9041,3.1556,30.0956,23.6761,0.139262,0.187144,2.3505,,42.2488,29.0344,2.2954,2.0607,2.9041,3.1556,30.0956,23.6761,0.139262,0.187144,0
1897.5324,2.3454,,66.9489,31.8478,2.1815,2.1612,3.063,3.1226,33.4967,26.2077,0.138517,0.187192,2.3454,,66.9489,31.8478,2.1815,2.1612,3.063,3.1226,33.4967,26.2077,0.138517,0.187192,2.3454,,66.9489,31.8478,2.1815,2.1612,3.063,3.1226,33.4967,26.2077,0.138517,0.187192,0
1897.6848,2.3261,,124.4491,33.7644,1.9146,2.3819,3.3072,3.0385,32.3783,25.7806,0.137343,0.185272,2.3261,,124.4491,33.7644,1.9146,2.3819,3.3072,3.0385,32.3783,25.7806,0.137343,0.185272,2.3261,,124.4491,33.7644,1.9146,2.3819,3.3072,3.0385,32.3783,25.7806,0.137343,0.185272,0
1897.8372,2.3219,,181.9492,34.1789,1.6426,2.6025,3.5514,2.6862,31.2599,25.3535,0.136545,0.183351,2.3219,,181.9492,34.1789,1.6426,2.6025,3.5514,2.6862,31.2599,25.3535,0.136545,0.183351,2.3219,,181.9492,34.1789,1.6426,2.6025,3.5514,2.6862,31.2599,25.3535,0.136545,0.183351,0
1897.9896,2.3255,,239.4494,32.5482,1.3879,2.8231,3.7955,2.1078,30.1415,24.9263,0.13538,0.181431,2.3255,,239.4494,32.5482,1.3879,2.8231,3.7955,2.1078,30.1415,24.9263,0.13538,0.181431,2.3255,,239.4494,32.5482,1.3879,2.8231,3.7955,2.1078,30.1415,24.9263,0.13538,0.181431,0
1898.142,2.3337,,231.187,36.8702,1.2894,2.9149,3.8793,1.8211,26.621,40.6703,0.134162,0.176671,2.3337,,231.187,36.8702,1.2894,2.9149,3.8793,1.8211,26.621,40.6703,0.134162,0.176671,2.3337,,231.187,36.8702,1.2894,2.9149,3.8793,1.8211,26.621,40.6703,0.134162,0.176671,0
1898.2944,2.3571,,218.1082,37.155,1.4458,2.9973,3.9513,2.0279,22.9245,57.5987,0.131504,0.171703,2.3571,,218.1082,37.155,1.4458,2.9973,3.9513,2.0279,22.9245,57.5987,0.131504,0.171703,2.3571,,218.1082,37.155,1.4458,2.9973,3.9513,2.0279,22.9245,57.5987,0.131504,0.171703,0
1898.4468,2.355,,205.0294,37.8159,1.5927,3.0797,4.0233,2.3691,19.2281,74.527,0.130136,0.166734,2.355,,205.0294,37.8159,1.5927,3.0797,4.0233,2.3691,19.2281,74.527,0.130136,0.166734,2.355,,205.0294,37.8159,1.5927,3.0797,4.0233,2.3691,19.2281,74.527,0.130136,0.166734,0
1898.5992,2.3338,,161.2075,35.8257,1.6786,3.1249,4.1249,2.8244,16.8621,71.4164,0.130993,0.164127,2.3338,,161.2075,35.8257,1.6786,3.1249,4.1249,2.8244,16.8621,71.4164,0.130993,0.164127,2.3338,,161.2075,35.8257,1.6786,3.1249,4.1249,2.8244,16.8621,71.4164,0.130993,0.164127,0
1898.7516,2.3235,,100.8983,31.2487,1.7661,3.1503,4.2424,3.0349,15.2097,57.559,0.131946,0.162786,2.3235,,100.8983,31.2487,1.7661,3.1503,4.2424,3.0349,15.2097,57.559,0.131946,0.162786,2.3235,,100.8983,31.2487,1.7661,3.1503,4.2424,3.0349,15.2097,57.559,0.131946,0.162786,0
1898.904,2.3312,,40.5892,33.5186,1.8232,3.1756,4.3599,3.1068,13.5572,43.7016,0.132965,0.161445,2.3312,,40.5892,33.5186,1.8232,3.1756,4.3599,3.1068,13.5572,43.7016,0.132965,0.161445,2.3312,,40.5892,33.5186,1.8232,3.1756,4.3599,3.1068,13.5572,43.7016,0.132965,0.161445,0
1899.0564,2.3391,,12.6711,32.1335,1.8188,3.1979,4.4469,3.0933,12.571,36.4122,0.132571,0.160713,2.3391,,12.6711,32.1335,1.8188,3.1979,4.4469,3.0933,12.571,36.4122,0.132571,0.160713,2.3391,,12.6711,32.1335,1.8188,3.1979,4.4469,3.0933,12.571,36.4122,0.132571,0.160713,0
1899.2088,2.3417,,39.8868,31.5468,1.7374,3.215,4.4821,2.9494,12.7188,40.3021,0.133822,0.161018,2.3417,,39.8868,31.5468,1.7374,3.215,4.4821,2.9494,12.7188,40.3021,0.133822,0.161018,2.3417,,39.8868,31.5468,1.7374,3.215,4.4821,2.9494,12.7188,40.3021,0.133822,0.161018,0
1899.3612,2.3426,,67.1024,31.5011,1.6787,3.2321,4.5173,2.8128,12.8665,44.192,0.136012,0.161322,2.3426,,67.1024,31.5011,1.6787,3.2321,4.5173,2.8128,12.8665,44.192,0.136012,0.161322,2.3426,,67.1024,31.5011,1.6787,3.2321,4.5173,2.8128,12.8665,44.192,0.136012,0.161322,0
1899.5136,2.3382,,93.2698,32.7386,1.5846,3.2379,4.5438,2.6459,12.9828,51.4303,0.139443,0.161616,2.3382,,93.2698,32.7386,1.5846,3.2379,4.5438,2.6459,12.9828,51.4303,0.139443,0.161616,2.3382,,93.2698,32.7386,1.5846,3.2379,4.5438,2.6459,12.9828,51.4303,0.139443,0.161616,0
1899.666,2.3335,,108.7385,30.7975,1.4789,3.1288,4.4815,2.5103,12.7783,92.8418,0.142212,0.161799,2.3335,,108.7385,30.7975,1.4789,3.1288,4.4815,2.5103,12.7783,92.8418,0.142212,0.161799,2.3335,,108.7385,30.7975,1.4789,3.1288,4.4815,2.5103,12.7783,92.8418,0.142212,0.161799,0
1899.8184,2.3204,,124.2073,34.6946,1.2891,3.0197,4.4192,2.1906,12.5738,134.2533,0.143155,0.161982,2.3204,,124.2073,34.6946,1.2891,3.0197,4.4192,2.1906,12.5738,134.2533,0.143155,0.161982,2.3204,,124.2073,34.6946,1.2891,3.0197,4.4192,2.1906,12.5738,134.2533,0.143155,0.161982,0
1899.9708,2.3339,,139.676,34.9905,1.0909,2.9106,4.3569,1.6783,12.3693,175.6648,0.140366,0.162165,2.3339,,139.676,34.9905,1.0909,2.9106,4.3569,1.6783,12.3693,175.6648,0.140366,0.162165,2.3339,,139.676,34.9905,1.0909,2.9106,4.3569,1.6783,12.3693,175.6648,0.140366,0.162165,0
1900.1232,2.3674,,108.4521,36.4921,1.0693,2.8791,4.4824,1.5924,12.956,249.8058,0.138381,0.16326,2.3674,,108.4521,36.4921,1.0693,2.8791,4.4824,1.5924,12.956,249.8058,0.138381,0.16326,2.3674,,108.4521,36.4921,1.0693,2.8791,4.4824,1.5924,12.956,249.8058,0.138381,0.16326,0
1900.2756,2.3603,,66.1615,49.079,1.2109,2.8659,4.6524,1.9511,13.7301,331.704,0.138009,0.16457,2.3603,,66.1615,49.079,1.2109,2.8659,4.6524,1.9511,13.7301,331.704,0.138009,0.16457,2.3603,,66.1615,49.079,1.2109,2.8659,4.6524,1.9511,13.7301,331.704,0.138009,0.16457,0
1900.428,2.3392,,23.8708,54.1824,1.2866,2.8527,4.8224,2.0556,14.5043,413.6022,0.138155,0.165881,2.3392,,23.8708,54.1824,1.2866,2.8527,4.8224,2.0556,14.5043,413.6022,0.138155,0.165881,2.3392,,23.8708,54.1824,1.2866,2.8527,4.8224,2.0556,14.5043,413.6022,0.138155,0.165881,0
1900.5804,2.3476,,4.2147,48.1894,1.1968,2.8004,4.8067,1.6544,15.044,,0.139958,,2.3476,,4.2147,48.1894,1.1968,2.8004,4.8067,1.6544,15.044,,0.139958,,2.3476,,4.2147,48.1894,1.1968,2.8004,4.8067,1.6544,15.044,,0.139958,,0
1900.7328,2.3744,,4.8283,47.8109,1.1798,2.713,4.6246,1.4896,15.3736,,0.140772,,2.3744,,4.8283,47.8109,1.1798,2.713,4.6246,1.4896,15.3736,,0.140772,,2.3744,,4.8283,47.8109,1.1798,2.713,4.6246,1.4896,15.3736,,0.140772,,0
1900.8852,2.4047,,5.442,60.7434,1.6164,2.6255,4.4426,2.1174,15.7031,,0.141274,,2.4047,,5.442,60.7434,1.6164,2.6255,4.4426,2.1174,15.7031,,0.141274,,2.4047,,5.442,60.7434,1.6164,2.6255,4.4426,2.1174,15.7031,,0.141274,,0
1901.0376,2.3794,,5.6222,70.5578,2.0871,2.5834,4.3175,2.8342,16.7179,,0.143194,,2.3794,,5.6222,70.5578,2.0871,2.5834,4.3175,2.8342,16.7179,,0.143194,,2.3794,,5.6222,70.5578,2.0871,2.5834,4.3175,2.8342,16.7179,,0.143194,,0
1901.19,2.3049,,4.4794,55.0051,2.4366,2.6792,4.366,3.1828,19.8248,,0.147608,,2.3049,,4.4794,55.0051,2.4366,2.6792,4.366,3.1828,19.8248,,0.147608,,2.3049,,4.4794,55.0051,2.4366,2.6792,4.366,3.1828,19.8248,,0.147608,,0
1901.3424,2.2701,,3.3366,35.8692,2.5805,2.7751,4.4145,3.1492,22.9316,,0.151386,,2.2701,,3.3366,35.8692,2.5805,2.7751,4.4145,3.1492,22.9316,,0.151386,,2.2701,,3.3366,35.8692,2.5805,2.7751,4.4145,3.1492,22.9316,,0.151386,,0
1901.4948,2.2739,,2.1938,31.8615,2.559,2.871,4.4629,2.9602,26.0385,,0.154696,,2.2739,,2.1938,31.8615,2.559,2.871,4.4629,2.9602,26.0385,,0.154696,,2.2739,,2.1938,31.8615,2.559,2.871,4.4629,2.9602,26.0385,,0.154696,,0
1901.6472,2.283,,2.0634,30.4946,2.4552,3.0535,4.5031,2.7341,24.2772,,0.155936,,2.283,,2.0634,30.4946,2.4552,3.0535,4.5031,2.7341,24.2772,,0.155936,,2.283,,2.0634,30.4946,2.4552,3.0535,4.5031,2.7341,24.2772,,0.155936,,0
1901.7996,2.2846,,1.9687,29.3557,2.379,3.239,4.543,2.5448,22.344,,0.155964,,2.2846,,1.9687,29.3557,2.379,3.239,4.543,2.5448,22.344,,0.155964,,2.2846,,1.9687,29.3557,2.379,3.239,4.543,2.5448,22.344,,0.155964,,0
1901.952,2.2855,,1.874,27.4553,2.3718,3.4246,4.5828,2.6221,20.4108,,0.155681,,2.2855,,1.874,27.4553,2.3718,3.4246,4.5828,2.6221,20.4108,,0.155681,,2.2855,,1.874,27.4553,2.3718,3.4246,4.5828,2.6221,20.4108,,0.155681,,0
1902.1044,2.2905,,1.9084,25.7606,2.3194,3.3648,4.6253,2.6881,19.9224,,0.155819,,2.2905,,1.9084,25.7606,2.3194,3.3648,4.6253,2.6881,19.9224,,0.155819,,2.2905,,1.9084,25.7606,2.3194,3.3648,4.6253,2.6881,19.9224,,0.155819,,0
1902.2568,2.2954,,2.0021,23.5074,2.2397,3.1924,4.6689,2.6917,20.0983,,0.156191,,2.2954,,2.0021,23.5074,2.2397,3.1924,4.6689,2.6917,20.0983,,0.156191,,2.2954,,2.0021,23.5074,2.2397,3.1924,4.6689,2.6917,20.0983,,0.156191,,0
1902.4092,2.2889,,2.0959,28.9877,2.1714,3.0199,4.7126,2.7306,20.2742,,0.157129,,2.2889,,2.0959,28.9877,2.1714,3.0199,4.7126,2.7306,20.2742,,0.157129,,2.2889,,2.0959,28.9877,2.1714,3.0199,4.7126,2.7306,20.2742,,0.157129,,0
1902.5616,2.2871,,2.1629,29.2549,2.0992,2.8225,4.6453,2.6825,20.9688,,0.159194,,2.2871,,2.1629,29.2549,2.0992,2.8225,4.6453,2.6825,20.9688,,0.159194,,2.2871,,2.1629,29.2549,2.0992,2.8225,4.6453,2.6825,20.9688,,0.159194,,0
1902.714,2.2884,,2.1908,26.8579,1.8077,2.5884,4.4146,2.2863,22.4278,,0.162715,,2.2884,,2.1908,26.8579,1.8077,2.5884,4.4146,2.2863,22.4278,,0.162715,,2.2884,,2.1908,26.8579,1.8077,2.5884,4.4146,2.2863,22.4278,,0.162715,,0
1902.8664,2.2753,,2.2186,29.6175,1.5368,2.3544,4.1839,1.9221,23.8869,,0.165603,,2.2753,,2.2186,29.6175,1.5368,2.3544,4.1839,1.9221,23.8869,,0.165603,,2.2753,,2.2186,29.6175,1.5368,2.3544,4.1839,1.9221,23.8869,,0.165603,,0
1903.0188,2.2589,,2.2455,36.359,1.4471,2.1469,3.9815,1.6426,25.2257,,0.169908,,2.2589,,2.2455,36.359,1.4471,2.1469,3.9815,1.6426,25.2257,,0.169908,,2.2589,,2.2455,36.359,1.4471,2.1469,3.9815,1.6426,25.2257,,0.169908,,0
1903.1712,2.3048,,2.2654,47.4558,1.4395,2.1281,3.9805,1.4534,25.7097,,0.174132,,2.3048,,2.2654,47.4558,1.4395,2.1281,3.9805,1.4534,25.7097,,0.174132,,2.3048,,2.2654,47.4558,1.4395,2.1281,3.9805,1.4534,25.7097,,0.174132,,0
1903.3236,2.4066,,2.2853,68.974,1.6086,2.1093,3.9795,1.6345,26.1937,,0.175272,,2.4066,,2.2853,68.974,1.6086,2.1093,3.9795,1.6345,26.1937,,0.175272,,2.4066,,2.2853,68.974,1.6086,2.1093,3.9795,1.6345,26.1937,,0.175272,,0
1903.476,2.5301,,2.3052,112.8185,2.9384,2.0905,3.9785,3.1047,26.6777,,0.17469,,2.5301,,2.3052,112.8185,2.9384,2.0905,3.9785,3.1047,26.6777,,0.17469,,2.5301,,2.3052,112.8185,2.9384,2.0905,3.9785,3.1047,26.6777,,0.17469,,0
1903.6284,2.5683,,2.6278,136.7213,4.1057,,3.986,4.9013,25.9417,,0.175548,,2.5683,,2.6278,136.7213,4.1057,,3.986,4.9013,25.9417,,0.175548,,2.5683,,2.6278,136.7213,4.1057,,3.986,4.9013,25.9417,,0.175548,,0
1903.7808,2.5796,,3.0069,141.1225,5.1737,,3.9951,6.4808,24.9777,,0.175243,,2.5796,,3.0069,141.1225,5.1737,,3.9951,6.4808,24.9777,,0.175243,,2.5796,,3.0069,141.1225,5.1737,,3.9951,6.4808,24.9777,,0.175243,,0
1903.9332,2.5709,,3.3861,138.6626,5.6001,,4.0043,7.3634,24.0137,,0.173935,,2.5709,,3.3861,138.6626,5.6001,,4.0043,7.3634,24.0137,,0.173935,,2.5709,,3.3861,138.6626,5.6001,,4.0043,7.3634,24.0137,,0.173935,,0
1904.0856,2.4831,,15.7001,110.6761,4.3057,,,6.6554,24.3737,,0.16878,,2.4831,,15.7001,110.6761,4.3057,,,6.6554,24.3737,,0.16878,,2.4831,,15.7001,110.6761,4.3057,,,6.6554,24.3737,,0.16878,,0
1904.238,2.3892,,37.3278,77.1246,3.0273,,,5.2133,25.7668,,0.162528,,2.3892,,37.3278,77.1246,3.0273,,,5.2133,25.7668,,0.162528,,2.3892,,37.3278,77.1246,3.0273,,,5.2133,25.7668,,0.162528,,0
1904.3904,2.3272,,58.9555,55.5493,1.9278,,,3.4941,27.1598,,0.157311,,2.3272,,58.9555,55.5493,1.9278,,,3.4941,27.1598,,0.157311,,2.3272,,58.9555,55.5493,1.9278,,,3.4941,27.1598,,0.157311,,0
1904.5428,2.308,,80.9628,49.0764,1.3483,,,2.437,27.5051,,0.155946,,2.308,,80.9628,49.0764,1.3483,,,2.437,27.5051,,0.155946,,2.308,,80.9628,49.0764,1.3483,,,2.437,27.5051,,0.155946,,0
1904.6952,2.3113,,103.9423,41.6907,1.1308,,,1.9451,25.167,,0.156136,,2.3113,,103.9423,41.6907,1.1308,,,1.9451,25.167,,0.156136,,2.3113,,103.9423,41.6907,1.1308,,,1.9451,25.167,,0.156136,,0
1904.8476,2.3233,,126.9217,36.7306,1.0811,,,2.0577,22.8289,,0.156228,,2.3233,,126.9217,36.7306,1.0811,,,2.0577,22.8289,,0.156228,,2.3233,,126.9217,36.7306,1.0811,,,2.0577,22.8289,,0.156228,,0
1905.0,2.327,,149.9011,36.203,1.1963,,,2.4152,20.4908,,0.157129,,2.327,,149.9011,36.203,1.1963,,,2.4152,20.4908,,0.157129,,2.327,,149.9011,36.203,1.1963,,,2.4152,20.4908,,0.157129,,0
1905.1524,2.3217,,142.7876,33.52,1.2306,,,2.6066,19.4419,,0.15709,,2.3217,,142.7876,33.52,1.2306,,,2.6066,19.4419,,0.15709,,2.3217,,142.7876,33.52,1.2306,,,2.6066,19.4419,,0.15709,,0
1905.3048,2.3206,,135.674,33.1935,1.1947,,,2.5372,18.393,,0.156609,,2.3206,,135.674,33.1935,1.1947,,,2.5372,18.393,,0.156609,,2.3206,,135.674,33.1935,1.1947,,,2.5372,18.393,,0.156609,,0
1905.4572,2.3191,,128.5605,35.759,1.1496,,,2.4097,17.3441,,0.155033,,2.3191,,128.5605,35.759,1.1496,,,2.4097,17.3441,,0.155033,,2.3191,,128.5605,35.759,1.1496,,,2.4097,17.3441,,0.155033,,0
1905.6096,2.3212,,118.5801,34.605,1.0983,,,2.1652,16.9301,,0.151649,,2.3212,,118.5801,34.605,1.0983,,,2.1652,16.9301,,0.151649,,2.3212,,118.5801,34.605,1.0983,,,2.1652,16.9301,,0.151649,,0
1905.762,2.323,,107.4801,30.4695,1.0596,,,1.9234,16.7641,,0.148861,,2.323,,107.4801,30.4695,1.0596,,,1.9234,16.7641,,0.148861,,2.323,,107.4801,30.4695,1.0596,,,1.9234,16.7641,,0.148861,,0
1905.9144,2.3228,,96.3802,32.0832,1.0051,,,1.625,16.5981,,0.146952,,2.3228,,96.3802,32.0832,1.0051,,,1.625,16.5981,,0.146952,,2.3228,,96.3802,32.0832,1.0051,,,1.625,16.5981,,0.146952,,0
1906.0668,2.3323,,91.516,32.6857,1.0288,,,1.5539,16.6993,,0.145981,,2.3323,,91.516,32.6857,1.0288,,,1.5539,16.6993,,0.145981,,2.3323,,91.516,32.6857,1.0288,,,1.5539,16.6993,,0.145981,,0
1906.2192,2.3441,,94.6425,35.8706,1.2086,,,1.9366,17.1432,,0.1458,,2.3441,,94.6425,35.8706,1.2086,,,1.9366,17.1432,,0.1458,,2.3441,,94.6425,35.8706,1.2086,,,1.9366,17.1432,,0.1458,,0
1906.3716,2.3972,,97.769,45.6171,1.4753,,,2.59,17.587,,0.146948,,2.3972,,97.769,45.6171,1.4753,,,2.59,17.587,,0.146948,,2.3972,,97.769,45.6171,1.4753,,,2.59,17.587,,0.146948,,0
1906.524,2.5326,,99.0907,53.2228,1.6574,,,3.0737,17.6553,,0.148365,,2.5326,,99.0907,53.2228,1.6574,,,3.0737,17.6553,,0.148365,,2.5326,,99.0907,53.2228,1.6574,,,3.0737,17.6553,,0.148365,,0
1906.6764,2.4714,,90.757,49.4761,1.6597,,,3.124,15.7139,,0.151606,,2.4714,,90.757,49.4761,1.6597,,,3.124,15.7139,,0.151606,,2.4714,,90.757,49.4761,1.6597,,,3.124,15.7139,,0.151606,,0
1906.8288,2.3719,,82.4234,42.1686,1.4498,,,2.6388,13.7726,,0.153391,,2.3719,,82.4234,42.1686,1.4498,,,2.6388,13.7726,,0.153391,,2.3719,,82.4234,42.1686,1.4498,,,2.6388,13.7726,,0.153391,,0
1906.9812,2.3373,,74.0897,35.726,1.236,,,2.0366,11.8313,,0.152352,,2.3373,,74.0897,35.726,1.236,,,2.0366,11.8313,,0.152352,,2.3373,,74.0897,35.726,1.236,,,2.0366,11.8313,,0.152352,,0
1907.1336,2.3287,,73.0376,33.9241,1.0885,,,1.5958,10.3635,,0.149978,,2.3287,,73.0376,33.9241,1.0885,,,1.5958,10.3635,,0.149978,,2.3287,,73.0376,33.9241,1.0885,,,1.5958,10.3635,,0.149978,,0
1907.286,2.3408,,73.0101,34.4197,1.0268,,,1.4132,8.9623,,0.145556,,2.3408,,73.0101,34.4197,1.0268,,,1.4132,8.9623,,0.145556,,2.3408,,73.0101,34.4197,1.0268,,,1.4132,8.9623,,0.145556,,0
1907.4384,2.3608,,72.9826,34.4708,1.0825,,,1.4649,7.5612,,0.141814,,2.3608,,72.9826,34.4708,1.0825,,,1.4649,7.5612,,0.141814,,2.3608,,72.9826,34.4708,1.0825,,,1.4649,7.5612,,0.141814,,0
1907.5908,2.3682,,,34.3549,1.2347,,,1.6651,7.2798,,0.139907,,2.3682,,,34.3549,1.2347,,,1.6651,7.2798,,0.139907,,2.3682,,,34.3549,1.2347,,,1.6651,7.2798,,0.139907,,0
1907.7432,2.3784,,,38.5339,1.4035,,,1.8709,7.7582,,0.139464,,2.3784,,,38.5339,1.4035,,,1.8709,7.7582,,0.139464,,2.3784,,,38.5339,1.4035,,,1.8709,7.7582,,0.139464,,0
1907.8956,2.3732,,,39.1701,1.8553,,,2.446,8.2366,,0.143263,,2.3732,,,39.1701,1.8553,,,2.446,8.2366,,0.143263,,2.3732,,,39.1701,1.8553,,,2.446,8.2366,,0.143263,,0
1908.048,2.3469,,,37.4229,2.2811,,,2.926,9.4234,,0.14725,,2.3469,,,37.4229,2.2811,,,2.926,9.4234,,0.14725,,2.3469,,,37.4229,2.2811,,,2.926,9.4234,,0.14725,,0
1908.2004,2.3092,,,35.8598,2.5281,,,3.0281,12.1512,,0.152956,,2.3092,,,35.8598,2.5281,,,3.0281,12.1512,,0.152956,,2.3092,,,35.8598,2.5281,,,3.0281,12.1512,,0.152956,,0
1908.3528,2.2976,,,32.224,2.6377,,,2.9656,14.879,,0.157003,,2.2976,,,32.224,2.6377,,,2.9656,14.879,,0.157003,,2.2976,,,32.224,2.6377,,,2.9656,14.879,,0.157003,,0
1908.5052,2.2946,,,29.6358,2.6107,,,2.8243,17.5496,,0.161117,,2.2946,,,29.6358,2.6107,,,2.8243,17.5496,,0.161117,,2.2946,,,29.6358,2.6107,,,2.8243,17.5496,,0.161117,,0
1908.6576,2.2894,,,31.6581,2.5718,,,2.7511,18.6016,,0.164212,,2.2894,,,31.6581,2.5718,,,2.7511,18.6016,,0.164212,,2.2894,,,31.6581,2.5718,,,2.7511,18.6016,,0.164212,,0
1908.81,2.2898,,,34.7224,2.5717,,,2.7968,19.6535,,0.164198,,2.2898,,,34.7224,2.5717,,,2.7968,19.6535,,0.164198,,2.2898,,,34.7224,2.5717,,,2.7968,19.6535,,0.164198,,0
1908.9624,2.2961,,,32.8732,2.5451,,,2.8509,20.7055,,0.164502,,2.2961,,,32.8732,2.5451,,,2.8509,20.7055,,0.164502,,2.2961,,,32.8732,2.5451,,,2.8509,20.7055,,0.164502,,0
1909.1148,2.3038,,,29.6507,2.5053,,,2.9611,21.0022,,0.16439,,2.3038,,,29.6507,2.5053,,,2.9611,21.0022,,0.16439,,2.3038,,,29.6507,2.5053,,,2.9611,21.0022,,0.16439,,0
1909.2672,2.3164,,,30.6133,2.5165,,,3.095,21.0515,,0.163207,,2.3164,,,30.6133,2.5165,,,3.095,21.0515,,0.163207,,2.3164,,,30.6133,2.5165,,,3.095,21.0515,,0.163207,,0
1909.4196,2.3146,,,26.8204,2.5776,,,3.2649,21.1009,,0.1627,,2.3146,,,26.8204,2.5776,,,3.2649,21.1009,,0.1627,,2.3146,,,26.8204,2.5776,,,3.2649,21.1009,,0.1627,,0
1909.572,2.3007,,,30.3018,2.5925,,,3.3798,22.4785,,0.160914,,2.3007,,,30.3018,2.5925,,,3.3798,22.4785,,0.160914,,2.3007,,,30.3018,2.5925,,,3.3798,22.4785,,0.160914,,0
1909.7244,2.2913,,,32.4573,2.5897,,,3.4317,25.3395,,0.158816,,2.2913,,,32.4573,2.5897,,,3.4317,25.3395,,0.158816,,2.2913,,,32.4573,2.5897,,,3.4317,25.3395,,0.158816,,0
1909.8768,2.2925,,,29.3732,2.5903,,,3.5322,28.2005,,0.155585,,2.2925,,,29.3732,2.5903,,,3.5322,28.2005,,0.155585,,2.2925,,,29.3732,2.5903,,,3.5322,28.2005,,0.155585,,0
1910.0292,2.2914,,,29.7506,2.5763,,,3.6199,30.5848,,0.153016,,2.2914,,,29.7506,2.5763,,,3.6199,30.5848,,0.153016,,2.2914,,,29.7506,2.5763,,,3.6199,30.5848,,0.153016,,0
1910.1816,2.2969,,,32.7946,2.6537,,,3.8581,30.958,,0.152145,,2.2969,,,32.7946,2.6537,,,3.8581,30.958,,0.152145,,2.2969,,,32.7946,2.6537,,,3.8581,30.958,,0.152145,,0
1910.334,2.2965,,,31.534,2.7737,,,4.1629,31.3313,,0.151554,,2.2965,,,31.534,2.7737,,,4.1629,31.3313,,0.151554,,2.2965,,,31.534,2.7737,,,4.1629,31.3313,,0.151554,,0
1910.4864,2.2871,,,30.4427,2.87,,,4.4139,31.7045,,0.151683,,2.2871,,,30.4427,2.87,,,4.4139,31.7045,,0.151683,,2.2871,,,30.4427,2.87,,,4.4139,31.7045,,0.151683,,0
1910.6388,2.2827,,,29.9069,2.9222,,,4.5784,31.7466,,0.152155,,2.2827,,,29.9069,2.9222,,,4.5784,31.7466,,0.152155,,2.2827,,,29.9069,2.9222,,,4.5784,31.7466,,0.152155,,0
1910.7912,2.2717,,,31.6828,2.8402,,,4.5494,31.7563,,0.153894,,2.2717,,,31.6828,2.8402,,,4.5494,31.7563,,0.153894,,2.2717,,,31.6828,2.8402,,,4.5494,31.7563,,0.153894,,0
1910.9436,2.2726,,,30.5923,2.7085,,,4.4461,31.766,,0.155565,,2.2726,,,30.5923,2.7085,,,4.4461,31.766,,0.155565,,2.2726,,,30.5923,2.7085,,,4.4461,31.766,,0.155565,,0
1911.096,2.289,,,31.5044,2.5126,,,4.3091,31.6188,,0.156638,,2.289,,,31.5044,2.5126,,,4.3091,31.6188,,0.156638,,2.289,,,31.5044,2.5126,,,4.3091,31.6188,,0.156638,,0
1911.2484,2.2983,,,31.8346,2.3376,,,4.1645,31.3795,,0.156107,,2.2983,,,31.8346,2.3376,,,4.1645,31.3795,,0.156107,,2.2983,,,31.8346,2.3376,,,4.1645,31.3795,,0.156107,,0
1911.4008,2.2859,,,33.2362,2.0845,,,3.8221,31.1401,,0.154835,,2.2859,,,33.2362,2.0845,,,3.8221,31.1401,,0.154835,,2.2859,,,33.2362,2.0845,,,3.8221,31.1401,,0.154835,,0
1911.5532,2.289,,,32.6603,1.8319,,,3.353,30.3672,,0.1544,,2.289,,,32.6603,1.8319,,,3.353,30.3672,,0.1544,,2.289,,,32.6603,1.8319,,,3.353,30.3672,,0.1544,,0
1911.7056,2.2919,,,32.5417,1.5195,,,2.5782,28.5993,,0.156632,,2.2919,,,32.5417,1.5195,,,2.5782,28.5993,,0.156632,,2.2919,,,32.5417,1.5195,,,2.5782,28.5993,,0.156632,,0
1911.858,2.2784,,,38.8534,1.3189,,,1.9818,26.8314,,0.161727,,2.2784,,,38.8534,1.3189,,,1.9818,26.8314,,0.161727,,2.2784,,,38.8534,1.3189,,,1.9818,26.8314,,0.161727,,0
1912.0104,2.337,,,43.1947,1.1782,,,1.5393,24.9867,,0.176911,,2.337,,,43.1947,1.1782,,,1.5393,24.9867,,0.176911,,2.337,,,43.1947,1.1782,,,1.5393,24.9867,,0.176911,,0
1912.1628,2.4857,,,64.5836,1.2368,,,1.5138,22.0936,,0.190933,,2.4857,,,64.5836,1.2368,,,1.5138,22.0936,,0.190933,,2.4857,,,64.5836,1.2368,,,1.5138,22.0936,,0.190933,,0
1912.3152,2.6617,,,131.7502,2.2474,,,3.1084,19.2005,,0.206627,,2.6617,,,131.7502,2.2474,,,3.1084,19.2005,,0.206627,,2.6617,,,131.7502,2.2474,,,3.1084,19.2005,,0.206627,,0
1912.4676,2.7166,,,172.4379,3.293,,,4.6997,16.3075,,0.217163,,2.7166,,,172.4379,3.293,,,4.6997,16.3075,,0.217163,,2.7166,,,172.4379,3.293,,,4.6997,16.3075,,0.217163,,0
1912.62,2.7011,,,180.2425,4.4727,,,5.5786,19.1205,,0.222043,,2.7011,,,180.2425,4.4727,,,5.5786,19.1205,,0.222043,,2.7011,,,180.2425,4.4727,,,5.5786,19.1205,,0.222043,,0
1912.7724,2.6971,,,186.9167,5.6579,,,5.7819,23.4742,,0.222835,,2.6971,,,186.9167,5.6579,,,5.7819,23.4742,,0.222835,,2.6971,,,186.9167,5.6579,,,5.7819,23.4742,,0.222835,,0
1912.9248,2.6955,,,182.9707,6.17,,,5.7185,27.8278,,0.221571,,2.6955,,,182.9707,6.17,,,5.7185,27.8278,,0.221571,,2.6955,,,182.9707,6.17,,,5.7185,27.8278,,0.221571,,0
1913.0772,2.6905,,,177.9305,6.4277,,,5.725,29.0753,,0.221228,,2.6905,,,177.9305,6.4277,,,5.725,29.0753,,0.221228,,2.6905,,,177.9305,6.4277,,,5.725,29.0753,,0.221228,,0
1913.2296,2.6949,,,175.0377,6.556,,,5.7975,27.297,,0.221109,,2.6949,,,175.0377,6.556,,,5.7975,27.297,,0.221109,,2.6949,,,175.0377,6.556,,,5.7975,27.297,,0.221109,,0
1913.382,2.7001,,,178.279,6.55,,,6.0073,25.5188,,0.222594,,2.7001,,,178.279,6.55,,,6.0073,25.5188,,0.222594,,2.7001,,,178.279,6.55,,,6.0073,25.5188,,0.222594,,0
1913.5344,2.6945,,,176.1855,6.5479,,,6.1927,23.3615,,0.223564,,2.6945,,,176.1855,6.5479,,,6.1927,23.3615,,0.223564,,2.6945,,,176.1855,6.5479,,,6.1927,23.3615,,0.223564,,0
1913.6868,2.6847,,,174.7537,6.4572,,,6.2461,19.9044,,0.226279,,2.6847,,,174.7537,6.4572,,,6.2461,19.9044,,0.226279,,2.6847,,,174.7537,6.4572,,,6.2461,19.9044,,0.226279,,0
1913.8392,2.6806,,,171.8905,6.3494,,,6.2011,16.4473,,0.23118,,2.6806,,,171.8905,6.3494,,,6.2011,16.4473,,0.23118,,2.6806,,,171.8905,6.3494,,,6.2011,16.4473,,0.23118,,0
1913.9916,2.6839,,,185.7647,6.2547,,,6.0764,12.9902,,0.232717,,2.6839,,,185.7647,6.2547,,,6.0764,12.9902,,0.232717,,2.6839,,,185.7647,6.2547,,,6.0764,12.9902,,0.232717,,0
1914.144,2.685,,,190.089,6.2202,,,5.9919,13.2847,,0.235434,,2.685,,,190.089,6.2202,,,5.9919,13.2847,,0.235434,,2.685,,,190.089,6.2202,,,5.9919,13.2847,,0.235434,,0
1914.2964,2.6843,,,180.087,6.2238,,,5.9544,13.7982,,0.239396,,2.6843,,,180.087,6.2238,,,5.9544,13.7982,,0.239396,,2.6843,,,180.087,6.2238,,,5.9544,13.7982,,0.239396,,0
1914.4488,2.6749,,,177.202,6.3226,,,5.9514,14.3116,,0.241338,,2.6749,,,177.202,6.3226,,,5.9514,14.3116,,0.241338,,2.6749,,,177.202,6.3226,,,5.9514,14.3116,,0.241338,,0
1914.6012,2.6801,,,176.3278,6.2822,,,5.9073,14.537,,0.244315,,2.6801,,,176.3278,6.2822,,,5.9073,14.537,,0.244315,,2.6801,,,176.3278,6.2822,,,5.9073,14.537,,0.244315,,0
1914.7536,2.6947,,,173.5974,6.0692,,,5.8528,14.6166,,0.248861,,2.6947,,,173.5974,6.0692,,,5.8528,14.6166,,0.248861,,2.6947,,,173.5974,6.0692,,,5.8528,14.6166,,0.248861,,0
1914.906,2.6993,,,178.813,6.0731,,,5.8362,14.6962,,0.253024,,2.6993,,,178.813,6.0731,,,5.8362,14.6962,,0.253024,,2.6993,,,178.813,6.0731,,,5.8362,14.6962,,0.253024,,0
1915.0584,2.6982,,,181.0328,6.1394,,,5.8206,14.8343,,0.253443,,2.6982,,,181.0328,6.1394,,,5.8206,14.8343,,0.253443,,2.6982,,,181.0328,6.1394,,,5.8206,14.8343,,0.253443,,0
1915.2108,2.7077,,,178.1009,6.1782,,,5.8436,15.0665,,0.24952,,2.7077,,,178.1009,6.1782,,,5.8436,15.0665,,0.24952,,2.7077,,,178.1009,6.1782,,,5.8436,15.0665,,0.24952,,0
1915.3632,2.7189,,,178.8095,6.2212,,,5.9466,15.2987,,0.245623,,2.7189,,,178.8095,6.2212,,,5.9466,15.2987,,0.245623,,2.7189,,,178.8095,6.2212,,,5.9466,15.2987,,0.245623,,0
1915.5156,2.7279,,,172.9453,6.3014,,,6.1132,15.4982,,0.243543,,2.7279,,,172.9453,6.3014,,,6.1132,15.4982,,0.243543,,2.7279,,,172.9453,6.3014,,,6.1132,15.4982,,0.243543,,0
1915.668,2.7091,,,173.8273,6.4187,,,6.2651,15.4099,,0.242681,,2.7091,,,173.8273,6.4187,,,6.2651,15.4099,,0.242681,,2.7091,,,173.8273,6.4187,,,6.2651,15.4099,,0.242681,,0
1915.8204,2.6837,,,175.4935,6.5485,,,6.494,15.3216,,0.241543,,2.6837,,,175.4935,6.5485,,,6.494,15.3216,,0.241543,,2.6837,,,175.4935,6.5485,,,6.494,15.3216,,0.241543,,0
1915.9728,2.6713,,,174.138,7.013,,,7.0376,15.2334,,0.24725,,2.6713,,,174.138,7.013,,,7.0376,15.2334,,0.24725,,2.6713,,,174.138,7.013,,,7.0376,15.2334,,0.24725,,0
1916.1252,2.6541,,,173.3647,7.4357,,,7.8351,15.1282,,0.255775,,2.6541,,,173.3647,7.4357,,,7.8351,15.1282,,0.255775,,2.6541,,,173.3647,7.4357,,,7.8351,15.1282,,0.255775,,0
1916.2776,2.6348,,,172.7737,8.0594,,,9.0541,15.0193,,0.268231,,2.6348,,,172.7737,8.0594,,,9.0541,15.0193,,0.268231,,2.6348,,,172.7737,8.0594,,,9.0541,15.0193,,0.268231,,0
1916.43,2.6354,,,176.3986,8.6057,,,9.9702,14.9104,,0.282884,,2.6354,,,176.3986,8.6057,,,9.9702,14.9104,,0.282884,,2.6354,,,176.3986,8.6057,,,9.9702,14.9104,,0.282884,,0
1916.5824,2.5641,,,177.9985,10.1718,,,12.1299,15.1466,,0.334595,,2.5641,,,177.9985,10.1718,,,12.1299,15.1466,,0.334595,,2.5641,,,177.9985,10.1718,,,12.1299,15.1466,,0.334595,,0
1916.7348,2.437,,,173.7569,13.8966,,,15.9602,15.676,,0.400161,,2.437,,,173.7569,13.8966,,,15.9602,15.676,,0.400161,,2.437,,,173.7569,13.8966,,,15.9602,15.676,,0.400161,,0
1916.8872,2.0421,,,146.4081,15.8882,,,21.6595,16.2055,,0.503974,,2.0421,,,146.4081,15.8882,,,21.6595,16.2055,,0.503974,,2.0421,,,146.4081,15.8882,,,21.6595,16.2055,,0.503974,,0
1917.0396,1.7047,,,116.3556,12.6213,,,23.3273,16.3493,,0.568924,,1.7047,,,116.3556,12.6213,,,23.3273,16.3493,,0.568924,,1.7047,,,116.3556,12.6213,,,23.3273,16.3493,,0.568924,,0
1917.192,1.6034,,,87.7978,7.8544,,,22.6797,15.3951,,0.580457,,1.6034,,,87.7978,7.8544,,,22.6797,15.3951,,0.580457,,1.6034,,,87.7978,7.8544,,,22.6797,15.3951,,0.580457,,0
1917.3444,1.8078,,,77.5872,7.6221,,,24.5761,14.4409,,0.580426,,1.8078,,,77.5872,7.6221,,,24.5761,14.4409,,0.580426,,1.8078,,,77.5872,7.6221,,,24.5761,14.4409,,0.580426,,0
1917.4968,2.0189,,,83.4449,17.5036,,,32.7764,13.4866,,0.608418,,2.0189,,,83.4449,17.5036,,,32.7764,13.4866,,0.608418,,2.0189,,,83.4449,17.5036,,,32.7764,13.4866,,0.608418,,0
1917.6492,1.9301,,,78.9813,13.427,,,30.8164,14.1844,,0.624755,,1.9301,,,78.9813,13.427,,,30.8164,14.1844,,0.624755,,1.9301,,,78.9813,13.427,,,30.8164,14.1844,,0.624755,,0
1917.8016,1.6659,,,58.1415,7.7237,,,30.7469,14.9175,,0.629365,,1.6659,,,58.1415,7.7237,,,30.7469,14.9175,,0.629365,,1.6659,,,58.1415,7.7237,,,30.7469,14.9175,,0.629365,,0
1917.954,1.5578,,,45.8465,10.2091,,,40.7586,15.6507,,0.643954,,1.5578,,,45.8465,10.2091,,,40.7586,15.6507,,0.643954,,1.5578,,,45.8465,10.2091,,,40.7586,15.6507,,0.643954,,0
1918.1064,1.5312,,,36.6098,12.5106,,,49.809,17.3583,,0.658198,,1.5312,,,36.6098,12.5106,,,49.809,17.3583,,0.658198,,1.5312,,,36.6098,12.5106,,,49.809,17.3583,,0.658198,,0
1918.2588,1.5245,,,31.4745,10.4556,,,47.9156,19.4871,,0.661826,,1.5245,,,31.4745,10.4556,,,47.9156,19.4871,,0.661826,,1.5245,,,31.4745,10.4556,,,47.9156,19.4871,,0.661826,,0
1918.4112,1.5381,,,30.0285,11.785,,,41.986,21.616,,0.678593,,1.5381,,,30.0285,11.785,,,41.986,21.616,,0.678593,,1.5381,,,30.0285,11.785,,,41.986,21.616,,0.678593,,0
1918.5636,1.5452,,,34.9761,15.4162,,,36.6322,22.3141,,0.64831,,1.5452,,,34.9761,15.4162,,,36.6322,22.3141,,0.64831,,1.5452,,,34.9761,15.4162,,,36.6322,22.3141,,0.64831,,0
1918.716,1.7238,,,45.1376,8.4078,,,20.7613,21.0147,,0.485285,,1.7238,,,45.1376,8.4078,,,20.7613,21.0147,,0.485285,,1.7238,,,45.1376,8.4078,,,20.7613,21.0147,,0.485285,,0
1918.8684,2.1129,,,58.8819,3.7024,,,10.9542,19.7153,,0.375879,,2.1129,,,58.8819,3.7024,,,10.9542,19.7153,,0.375879,,2.1129,,,58.8819,3.7024,,,10.9542,19.7153,,0.375879,,0
1919.0208,2.4853,,,86.7455,11.952,,,14.3735,18.6426,,0.348285,,2.4853,,,86.7455,11.952,,,14.3735,18.6426,,0.348285,,2.4853,,,86.7455,11.952,,,14.3735,18.6426,,0.348285,,0
1919.1732,2.6255,,,125.6619,13.8327,,,16.7733,19.0047,,0.347749,,2.6255,,,125.6619,13.8327,,,16.7733,19.0047,,0.347749,,2.6255,,,125.6619,13.8327,,,16.7733,19.0047,,0.347749,,0
1919.3256,2.6404,,,141.7677,11.7557,,,16.0455,19.3668,,0.346435,,2.6404,,,141.7677,11.7557,,,16.0455,19.3668,,0.346435,,2.6404,,,141.7677,11.7557,,,16.0455,19.3668,,0.346435,,0
1919.478,2.6267,,,138.2304,12.3642,,,14.6883,19.7289,,0.325787,,2.6267,,,138.2304,12.3642,,,14.6883,19.7289,,0.325787,,2.6267,,,138.2304,12.3642,,,14.6883,19.7289,,0.325787,,0
1919.6304,2.6218,,,135.7597,13.1238,,,13.913,20.9368,,0.208031,,2.6218,,,135.7597,13.1238,,,13.913,20.9368,,0.208031,,2.6218,,,135.7597,13.1238,,,13.913,20.9368,,0.208031,,0
1919.7828,2.6251,,,136.601,13.5479,,,13.4513,22.2874,,0.148467,,2.6251,,,136.601,13.5479,,,13.4513,22.2874,,0.148467,,2.6251,,,136.601,13.5479,,,13.4513,22.2874,,0.148467,,0
1919.9352,2.6241,,,132.6871,13.4978,,,12.9567,23.6379,,0.153254,,2.6241,,,132.6871,13.4978,,,12.9567,23.6379,,0.153254,,2.6241,,,132.6871,13.4978,,,12.9567,23.6379,,0.153254,,0
1920.0876,2.6306,,,130.8575,12.8245,,,11.8708,22.6024,,0.167873,,2.6306,,,130.8575,12.8245,,,11.8708,22.6024,,0.167873,,2.6306,,,130.8575,12.8245,,,11.8708,22.6024,,0.167873,,0
1920.24,2.6468,,,138.8754,12.0092,,,10.9279,19.8017,,0.18013,,2.6468,,,138.8754,12.0092,,,10.9279,19.8017,,0.18013,,2.6468,,,138.8754,12.0092,,,10.9279,19.8017,,0.18013,,0
1920.3924,2.6505,,,145.1471,10.7904,,,9.9047,17.0011,,0.191774,,2.6505,,,145.1471,10.7904,,,9.9047,17.0011,,0.191774,,2.6505,,,145.1471,10.7904,,,9.9047,17.0011,,0.191774,,0
1920.5448,2.6503,,,144.4286,9.8973,,,9.1915,14.6565,,0.200017,,2.6503,,,144.4286,9.8973,,,9.1915,14.6565,,0.200017,,2.6503,,,144.4286,9.8973,,,9.1915,14.6565,,0.200017,,0
1920.6972,2.66,,,157.9974,9.2857,,,8.7164,13.4073,,0.200114,,2.66,,,157.9974,9.2857,,,8.7164,13.4073,,0.200114,,2.66,,,157.9974,9.2857,,,8.7164,13.4073,,0.200114,,0
1920.8496,2.6557,,,167.8943,8.9748,,,8.5504,12.158,,0.19725,,2.6557,,,167.8943,8.9748,,,8.5504,12.158,,0.19725,,2.6557,,,167.8943,8.9748,,,8.5504,12.158,,0.19725,,0
1921.002,2.6515,,,159.5027,8.9805,,,8.6659,10.9103,,0.193776,,2.6515,,,159.5027,8.9805,,,8.6659,10.9103,,0.193776,,2.6515,,,159.5027,8.9805,,,8.6659,10.9103,,0.193776,,0
1921.1544,2.6545,,,155.5523,8.9801,,,8.7245,9.7783,,0.19291,,2.6545,,,155.5523,8.9801,,,8.7245,9.7783,,0.19291,,2.6545,,,155.5523,8.9801,,,8.7245,9.7783,,0.19291,,0
1921.3068,2.6473,,,152.0987,8.7278,,,8.5865,8.6462,,0.19505,,2.6473,,,152.0987,8.7278,,,8.5865,8.6462,,0.19505,,2.6473,,,152.0987,8.7278,,,8.5865,8.6462,,0.19505,,0
1921.4592,2.6423,,,153.2782,8.4569,,,8.4165,7.5141,,0.198906,,2.6423,,,153.2782,8.4569,,,8.4165,7.5141,,0.198906,,2.6423,,,153.2782,8.4569,,,8.4165,7.5141,,0.198906,,0
1921.6116,2.6575,,,154.0282,8.301,,,8.274,6.7614,,0.20911,,2.6575,,,154.0282,8.301,,,8.274,6.7614,,0.20911,,2.6575,,,154.0282,8.301,,,8.274,6.7614,,0.20911,,0
1921.764,2.6589,,,144.8581,8.3642,,,8.3673,6.1474,,0.216679,,2.6589,,,144.8581,8.3642,,,8.3673,6.1474,,0.216679,,2.6589,,,144.8581,8.3642,,,8.3673,6.1474,,0.216679,,0
1921.9164,2.639,,,155.5065,9.2271,,,9.0984,5.5335,,0.218838,,2.639,,,155.5065,9.2271,,,9.0984,5.5335,,0.218838,,2.639,,,155.5065,9.2271,,,9.0984,5.5335,,0.218838,,0
1922.0688,2.5963,,,163.9664,10.7179,,,10.3696,,,0.242033,,2.5963,,,163.9664,10.7179,,,10.3696,,,0.242033,,2.5963,,,163.9664,10.7179,,,10.3696,,,0.242033,,0
1922.2212,2.527,,,160.2127,12.131,,,11.6756,,,0.275983,,2.527,,,160.2127,12.131,,,11.6756,,,0.275983,,2.527,,,160.2127,12.131,,,11.6756,,,0.275983,,0
1922.3736,2.327,,,149.4728,16.5462,,,14.434,,,0.343133,,2.327,,,149.4728,16.5462,,,14.434,,,0.343133,,2.327,,,149.4728,16.5462,,,14.434,,,0.343133,,0
1922.526,2.118,,,131.5618,21.2695,,,17.1298,,,0.405943,,2.118,,,131.5618,21.2695,,,17.1298,,,0.405943,,2.118,,,131.5618,21.2695,,,17.1298,,,0.405943,,0
1922.6784,1.8565,,,103.9013,23.9826,,,19.3954,,,0.42431,,1.8565,,,103.9013,23.9826,,,19.3954,,,0.42431,,1.8565,,,103.9013,23.9826,,,19.3954,,,0.42431,,0
1922.8308,2.0573,,,93.767,24.5266,,,20.1918,,,0.384355,,2.0573,,,93.767,24.5266,,,20.1918,,,0.384355,,2.0573,,,93.767,24.5266,,,20.1918,,,0.384355,,0
1922.9832,2.2981,,,113.8243,22.6768,,,19.1524,,,0.285347,,2.2981,,,113.8243,22.6768,,,19.1524,,,0.285347,,2.2981,,,113.8243,22.6768,,,19.1524,,,0.285347,,0
1923.1356,2.3376,,,124.6687,20.6399,,,18.011,,,0.2097,,2.3376,,,124.6687,20.6399,,,18.011,,,0.2097,,2.3376,,,124.6687,20.6399,,,18.011,,,0.2097,,0
1923.288,2.5089,,,119.1183,19.9429,,,17.5004,,,0.149142,,2.5089,,,119.1183,19.9429,,,17.5004,,,0.149142,,2.5089,,,119.1183,19.9429,,,17.5004,,,0.149142,,0
1923.4404,2.5975,,,111.4409,20.1386,,,17.6595,,,0.114995,,2.5975,,,111.4409,20.1386,,,17.6595,,,0.114995,,2.5975,,,111.4409,20.1386,,,17.6595,,,0.114995,,0
1923.5928,2.5854,,,104.6332,21.3705,,,18.4118,,,0.104353,,2.5854,,,104.6332,21.3705,,,18.4118,,,0.104353,,2.5854,,,104.6332,21.3705,,,18.4118,,,0.104353,,0
1923.7452,2.5892,,,96.27,21.9975,,,18.7978,,,0.103832,,2.5892,,,96.27,21.9975,,,18.7978,,,0.103832,,2.5892,,,96.27,21.9975,,,18.7978,,,0.103832,,0
1923.8976,2.6075,,,98.7907,20.6044,,,17.8796,,,0.11556,,2.6075,,,98.7907,20.6044,,,17.8796,,,0.11556,,2.6075,,,98.7907,20.6044,,,17.8796,,,0.11556,,0
1924.05,2.6273,,,104.0066,18.4072,,,16.4823,,,0.127049,,2.6273,,,104.0066,18.4072,,,16.4823,,,0.127049,,2.6273,,,104.0066,18.4072,,,16.4823,,,0.127049,,0
1924.2024,2.6686,,,126.8949,15.4771,,,14.0864,,,0.141043,,2.6686,,,126.8949,15.4771,,,14.0864,,,0.141043,,2.6686,,,126.8949,15.4771,,,14.0864,,,0.141043,,0
1924.3548,2.694,,,142.6883,13.3305,,,12.0786,,,0.151091,,2.694,,,142.6883,13.3305,,,12.0786,,,0.151091,,2.694,,,142.6883,13.3305,,,12.0786,,,0.151091,,0
1924.5072,2.6953,,,142.1841,11.4955,,,10.6535,,,0.157765,,2.6953,,,142.1841,11.4955,,,10.6535,,,0.157765,,2.6953,,,142.1841,11.4955,,,10.6535,,,0.157765,,0
1924.6596,2.7093,,,142.6447,10.2009,,,9.9298,,,0.162787,,2.7093,,,142.6447,10.2009,,,9.9298,,,0.162787,,2.7093,,,142.6447,10.2009,,,9.9298,,,0.162787,,0
1924.812,2.7017,,,136.8436,9.3685,,,8.9355,,,0.172364,,2.7017,,,136.8436,9.3685,,,8.9355,,,0.172364,,2.7017,,,136.8436,9.3685,,,8.9355,,,0.172364,,0
1924.9644,2.6785,,,144.3483,8.5996,,,8.3569,,,0.180827,,2.6785,,,144.3483,8.5996,,,8.3569,,,0.180827,,2.6785,,,144.3483,8.5996,,,8.3569,,,0.180827,,0
1925.1168,2.6729,,,159.2665,7.7187,,,7.7086,,,0.188676,,2.6729,,,159.2665,7.7187,,,7.7086,,,0.188676,,2.6729,,,159.2665,7.7187,,,7.7086,,,0.188676,,0
1925.2692,2.6876,,,169.4463,7.0702,,,7.1225,,,0.195727,,2.6876,,,169.4463,7.0702,,,7.1225,,,0.195727,,2.6876,,,169.4463,7.0702,,,7.1225,,,0.195727,,0
1925.4216,2.6965,,,162.5125,7.023,,,7.0562,,,0.196816,,2.6965,,,162.5125,7.023,,,7.0562,,,0.196816,,2.6965,,,162.5125,7.023,,,7.0562,,,0.196816,,0
1925.574,2.6961,,,158.248,7.513,,,7.4836,,,0.188164,,2.6961,,,158.248,7.513,,,7.4836,,,0.188164,,2.6961,,,158.248,7.513,,,7.4836,,,0.188164,,0
1925.7264,2.6938,,,156.7844,8.1373,,,7.9789,,,0.175691,,2.6938,,,156.7844,8.1373,,,7.9789,,,0.175691,,2.6938,,,156.7844,8.1373,,,7.9789,,,0.175691,,0
1925.8788,2.6875,,,149.7419,9.5688,,,9.2135,,,0.15264,,2.6875,,,149.7419,9.5688,,,9.2135,,,0.15264,,2.6875,,,149.7419,9.5688,,,9.2135,,,0.15264,,0
1926.0312,2.6859,,,135.8636,11.2132,,,10.3845,,,0.133362,,2.6859,,,135.8636,11.2132,,,10.3845,,,0.133362,,2.6859,,,135.8636,11.2132,,,10.3845,,,0.133362,,0
1926.1836,2.6799,,,113.8274,13.2419,,,11.7967,,,0.116409,,2.6799,,,113.8274,13.2419,,,11.7967,,,0.116409,,2.6799,,,113.8274,13.2419,,,11.7967,,,0.116409,,0
1926.336,2.6679,,,99.9896,14.913,,,12.7744,,,0.107687,,2.6679,,,99.9896,14.913,,,12.7744,,,0.107687,,2.6679,,,99.9896,14.913,,,12.7744,,,0.107687,,0
1926.4884,2.6674,,,104.8618,16.1845,,,13.5237,,,0.105452,,2.6674,,,104.8618,16.1845,,,13.5237,,,0.105452,,2.6674,,,104.8618,16.1845,,,13.5237,,,0.105452,,0
1926.6408,2.6635,,,112.453,16.4539,,,13.9942,,,0.105055,,2.6635,,,112.453,16.4539,,,13.9942,,,0.105055,,2.6635,,,112.453,16.4539,,,13.9942,,,0.105055,,0
1926.7932,2.6411,,,115.8899,16.1125,,,14.3586,,,0.105902,,2.6411,,,115.8899,16.1125,,,14.3586,,,0.105902,,2.6411,,,115.8899,16.1125,,,14.3586,,,0.105902,,0
1926.9456,2.6241,,,119.4191,15.5874,,,14.5529,,,0.105216,,2.6241,,,119.4191,15.5874,,,14.5529,,,0.105216,,2.6241,,,119.4191,15.5874,,,14.5529,,,0.105216,,0
1927.098,2.6036,,,108.1354,14.3424,,,14.3006,,,0.102942,,2.6036,,,108.1354,14.3424,,,14.3006,,,0.102942,,2.6036,,,108.1354,14.3424,,,14.3006,,,0.102942,,0
1927.2504,2.5574,,,92.8576,12.7714,,,13.4744,,,0.103786,,2.5574,,,92.8576,12.7714,,,13.4744,,,0.103786,,2.5574,,,92.8576,12.7714,,,13.4744,,,0.103786,,0
1927.4028,2.4888,,,65.5574,10.9536,,,12.1146,,,0.112454,,2.4888,,,65.5574,10.9536,,,12.1146,,,0.112454,,2.4888,,,65.5574,10.9536,,,12.1146,,,0.112454,,0
1927.5552,2.488,,,57.0399,10.1668,,,11.3705,,,0.122094,,2.488,,,57.0399,10.1668,,,11.3705,,,0.122094,,2.488,,,57.0399,10.1668,,,11.3705,,,0.122094,,0
1927.7076,2.5733,,,85.9655,10.4386,,,11.4202,,,0.137665,,2.5733,,,85.9655,10.4386,,,11.4202,,,0.137665,,2.5733,,,85.9655,10.4386,,,11.4202,,,0.137665,,0
1927.86,2.6387,,,116.7399,10.6591,,,11.5545,,,0.14952,,2.6387,,,116.7399,10.6591,,,11.5545,,,0.14952,,2.6387,,,116.7399,10.6591,,,11.5545,,,0.14952,,0
1928.0124,2.6642,,,141.1805,10.6247,,,11.2738,,,0.16081,,2.6642,,,141.1805,10.6247,,,11.2738,,,0.16081,,2.6642,,,141.1805,10.6247,,,11.2738,,,0.16081,,0
1928.1648,2.6677,,,149.3231,10.5461,,,10.9329,,,0.167932,,2.6677,,,149.3231,10.5461,,,10.9329,,,0.167932,,2.6677,,,149.3231,10.5461,,,10.9329,,,0.167932,,0
1928.3172,2.6725,,,147.7125,10.277,,,10.4189,,,0.175195,,2.6725,,,147.7125,10.277,,,10.4189,,,0.175195,,2.6725,,,147.7125,10.277,,,10.4189,,,0.175195,,0
1928.4696,2.6673,,,149.8171,9.8256,,,9.9359,,,0.181343,,2.6673,,,149.8171,9.8256,,,9.9359,,,0.181343,,2.6673,,,149.8171,9.8256,,,9.9359,,,0.181343,,0
1928.622,2.6678,,,148.8888,9.7429,,,9.7613,,,0.179073,,2.6678,,,148.8888,9.7429,,,9.7613,,,0.179073,,2.6678,,,148.8888,9.7429,,,9.7613,,,0.179073,,0
1928.7744,2.6686,,,157.1552,10.3165,,,10.2651,,,0.168864,,2.6686,,,157.1552,10.3165,,,10.2651,,,0.168864,,2.6686,,,157.1552,10.3165,,,10.2651,,,0.168864,,0
1928.9268,2.6562,,,151.4484,11.0678,,,10.897,,,0.157476,,2.6562,,,151.4484,11.0678,,,10.897,,,0.157476,,2.6562,,,151.4484,11.0678,,,10.897,,,0.157476,,0
1929.0792,2.6542,,,136.8373,12.2536,,,11.8674,,,0.14212,,2.6542,,,136.8373,12.2536,,,11.8674,,,0.14212,,2.6542,,,136.8373,12.2536,,,11.8674,,,0.14212,,0
1929.2316,2.6437,,,129.9272,13.2739,,,12.6007,,,0.129605,,2.6437,,,129.9272,13.2739,,,12.6007,,,0.129605,,2.6437,,,129.9272,13.2739,,,12.6007,,,0.129605,,0
1929.384,2.6186,,,118.6668,14.6596,,,13.4678,,,0.115549,,2.6186,,,118.6668,14.6596,,,13.4678,,,0.115549,,2.6186,,,118.6668,14.6596,,,13.4678,,,0.115549,,0
1929.5364,2.6028,,,108.6897,15.9022,,,14.3051,,,0.10427,,2.6028,,,108.6897,15.9022,,,14.3051,,,0.10427,,2.6028,,,108.6897,15.9022,,,14.3051,,,0.10427,,0
1929.6888,2.6431,,,96.3554,18.119,,,15.7602,,,0.091606,,2.6431,,,96.3554,18.119,,,15.7602,,,0.091606,,2.6431,,,96.3554,18.119,,,15.7602,,,0.091606,,0
1929.8412,2.6817,,,85.5239,20.6014,,,17.2437,,,0.081635,,2.6817,,,85.5239,20.6014,,,17.2437,,,0.081635,,2.6817,,,85.5239,20.6014,,,17.2437,,,0.081635,,0
1929.9936,2.7094,,,76.3598,23.8291,,,19.2162,,,0.078016,,2.7094,,,76.3598,23.8291,,,19.2162,,,0.078016,,2.7094,,,76.3598,23.8291,,,19.2162,,,0.078016,,0
1930.146,2.7191,,,70.3828,25.2641,,,20.3406,,,0.078931,,2.7191,,,70.3828,25.2641,,,20.3406,,,0.078931,,2.7191,,,70.3828,25.2641,,,20.3406,,,0.078931,,0
1930.2984,2.667,,,76.421,24.1526,,,19.768,,,0.085923,,2.667,,,76.421,24.1526,,,19.768,,,0.085923,,2.667,,,76.421,24.1526,,,19.768,,,0.085923,,0
1930.4508,2.6406,,,83.7479,22.3075,,,18.8384,,,0.092334,,2.6406,,,83.7479,22.3075,,,18.8384,,,0.092334,,2.6406,,,83.7479,22.3075,,,18.8384,,,0.092334,,0
1930.6032,2.6253,,,92.8379,18.4655,,,17.2356,,,0.097189,,2.6253,,,92.8379,18.4655,,,17.2356,,,0.097189,,2.6253,,,92.8379,18.4655,,,17.2356,,,0.097189,,0
1930.7556,2.6055,,,93.9245,16.4556,,,16.3876,,,0.100658,,2.6055,,,93.9245,16.4556,,,16.3876,,,0.100658,,2.6055,,,93.9245,16.4556,,,16.3876,,,0.100658,,0
1930.908,2.597,,,92.7023,16.3502,,,16.232,,,0.103577,,2.597,,,92.7023,16.3502,,,16.232,,,0.103577,,2.597,,,92.7023,16.3502,,,16.232,,,0.103577,,0
1931.0604,2.6039,,,98.0314,15.8166,,,15.8977,,,0.106422,,2.6039,,,98.0314,15.8166,,,15.8977,,,0.106422,,2.6039,,,98.0314,15.8166,,,15.8977,,,0.106422,,0
1931.2128,2.6126,,,107.3843,15.5712,,,15.7184,,,0.111801,,2.6126,,,107.3843,15.5712,,,15.7184,,,0.111801,,2.6126,,,107.3843,15.5712,,,15.7184,,,0.111801,,0
1931.3652,2.628,,,114.6443,15.6068,,,15.7069,,,0.11717,,2.628,,,114.6443,15.6068,,,15.7069,,,0.11717,,2.628,,,114.6443,15.6068,,,15.7069,,,0.11717,,0
1931.5176,2.629,,,117.6007,16.2536,,,15.7097,,,0.122691,,2.629,,,117.6007,16.2536,,,15.7097,,,0.122691,,2.629,,,117.6007,16.2536,,,15.7097,,,0.122691,,0
1931.67,2.6164,,,121.1085,16.6714,,,15.7113,,,0.125602,,2.6164,,,121.1085,16.6714,,,15.7113,,,0.125602,,2.6164,,,121.1085,16.6714,,,15.7113,,,0.125602,,0
1931.8224,2.6218,,,114.6995,16.7506,,,15.5526,,,0.12498,,2.6218,,,114.6995,16.7506,,,15.5526,,,0.12498,,2.6218,,,114.6995,16.7506,,,15.5526,,,0.12498,,0
1931.9748,2.6149,,,109.2066,16.7793,,,15.4624,,,0.125803,,2.6149,,,109.2066,16.7793,,,15.4624,,,0.125803,,2.6149,,,109.2066,16.7793,,,15.4624,,,0.125803,,0
1932.1272,2.6067,,,115.4151,16.0279,,,15.2123,,,0.127876,,2.6067,,,115.4151,16.0279,,,15.2123,,,0.127876,,2.6067,,,115.4151,16.0279,,,15.2123,,,0.127876,,0
1932.2796,2.6065,,,124.8961,15.6012,,,14.8201,,,0.132235,,2.6065,,,124.8961,15.6012,,,14.8201,,,0.132235,,2.6065,,,124.8961,15.6012,,,14.8201,,,0.132235,,0
1932.432,2.5862,,,123.3301,14.7457,,,14.6781,,,0.135576,,2.5862,,,123.3301,14.7457,,,14.6781,,,0.135576,,2.5862,,,123.3301,14.7457,,,14.6781,,,0.135576,,0
1932.5844,2.5618,,,102.0462,14.2598,,,14.1735,,,0.134068,,2.5618,,,102.0462,14.2598,,,14.1735,,,0.134068,,2.5618,,,102.0462,14.2598,,,14.1735,,,0.134068,,0
1932.7368,2.5557,,,91.0125,12.8211,,,13.8869,,,0.130121,,2.5557,,,91.0125,12.8211,,,13.8869,,,0.130121,,2.5557,,,91.0125,12.8211,,,13.8869,,,0.130121,,0
1932.8892,2.56,,,89.4902,12.004,,,13.2069,,,0.124263,,2.56,,,89.4902,12.004,,,13.2069,,,0.124263,,2.56,,,89.4902,12.004,,,13.2069,,,0.124263,,0
1933.0416,2.5453,,,87.6227,11.2566,,,12.8207,,,0.123713,,2.5453,,,87.6227,11.2566,,,12.8207,,,0.123713,,2.5453,,,87.6227,11.2566,,,12.8207,,,0.123713,,0
1933.194,2.4907,,,73.5272,10.8322,,,11.9456,,,0.135643,,2.4907,,,73.5272,10.8322,,,11.9456,,,0.135643,,2.4907,,,73.5272,10.8322,,,11.9456,,,0.135643,,0
1933.3464,2.4918,,,79.1166,11.0611,,,11.4487,,,0.147668,,2.4918,,,79.1166,11.0611,,,11.4487,,,0.147668,,2.4918,,,79.1166,11.0611,,,11.4487,,,0.147668,,0
1933.4988,2.5894,,,122.486,11.1911,,,11.444,,,0.160057,,2.5894,,,122.486,11.1911,,,11.444,,,0.160057,,2.5894,,,122.486,11.1911,,,11.444,,,0.160057,,0
1933.6512,2.6432,,,151.4509,11.5428,,,11.4414,,,0.170876,,2.6432,,,151.4509,11.5428,,,11.4414,,,0.170876,,2.6432,,,151.4509,11.5428,,,11.4414,,,0.170876,,0
1933.8036,2.6478,,,142.9432,11.7426,,,11.5339,,,0.183603,,2.6478,,,142.9432,11.7426,,,11.5339,,,0.183603,,2.6478,,,142.9432,11.7426,,,11.5339,,,0.183603,,0
1933.956,2.6564,,,135.9461,12.042,,,11.5864,,,0.193146,,2.6564,,,135.9461,12.042,,,11.5864,,,0.193146,,2.6564,,,135.9461,12.042,,,11.5864,,,0.193146,,0
1934.1084,2.6451,,,140.9646,12.2121,,,11.5088,,,0.200156,,2.6451,,,140.9646,12.2121,,,11.5088,,,0.200156,,2.6451,,,140.9646,12.2121,,,11.5088,,,0.200156,,0
1934.2608,2.6331,,,158.8172,12.0504,,,11.4648,,,0.204139,,2.6331,,,158.8172,12.0504,,,11.4648,,,0.204139,,2.6331,,,158.8172,12.0504,,,11.4648,,,0.204139,,0
1934.4132,2.6395,,,157.4065,11.9586,,,11.3411,,,0.20828,,2.6395,,,157.4065,11.9586,,,11.3411,,,0.20828,,2.6395,,,157.4065,11.9586,,,11.3411,,,0.20828,,0
1934.5656,2.6463,,,158.5022,11.8766,,,11.2709,,,0.211476,,2.6463,,,158.5022,11.8766,,,11.2709,,,0.211476,,2.6463,,,158.5022,11.8766,,,11.2709,,,0.211476,,0
1934.718,2.6307,,,166.4684,11.748,,,11.2593,,,0.225211,,2.6307,,,166.4684,11.748,,,11.2593,,,0.225211,,2.6307,,,166.4684,11.748,,,11.2593,,,0.225211,,0
1934.8704,2.6044,,,163.1267,12.178,,,11.6736,,,0.265765,,2.6044,,,163.1267,12.178,,,11.6736,,,0.265765,,2.6044,,,163.1267,12.178,,,11.6736,,,0.265765,,0
1935.0228,2.5801,,,147.8583,12.4487,,,12.308,,,0.316235,,2.5801,,,147.8583,12.4487,,,12.308,,,0.316235,,2.5801,,,147.8583,12.4487,,,12.308,,,0.316235,,0
1935.1752,2.2452,,,120.6866,10.742,,,12.7276,,,0.366536,,2.2452,,,120.6866,10.742,,,12.7276,,,0.366536,,2.2452,,,120.6866,10.742,,,12.7276,,,0.366536,,0
1935.3276,1.8188,,,90.7516,9.7727,,,13.0334,,,0.38305,,1.8188,,,90.7516,9.7727,,,13.0334,,,0.38305,,1.8188,,,90.7516,9.7727,,,13.0334,,,0.38305,,0
1935.48,1.8782,,,86.743,14.0132,,,13.5121,,,0.338757,,1.8782,,,86.743,14.0132,,,13.5121,,,0.338757,,1.8782,,,86.743,14.0132,,,13.5121,,,0.338757,,0
1935.6324,2.2799,,,105.5375,16.4214,,,14.0968,,,0.284798,,2.2799,,,105.5375,16.4214,,,14.0968,,,0.284798,,2.2799,,,105.5375,16.4214,,,14.0968,,,0.284798,,0
1935.7848,2.5683,,,130.4504,15.8554,,,14.8924,,,0.212867,,2.5683,,,130.4504,15.8554,,,14.8924,,,0.212867,,2.5683,,,130.4504,15.8554,,,14.8924,,,0.212867,,0
1935.9372,2.6432,,,136.7547,15.534,,,15.223,,,0.165045,,2.6432,,,136.7547,15.534,,,15.223,,,0.165045,,2.6432,,,136.7547,15.534,,,15.223,,,0.165045,,0
1936.0896,2.6897,,,125.9013,16.7441,,,15.3969,,,0.137076,,2.6897,,,125.9013,16.7441,,,15.3969,,,0.137076,,2.6897,,,125.9013,16.7441,,,15.3969,,,0.137076,,0
1936.242,2.7889,,,116.4881,17.4432,,,15.4957,,,0.12312,,2.7889,,,116.4881,17.4432,,,15.4957,,,0.12312,,2.7889,,,116.4881,17.4432,,,15.4957,,,0.12312,,0
1936.3944,2.7843,,,115.2554,17.4575,,,14.8903,,,0.124325,,2.7843,,,115.2554,17.4575,,,14.8903,,,0.124325,,2.7843,,,115.2554,17.4575,,,14.8903,,,0.124325,,0
1936.5468,2.694,,,134.1428,16.6895,,,14.2731,,,0.129799,,2.694,,,134.1428,16.6895,,,14.2731,,,0.129799,,2.694,,,134.1428,16.6895,,,14.2731,,,0.129799,,0
1936.6992,2.6219,,,140.0621,15.5722,,,13.4787,,,0.138023,,2.6219,,,140.0621,15.5722,,,13.4787,,,0.138023,,2.6219,,,140.0621,15.5722,,,13.4787,,,0.138023,,0
1936.8516,2.6178,,,139.1285,14.3647,,,12.1472,,,0.149664,,2.6178,,,139.1285,14.3647,,,12.1472,,,0.149664,,2.6178,,,139.1285,14.3647,,,12.1472,,,0.149664,,0
1937.004,2.6738,,,136.8109,12.2985,,,11.5972,,,0.176814,,2.6738,,,136.8109,12.2985,,,11.5972,,,0.176814,,2.6738,,,136.8109,12.2985,,,11.5972,,,0.176814,,0
1937.1564,2.6844,,,139.8893,11.3902,,,9.7979,,,0.201909,,2.6844,,,139.8893,11.3902,,,9.7979,,,0.201909,,2.6844,,,139.8893,11.3902,,,9.7979,,,0.201909,,0
1937.3088,2.5942,,,162.0532,8.4912,,,7.9559,,,0.227141,,2.5942,,,162.0532,8.4912,,,7.9559,,,0.227141,,2.5942,,,162.0532,8.4912,,,7.9559,,,0.227141,,0
1937.4612,2.5677,,,179.0166,6.8449,,,6.8443,,,0.243176,,2.5677,,,179.0166,6.8449,,,6.8443,,,0.243176,,2.5677,,,179.0166,6.8449,,,6.8443,,,0.243176,,0
1937.6136,2.6064,,,173.002,6.5228,,,6.0968,,,0.263429,,2.6064,,,173.002,6.5228,,,6.0968,,,0.263429,,2.6064,,,173.002,6.5228,,,6.0968,,,0.263429,,0
1937.766,2.595,,,167.3011,6.3399,,,5.8805,,,0.285792,,2.595,,,167.3011,6.3399,,,5.8805,,,0.285792,,2.595,,,167.3011,6.3399,,,5.8805,,,0.285792,,0
1937.9184,2.5858,,,165.6318,4.8965,,,5.1641,,,0.306075,,2.5858,,,165.6318,4.8965,,,5.1641,,,0.306075,,2.5858,,,165.6318,4.8965,,,5.1641,,,0.306075,,0
1938.0708,2.5512,,,156.8273,4.2739,,,4.855,,,0.326957,,2.5512,,,156.8273,4.2739,,,4.855,,,0.326957,,2.5512,,,156.8273,4.2739,,,4.855,,,0.326957,,0
1938.2232,2.5233,,,157.1427,4.3858,,,4.9106,,,0.335429,,2.5233,,,157.1427,4.3858,,,4.9106,,,0.335429,,2.5233,,,157.1427,4.3858,,,4.9106,,,0.335429,,0
1938.3756,2.5419,,,161.1321,3.8576,,,5.1657,,,0.343872,,2.5419,,,161.1321,3.8576,,,5.1657,,,0.343872,,2.5419,,,161.1321,3.8576,,,5.1657,,,0.343872,,0
1938.528,2.5501,,,167.4827,3.5576,,,5.3106,,,0.358669,,2.5501,,,167.4827,3.5576,,,5.3106,,,0.358669,,2.5501,,,167.4827,3.5576,,,5.3106,,,0.358669,,0
1938.6804,2.5014,,,156.6692,5.4759,,,7.3137,,,0.395242,,2.5014,,,156.6692,5.4759,,,7.3137,,,0.395242,,2.5014,,,156.6692,5.4759,,,7.3137,,,0.395242,,0
1938.8328,2.35,,,169.9874,9.0703,,,8.4512,,,0.432344,,2.35,,,169.9874,9.0703,,,8.4512,,,0.432344,,2.35,,,169.9874,9.0703,,,8.4512,,,0.432344,,0
1938.9852,2.0884,,,165.6029,12.0519,,,12.9306,,,0.456065,,2.0884,,,165.6029,12.0519,,,12.9306,,,0.456065,,2.0884,,,165.6029,12.0519,,,12.9306,,,0.456065,,0
1939.1376,2.0074,,,144.2339,22.1466,,,15.4744,,,0.489031,,2.0074,,,144.2339,22.1466,,,15.4744,,,0.489031,,2.0074,,,144.2339,22.1466,,,15.4744,,,0.489031,,0
1939.29,1.8663,,,112.9607,27.3767,,,18.2136,,,0.536355,,1.8663,,,112.9607,27.3767,,,18.2136,,,0.536355,,1.8663,,,112.9607,27.3767,,,18.2136,,,0.536355,,0
1939.4424,1.6351,,,84.7467,17.5179,,,19.4141,,,0.541379,,1.6351,,,84.7467,17.5179,,,19.4141,,,0.541379,,1.6351,,,84.7467,17.5179,,,19.4141,,,0.541379,,0
1939.5948,1.6623,,,64.8942,20.5618,,,18.9312,,,0.502257,,1.6623,,,64.8942,20.5618,,,18.9312,,,0.502257,,1.6623,,,64.8942,20.5618,,,18.9312,,,0.502257,,0
1939.7472,1.8826,,,68.4324,30.3458,,,22.6233,,,0.472983,,1.8826,,,68.4324,30.3458,,,22.6233,,,0.472983,,1.8826,,,68.4324,30.3458,,,22.6233,,,0.472983,,0
1939.8996,2.0627,,,98.8683,25.5872,,,24.8108,,,0.461589,,2.0627,,,98.8683,25.5872,,,24.8108,,,0.461589,,2.0627,,,98.8683,25.5872,,,24.8108,,,0.461589,,0
1940.052,2.1021,,,119.8232,21.3124,,,21.0089,,,0.446554,,2.1021,,,119.8232,21.3124,,,21.0089,,,0.446554,,2.1021,,,119.8232,21.3124,,,21.0089,,,0.446554,,0
1940.2044,2.0986,,,135.7495,19.1523,,,18.192,,,0.408922,,2.0986,,,135.7495,19.1523,,,18.192,,,0.408922,,2.0986,,,135.7495,19.1523,,,18.192,,,0.408922,,0
1940.3568,2.1972,,,139.0868,17.9255,,,17.094,,,0.374152,,2.1972,,,139.0868,17.9255,,,17.094,,,0.374152,,2.1972,,,139.0868,17.9255,,,17.094,,,0.374152,,0
1940.5092,2.4011,,,161.6387,15.9296,,,15.3508,,,0.312511,,2.4011,,,161.6387,15.9296,,,15.3508,,,0.312511,,2.4011,,,161.6387,15.9296,,,15.3508,,,0.312511,,0
1940.6616,2.5381,,,174.5948,14.7962,,,14.5946,,,0.257142,,2.5381,,,174.5948,14.7962,,,14.5946,,,0.257142,,2.5381,,,174.5948,14.7962,,,14.5946,,,0.257142,,0
1940.814,2.613,,,152.936,14.008,,,14.0157,,,0.202346,,2.613,,,152.936,14.008,,,14.0157,,,0.202346,,2.613,,,152.936,14.008,,,14.0157,,,0.202346,,0
1940.9664,2.6409,,,137.1112,13.5604,,,13.6869,,,0.165377,,2.6409,,,137.1112,13.5604,,,13.6869,,,0.165377,,2.6409,,,137.1112,13.5604,,,13.6869,,,0.165377,,0
1941.1188,2.6483,,,138.1388,13.6339,,,13.6715,,,0.143268,,2.6483,,,138.1388,13.6339,,,13.6715,,,0.143268,,2.6483,,,138.1388,13.6339,,,13.6715,,,0.143268,,0
1941.2712,2.6402,,,133.6898,14.2221,,,13.7091,,,0.133578,,2.6402,,,133.6898,14.2221,,,13.7091,,,0.133578,,2.6402,,,133.6898,14.2221,,,13.7091,,,0.133578,,0
1941.4236,2.6217,,,132.5122,14.5324,,,13.7354,,,0.133557,,2.6217,,,132.5122,14.5324,,,13.7354,,,0.133557,,2.6217,,,132.5122,14.5324,,,13.7354,,,0.133557,,0
1941.576,2.6306,,,128.44,15.4115,,,14.3344,,,0.136332,,2.6306,,,128.44,15.4115,,,14.3344,,,0.136332,,2.6306,,,128.44,15.4115,,,14.3344,,,0.136332,,0
1941.7284,2.6225,,,125.7086,15.9107,,,14.6745,,,0.138939,,2.6225,,,125.7086,15.9107,,,14.6745,,,0.138939,,2.6225,,,125.7086,15.9107,,,14.6745,,,0.138939,,0
1941.8808,2.6311,,,129.4929,15.2547,,,14.7599,,,0.145121,,2.6311,,,129.4929,15.2547,,,14.7599,,,0.145121,,2.6311,,,129.4929,15.2547,,,14.7599,,,0.145121,,0
1942.0332,2.6409,,,139.1111,15.6264,,,14.8084,,,0.149667,,2.6409,,,139.1111,15.6264,,,14.8084,,,0.149667,,2.6409,,,139.1111,15.6264,,,14.8084,,,0.149667,,0
1942.1856,2.6284,,,146.4184,17.1605,,,14.9603,,,0.154199,,2.6284,,,146.4184,17.1605,,,14.9603,,,0.154199,,2.6284,,,146.4184,17.1605,,,14.9603,,,0.154199,,0
1942.338,2.61,,,143.1948,16.9866,,,15.0466,,,0.157639,,2.61,,,143.1948,16.9866,,,15.0466,,,0.157639,,2.61,,,143.1948,16.9866,,,15.0466,,,0.157639,,0
1942.4904,2.6214,,,149.4405,16.5295,,,15.1381,,,0.166819,,2.6214,,,149.4405,16.5295,,,15.1381,,,0.166819,,2.6214,,,149.4405,16.5295,,,15.1381,,,0.166819,,0
1942.6428,2.6431,,,152.0551,15.9222,,,15.19,,,0.176001,,2.6431,,,152.0551,15.9222,,,15.19,,,0.176001,,2.6431,,,152.0551,15.9222,,,15.19,,,0.176001,,0
1942.7952,2.6516,,,152.3765,15.5773,,,14.5129,,,0.182837,,2.6516,,,152.3765,15.5773,,,14.5129,,,0.182837,,2.6516,,,152.3765,15.5773,,,14.5129,,,0.182837,,0
1942.9476,2.6413,,,149.9742,14.6754,,,13.8425,,,0.188106,,2.6413,,,149.9742,14.6754,,,13.8425,,,0.188106,,2.6413,,,149.9742,14.6754,,,13.8425,,,0.188106,,0
1943.1,2.6539,,,151.5575,13.7571,,,13.3804,,,0.192187,,2.6539,,,151.5575,13.7571,,,13.3804,,,0.192187,,2.6539,,,151.5575,13.7571,,,13.3804,,,0.192187,,0
1943.2524,2.656,,,152.3584,13.1724,,,13.0224,,,0.193728,,2.656,,,152.3584,13.1724,,,13.0224,,,0.193728,,2.656,,,152.3584,13.1724,,,13.0224,,,0.193728,,0
1943.4048,2.6641,,,157.1375,13.4926,,,12.9157,,,0.191313,,2.6641,,,157.1375,13.4926,,,12.9157,,,0.191313,,2.6641,,,157.1375,13.4926,,,12.9157,,,0.191313,,0
1943.5572,2.6678,,,166.0532,13.7886,,,13.2003,,,0.184351,,2.6678,,,166.0532,13.7886,,,13.2003,,,0.184351,,2.6678,,,166.0532,13.7886,,,13.2003,,,0.184351,,0
1943.7096,2.6561,,,158.3077,15.5923,,,13.362,,,0.167041,,2.6561,,,158.3077,15.5923,,,13.362,,,0.167041,,2.6561,,,158.3077,15.5923,,,13.362,,,0.167041,,0
1943.862,2.6246,,,145.9979,16.6166,,,14.2917,,,0.157278,,2.6246,,,145.9979,16.6166,,,14.2917,,,0.157278,,2.6246,,,145.9979,16.6166,,,14.2917,,,0.157278,,0
1944.0144,2.5712,,,130.5431,16.5342,,,14.8979,,,0.158532,,2.5712,,,130.5431,16.5342,,,14.8979,,,0.158532,,2.5712,,,130.5431,16.5342,,,14.8979,,,0.158532,,0
1944.1668,2.5508,,,127.6583,16.4874,,,15.0057,,,0.165349,,2.5508,,,127.6583,16.4874,,,15.0057,,,0.165349,,2.5508,,,127.6583,16.4874,,,15.0057,,,0.165349,,0
1944.3192,2.5875,,,132.2913,16.5522,,,14.6246,,,0.181957,,2.5875,,,132.2913,16.5522,,,14.6246,,,0.181957,,2.5875,,,132.2913,16.5522,,,14.6246,,,0.181957,,0
1944.4716,2.6048,,,150.1262,15.2189,,,14.3877,,,0.199167,,2.6048,,,150.1262,15.2189,,,14.3877,,,0.199167,,2.6048,,,150.1262,15.2189,,,14.3877,,,0.199167,,0
1944.624,2.6026,,,156.5233,14.4408,,,13.3242,,,0.207917,,2.6026,,,156.5233,14.4408,,,13.3242,,,0.207917,,2.6026,,,156.5233,14.4408,,,13.3242,,,0.207917,,0
1944.7764,2.6208,,,153.3335,13.1482,,,12.4413,,,0.215094,,2.6208,,,153.3335,13.1482,,,12.4413,,,0.215094,,2.6208,,,153.3335,13.1482,,,12.4413,,,0.215094,,0
1944.9288,2.6436,,,155.9948,12.3035,,,12.0774,,,0.219694,,2.6436,,,155.9948,12.3035,,,12.0774,,,0.219694,,2.6436,,,155.9948,12.3035,,,12.0774,,,0.219694,,0
1945.0812,2.6592,,,161.3968,11.4875,,,11.6199,,,0.232718,,2.6592,,,161.3968,11.4875,,,11.6199,,,0.232718,,2.6592,,,161.3968,11.4875,,,11.6199,,,0.232718,,0
1945.2336,2.6515,,,168.7508,10.6448,,,11.4882,,,0.243682,,2.6515,,,168.7508,10.6448,,,11.4882,,,0.243682,,2.6515,,,168.7508,10.6448,,,11.4882,,,0.243682,,0
1945.386,2.6135,,,177.8244,10.7682,,,11.6277,,,0.264815,,2.6135,,,177.8244,10.7682,,,11.6277,,,0.264815,,2.6135,,,177.8244,10.7682,,,11.6277,,,0.264815,,0
1945.5384,2.5965,,,175.8195,11.2189,,,13.0036,,,0.28934,,2.5965,,,175.8195,11.2189,,,13.0036,,,0.28934,,2.5965,,,175.8195,11.2189,,,13.0036,,,0.28934,,0
1945.6908,2.5543,,,172.1004,14.2096,,,13.7513,,,0.33483,,2.5543,,,172.1004,14.2096,,,13.7513,,,0.33483,,2.5543,,,172.1004,14.2096,,,13.7513,,,0.33483,,0
1945.8432,2.469,,,167.9811,15.8285,,,19.3819,,,0.387452,,2.469,,,167.9811,15.8285,,,19.3819,,,0.387452,,2.469,,,167.9811,15.8285,,,19.3819,,,0.387452,,0
1945.9956,2.2237,,,164.4728,13.0523,,,22.5796,,,0.468724,,2.2237,,,164.4728,13.0523,,,22.5796,,,0.468724,,2.2237,,,164.4728,13.0523,,,22.5796,,,0.468724,,0
1946.148,1.9338,,,135.8378,11.4757,,,24.1445,,,0.524444,,1.9338,,,135.8378,11.4757,,,24.1445,,,0.524444,,1.9338,,,135.8378,11.4757,,,24.1445,,,0.524444,,0
1946.3004,1.6447,,,88.0255,14.6277,,,25.0332,,,0.566852,,1.6447,,,88.0255,14.6277,,,25.0332,,,0.566852,,1.6447,,,88.0255,14.6277,,,25.0332,,,0.566852,,0
1946.4528,1.5382,,,59.3133,16.4177,,,28.8955,,,0.600481,,1.5382,,,59.3133,16.4177,,,28.8955,,,0.600481,,1.5382,,,59.3133,16.4177,,,28.8955,,,0.600481,,0
1946.6052,1.4958,,,45.6719,13.0235,,,31.0889,,,0.623914,,1.4958,,,45.6719,13.0235,,,31.0889,,,0.623914,,1.4958,,,45.6719,13.0235,,,31.0889,,,0.623914,,0
1946.7576,1.4788,,,38.9137,11.0959,,,25.5435,,,0.628209,,1.4788,,,38.9137,11.0959,,,25.5435,,,0.628209,,1.4788,,,38.9137,11.0959,,,25.5435,,,0.628209,,0
1946.91,1.5639,,,43.1415,11.1118,,,22.3943,,,0.546722,,1.5639,,,43.1415,11.1118,,,22.3943,,,0.546722,,1.5639,,,43.1415,11.1118,,,22.3943,,,0.546722,,0
1947.0624,1.7901,,,58.6955,11.1367,,,22.6637,,,0.451378,,1.7901,,,58.6955,11.1367,,,22.6637,,,0.451378,,1.7901,,,58.6955,11.1367,,,22.6637,,,0.451378,,0
1947.2148,2.2991,,,100.4717,11.1458,,,22.8167,,,0.342565,,2.2991,,,100.4717,11.1458,,,22.8167,,,0.342565,,2.2991,,,100.4717,11.1458,,,22.8167,,,0.342565,,0
1947.3672,2.5865,,,130.6851,13.0121,,,20.173,,,0.272955,,2.5865,,,130.6851,13.0121,,,20.173,,,0.272955,,2.5865,,,130.6851,13.0121,,,20.173,,,0.272955,,0
1947.5196,2.6483,,,156.2481,14.0719,,,16.0279,,,0.24023,,2.6483,,,156.2481,14.0719,,,16.0279,,,0.24023,,2.6483,,,156.2481,14.0719,,,16.0279,,,0.24023,,0
1947.672,2.6758,,,176.378,11.6742,,,12.4137,,,0.229017,,2.6758,,,176.378,11.6742,,,12.4137,,,0.229017,,2.6758,,,176.378,11.6742,,,12.4137,,,0.229017,,0
1947.8244,2.6706,,,175.7711,10.3126,,,11.2139,,,0.229565,,2.6706,,,175.7711,10.3126,,,11.2139,,,0.229565,,2.6706,,,175.7711,10.3126,,,11.2139,,,0.229565,,0
1947.9768,2.6486,,,180.7225,9.774,,,10.5169,,,0.231531,,2.6486,,,180.7225,9.774,,,10.5169,,,0.231531,,2.6486,,,180.7225,9.774,,,10.5169,,,0.231531,,0
1948.1292,2.6447,,,184.2374,9.4681,,,10.1211,,,0.232145,,2.6447,,,184.2374,9.4681,,,10.1211,,,0.232145,,2.6447,,,184.2374,9.4681,,,10.1211,,,0.232145,,0
1948.2816,2.649,,,186.3376,9.5587,,,10.3186,,,0.229831,,2.649,,,186.3376,9.5587,,,10.3186,,,0.229831,,2.649,,,186.3376,9.5587,,,10.3186,,,0.229831,,0
1948.434,2.6407,,,179.0563,9.6102,,,10.4307,,,0.225092,,2.6407,,,179.0563,9.6102,,,10.4307,,,0.225092,,2.6407,,,179.0563,9.6102,,,10.4307,,,0.225092,,0
1948.5864,2.6111,,,162.989,11.0028,,,12.0568,,,0.197142,,2.6111,,,162.989,11.0028,,,12.0568,,,0.197142,,2.6111,,,162.989,11.0028,,,12.0568,,,0.197142,,0
1948.7388,2.5834,,,138.5149,11.7936,,,12.9802,,,0.178573,,2.5834,,,138.5149,11.7936,,,12.9802,,,0.178573,,2.5834,,,138.5149,11.7936,,,12.9802,,,0.178573,,0
1948.8912,2.5997,,,124.6125,13.8587,,,14.6264,,,0.167854,,2.5997,,,124.6125,13.8587,,,14.6264,,,0.167854,,2.5997,,,124.6125,13.8587,,,14.6264,,,0.167854,,0
1949.0436,2.6292,,,121.0894,15.0314,,,15.5613,,,0.160959,,2.6292,,,121.0894,15.0314,,,15.5613,,,0.160959,,2.6292,,,121.0894,15.0314,,,15.5613,,,0.160959,,0
1949.196,2.6378,,,131.0016,18.38,,,16.8969,,,0.163053,,2.6378,,,131.0016,18.38,,,16.8969,,,0.163053,,2.6378,,,131.0016,18.38,,,16.8969,,,0.163053,,0
1949.3484,2.6229,,,138.1487,20.2816,,,17.6554,,,0.167324,,2.6229,,,138.1487,20.2816,,,17.6554,,,0.167324,,2.6229,,,138.1487,20.2816,,,17.6554,,,0.167324,,0
1949.5008,2.5782,,,144.2866,20.3487,,,18.079,,,0.174376,,2.5782,,,144.2866,20.3487,,,18.079,,,0.174376,,2.5782,,,144.2866,20.3487,,,18.079,,,0.174376,,0
1949.6532,2.5646,,,144.9502,20.3868,,,18.7433,,,0.178939,,2.5646,,,144.9502,20.3868,,,18.7433,,,0.178939,,2.5646,,,144.9502,20.3868,,,18.7433,,,0.178939,,0
1949.8056,2.5309,,,143.4305,20.4545,,,18.9839,,,0.177276,,2.5309,,,143.4305,20.4545,,,18.9839,,,0.177276,,2.5309,,,143.4305,20.4545,,,18.9839,,,0.177276,,0
1949.958,2.5037,,,138.44,20.4929,,,18.9834,,,0.172456,,2.5037,,,138.44,20.4929,,,18.9834,,,0.172456,,2.5037,,,138.44,20.4929,,,18.9834,,,0.172456,,0
1950.1104,2.5326,,,123.6003,17.4941,,,18.9831,,,0.1624,,2.5326,,,123.6003,17.4941,,,18.9831,,,0.1624,,2.5326,,,123.6003,17.4941,,,18.9831,,,0.1624,,0
1950.2628,2.5651,,,109.3894,15.791,,,17.6627,,,0.156907,,2.5651,,,109.3894,15.791,,,17.6627,,,0.156907,,2.5651,,,109.3894,15.791,,,17.6627,,,0.156907,,0
1950.4152,2.6083,,,112.4887,16.2802,,,16.9128,,,0.158824,,2.6083,,,112.4887,16.2802,,,16.9128,,,0.158824,,2.6083,,,112.4887,16.2802,,,16.9128,,,0.158824,,0
1950.5676,2.631,,,121.6957,16.558,,,15.4586,,,0.163963,,2.631,,,121.6957,16.558,,,15.4586,,,0.163963,,2.631,,,121.6957,16.558,,,15.4586,,,0.163963,,0
1950.72,2.6568,,,147.6592,14.4418,,,14.6327,,,0.176624,,2.6568,,,147.6592,14.4418,,,14.6327,,,0.176624,,2.6568,,,147.6592,14.4418,,,14.6327,,,0.176624,,0
1950.8724,2.6485,,,165.5273,13.24,,,13.1764,,,0.191657,,2.6485,,,165.5273,13.24,,,13.1764,,,0.191657,,2.6485,,,165.5273,13.24,,,13.1764,,,0.191657,,0
1951.0248,2.64,,,162.6868,12.7044,,,12.3494,,,0.197438,,2.64,,,162.6868,12.7044,,,12.3494,,,0.197438,,2.64,,,162.6868,12.7044,,,12.3494,,,0.197438,,0
1951.1772,2.6429,,,161.5457,11.8646,,,11.4585,,,0.197226,,2.6429,,,161.5457,11.8646,,,11.4585,,,0.197226,,2.6429,,,161.5457,11.8646,,,11.4585,,,0.197226,,0
1951.3296,2.6686,,,156.1918,11.5604,,,10.9526,,,0.197283,,2.6686,,,156.1918,11.5604,,,10.9526,,,0.197283,,2.6686,,,156.1918,11.5604,,,10.9526,,,0.197283,,0
1951.482,2.6804,,,146.4665,10.9484,,,10.1181,,,0.198967,,2.6804,,,146.4665,10.9484,,,10.1181,,,0.198967,,2.6804,,,146.4665,10.9484,,,10.1181,,,0.198967,,0
1951.6344,2.6766,,,149.4389,10.6009,,,9.6442,,,0.203563,,2.6766,,,149.4389,10.6009,,,9.6442,,,0.203563,,2.6766,,,149.4389,10.6009,,,9.6442,,,0.203563,,0
1951.7868,2.6726,,,156.9454,9.7889,,,9.0297,,,0.211313,,2.6726,,,156.9454,9.7889,,,9.0297,,,0.211313,,2.6726,,,156.9454,9.7889,,,9.0297,,,0.211313,,0
1951.9392,2.6683,,,164.0343,9.3277,,,8.6808,,,0.214564,,2.6683,,,164.0343,9.3277,,,8.6808,,,0.214564,,2.6683,,,164.0343,9.3277,,,8.6808,,,0.214564,,0
1952.0916,2.6768,,,148.948,9.1037,,,8.5129,,,0.216769,,2.6768,,,148.948,9.1037,,,8.5129,,,0.216769,,2.6768,,,148.948,9.1037,,,8.5129,,,0.216769,,0
1952.244,2.6817,,,149.3778,8.9765,,,8.4175,,,0.217872,,2.6817,,,149.3778,8.9765,,,8.4175,,,0.217872,,2.6817,,,149.3778,8.9765,,,8.4175,,,0.217872,,0
1952.3964,2.6839,,,158.025,8.9845,,,8.2887,,,0.217226,,2.6839,,,158.025,8.9845,,,8.2887,,,0.217226,,2.6839,,,158.025,8.9845,,,8.2887,,,0.217226,,0
1952.5488,2.6817,,,159.451,8.9891,,,8.2155,,,0.215306,,2.6817,,,159.451,8.9891,,,8.2155,,,0.215306,,2.6817,,,159.451,8.9891,,,8.2155,,,0.215306,,0
1952.7012,2.6652,,,165.3477,8.8855,,,8.0172,,,0.216186,,2.6652,,,165.3477,8.8855,,,8.0172,,,0.216186,,2.6652,,,165.3477,8.8855,,,8.0172,,,0.216186,,0
1952.8536,2.6598,,,168.2811,8.8267,,,7.9046,,,0.219113,,2.6598,,,168.2811,8.8267,,,7.9046,,,0.219113,,2.6598,,,168.2811,8.8267,,,7.9046,,,0.219113,,0
1953.006,2.6815,,,155.8206,8.686,,,7.7592,,,0.220009,,2.6815,,,155.8206,8.686,,,7.7592,,,0.220009,,2.6815,,,155.8206,8.686,,,7.7592,,,0.220009,,0
1953.1584,2.6974,,,156.6241,8.6061,,,7.6767,,,0.219071,,2.6974,,,156.6241,8.6061,,,7.6767,,,0.219071,,2.6974,,,156.6241,8.6061,,,7.6767,,,0.219071,,0
1953.3108,2.6837,,,153.0918,8.4141,,,7.7326,,,0.219238,,2.6837,,,153.0918,8.4141,,,7.7326,,,0.219238,,2.6837,,,153.0918,8.4141,,,7.7326,,,0.219238,,0
1953.4632,2.6572,,,151.0444,8.3051,,,7.7644,,,0.220557,,2.6572,,,151.0444,8.3051,,,7.7644,,,0.220557,,2.6572,,,151.0444,8.3051,,,7.7644,,,0.220557,,0
1953.6156,2.6567,,,157.4396,8.2289,,,7.7988,,,0.225437,,2.6567,,,157.4396,8.2289,,,7.7988,,,0.225437,,2.6567,,,157.4396,8.2289,,,7.7988,,,0.225437,,0
1953.768,2.6579,,,159.5838,8.1857,,,7.8183,,,0.230069,,2.6579,,,159.5838,8.1857,,,7.8183,,,0.230069,,2.6579,,,159.5838,8.1857,,,7.8183,,,0.230069,,0
1953.9204,2.6499,,,169.2081,7.802,,,7.7104,,,0.241569,,2.6499,,,169.2081,7.802,,,7.7104,,,0.241569,,2.6499,,,169.2081,7.802,,,7.7104,,,0.241569,,0
1954.0728,2.6315,,,169.0372,7.6569,,,7.7503,,,0.26832,,2.6315,,,169.0372,7.6569,,,7.7503,,,0.26832,,2.6315,,,169.0372,7.6569,,,7.7503,,,0.26832,,0
1954.2252,2.6312,,,166.9305,7.6983,,,8.0319,,,0.297165,,2.6312,,,166.9305,7.6983,,,8.0319,,,0.297165,,2.6312,,,166.9305,7.6983,,,8.0319,,,0.297165,,0
1954.3776,2.6717,,,167.1761,7.6803,,,9.2304,,,0.377149,,2.6717,,,167.1761,7.6803,,,9.2304,,,0.377149,,2.6717,,,167.1761,7.6803,,,9.2304,,,0.377149,,0
1954.53,2.5152,,,161.4287,8.3066,,,9.8388,,,0.457217,,2.5152,,,161.4287,8.3066,,,9.8388,,,0.457217,,2.5152,,,161.4287,8.3066,,,9.8388,,,0.457217,,0
1954.6824,1.9791,,,115.0861,9.8412,,,14.7988,,,0.560235,,1.9791,,,115.0861,9.8412,,,14.7988,,,0.560235,,1.9791,,,115.0861,9.8412,,,14.7988,,,0.560235,,0
1954.8348,1.6229,,,76.2437,9.1364,,,17.6156,,,0.635202,,1.6229,,,76.2437,9.1364,,,17.6156,,,0.635202,,1.6229,,,76.2437,9.1364,,,17.6156,,,0.635202,,0
1954.9872,1.5212,,,52.5221,8.3578,,,20.5081,,,0.709365,,1.5212,,,52.5221,8.3578,,,20.5081,,,0.709365,,1.5212,,,52.5221,8.3578,,,20.5081,,,0.709365,,0
1955.1396,1.4807,,,39.7524,10.4726,,,23.9279,,,0.750036,,1.4807,,,39.7524,10.4726,,,23.9279,,,0.750036,,1.4807,,,39.7524,10.4726,,,23.9279,,,0.750036,,0
1955.292,1.5213,,,37.0338,12.0698,,,26.6133,,,0.739803,,1.5213,,,37.0338,12.0698,,,26.6133,,,0.739803,,1.5213,,,37.0338,12.0698,,,26.6133,,,0.739803,,0
1955.4444,1.5042,,,40.3304,12.5163,,,38.4768,,,0.717751,,1.5042,,,40.3304,12.5163,,,38.4768,,,0.717751,,1.5042,,,40.3304,12.5163,,,38.4768,,,0.717751,,0
1955.5968,1.4556,,,38.5765,17.8787,,,44.8005,,,0.692269,,1.4556,,,38.5765,17.8787,,,44.8005,,,0.692269,,1.4556,,,38.5765,17.8787,,,44.8005,,,0.692269,,0
1955.7492,1.4445,,,33.9264,20.8526,,,45.1331,,,0.68558,,1.4445,,,33.9264,20.8526,,,45.1331,,,0.68558,,1.4445,,,33.9264,20.8526,,,45.1331,,,0.68558,,0
1955.9016,1.4775,,,40.9489,12.1521,,,31.8934,,,0.66033,,1.4775,,,40.9489,12.1521,,,31.8934,,,0.66033,,1.4775,,,40.9489,12.1521,,,31.8934,,,0.66033,,0
1956.054,1.547,,,57.2045,7.2111,,,24.2905,,,0.631187,,1.547,,,57.2045,7.2111,,,24.2905,,,0.631187,,1.547,,,57.2045,7.2111,,,24.2905,,,0.631187,,0
1956.2064,1.8088,,,88.0248,16.6142,,,35.6486,,,0.626717,,1.8088,,,88.0248,16.6142,,,35.6486,,,0.626717,,1.8088,,,88.0248,16.6142,,,35.6486,,,0.626717,,0
1956.3588,1.9877,,,115.587,21.9543,,,42.0988,,,0.634404,,1.9877,,,115.587,21.9543,,,42.0988,,,0.634404,,1.9877,,,115.587,21.9543,,,42.0988,,,0.634404,,0
1956.5112,1.8069,,,102.0926,18.1574,,,39.81,,,0.642611,,1.8069,,,102.0926,18.1574,,,39.81,,,0.642611,,1.8069,,,102.0926,18.1574,,,39.81,,,0.642611,,0
1956.6636,1.5475,,,73.5864,17.7254,,,38.5102,,,0.655286,,1.5475,,,73.5864,17.7254,,,38.5102,,,0.655286,,1.5475,,,73.5864,17.7254,,,38.5102,,,0.655286,,0
1956.816,1.5192,,,49.4068,20.3574,,,30.9606,,,0.574224,,1.5192,,,49.4068,20.3574,,,30.9606,,,0.574224,,1.5192,,,49.4068,20.3574,,,30.9606,,,0.574224,,0
1956.9684,1.7985,,,50.0322,22.5681,,,26.6732,,,0.47168,,1.7985,,,50.0322,22.5681,,,26.6732,,,0.47168,,1.7985,,,50.0322,22.5681,,,26.6732,,,0.47168,,0
1957.1208,2.2281,,,83.5694,23.2904,,,26.917,,,0.380873,,2.2281,,,83.5694,23.2904,,,26.917,,,0.380873,,2.2281,,,83.5694,23.2904,,,26.917,,,0.380873,,0
1957.2732,2.4398,,,119.1187,22.4867,,,22.6034,,,0.293691,,2.4398,,,119.1187,22.4867,,,22.6034,,,0.293691,,2.4398,,,119.1187,22.4867,,,22.6034,,,0.293691,,0
1957.4256,2.5273,,,129.2385,20.8621,,,20.0751,,,0.246671,,2.5273,,,129.2385,20.8621,,,20.0751,,,0.246671,,2.5273,,,129.2385,20.8621,,,20.0751,,,0.246671,,0
1957.578,2.6169,,,148.1426,18.5007,,,18.3027,,,0.213848,,2.6169,,,148.1426,18.5007,,,18.3027,,,0.213848,,2.6169,,,148.1426,18.5007,,,18.3027,,,0.213848,,0
1957.7304,2.6501,,,159.8071,16.9847,,,17.2961,,,0.191452,,2.6501,,,159.8071,16.9847,,,17.2961,,,0.191452,,2.6501,,,159.8071,16.9847,,,17.2961,,,0.191452,,0
1957.8828,2.6257,,,141.1098,16.6714,,,16.8534,,,0.171977,,2.6257,,,141.1098,16.6714,,,16.8534,,,0.171977,,2.6257,,,141.1098,16.6714,,,16.8534,,,0.171977,,0
1958.0352,2.5995,,,125.4691,15.4368,,,16.3309,,,0.15816,,2.5995,,,125.4691,15.4368,,,16.3309,,,0.15816,,2.5995,,,125.4691,15.4368,,,16.3309,,,0.15816,,0
1958.1876,2.6124,,,118.375,14.8154,,,15.7983,,,0.148841,,2.6124,,,118.375,14.8154,,,15.7983,,,0.148841,,2.6124,,,118.375,14.8154,,,15.7983,,,0.148841,,0
1958.34,2.6325,,,114.3309,14.9767,,,15.102,,,0.145081,,2.6325,,,114.3309,14.9767,,,15.102,,,0.145081,,2.6325,,,114.3309,14.9767,,,15.102,,,0.145081,,0
1958.4924,2.624,,,107.7912,14.0934,,,14.8286,,,0.145857,,2.624,,,107.7912,14.0934,,,14.8286,,,0.145857,,2.624,,,107.7912,14.0934,,,14.8286,,,0.145857,,0
1958.6448,2.6091,,,111.3862,13.5543,,,14.3173,,,0.147548,,2.6091,,,111.3862,13.5543,,,14.3173,,,0.147548,,2.6091,,,111.3862,13.5543,,,14.3173,,,0.147548,,0
1958.7972,2.6118,,,123.1229,11.7115,,,14.0269,,,0.150241,,2.6118,,,123.1229,11.7115,,,14.0269,,,0.150241,,2.6118,,,123.1229,11.7115,,,14.0269,,,0.150241,,0
1958.9496,2.5859,,,116.5542,10.6649,,,12.5474,,,0.151272,,2.5859,,,116.5542,10.6649,,,12.5474,,,0.151272,,2.5859,,,116.5542,10.6649,,,12.5474,,,0.151272,,0
1959.102,2.5622,,,114.1792,10.1104,,,11.3992,,,0.152858,,2.5622,,,114.1792,10.1104,,,11.3992,,,0.152858,,2.5622,,,114.1792,10.1104,,,11.3992,,,0.152858,,0
1959.2544,2.5833,,,114.5924,9.7912,,,11.1055,,,0.154055,,2.5833,,,114.5924,9.7912,,,11.1055,,,0.154055,,2.5833,,,114.5924,9.7912,,,11.1055,,,0.154055,,0
1959.4068,2.6012,,,121.1856,10.0975,,,11.3272,,,0.150947,,2.6012,,,121.1856,10.0975,,,11.3272,,,0.150947,,2.6012,,,121.1856,10.0975,,,11.3272,,,0.150947,,0
1959.5592,2.5934,,,124.0152,9.6516,,,11.284,,,0.147888,,2.5934,,,124.0152,9.6516,,,11.284,,,0.147888,,2.5934,,,124.0152,9.6516,,,11.284,,,0.147888,,0
1959.7116,2.5687,,,123.8756,9.0024,,,11.1746,,,0.144904,,2.5687,,,123.8756,9.0024,,,11.1746,,,0.144904,,2.5687,,,123.8756,9.0024,,,11.1746,,,0.144904,,0
1959.864,2.5545,,,121.4578,8.679,,,11.1788,,,0.144174,,2.5545,,,121.4578,8.679,,,11.1788,,,0.144174,,2.5545,,,121.4578,8.679,,,11.1788,,,0.144174,,0
1960.0164,2.5593,,,114.1812,7.0861,,,9.8437,,,0.150049,,2.5593,,,114.1812,7.0861,,,9.8437,,,0.150049,,2.5593,,,114.1812,7.0861,,,9.8437,,,0.150049,,0
1960.1688,2.5344,,,113.1594,4.6634,,,6.9233,,,0.159642,,2.5344,,,113.1594,4.6634,,,6.9233,,,0.159642,,2.5344,,,113.1594,4.6634,,,6.9233,,,0.159642,,0
1960.3212,2.4812,,,103.3717,3.7728,,,5.6953,,,0.165787,,2.4812,,,103.3717,3.7728,,,5.6953,,,0.165787,,2.4812,,,103.3717,3.7728,,,5.6953,,,0.165787,,0
1960.4736,2.3988,,,72.0903,2.3964,,,3.617,,,0.170708,,2.3988,,,72.0903,2.3964,,,3.617,,,0.170708,,2.3988,,,72.0903,2.3964,,,3.617,,,0.170708,,0
1960.626,2.3487,,,56.7935,1.6147,,,2.4367,,,0.170978,,2.3487,,,56.7935,1.6147,,,2.4367,,,0.170978,,2.3487,,,56.7935,1.6147,,,2.4367,,,0.170978,,0
1960.7784,2.3438,,,59.2425,1.4197,,,2.5297,,,0.168661,,2.3438,,,59.2425,1.4197,,,2.5297,,,0.168661,,2.3438,,,59.2425,1.4197,,,2.5297,,,0.168661,,0
1960.9308,2.3706,,,57.1081,1.3089,,,2.5825,,,0.169112,,2.3706,,,57.1081,1.3089,,,2.5825,,,0.169112,,2.3706,,,57.1081,1.3089,,,2.5825,,,0.169112,,0
1961.0832,2.4114,,,58.6251,1.4975,,,3.7638,,,0.173499,,2.4114,,,58.6251,1.4975,,,3.7638,,,0.173499,,2.4114,,,58.6251,1.4975,,,3.7638,,,0.173499,,0
1961.2356,2.42,,,58.6612,1.5311,,,4.4347,,,0.176302,,2.42,,,58.6612,1.5311,,,4.4347,,,0.176302,,2.42,,,58.6612,1.5311,,,4.4347,,,0.176302,,0
1961.388,2.3605,,,55.8895,1.4057,,,3.3713,,,0.177274,,2.3605,,,55.8895,1.4057,,,3.3713,,,0.177274,,2.3605,,,55.8895,1.4057,,,3.3713,,,0.177274,,0
1961.5404,2.3165,,,49.8727,1.1741,,,2.7674,,,0.176452,,2.3165,,,49.8727,1.1741,,,2.7674,,,0.176452,,2.3165,,,49.8727,1.1741,,,2.7674,,,0.176452,,0
1961.6928,2.3168,,,48.2105,1.0696,,,2.2966,,,0.176629,,2.3168,,,48.2105,1.0696,,,2.2966,,,0.176629,,2.3168,,,48.2105,1.0696,,,2.2966,,,0.176629,,0
1961.8452,2.3189,,,48.8086,1.0542,,,2.0293,,,0.177738,,2.3189,,,48.8086,1.0542,,,2.0293,,,0.177738,,2.3189,,,48.8086,1.0542,,,2.0293,,,0.177738,,0
1961.9976,2.3516,,,55.5567,1.0454,,,1.951,,,0.183649,,2.3516,,,55.5567,1.0454,,,1.951,,,0.183649,,2.3516,,,55.5567,1.0454,,,1.951,,,0.183649,,0
1962.15,2.4276,,,78.0791,1.8516,,,1.9065,,,0.189096,,2.4276,,,78.0791,1.8516,,,1.9065,,,0.189096,,2.4276,,,78.0791,1.8516,,,1.9065,,,0.189096,,0
1962.3024,2.5456,,,128.2848,2.3094,,,5.2447,,,0.192824,,2.5456,,,128.2848,2.3094,,,5.2447,,,0.192824,,2.5456,,,128.2848,2.3094,,,5.2447,,,0.192824,,0
1962.4548,2.6038,,,151.7608,5.455,,,7.1404,,,0.19758,,2.6038,,,151.7608,5.455,,,7.1404,,,0.19758,,2.6038,,,151.7608,5.455,,,7.1404,,,0.19758,,0
1962.6072,2.6223,,,157.6957,7.2414,,,9.3423,,,0.200712,,2.6223,,,157.6957,7.2414,,,9.3423,,,0.200712,,2.6223,,,157.6957,7.2414,,,9.3423,,,0.200712,,0
1962.7596,2.625,,,159.1595,8.3741,,,10.5927,,,0.19955,,2.625,,,159.1595,8.3741,,,10.5927,,,0.19955,,2.625,,,159.1595,8.3741,,,10.5927,,,0.19955,,0
1962.912,2.6452,,,152.0823,10.1502,,,9.6793,,,0.19799,,2.6452,,,152.0823,10.1502,,,9.6793,,,0.19799,,2.6452,,,152.0823,10.1502,,,9.6793,,,0.19799,,0
1963.0644,2.6593,,,152.9384,10.7935,,,9.1606,,,0.198338,,2.6593,,,152.9384,10.7935,,,9.1606,,,0.198338,,2.6593,,,152.9384,10.7935,,,9.1606,,,0.198338,,0
1963.2168,2.6667,,,148.5885,10.0506,,,8.5451,,,0.201124,,2.6667,,,148.5885,10.0506,,,8.5451,,,0.201124,,2.6667,,,148.5885,10.0506,,,8.5451,,,0.201124,,0
1963.3692,2.6687,,,157.1239,9.3858,,,8.1955,,,0.206008,,2.6687,,,157.1239,9.3858,,,8.1955,,,0.206008,,2.6687,,,157.1239,9.3858,,,8.1955,,,0.206008,,0
1963.5216,2.6881,,,166.7988,9.0049,,,8.1702,,,0.210615,,2.6881,,,166.7988,9.0049,,,8.1702,,,0.210615,,2.6881,,,166.7988,9.0049,,,8.1702,,,0.210615,,0
1963.674,2.6936,,,173.577,8.6241,,,8.1306,,,0.21446,,2.6936,,,173.577,8.6241,,,8.1306,,,0.21446,,2.6936,,,173.577,8.6241,,,8.1306,,,0.21446,,0
1963.8264,2.6823,,,172.4037,8.3785,,,8.1093,,,0.214588,,2.6823,,,172.4037,8.3785,,,8.1093,,,0.214588,,2.6823,,,172.4037,8.3785,,,8.1093,,,0.214588,,0
1963.9788,2.6613,,,152.7489,8.2253,,,8.0618,,,0.210009,,2.6613,,,152.7489,8.2253,,,8.0618,,,0.210009,,2.6613,,,152.7489,8.2253,,,8.0618,,,0.210009,,0
1964.1312,2.6611,,,151.0132,8.1151,,,7.9272,,,0.208629,,2.6611,,,151.0132,8.1151,,,7.9272,,,0.208629,,2.6611,,,151.0132,8.1151,,,7.9272,,,0.208629,,0
1964.2836,2.6886,,,155.8707,8.0093,,,7.8718,,,0.209993,,2.6886,,,155.8707,8.0093,,,7.8718,,,0.209993,,2.6886,,,155.8707,8.0093,,,7.8718,,,0.209993,,0
1964.436,2.6978,,,153.4639,7.9679,,,7.886,,,0.211584,,2.6978,,,153.4639,7.9679,,,7.886,,,0.211584,,2.6978,,,153.4639,7.9679,,,7.886,,,0.211584,,0
1964.5884,2.6859,,,151.119,8.2186,,,8.1951,,,0.209139,,2.6859,,,151.119,8.2186,,,8.1951,,,0.209139,,2.6859,,,151.119,8.2186,,,8.1951,,,0.209139,,0
1964.7408,2.6802,,,150.7398,8.923,,,8.3673,,,0.202617,,2.6802,,,150.7398,8.923,,,8.3673,,,0.202617,,2.6802,,,150.7398,8.923,,,8.3673,,,0.202617,,0
1964.8932,2.6828,,,150.6404,9.5376,,,9.3239,,,0.186634,,2.6828,,,150.6404,9.5376,,,9.3239,,,0.186634,,2.6828,,,150.6404,9.5376,,,9.3239,,,0.186634,,0
1965.0456,2.6806,,,145.9931,11.5488,,,9.8672,,,0.172339,,2.6806,,,145.9931,11.5488,,,9.8672,,,0.172339,,2.6806,,,145.9931,11.5488,,,9.8672,,,0.172339,,0
1965.198,2.6745,,,143.2946,12.5957,,,11.3048,,,0.158168,,2.6745,,,143.2946,12.5957,,,11.3048,,,0.158168,,2.6745,,,143.2946,12.5957,,,11.3048,,,0.158168,,0
1965.3504,2.6631,,,143.3257,14.5851,,,12.1212,,,0.150004,,2.6631,,,143.3257,14.5851,,,12.1212,,,0.150004,,2.6631,,,143.3257,14.5851,,,12.1212,,,0.150004,,0
1965.5028,2.6156,,,137.2869,15.7149,,,13.2055,,,0.14972,,2.6156,,,137.2869,15.7149,,,13.2055,,,0.14972,,2.6156,,,137.2869,15.7149,,,13.2055,,,0.14972,,0
1965.6552,2.5998,,,137.0769,16.2547,,,13.8213,,,0.153043,,2.5998,,,137.0769,16.2547,,,13.8213,,,0.153043,,2.5998,,,137.0769,16.2547,,,13.8213,,,0.153043,,0
1965.8076,2.6182,,,141.057,16.5612,,,13.9692,,,0.160787,,2.6182,,,141.057,16.5612,,,13.9692,,,0.160787,,2.6182,,,141.057,16.5612,,,13.9692,,,0.160787,,0
1965.96,2.6295,,,144.5557,16.6724,,,14.0532,,,0.166086,,2.6295,,,144.5557,16.6724,,,14.0532,,,0.166086,,2.6295,,,144.5557,16.6724,,,14.0532,,,0.166086,,0
1966.1124,2.6235,,,135.7631,16.7356,,,14.316,,,0.16997,,2.6235,,,135.7631,16.7356,,,14.316,,,0.16997,,2.6235,,,135.7631,16.7356,,,14.316,,,0.16997,,0
1966.2648,2.6231,,,135.5355,16.2438,,,14.4653,,,0.172174,,2.6231,,,135.5355,16.2438,,,14.4653,,,0.172174,,2.6231,,,135.5355,16.2438,,,14.4653,,,0.172174,,0
1966.4172,2.6275,,,137.1333,15.9645,,,14.0847,,,0.17486,,2.6275,,,137.1333,15.9645,,,14.0847,,,0.17486,,2.6275,,,137.1333,15.9645,,,14.0847,,,0.17486,,0
1966.5696,2.6497,,,158.3418,14.7042,,,13.0943,,,0.176774,,2.6497,,,158.3418,14.7042,,,13.0943,,,0.176774,,2.6497,,,158.3418,14.7042,,,13.0943,,,0.176774,,0
1966.722,2.6625,,,163.9195,13.9885,,,12.6546,,,0.176972,,2.6625,,,163.9195,13.9885,,,12.6546,,,0.176972,,2.6625,,,163.9195,13.9885,,,12.6546,,,0.176972,,0
1966.8744,2.659,,,152.9718,13.1031,,,12.0402,,,0.179451,,2.659,,,152.9718,13.1031,,,12.0402,,,0.179451,,2.659,,,152.9718,13.1031,,,12.0402,,,0.179451,,0
1967.0268,2.6556,,,152.8826,12.6003,,,11.6913,,,0.182877,,2.6556,,,152.8826,12.6003,,,11.6913,,,0.182877,,2.6556,,,152.8826,12.6003,,,11.6913,,,0.182877,,0
1967.1792,2.6548,,,147.7853,11.8835,,,11.1947,,,0.186934,,2.6548,,,147.7853,11.8835,,,11.1947,,,0.186934,,2.6548,,,147.7853,11.8835,,,11.1947,,,0.186934,,0
1967.3316,2.6596,,,148.4054,11.4765,,,10.9127,,,0.190067,,2.6596,,,148.4054,11.4765,,,10.9127,,,0.190067,,2.6596,,,148.4054,11.4765,,,10.9127,,,0.190067,,0
1967.484,2.6604,,,151.8223,11.2979,,,10.7393,,,0.191346,,2.6604,,,151.8223,11.2979,,,10.7393,,,0.191346,,2.6604,,,151.8223,11.2979,,,10.7393,,,0.191346,,0
1967.6364,2.6614,,,154.6738,11.1965,,,10.6408,,,0.192557,,2.6614,,,154.6738,11.1965,,,10.6408,,,0.192557,,2.6614,,,154.6738,11.1965,,,10.6408,,,0.192557,,0
1967.7888,2.6574,,,152.6583,11.5392,,,10.7078,,,0.195843,,2.6574,,,152.6583,11.5392,,,10.7078,,,0.195843,,2.6574,,,152.6583,11.5392,,,10.7078,,,0.195843,,0
1967.9412,2.6582,,,162.7797,11.7338,,,10.7459,,,0.199632,,2.6582,,,162.7797,11.7338,,,10.7459,,,0.199632,,2.6582,,,162.7797,11.7338,,,10.7459,,,0.199632,,0
1968.0936,2.6479,,,171.0837,11.7789,,,10.5733,,,0.205683,,2.6479,,,171.0837,11.7789,,,10.5733,,,0.205683,,2.6479,,,171.0837,11.7789,,,10.5733,,,0.205683,,0
1968.246,2.6444,,,169.8897,11.8045,,,10.4753,,,0.208209,,2.6444,,,169.8897,11.8045,,,10.4753,,,0.208209,,2.6444,,,169.8897,11.8045,,,10.4753,,,0.208209,,0
1968.3984,2.6341,,,152.2139,11.3948,,,10.092,,,0.208228,,2.6341,,,152.2139,11.3948,,,10.092,,,0.208228,,2.6341,,,152.2139,11.3948,,,10.092,,,0.208228,,0
1968.5508,2.6362,,,139.9458,11.1622,,,9.8743,,,0.209894,,2.6362,,,139.9458,11.1622,,,9.8743,,,0.209894,,2.6362,,,139.9458,11.1622,,,9.8743,,,0.209894,,0
1968.7032,2.6473,,,152.2536,10.5256,,,9.6244,,,0.215328,,2.6473,,,152.2536,10.5256,,,9.6244,,,0.215328,,2.6473,,,152.2536,10.5256,,,9.6244,,,0.215328,,0
1968.8556,2.6574,,,154.2052,10.1641,,,9.4825,,,0.219622,,2.6574,,,154.2052,10.1641,,,9.4825,,,0.219622,,2.6574,,,154.2052,10.1641,,,9.4825,,,0.219622,,0
1969.008,2.6518,,,163.5399,10.152,,,9.6001,,,0.224618,,2.6518,,,163.5399,10.152,,,9.6001,,,0.224618,,2.6518,,,163.5399,10.152,,,9.6001,,,0.224618,,0
1969.1604,2.6367,,,167.0901,10.1452,,,9.7844,,,0.229515,,2.6367,,,167.0901,10.1452,,,9.7844,,,0.229515,,2.6367,,,167.0901,10.1452,,,9.7844,,,0.229515,,0
1969.3128,2.6386,,,160.8315,10.3893,,,9.8512,,,0.23674,,2.6386,,,160.8315,10.3893,,,9.8512,,,0.23674,,2.6386,,,160.8315,10.3893,,,9.8512,,,0.23674,,0
1969.4652,2.633,,,166.3176,10.5279,,,10.2954,,,0.245868,,2.633,,,166.3176,10.5279,,,10.2954,,,0.245868,,2.633,,,166.3176,10.5279,,,10.2954,,,0.245868,,0
1969.6176,2.5861,,,176.0149,10.9863,,,10.5477,,,0.256854,,2.5861,,,176.0149,10.9863,,,10.5477,,,0.256854,,2.5861,,,176.0149,10.9863,,,10.5477,,,0.256854,,0
1969.77,2.5365,,,195.2202,11.2467,,,11.4675,,,0.280206,,2.5365,,,195.2202,11.2467,,,11.4675,,,0.280206,,2.5365,,,195.2202,11.2467,,,11.4675,,,0.280206,,0
1969.9224,2.5328,,,200.552,12.5227,,,11.9899,,,0.299355,,2.5328,,,200.552,12.5227,,,11.9899,,,0.299355,,2.5328,,,200.552,12.5227,,,11.9899,,,0.299355,,0
1970.0748,2.4971,,,192.3091,13.2473,,,14.0541,,,0.341283,,2.4971,,,192.3091,13.2473,,,14.0541,,,0.341283,,2.4971,,,192.3091,13.2473,,,14.0541,,,0.341283,,0
1970.2272,2.4375,,,192.9612,19.2097,,,15.2263,,,0.386636,,2.4375,,,192.9612,19.2097,,,15.2263,,,0.386636,,2.4375,,,192.9612,19.2097,,,15.2263,,,0.386636,,0
1970.3796,2.1398,,,139.6586,22.5957,,,20.2153,,,0.46992,,2.1398,,,139.6586,22.5957,,,20.2153,,,0.46992,,2.1398,,,139.6586,22.5957,,,20.2153,,,0.46992,,0
1970.532,1.8257,,,85.814,19.6176,,,23.0486,,,0.549071,,1.8257,,,85.814,19.6176,,,23.0486,,,0.549071,,1.8257,,,85.814,19.6176,,,23.0486,,,0.549071,,0
1970.6844,1.5993,,,61.1042,14.9482,,,23.3238,,,0.615672,,1.5993,,,61.1042,14.9482,,,23.3238,,,0.615672,,1.5993,,,61.1042,14.9482,,,23.3238,,,0.615672,,0
1970.8368,1.501,,,51.0797,13.2569,,,23.4801,,,0.640062,,1.501,,,51.0797,13.2569,,,23.4801,,,0.640062,,1.501,,,51.0797,13.2569,,,23.4801,,,0.640062,,0
1970.9892,1.5063,,,54.6457,13.5079,,,21.7151,,,0.617505,,1.5063,,,54.6457,13.5079,,,21.7151,,,0.617505,,1.5063,,,54.6457,13.5079,,,21.7151,,,0.617505,,0
1971.1416,1.6234,,,63.7328,13.6505,,,20.7128,,,0.582832,,1.6234,,,63.7328,13.6505,,,20.7128,,,0.582832,,1.6234,,,63.7328,13.6505,,,20.7128,,,0.582832,,0
1971.294,1.9739,,,115.0428,10.8175,,,19.5281,,,0.537517,,1.9739,,,115.0428,10.8175,,,19.5281,,,0.537517,,1.9739,,,115.0428,10.8175,,,19.5281,,,0.537517,,0
1971.4464,2.1469,,,141.0412,9.2086,,,18.8553,,,0.508376,,2.1469,,,141.0412,9.2086,,,18.8553,,,0.508376,,2.1469,,,141.0412,9.2086,,,18.8553,,,0.508376,,0
1971.5988,1.9476,,,145.4106,12.9328,,,20.8571,,,0.455841,,1.9476,,,145.4106,12.9328,,,20.8571,,,0.455841,,1.9476,,,145.4106,12.9328,,,20.8571,,,0.455841,,0
1971.7512,1.849,,,139.6976,15.0478,,,21.994,,,0.397574,,1.849,,,139.6976,15.0478,,,21.994,,,0.397574,,1.849,,,139.6976,15.0478,,,21.994,,,0.397574,,0
1971.9036,2.1631,,,122.3429,18.3942,,,21.5005,,,0.303921,,2.1631,,,122.3429,18.3942,,,21.5005,,,0.303921,,2.1631,,,122.3429,18.3942,,,21.5005,,,0.303921,,0
1972.056,2.4125,,,104.5965,20.2947,,,21.2202,,,0.23147,,2.4125,,,104.5965,20.2947,,,21.2202,,,0.23147,,2.4125,,,104.5965,20.2947,,,21.2202,,,0.23147,,0
1972.2084,2.4867,,,97.7762,19.3429,,,20.3518,,,0.170054,,2.4867,,,97.7762,19.3429,,,20.3518,,,0.170054,,2.4867,,,97.7762,19.3429,,,20.3518,,,0.170054,,0
1972.3608,2.5044,,,95.5903,18.8024,,,19.8587,,,0.134049,,2.5044,,,95.5903,18.8024,,,19.8587,,,0.134049,,2.5044,,,95.5903,18.8024,,,19.8587,,,0.134049,,0
1972.5132,2.5051,,,94.0792,17.4374,,,19.4085,,,0.119135,,2.5051,,,94.0792,17.4374,,,19.4085,,,0.119135,,2.5051,,,94.0792,17.4374,,,19.4085,,,0.119135,,0
1972.6656,2.5161,,,97.1428,16.6622,,,18.7028,,,0.112761,,2.5161,,,97.1428,16.6622,,,18.7028,,,0.112761,,2.5161,,,97.1428,16.6622,,,18.7028,,,0.112761,,0
1972.818,2.5442,,,98.7417,17.6284,,,18.4472,,,0.115189,,2.5442,,,98.7417,17.6284,,,18.4472,,,0.115189,,2.5442,,,98.7417,17.6284,,,18.4472,,,0.115189,,0
1972.9704,2.5891,,,110.5816,18.1771,,,17.5473,,,0.121847,,2.5891,,,110.5816,18.1771,,,17.5473,,,0.121847,,2.5891,,,110.5816,18.1771,,,17.5473,,,0.121847,,0
1973.1228,2.6348,,,113.9651,17.4161,,,17.0363,,,0.128491,,2.6348,,,113.9651,17.4161,,,17.0363,,,0.128491,,2.6348,,,113.9651,17.4161,,,17.0363,,,0.128491,,0
1973.2752,2.6471,,,124.419,16.984,,,16.127,,,0.138928,,2.6471,,,124.419,16.984,,,16.127,,,0.138928,,2.6471,,,124.419,16.984,,,16.127,,,0.138928,,0
1973.4276,2.6539,,,138.8535,15.9163,,,15.6106,,,0.14647,,2.6539,,,138.8535,15.9163,,,15.6106,,,0.14647,,2.6539,,,138.8535,15.9163,,,15.6106,,,0.14647,,0
1973.58,2.6555,,,141.9187,15.31,,,14.6431,,,0.156583,,2.6555,,,141.9187,15.31,,,14.6431,,,0.156583,,2.6555,,,141.9187,15.31,,,14.6431,,,0.156583,,0
1973.7324,2.6676,,,147.3807,13.9644,,,14.0937,,,0.164908,,2.6676,,,147.3807,13.9644,,,14.0937,,,0.164908,,2.6676,,,147.3807,13.9644,,,14.0937,,,0.164908,,0
1973.8848,2.6656,,,153.0721,13.2003,,,12.9511,,,0.173724,,2.6656,,,153.0721,13.2003,,,12.9511,,,0.173724,,2.6656,,,153.0721,13.2003,,,12.9511,,,0.173724,,0
1974.0372,2.6669,,,160.3613,12.2169,,,12.3022,,,0.180343,,2.6669,,,160.3613,12.2169,,,12.3022,,,0.180343,,2.6669,,,160.3613,12.2169,,,12.3022,,,0.180343,,0
1974.1896,2.6598,,,168.0843,11.6584,,,11.5705,,,0.185344,,2.6598,,,168.0843,11.6584,,,11.5705,,,0.185344,,2.6598,,,168.0843,11.6584,,,11.5705,,,0.185344,,0
1974.342,2.6586,,,174.8621,11.7018,,,11.155,,,0.188958,,2.6586,,,174.8621,11.7018,,,11.155,,,0.188958,,2.6586,,,174.8621,11.7018,,,11.155,,,0.188958,,0
1974.4944,2.6447,,,176.407,11.7907,,,11.21,,,0.187604,,2.6447,,,176.407,11.7907,,,11.21,,,0.187604,,2.6447,,,176.407,11.7907,,,11.21,,,0.187604,,0
1974.6468,2.6354,,,175.4531,11.9757,,,11.2531,,,0.186619,,2.6354,,,175.4531,11.9757,,,11.2531,,,0.186619,,2.6354,,,175.4531,11.9757,,,11.2531,,,0.186619,,0
1974.7992,2.6511,,,162.2388,12.2468,,,11.2547,,,0.190563,,2.6511,,,162.2388,12.2468,,,11.2547,,,0.190563,,2.6511,,,162.2388,12.2468,,,11.2547,,,0.190563,,0
1974.9516,2.669,,,167.7423,12.4174,,,11.19,,,0.194358,,2.669,,,167.7423,12.4174,,,11.19,,,0.194358,,2.669,,,167.7423,12.4174,,,11.19,,,0.194358,,0
1975.104,2.6765,,,171.1899,12.4281,,,11.0614,,,0.211117,,2.6765,,,171.1899,12.4281,,,11.0614,,,0.211117,,2.6765,,,171.1899,12.4281,,,11.0614,,,0.211117,,0
1975.2564,2.6641,,,166.4922,12.3688,,,10.7526,,,0.23056,,2.6641,,,166.4922,12.3688,,,10.7526,,,0.23056,,2.6641,,,166.4922,12.3688,,,10.7526,,,0.23056,,0
1975.4088,2.5652,,,176.1375,12.1732,,,10.5768,,,0.269729,,2.5652,,,176.1375,12.1732,,,10.5768,,,0.269729,,2.5652,,,176.1375,12.1732,,,10.5768,,,0.269729,,0
1975.5612,2.4654,,,188.1101,12.0765,,,10.4538,,,0.297529,,2.4654,,,188.1101,12.0765,,,10.4538,,,0.297529,,2.4654,,,188.1101,12.0765,,,10.4538,,,0.297529,,0
1975.7136,2.329,,,191.0443,11.3087,,,9.8545,,,0.312167,,2.329,,,191.0443,11.3087,,,9.8545,,,0.312167,,2.329,,,191.0443,11.3087,,,9.8545,,,0.312167,,0
1975.866,2.2898,,,189.0881,10.519,,,9.5483,,,0.316516,,2.2898,,,189.0881,10.519,,,9.5483,,,0.316516,,2.2898,,,189.0881,10.519,,,9.5483,,,0.316516,,0
1976.0184,2.4377,,,186.6089,9.4753,,,8.2872,,,0.306269,,2.4377,,,186.6089,9.4753,,,8.2872,,,0.306269,,2.4377,,,186.6089,9.4753,,,8.2872,,,0.306269,,0
1976.1708,2.5242,,,193.9983,7.3461,,,6.88,,,0.29085,,2.5242,,,193.9983,7.3461,,,6.88,,,0.29085,,2.5242,,,193.9983,7.3461,,,6.88,,,0.29085,,0
1976.3232,2.4997,,,205.8976,6.4088,,,6.4876,,,0.241766,,2.4997,,,205.8976,6.4088,,,6.4876,,,0.241766,,2.4997,,,205.8976,6.4088,,,6.4876,,,0.241766,,0
1976.4756,2.5328,,,192.441,6.9477,,,6.9812,,,0.188463,,2.5328,,,192.441,6.9477,,,6.9812,,,0.188463,,2.5328,,,192.441,6.9477,,,6.9812,,,0.188463,,0
1976.628,2.6221,,,170.7899,7.2537,,,7.2615,,,0.163654,,2.6221,,,170.7899,7.2537,,,7.2615,,,0.163654,,2.6221,,,170.7899,7.2537,,,7.2615,,,0.163654,,0
1976.7804,2.6692,,,159.4497,7.9733,,,7.5212,,,0.153698,,2.6692,,,159.4497,7.9733,,,7.5212,,,0.153698,,2.6692,,,159.4497,7.9733,,,7.5212,,,0.153698,,0
1976.9328,2.7167,,,152.8304,8.382,,,7.9283,,,0.150354,,2.7167,,,152.8304,8.382,,,7.9283,,,0.150354,,2.7167,,,152.8304,8.382,,,7.9283,,,0.150354,,0
1977.0852,2.8351,,,132.6758,7.9495,,,8.0758,,,0.148761,,2.8351,,,132.6758,7.9495,,,8.0758,,,0.148761,,2.8351,,,132.6758,7.9495,,,8.0758,,,0.148761,,0
1977.2376,2.8388,,,127.1341,7.7039,,,7.6193,,,0.147936,,2.8388,,,127.1341,7.7039,,,7.6193,,,0.147936,,2.8388,,,127.1341,7.7039,,,7.6193,,,0.147936,,0
1977.39,2.7213,,,154.8262,7.1709,,,7.36,,,0.152811,,2.7213,,,154.8262,7.1709,,,7.36,,,0.152811,,2.7213,,,154.8262,7.1709,,,7.36,,,0.152811,,0
1977.5424,2.6637,,,167.126,6.8682,,,7.0113,,,0.159809,,2.6637,,,167.126,6.8682,,,7.0113,,,0.159809,,2.6637,,,167.126,6.8682,,,7.0113,,,0.159809,,0
1977.6948,2.6384,,,178.4278,7.11,,,6.8133,,,0.169854,,2.6384,,,178.4278,7.11,,,6.8133,,,0.169854,,2.6384,,,178.4278,7.11,,,6.8133,,,0.169854,,0
1977.8472,2.6189,,,178.7378,7.4891,,,7.0976,,,0.175539,,2.6189,,,178.7378,7.4891,,,7.0976,,,0.175539,,2.6189,,,178.7378,7.4891,,,7.0976,,,0.175539,,0
1977.9996,2.7815,,,177.4044,7.6264,,,7.5434,,,0.169093,,2.7815,,,177.4044,7.6264,,,7.5434,,,0.169093,,2.7815,,,177.4044,7.6264,,,7.5434,,,0.169093,,0
1978.152,2.8866,,,168.6233,8.9841,,,7.7048,,,0.161365,,2.8866,,,168.6233,8.9841,,,7.7048,,,0.161365,,2.8866,,,168.6233,8.9841,,,7.7048,,,0.161365,,0
1978.3044,2.7717,,,150.2507,9.7552,,,8.6588,,,0.154517,,2.7717,,,150.2507,9.7552,,,8.6588,,,0.154517,,2.7717,,,150.2507,9.7552,,,8.6588,,,0.154517,,0
1978.4568,2.7016,,,136.2256,9.8103,,,9.2006,,,0.151864,,2.7016,,,136.2256,9.8103,,,9.2006,,,0.151864,,2.7016,,,136.2256,9.8103,,,9.2006,,,0.151864,,0
1978.6092,2.7392,,,138.1767,9.8416,,,8.8826,,,0.156492,,2.7392,,,138.1767,9.8416,,,8.8826,,,0.156492,,2.7392,,,138.1767,9.8416,,,8.8826,,,0.156492,,0
1978.7616,2.7043,,,150.5252,9.2729,,,8.6288,,,0.165606,,2.7043,,,150.5252,9.2729,,,8.6288,,,0.165606,,2.7043,,,150.5252,9.2729,,,8.6288,,,0.165606,,0
1978.914,2.6194,,,163.7159,8.8226,,,8.2698,,,0.184288,,2.6194,,,163.7159,8.8226,,,8.2698,,,0.184288,,2.6194,,,163.7159,8.8226,,,8.2698,,,0.184288,,0
1979.0664,2.5706,,,173.5888,8.6394,,,7.7534,,,0.195287,,2.5706,,,173.5888,8.6394,,,7.7534,,,0.195287,,2.5706,,,173.5888,8.6394,,,7.7534,,,0.195287,,0
1979.2188,2.6118,,,176.3927,8.2848,,,7.5625,,,0.193639,,2.6118,,,176.3927,8.2848,,,7.5625,,,0.193639,,2.6118,,,176.3927,8.2848,,,7.5625,,,0.193639,,0
1979.3712,2.6221,,,181.4535,8.1192,,,7.8873,,,0.185012,,2.6221,,,181.4535,8.1192,,,7.8873,,,0.185012,,2.6221,,,181.4535,8.1192,,,7.8873,,,0.185012,,0
1979.5236,2.6069,,,189.5742,8.3504,,,8.0717,,,0.177018,,2.6069,,,189.5742,8.3504,,,8.0717,,,0.177018,,2.6069,,,189.5742,8.3504,,,8.0717,,,0.177018,,0
1979.676,2.6601,,,190.5139,8.4817,,,8.2912,,,0.163156,,2.6601,,,190.5139,8.4817,,,8.2912,,,0.163156,,2.6601,,,190.5139,8.4817,,,8.2912,,,0.163156,,0
1979.8284,2.6916,,,182.4578,9.0634,,,8.4158,,,0.15188,,2.6916,,,182.4578,9.0634,,,8.4158,,,0.15188,,2.6916,,,182.4578,9.0634,,,8.4158,,,0.15188,,0
1979.9808,2.6812,,,144.8596,9.9753,,,9.19,,,0.143843,,2.6812,,,144.8596,9.9753,,,9.19,,,0.143843,,2.6812,,,144.8596,9.9753,,,9.19,,,0.143843,,0
1980.1332,2.678,,,139.5567,10.3056,,,9.6297,,,0.142076,,2.678,,,139.5567,10.3056,,,9.6297,,,0.142076,,2.678,,,139.5567,10.3056,,,9.6297,,,0.142076,,0
1980.2856,2.6828,,,146.6349,10.2812,,,9.3782,,,0.148859,,2.6828,,,146.6349,10.2812,,,9.3782,,,0.148859,,2.6828,,,146.6349,10.2812,,,9.3782,,,0.148859,,0
1980.438,2.6681,,,153.5047,10.2673,,,9.2354,,,0.153831,,2.6681,,,153.5047,10.2673,,,9.2354,,,0.153831,,2.6681,,,153.5047,10.2673,,,9.2354,,,0.153831,,0
1980.5904,2.6902,,,158.6528,9.9589,,,9.4545,,,0.155019,,2.6902,,,158.6528,9.9589,,,9.4545,,,0.155019,,2.6902,,,158.6528,9.9589,,,9.4545,,,0.155019,,0
1980.7428,2.7106,,,154.4724,9.7838,,,9.5789,,,0.152266,,2.7106,,,154.4724,9.7838,,,9.5789,,,0.152266,,2.7106,,,154.4724,9.7838,,,9.5789,,,0.152266,,0
1980.8952,2.7076,,,144.2011,10.8704,,,10.0417,,,0.146454,,2.7076,,,144.2011,10.8704,,,10.0417,,,0.146454,,2.7076,,,144.2011,10.8704,,,10.0417,,,0.146454,,0
1981.0476,2.6958,,,151.6072,11.4875,,,10.7673,,,0.142506,,2.6958,,,151.6072,11.4875,,,10.7673,,,0.142506,,2.6958,,,151.6072,11.4875,,,10.7673,,,0.142506,,0
1981.2,2.7004,,,151.719,12.5744,,,11.0301,,,0.139049,,2.7004,,,151.719,12.5744,,,11.0301,,,0.139049,,2.7004,,,151.719,12.5744,,,11.0301,,,0.139049,,0
1981.3524,2.721,,,158.6616,13.1916,,,11.645,,,0.136962,,2.721,,,158.6616,13.1916,,,11.645,,,0.136962,,2.721,,,158.6616,13.1916,,,11.645,,,0.136962,,0
1981.5048,2.7701,,,157.6057,13.3008,,,11.9942,,,0.132837,,2.7701,,,157.6057,13.3008,,,11.9942,,,0.132837,,2.7701,,,157.6057,13.3008,,,11.9942,,,0.132837,,0
1981.6572,2.7889,,,153.1837,13.3628,,,12.6598,,,0.127001,,2.7889,,,153.1837,13.3628,,,12.6598,,,0.127001,,2.7889,,,153.1837,13.3628,,,12.6598,,,0.127001,,0
1981.8096,2.7428,,,137.3309,13.8283,,,13.0378,,,0.1168,,2.7428,,,137.3309,13.8283,,,13.0378,,,0.1168,,2.7428,,,137.3309,13.8283,,,13.0378,,,0.1168,,0
1981.962,2.6911,,,148.5943,14.558,,,13.3147,,,0.108628,,2.6911,,,148.5943,14.558,,,13.3147,,,0.108628,,2.6911,,,148.5943,14.558,,,13.3147,,,0.108628,,0
1982.1144,2.6712,,,146.2755,14.8223,,,13.749,,,0.101817,,2.6712,,,146.2755,14.8223,,,13.749,,,0.101817,,2.6712,,,146.2755,14.8223,,,13.749,,,0.101817,,0
1982.2668,2.6812,,,147.6082,15.0789,,,13.9063,,,0.097569,,2.6812,,,147.6082,15.0789,,,13.9063,,,0.097569,,2.6812,,,147.6082,15.0789,,,13.9063,,,0.097569,,0
1982.4192,2.6945,,,136.6261,15.2042,,,13.9833,,,0.093639,,2.6945,,,136.6261,15.2042,,,13.9833,,,0.093639,,2.6945,,,136.6261,15.2042,,,13.9833,,,0.093639,,0
1982.5716,2.6862,,,108.5894,15.2808,,,13.7997,,,0.090624,,2.6862,,,108.5894,15.2808,,,13.7997,,,0.090624,,2.6862,,,108.5894,15.2808,,,13.7997,,,0.090624,,0
1982.724,2.6528,,,107.0362,15.7005,,,13.5265,,,0.090602,,2.6528,,,107.0362,15.7005,,,13.5265,,,0.090602,,2.6528,,,107.0362,15.7005,,,13.5265,,,0.090602,,0
1982.8764,2.6079,,,122.7333,15.3913,,,13.292,,,0.092531,,2.6079,,,122.7333,15.3913,,,13.292,,,0.092531,,2.6079,,,122.7333,15.3913,,,13.292,,,0.092531,,0
1983.0288,2.5987,,,130.2549,14.9398,,,13.1539,,,0.095122,,2.5987,,,130.2549,14.9398,,,13.1539,,,0.095122,,2.5987,,,130.2549,14.9398,,,13.1539,,,0.095122,,0
1983.1812,2.5962,,,126.9369,13.9395,,,12.7336,,,0.100054,,2.5962,,,126.9369,13.9395,,,12.7336,,,0.100054,,2.5962,,,126.9369,13.9395,,,12.7336,,,0.100054,,0
1983.3336,2.5847,,,121.7922,10.1688,,,12.5115,,,0.103831,,2.5847,,,121.7922,10.1688,,,12.5115,,,0.103831,,2.5847,,,121.7922,10.1688,,,12.5115,,,0.103831,,0
1983.486,2.5849,,,125.7837,8.3213,,,10.756,,,0.107953,,2.5849,,,125.7837,8.3213,,,10.756,,,0.107953,,2.5849,,,125.7837,8.3213,,,10.756,,,0.107953,,0
1983.6384,2.5667,,,117.6769,5.0345,,,9.759,,,0.111076,,2.5667,,,117.6769,5.0345,,,9.759,,,0.111076,,2.5667,,,117.6769,5.0345,,,9.759,,,0.111076,,0
1983.7908,2.4692,,,81.5334,3.168,,,6.2996,,,0.116902,,2.4692,,,81.5334,3.168,,,6.2996,,,0.116902,,2.4692,,,81.5334,3.168,,,6.2996,,,0.116902,,0
1983.9432,2.3977,,,56.1975,2.3305,,,4.335,,,0.121905,,2.3977,,,56.1975,2.3305,,,4.335,,,0.121905,,2.3977,,,56.1975,2.3305,,,4.335,,,0.121905,,0
1984.0956,2.3962,,,46.176,1.8549,,,3.4779,,,0.126544,,2.3962,,,46.176,1.8549,,,3.4779,,,0.126544,,2.3962,,,46.176,1.8549,,,3.4779,,,0.126544,,0
1984.248,2.4142,,,36.8094,1.6832,,,2.9911,,,0.130669,,2.4142,,,36.8094,1.6832,,,2.9911,,,0.130669,,2.4142,,,36.8094,1.6832,,,2.9911,,,0.130669,,0
1984.4004,2.3838,,,33.86,1.5857,,,2.8302,,,0.132984,,2.3838,,,33.86,1.5857,,,2.8302,,,0.132984,,2.3838,,,33.86,1.5857,,,2.8302,,,0.132984,,0
1984.5528,2.3599,,,33.7197,1.4887,,,2.7389,,,0.134365,,2.3599,,,33.7197,1.4887,,,2.7389,,,0.134365,,2.3599,,,33.7197,1.4887,,,2.7389,,,0.134365,,0
1984.7052,2.3645,,,33.8934,1.4336,,,2.758,,,0.133907,,2.3645,,,33.8934,1.4336,,,2.758,,,0.133907,,2.3645,,,33.8934,1.4336,,,2.758,,,0.133907,,0
1984.8576,2.3658,,,33.2539,1.5111,,,2.7689,,,0.132954,,2.3658,,,33.2539,1.5111,,,2.7689,,,0.132954,,2.3658,,,33.2539,1.5111,,,2.7689,,,0.132954,,0
1985.01,2.362,,,33.7693,1.5551,,,2.8821,,,0.133274,,2.362,,,33.7693,1.5551,,,2.8821,,,0.133274,,2.362,,,33.7693,1.5551,,,2.8821,,,0.133274,,0
1985.1624,2.3461,,,33.5459,1.682,,,2.9464,,,0.133983,,2.3461,,,33.5459,1.682,,,2.9464,,,0.133983,,2.3461,,,33.5459,1.682,,,2.9464,,,0.133983,,0
1985.3148,2.3354,,,33.0058,1.754,,,3.1583,,,0.134519,,2.3354,,,33.0058,1.754,,,3.1583,,,0.134519,,2.3354,,,33.0058,1.754,,,3.1583,,,0.134519,,0
1985.4672,2.3279,,,34.5909,1.84,,,3.2787,,,0.135019,,2.3279,,,34.5909,1.84,,,3.2787,,,0.135019,,2.3279,,,34.5909,1.84,,,3.2787,,,0.135019,,0
1985.6196,2.3305,,,37.2391,1.8888,,,3.2221,,,0.134754,,2.3305,,,37.2391,1.8888,,,3.2221,,,0.134754,,2.3305,,,37.2391,1.8888,,,3.2221,,,0.134754,,0
1985.772,2.3446,,,35.9252,2.1986,,,4.0131,,,0.13399,,2.3446,,,35.9252,2.1986,,,4.0131,,,0.13399,,2.3446,,,35.9252,2.1986,,,4.0131,,,0.13399,,0
1985.9244,2.3608,,,34.2164,2.3745,,,4.4806,,,0.133381,,2.3608,,,34.2164,2.3745,,,4.4806,,,0.133381,,2.3608,,,34.2164,2.3745,,,4.4806,,,0.133381,,0
1986.0768,2.3655,,,36.2292,2.5943,,,5.0025,,,0.131988,,2.3655,,,36.2292,2.5943,,,5.0025,,,0.131988,,2.3655,,,36.2292,2.5943,,,5.0025,,,0.131988,,0
1986.2292,2.3479,,,32.0778,2.7192,,,5.2989,,,0.130343,,2.3479,,,32.0778,2.7192,,,5.2989,,,0.130343,,2.3479,,,32.0778,2.7192,,,5.2989,,,0.130343,,0
1986.3816,2.3641,,,32.1906,2.4558,,,4.8542,,,0.129035,,2.3641,,,32.1906,2.4558,,,4.8542,,,0.129035,,2.3641,,,32.1906,2.4558,,,4.8542,,,0.129035,,0
1986.534,2.3752,,,32.1561,2.3062,,,4.6017,,,0.129493,,2.3752,,,32.1561,2.3062,,,4.6017,,,0.129493,,2.3752,,,32.1561,2.3062,,,4.6017,,,0.129493,,0
1986.6864,2.3635,,,30.4907,1.8934,,,3.6848,,,0.131786,,2.3635,,,30.4907,1.8934,,,3.6848,,,0.131786,,2.3635,,,30.4907,1.8934,,,3.6848,,,0.131786,,0
1986.8388,2.3625,,,31.2655,1.6589,,,3.1641,,,0.133374,,2.3625,,,31.2655,1.6589,,,3.1641,,,0.133374,,2.3625,,,31.2655,1.6589,,,3.1641,,,0.133374,,0
1986.9912,2.3623,,,32.0051,1.3609,,,2.643,,,0.13421,,2.3623,,,32.0051,1.3609,,,2.643,,,0.13421,,2.3623,,,32.0051,1.3609,,,2.643,,,0.13421,,0
1987.1436,2.3698,,,30.2549,1.1917,,,2.3471,,,0.132523,,2.3698,,,30.2549,1.1917,,,2.3471,,,0.132523,,2.3698,,,30.2549,1.1917,,,2.3471,,,0.132523,,0
1987.296,2.3796,,,36.1879,1.1994,,,2.5169,,,0.131783,,2.3796,,,36.1879,1.1994,,,2.5169,,,0.131783,,2.3796,,,36.1879,1.1994,,,2.5169,,,0.131783,,0
1987.4484,2.3807,,,38.6099,1.2037,,,2.6134,,,0.131872,,2.3807,,,38.6099,1.2037,,,2.6134,,,0.131872,,2.3807,,,38.6099,1.2037,,,2.6134,,,0.131872,,0
1987.6008,2.3867,,,37.6423,1.1966,,,2.7759,,,0.130524,,2.3867,,,37.6423,1.1966,,,2.7759,,,0.130524,,2.3867,,,37.6423,1.1966,,,2.7759,,,0.130524,,0
1987.7532,2.3801,,,32.948,1.1903,,,2.8704,,,0.129991,,2.3801,,,32.948,1.1903,,,2.8704,,,0.129991,,2.3801,,,32.948,1.1903,,,2.8704,,,0.129991,,0
1987.9056,2.3659,,,38.0838,1.1541,,,2.7951,,,0.129462,,2.3659,,,38.0838,1.1541,,,2.7951,,,0.129462,,2.3659,,,38.0838,1.1541,,,2.7951,,,0.129462,,0
1988.058,2.3578,,,39.1536,1.1256,,,2.6625,,,0.129291,,2.3578,,,39.1536,1.1256,,,2.6625,,,0.129291,,2.3578,,,39.1536,1.1256,,,2.6625,,,0.129291,,0
1988.2104,2.3652,,,33.5815,1.1146,,,2.5795,,,0.130102,,2.3652,,,33.5815,1.1146,,,2.5795,,,0.130102,,2.3652,,,33.5815,1.1146,,,2.5795,,,0.130102,,0
1988.3628,2.3697,,,27.0535,1.1106,,,2.5593,,,0.130309,,2.3697,,,27.0535,1.1106,,,2.5593,,,0.130309,,2.3697,,,27.0535,1.1106,,,2.5593,,,0.130309,,0
1988.5152,2.373,,,32.8973,1.1151,,,2.4481,,,0.130519,,2.373,,,32.8973,1.1151,,,2.4481,,,0.130519,,2.373,,,32.8973,1.1151,,,2.4481,,,0.130519,,0
1988.6676,2.3777,,,37.4762,1.1186,,,2.3759,,,0.132294,,2.3777,,,37.4762,1.1186,,,2.3759,,,0.132294,,2.3777,,,37.4762,1.1186,,,2.3759,,,0.132294,,0
1988.82,2.3631,,,29.5745,1.1091,,,2.5426,,,0.13607,,2.3631,,,29.5745,1.1091,,,2.5426,,,0.13607,,2.3631,,,29.5745,1.1091,,,2.5426,,,0.13607,,0
1988.9724,2.3659,,,26.6153,1.0972,,,2.5815,,,0.140315,,2.3659,,,26.6153,1.0972,,,2.5815,,,0.140315,,2.3659,,,26.6153,1.0972,,,2.5815,,,0.140315,,0
1989.1248,2.3561,,,24.6917,1.1001,,,2.5238,,,0.143076,,2.3561,,,24.6917,1.1001,,,2.5238,,,0.143076,,2.3561,,,24.6917,1.1001,,,2.5238,,,0.143076,,0
1989.2772,2.3402,,,27.39,1.1075,,,2.483,,,0.148137,,2.3402,,,27.39,1.1075,,,2.483,,,0.148137,,2.3402,,,27.39,1.1075,,,2.483,,,0.148137,,0
1989.4296,2.3373,,,30.4248,1.1114,,,2.5207,,,0.149643,,2.3373,,,30.4248,1.1114,,,2.5207,,,0.149643,,2.3373,,,30.4248,1.1114,,,2.5207,,,0.149643,,0
1989.582,2.3324,,,34.1226,1.0911,,,2.4269,,,0.152161,,2.3324,,,34.1226,1.0911,,,2.4269,,,0.152161,,2.3324,,,34.1226,1.0911,,,2.4269,,,0.152161,,0
1989.7344,2.3242,,,36.1032,1.079,,,2.2775,,,0.154857,,2.3242,,,36.1032,1.079,,,2.2775,,,0.154857,,2.3242,,,36.1032,1.079,,,2.2775,,,0.154857,,0
1989.8868,2.3219,,,35.0956,1.0135,,,1.9983,,,0.155783,,2.3219,,,35.0956,1.0135,,,1.9983,,,0.155783,,2.3219,,,35.0956,1.0135,,,1.9983,,,0.155783,,0
1990.0392,2.3229,,,31.3188,0.9752,,,1.8652,,,0.156829,,2.3229,,,31.3188,0.9752,,,1.8652,,,0.156829,,2.3229,,,31.3188,0.9752,,,1.8652,,,0.156829,,0
1990.1916,2.3151,,,34.7055,0.9735,,,1.871,,,0.160106,,2.3151,,,34.7055,0.9735,,,1.871,,,0.160106,,2.3151,,,34.7055,0.9735,,,1.871,,,0.160106,,0
1990.344,2.3162,,,38.9514,0.997,,,1.932,,,0.159978,,2.3162,,,38.9514,0.997,,,1.932,,,0.159978,,2.3162,,,38.9514,0.997,,,1.932,,,0.159978,,0
1990.4964,2.3328,,,32.8178,1.0238,,,2.0529,,,0.154217,,2.3328,,,32.8178,1.0238,,,2.0529,,,0.154217,,2.3328,,,32.8178,1.0238,,,2.0529,,,0.154217,,0
1990.6488,2.3377,,,33.9524,1.0384,,,2.0273,,,0.149969,,2.3377,,,33.9524,1.0384,,,2.0273,,,0.149969,,2.3377,,,33.9524,1.0384,,,2.0273,,,0.149969,,0
1990.8012,2.3301,,,31.3591,0.9838,,,1.8838,,,0.14808,,2.3301,,,31.3591,0.9838,,,1.8838,,,0.14808,,2.3301,,,31.3591,0.9838,,,1.8838,,,0.14808,,0
1990.9536,2.3138,,,29.3473,0.9505,,,1.7594,,,0.147819,,2.3138,,,29.3473,0.9505,,,1.7594,,,0.147819,,2.3138,,,29.3473,0.9505,,,1.7594,,,0.147819,,0
1991.106,2.3371,,,36.6347,0.9192,,,1.5149,,,0.146724,,2.3371,,,36.6347,0.9192,,,1.5149,,,0.146724,,2.3371,,,36.6347,0.9192,,,1.5149,,,0.146724,,0
1991.2584,2.3666,,,44.0105,0.9328,,,1.3978,,,0.142875,,2.3666,,,44.0105,0.9328,,,1.3978,,,0.142875,,2.3666,,,44.0105,0.9328,,,1.3978,,,0.142875,,0
1991.4108,2.386,,,47.1348,0.9808,,,1.6959,,,0.137273,,2.386,,,47.1348,0.9808,,,1.6959,,,0.137273,,2.386,,,47.1348,0.9808,,,1.6959,,,0.137273,,0
1991.5632,2.4066,,,49.6624,1.3354,,,2.2978,,,0.134271,,2.4066,,,49.6624,1.3354,,,2.2978,,,0.134271,,2.4066,,,49.6624,1.3354,,,2.2978,,,0.134271,,0
1991.7156,2.4189,,,56.7754,1.5464,,,3.0879,,,0.137372,,2.4189,,,56.7754,1.5464,,,3.0879,,,0.137372,,2.4189,,,56.7754,1.5464,,,3.0879,,,0.137372,,0
1991.868,2.3976,,,51.5585,1.5662,,,2.9528,,,0.141951,,2.3976,,,51.5585,1.5662,,,2.9528,,,0.141951,,2.3976,,,51.5585,1.5662,,,2.9528,,,0.141951,,0
1992.0204,2.3869,,,50.6093,1.4852,,,2.5565,,,0.150352,,2.3869,,,50.6093,1.4852,,,2.5565,,,0.150352,,2.3869,,,50.6093,1.4852,,,2.5565,,,0.150352,,0
1992.1728,2.4402,,,80.1694,1.6068,,,2.5621,,,0.162081,,2.4402,,,80.1694,1.6068,,,2.5621,,,0.162081,,2.4402,,,80.1694,1.6068,,,2.5621,,,0.162081,,0
1992.3252,2.5087,,,123.6429,1.7036,,,3.0684,,,0.166564,,2.5087,,,123.6429,1.7036,,,3.0684,,,0.166564,,2.5087,,,123.6429,1.7036,,,3.0684,,,0.166564,,0
1992.4776,2.565,,,161.2701,2.4284,,,4.5254,,,0.163092,,2.565,,,161.2701,2.4284,,,4.5254,,,0.163092,,2.565,,,161.2701,2.4284,,,4.5254,,,0.163092,,0
1992.63,2.5745,,,165.7465,2.8109,,,5.2055,,,0.159123,,2.5745,,,165.7465,2.8109,,,5.2055,,,0.159123,,2.5745,,,165.7465,2.8109,,,5.2055,,,0.159123,,0
1992.7824,2.5155,,,166.303,2.6831,,,4.8156,,,0.149772,,2.5155,,,166.303,2.6831,,,4.8156,,,0.149772,,2.5155,,,166.303,2.6831,,,4.8156,,,0.149772,,0
1992.9348,2.475,,,155.8177,2.362,,,4.354,,,0.141783,,2.475,,,155.8177,2.362,,,4.354,,,0.141783,,2.475,,,155.8177,2.362,,,4.354,,,0.141783,,0
1993.0872,2.4505,,,114.0838,2.0698,,,3.9421,,,0.14041,,2.4505,,,114.0838,2.0698,,,3.9421,,,0.14041,,2.4505,,,114.0838,2.0698,,,3.9421,,,0.14041,,0
1993.2396,2.4314,,,91.9775,1.987,,,3.6253,,,0.139743,,2.4314,,,91.9775,1.987,,,3.6253,,,0.139743,,2.4314,,,91.9775,1.987,,,3.6253,,,0.139743,,0
1993.392,2.4187,,,84.8449,1.9029,,,3.3808,,,0.147045,,2.4187,,,84.8449,1.9029,,,3.3808,,,0.147045,,2.4187,,,84.8449,1.9029,,,3.3808,,,0.147045,,0
1993.5444,2.4219,,,72.0769,1.8551,,,3.2937,,,0.160429,,2.4219,,,72.0769,1.8551,,,3.2937,,,0.160429,,2.4219,,,72.0769,1.8551,,,3.2937,,,0.160429,,0
1993.6968,2.4159,,,66.1114,2.1609,,,4.235,,,0.205107,,2.4159,,,66.1114,2.1609,,,4.235,,,0.205107,,2.4159,,,66.1114,2.1609,,,4.235,,,0.205107,,0
1993.8492,2.3689,,,62.9473,2.3345,,,4.7695,,,0.257002,,2.3689,,,62.9473,2.3345,,,4.7695,,,0.257002,,2.3689,,,62.9473,2.3345,,,4.7695,,,0.257002,,0
1994.0016,2.1159,,,59.9743,3.6348,,,7.0284,,,0.299786,,2.1159,,,59.9743,3.6348,,,7.0284,,,0.299786,,2.1159,,,59.9743,3.6348,,,7.0284,,,0.299786,,0
1994.154,1.8735,,,59.4661,4.3732,,,10.5701,,,0.308668,,1.8735,,,59.4661,4.3732,,,10.5701,,,0.308668,,1.8735,,,59.4661,4.3732,,,10.5701,,,0.308668,,0
1994.3064,2.2224,,,100.4483,7.3872,,,11.853,,,0.291332,,2.2224,,,100.4483,7.3872,,,11.853,,,0.291332,,2.2224,,,100.4483,7.3872,,,11.853,,,0.291332,,0
1994.4588,2.5462,,,138.7218,9.0988,,,11.1111,,,0.259483,,2.5462,,,138.7218,9.0988,,,11.1111,,,0.259483,,2.5462,,,138.7218,9.0988,,,11.1111,,,0.259483,,0
1994.6112,2.6062,,,149.7192,10.3201,,,10.6898,,,0.206293,,2.6062,,,149.7192,10.3201,,,10.6898,,,0.206293,,2.6062,,,149.7192,10.3201,,,10.6898,,,0.206293,,0
1994.7636,2.6278,,,153.8752,11.0137,,,11.1206,,,0.168812,,2.6278,,,153.8752,11.0137,,,11.1206,,,0.168812,,2.6278,,,153.8752,11.0137,,,11.1206,,,0.168812,,0
1994.916,2.6408,,,160.5683,12.3475,,,11.3653,,,0.139572,,2.6408,,,160.5683,12.3475,,,11.3653,,,0.139572,,2.6408,,,160.5683,12.3475,,,11.3653,,,0.139572,,0
1995.0684,2.6404,,,163.8637,13.1049,,,11.8551,,,0.122889,,2.6404,,,163.8637,13.1049,,,11.8551,,,0.122889,,2.6404,,,163.8637,13.1049,,,11.8551,,,0.122889,,0
1995.2208,2.6339,,,162.4421,13.211,,,12.1333,,,0.114169,,2.6339,,,162.4421,13.211,,,12.1333,,,0.114169,,2.6339,,,162.4421,13.211,,,12.1333,,,0.114169,,0
1995.3732,2.5797,,,154.4713,13.2713,,,12.4752,,,0.10978,,2.5797,,,154.4713,13.2713,,,12.4752,,,0.10978,,2.5797,,,154.4713,13.2713,,,12.4752,,,0.10978,,0
1995.5256,2.5473,,,141.4189,10.7303,,,12.6694,,,0.109774,,2.5473,,,141.4189,10.7303,,,12.6694,,,0.109774,,2.5473,,,141.4189,10.7303,,,12.6694,,,0.109774,,0
1995.678,2.5118,,,111.4397,9.2873,,,11.5229,,,0.111057,,2.5118,,,111.4397,9.2873,,,11.5229,,,0.111057,,2.5118,,,111.4397,9.2873,,,11.5229,,,0.111057,,0
1995.8304,2.4978,,,93.7699,8.1708,,,10.8718,,,0.111154,,2.4978,,,93.7699,8.1708,,,10.8718,,,0.111154,,2.4978,,,93.7699,8.1708,,,10.8718,,,0.111154,,0
1995.9828,2.4983,,,102.5828,6.4203,,,8.9871,,,0.115109,,2.4983,,,102.5828,6.4203,,,8.9871,,,0.115109,,2.4983,,,102.5828,6.4203,,,8.9871,,,0.115109,,0
1996.1352,2.4746,,,113.4661,5.7863,,,7.9168,,,0.120115,,2.4746,,,113.4661,5.7863,,,7.9168,,,0.120115,,2.4746,,,113.4661,5.7863,,,7.9168,,,0.120115,,0
1996.2876,2.4336,,,113.5143,4.0697,,,6.1009,,,0.124661,,2.4336,,,113.5143,4.0697,,,6.1009,,,0.124661,,2.4336,,,113.5143,4.0697,,,6.1009,,,0.124661,,0
1996.44,2.4083,,,103.656,3.0948,,,5.0696,,,0.127165,,2.4083,,,103.656,3.0948,,,5.0696,,,0.127165,,2.4083,,,103.656,3.0948,,,5.0696,,,0.127165,,0
1996.5924,2.3992,,,87.9409,2.8311,,,5.1326,,,0.129194,,2.3992,,,87.9409,2.8311,,,5.1326,,,0.129194,,2.3992,,,87.9409,2.8311,,,5.1326,,,0.129194,,0
1996.7448,2.3918,,,75.1427,2.6814,,,5.1683,,,0.131184,,2.3918,,,75.1427,2.6814,,,5.1683,,,0.131184,,2.3918,,,75.1427,2.6814,,,5.1683,,,0.131184,,0
1996.8972,2.3962,,,67.6841,2.6625,,,5.1738,,,0.133969,,2.3962,,,67.6841,2.6625,,,5.1738,,,0.133969,,2.3962,,,67.6841,2.6625,,,5.1738,,,0.133969,,0
1997.0496,2.4082,,,61.1253,2.6518,,,5.1769,,,0.136093,,2.4082,,,61.1253,2.6518,,,5.1769,,,0.136093,,2.4082,,,61.1253,2.6518,,,5.1769,,,0.136093,,0
1997.202,2.4018,,,72.9001,2.6302,,,5.1543,,,0.138194,,2.4018,,,72.9001,2.6302,,,5.1543,,,0.138194,,2.4018,,,72.9001,2.6302,,,5.1543,,,0.138194,,0
1997.3544,2.4006,,,78.6146,2.6179,,,5.119,,,0.138654,,2.4006,,,78.6146,2.6179,,,5.119,,,0.138654,,2.4006,,,78.6146,2.6179,,,5.119,,,0.138654,,0
1997.5068,2.3824,,,56.7033,2.5436,,,5.061,,,0.134318,,2.3824,,,56.7033,2.5436,,,5.061,,,0.134318,,2.3824,,,56.7033,2.5436,,,5.061,,,0.134318,,0
1997.6592,2.3618,,,44.6408,2.5014,,,5.0128,,,0.130278,,2.3618,,,44.6408,2.5014,,,5.0128,,,0.130278,,2.3618,,,44.6408,2.5014,,,5.0128,,,0.130278,,0
1997.8116,2.3798,,,49.1613,2.4145,,,5.0,,,0.126366,,2.3798,,,49.1613,2.4145,,,5.0,,,0.126366,,2.3798,,,49.1613,2.4145,,,5.0,,,0.126366,,0
1997.964,2.3865,,,51.0838,2.3651,,,4.734,,,0.123488,,2.3865,,,51.0838,2.3651,,,4.734,,,0.123488,,2.3865,,,51.0838,2.3651,,,4.734,,,0.123488,,0
1998.1164,2.3892,,,50.0118,2.2925,,,4.583,,,0.121843,,2.3892,,,50.0118,2.2925,,,4.583,,,0.121843,,2.3892,,,50.0118,2.2925,,,4.583,,,0.121843,,0
1998.2688,2.3905,,,43.4194,2.2512,,,4.5273,,,0.122448,,2.3905,,,43.4194,2.2512,,,4.5273,,,0.122448,,2.3905,,,43.4194,2.2512,,,4.5273,,,0.122448,,0
1998.4212,2.4037,,,39.6778,2.2494,,,4.4957,,,0.123738,,2.4037,,,39.6778,2.2494,,,4.4957,,,0.123738,,2.4037,,,39.6778,2.2494,,,4.4957,,,0.123738,,0
1998.5736,2.3947,,,40.966,2.2464,,,4.5758,,,0.125503,,2.3947,,,40.966,2.2464,,,4.5758,,,0.125503,,2.3947,,,40.966,2.2464,,,4.5758,,,0.125503,,0
1998.726,2.3744,,,40.6431,2.2453,,,4.6213,,,0.1263,,2.3744,,,40.6431,2.2453,,,4.6213,,,0.1263,,2.3744,,,40.6431,2.2453,,,4.6213,,,0.1263,,0
1998.8784,2.4082,,,40.6586,2.141,,,4.3136,,,0.128405,,2.4082,,,40.6586,2.141,,,4.3136,,,0.128405,,2.4082,,,40.6586,2.141,,,4.3136,,,0.128405,,0
1999.0308,2.4261,,,42.1685,2.0818,,,4.1388,,,0.130238,,2.4261,,,42.1685,2.0818,,,4.1388,,,0.130238,,2.4261,,,42.1685,2.0818,,,4.1388,,,0.130238,,0
1999.1832,2.4091,,,42.7486,1.8681,,,3.5425,,,0.128559,,2.4091,,,42.7486,1.8681,,,3.5425,,,0.128559,,2.4091,,,42.7486,1.8681,,,3.5425,,,0.128559,,0
1999.3356,2.4025,,,39.2166,1.7468,,,3.2039,,,0.12689,,2.4025,,,39.2166,1.7468,,,3.2039,,,0.12689,,2.4025,,,39.2166,1.7468,,,3.2039,,,0.12689,,0
1999.488,2.3992,,,44.8645,1.6208,,,3.0635,,,0.12998,,2.3992,,,44.8645,1.6208,,,3.0635,,,0.12998,,2.3992,,,44.8645,1.6208,,,3.0635,,,0.12998,,0
1999.6404,2.3926,,,47.0074,1.5493,,,2.9837,,,0.132346,,2.3926,,,47.0074,1.5493,,,2.9837,,,0.132346,,2.3926,,,47.0074,1.5493,,,2.9837,,,0.132346,,0
1999.7928,2.4077,,,46.9231,1.6198,,,3.3241,,,0.132983,,2.4077,,,46.9231,1.6198,,,3.3241,,,0.132983,,2.4077,,,46.9231,1.6198,,,3.3241,,,0.132983,,0
1999.9452,2.4153,,,46.8033,1.6599,,,3.5174,,,0.134029,,2.4153,,,46.8033,1.6599,,,3.5174,,,0.134029,,2.4153,,,46.8033,1.6599,,,3.5174,,,0.134029,,0
2000.0976,2.4023,,,47.564,1.5017,,,3.2766,,,0.135648,,2.4023,,,47.564,1.5017,,,3.2766,,,0.135648,,,,,,,,,,,,,,0
2000.25,2.401,,,48.4376,1.4118,,,2.8991,,,0.137384,,2.401,,,48.4376,1.4118,,,2.8991,,,0.137384,,,,,,,,,,,,,,0
2000.4024,2.3945,,,38.85,1.2833,,,2.7623,,,0.138255,,2.3945,,,38.85,1.2833,,,2.7623,,,0.138255,,,,,,,,,,,,,,0
2000.5548,2.3907,,,32.0976,1.2104,,,2.4805,,,0.138655,,2.3907,,,32.0976,1.2104,,,2.4805,,,0.138655,,,,,,,,,,,,,,0
2000.7072,2.3981,,,36.8064,1.2305,,,2.3204,,,0.138545,,2.3981,,,36.8064,1.2305,,,2.3204,,,0.138545,,,,,,,,,,,,,,0
2000.8596,2.4025,,,40.4705,1.2419,,,2.5249,,,0.138017,,2.4025,,,40.4705,1.2419,,,2.5249,,,0.138017,,,,,,,,,,,,,,0
2001.012,2.41,,,34.4063,1.2852,,,2.6411,,,0.1378,,2.41,,,34.4063,1.2852,,,2.6411,,,0.1378,,,,,,,,,,,,,,0
2001.1644,2.4109,,,33.9256,1.3531,,,2.7802,,,0.138374,,2.4109,,,33.9256,1.3531,,,2.7802,,,0.138374,,,,,,,,,,,,,,0
2001.3168,2.4034,,,36.9059,1.3777,,,2.9984,,,0.139912,,2.4034,,,36.9059,1.3777,,,2.9984,,,0.139912,,,,,,,,,,,,,,0
2001.4692,2.404,,,38.8202,1.2563,,,2.6762,,,0.14009,,2.404,,,38.8202,1.2563,,,2.6762,,,0.14009,,,,,,,,,,,,,,0
2001.6216,2.4052,,,43.0162,1.1874,,,2.4484,,,0.138907,,2.4052,,,43.0162,1.1874,,,2.4484,,,0.138907,,,,,,,,,,,,,,0
2001.774,2.3933,,,38.3055,1.1521,,,2.4703,,,0.13891,,2.3933,,,38.3055,1.1521,,,2.4703,,,0.13891,,,,,,,,,,,,,,0
2001.9264,2.3807,,,36.651,1.1321,,,2.4827,,,0.1392,,2.3807,,,36.651,1.1321,,,2.4827,,,0.1392,,,,,,,,,,,,,,0
2002.0788,2.3747,,,37.3784,1.1703,,,2.5367,,,0.139902,,2.3747,,,37.3784,1.1703,,,2.5367,,,0.139902,,,,,,,,,,,,,,0
2002.2312,2.3702,,,36.4332,1.192,,,2.5673,,,0.141129,,2.3702,,,36.4332,1.192,,,2.5673,,,0.141129,,,,,,,,,,,,,,0
2002.3836,2.3637,,,35.8666,1.1857,,,2.566,,,0.14345,,2.3637,,,35.8666,1.1857,,,2.566,,,0.14345,,,,,,,,,,,,,,0
2002.536,2.3666,,,35.984,1.1822,,,2.5653,,,0.146413,,2.3666,,,35.984,1.1822,,,2.5653,,,0.146413,,,,,,,,,,,,,,0
2002.6884,2.364,,,36.2684,1.1355,,,2.461,,,0.151391,,2.364,,,36.2684,1.1355,,,2.461,,,0.151391,,,,,,,,,,,,,,0
2002.8408,2.3541,,,34.1613,1.109,,,2.4017,,,0.154493,,2.3541,,,34.1613,1.109,,,2.4017,,,0.154493,,,,,,,,,,,,,,0
2002.9932,2.3547,,,39.654,1.1046,,,2.4786,,,0.156913,,2.3547,,,39.654,1.1046,,,2.4786,,,0.156913,,,,,,,,,,,,,,0
2003.1456,2.3578,,,39.0592,1.0663,,,2.4995,,,0.159531,,2.3578,,,39.0592,1.0663,,,2.4995,,,0.159531,,,,,,,,,,,,,,0
2003.298,2.3472,,,39.3254,0.9962,,,2.4163,,,0.162887,,2.3472,,,39.3254,0.9962,,,2.4163,,,0.162887,,,,,,,,,,,,,,0
2003.4504,2.3371,,,41.6513,0.9592,,,2.3033,,,0.165384,,2.3371,,,41.6513,0.9592,,,2.3033,,,0.165384,,,,,,,,,,,,,,0
2003.6028,2.3362,,,43.5872,0.8888,,,2.0278,,,0.168743,,2.3362,,,43.5872,0.8888,,,2.0278,,,0.168743,,,,,,,,,,,,,,0
2003.7552,2.334,,,40.5728,0.8517,,,1.8949,,,0.170491,,2.334,,,40.5728,0.8517,,,1.8949,,,0.170491,,,,,,,,,,,,,,0
2003.9076,2.331,,,38.5825,0.8329,,,1.7186,,,0.167475,,2.331,,,38.5825,0.8329,,,1.7186,,,0.167475,,,,,,,,,,,,,,0
2004.06,2.327,,,35.7263,0.8223,,,1.7107,,,0.164233,,2.327,,,35.7263,0.8223,,,1.7107,,,0.164233,,,,,,,,,,,,,,0
2004.2124,2.3234,,,35.5614,0.8856,,,1.8091,,,0.162507,,2.3234,,,35.5614,0.8856,,,1.8091,,,0.162507,,,,,,,,,,,,,,0
2004.3648,2.3219,,,34.7889,0.9216,,,1.8431,,,0.161235,,2.3219,,,34.7889,0.9216,,,1.8431,,,0.161235,,,,,,,,,,,,,,0
2004.5172,2.3674,,,45.127,0.9393,,,1.8761,,,0.15742,,2.3674,,,45.127,0.9393,,,1.8761,,,0.15742,,,,,,,,,,,,,,0
2004.6696,2.4382,,,52.9465,1.2173,,,2.6322,,,0.150334,,2.4382,,,52.9465,1.2173,,,2.6322,,,0.150334,,,,,,,,,,,,,,0
2004.822,2.4552,,,64.7605,1.4566,,,3.0524,,,0.148867,,2.4552,,,64.7605,1.4566,,,3.0524,,,0.148867,,,,,,,,,,,,,,0
2004.9744,2.4546,,,71.4875,1.5904,,,3.2071,,,0.156588,,2.4546,,,71.4875,1.5904,,,3.2071,,,0.156588,,,,,,,,,,,,,,0
2005.1268,2.4395,,,66.5016,1.6462,,,3.1918,,,0.162669,,2.4395,,,66.5016,1.6462,,,3.1918,,,0.162669,,,,,,,,,,,,,,0
2005.2792,2.3886,,,50.3435,1.3711,,,3.0492,,,0.167025,,2.3886,,,50.3435,1.3711,,,3.0492,,,0.167025,,,,,,,,,,,,,,0
2005.4316,2.3414,,,41.1153,1.2123,,,2.417,,,0.169183,,2.3414,,,41.1153,1.2123,,,2.417,,,0.169183,,,,,,,,,,,,,,0
2005.584,2.322,,,37.5024,1.0122,,,1.8046,,,0.169591,,2.322,,,37.5024,1.0122,,,1.8046,,,0.169591,,,,,,,,,,,,,,0
2005.7364,2.3191,,,39.5981,0.8986,,,1.5157,,,0.169572,,2.3191,,,39.5981,0.8986,,,1.5157,,,0.169572,,,,,,,,,,,,,,0
2005.8888,2.3311,,,38.5986,0.8325,,,1.4033,,,0.163377,,2.3311,,,38.5986,0.8325,,,1.4033,,,0.163377,,,,,,,,,,,,,,0
2006.0412,2.3533,,,35.5868,0.8612,,,1.3813,,,0.157157,,2.3533,,,35.5868,0.8612,,,1.3813,,,0.157157,,,,,,,,,,,,,,0
2006.1936,2.4245,,,34.0383,0.9539,,,1.7098,,,0.151391,,2.4245,,,34.0383,0.9539,,,1.7098,,,0.151391,,,,,,,,,,,,,,0
2006.346,2.4644,,,36.5437,1.2478,,,2.0406,,,0.146768,,2.4644,,,36.5437,1.2478,,,2.0406,,,0.146768,,,,,,,,,,,,,,0
2006.4984,2.4917,,,53.7069,1.7536,,,2.3616,,,0.151176,,2.4917,,,53.7069,1.7536,,,2.3616,,,0.151176,,,,,,,,,,,,,,0
2006.6508,2.5651,,,70.6188,2.2317,,,4.0923,,,0.157717,,2.5651,,,70.6188,2.2317,,,4.0923,,,0.157717,,,,,,,,,,,,,,0
2006.8032,2.6596,,,117.9425,4.8286,,,4.9981,,,0.165149,,2.6596,,,117.9425,4.8286,,,4.9981,,,0.165149,,,,,,,,,,,,,,0
2006.9556,2.6951,,,152.5948,6.2145,,,7.6677,,,0.17117,,2.6951,,,152.5948,6.2145,,,7.6677,,,0.17117,,,,,,,,,,,,,,0
2007.108,2.6756,,,157.9331,9.2817,,,9.1837,,,0.17854,,2.6756,,,157.9331,9.2817,,,9.1837,,,0.17854,,,,,,,,,,,,,,0
2007.2604,2.6628,,,162.0287,11.0235,,,10.4782,,,0.181928,,2.6628,,,162.0287,11.0235,,,10.4782,,,0.181928,,,,,,,,,,,,,,0
2007.4128,2.6658,,,161.4268,13.1891,,,11.8286,,,0.179385,,2.6658,,,161.4268,13.1891,,,11.8286,,,0.179385,,,,,,,,,,,,,,0
2007.5652,2.6682,,,156.5648,14.4189,,,12.6775,,,0.174966,,2.6682,,,156.5648,14.4189,,,12.6775,,,0.174966,,,,,,,,,,,,,,0
2007.7176,2.6767,,,153.107,14.6812,,,13.7803,,,0.169665,,2.6767,,,153.107,14.6812,,,13.7803,,,0.169665,,,,,,,,,,,,,,0
2007.87,2.684,,,145.2043,15.3549,,,14.2454,,,0.163454,,2.684,,,145.2043,15.3549,,,14.2454,,,0.163454,,,,,,,,,,,,,,0
2008.0224,2.6771,,,146.087,15.6529,,,14.378,,,0.158931,,2.6771,,,146.087,15.6529,,,14.378,,,0.158931,,,,,,,,,,,,,,0
2008.1748,2.6625,,,158.5441,15.3868,,,14.4533,,,0.158848,,2.6625,,,158.5441,15.3868,,,14.4533,,,0.158848,,,,,,,,,,,,,,0
2008.3272,2.6611,,,155.1102,15.2357,,,14.3639,,,0.160457,,2.6611,,,155.1102,15.2357,,,14.3639,,,0.160457,,,,,,,,,,,,,,0
2008.4796,2.6776,,,158.4767,15.1125,,,14.2315,,,0.160235,,2.6776,,,158.4767,15.1125,,,14.2315,,,0.160235,,,,,,,,,,,,,,0
2008.632,2.6727,,,166.926,15.0322,,,14.1442,,,0.158971,,2.6727,,,166.926,15.0322,,,14.1442,,,0.158971,,,,,,,,,,,,,,0
2008.7844,2.6613,,,163.1851,15.0284,,,14.0904,,,0.158372,,2.6613,,,163.1851,15.0284,,,14.0904,,,0.158372,,,,,,,,,,,,,,0
2008.9368,2.6652,,,163.5502,15.0378,,,14.1033,,,0.158491,,2.6652,,,163.5502,15.0378,,,14.1033,,,0.158491,,,,,,,,,,,,,,0
2009.0892,2.6713,,,159.0158,15.6937,,,14.3058,,,0.157261,,2.6713,,,159.0158,15.6937,,,14.3058,,,0.157261,,,,,,,,,,,,,,0
2009.2416,2.6722,,,153.1358,16.0636,,,14.411,,,0.153885,,2.6722,,,153.1358,16.0636,,,14.411,,,0.153885,,,,,,,,,,,,,,0
2009.394,2.6725,,,142.8042,16.0515,,,13.6929,,,0.154824,,2.6725,,,142.8042,16.0515,,,13.6929,,,0.154824,,,,,,,,,,,,,,0
2009.5464,2.6807,,,139.57,16.0447,,,13.2851,,,0.158241,,2.6807,,,139.57,16.0447,,,13.2851,,,0.158241,,,,,,,,,,,,,,0
2009.6988,2.6705,,,155.0964,14.8153,,,13.0422,,,0.162206,,2.6705,,,155.0964,14.8153,,,13.0422,,,0.162206,,,,,,,,,,,,,,0
2009.8512,2.6685,,,171.9879,14.1172,,,12.9042,,,0.16616,,2.6685,,,171.9879,14.1172,,,12.9042,,,0.16616,,,,,,,,,,,,,,0
2010.0036,2.6789,,,170.0602,13.8602,,,12.6296,,,0.168265,,2.6789,,,170.0602,13.8602,,,12.6296,,,0.168265,,,,,,,,,,,,,,0
2010.156,2.6849,,,171.2681,13.7143,,,12.4737,,,0.167106,,2.6849,,,171.2681,13.7143,,,12.4737,,,0.167106,,,,,,,,,,,,,,0
2010.3084,2.6865,,,159.1839,13.5247,,,12.1131,,,0.165307,,2.6865,,,159.1839,13.5247,,,12.1131,,,0.165307,,,,,,,,,,,,,,0
2010.4608,2.6922,,,150.6915,13.4171,,,11.9083,,,0.164864,,2.6922,,,150.6915,13.4171,,,11.9083,,,0.164864,,,,,,,,,,,,,,0
2010.6132,2.6879,,,156.144,12.4237,,,11.3913,,,0.168153,,2.6879,,,156.144,12.4237,,,11.3913,,,0.168153,,,,,,,,,,,,,,0
2010.7656,2.692,,,158.1019,11.8596,,,10.5808,,,0.173444,,2.692,,,158.1019,11.8596,,,10.5808,,,0.173444,,,,,,,,,,,,,,0
2010.918,2.7041,,,154.2319,10.7185,,,10.2872,,,0.182097,,2.7041,,,154.2319,10.7185,,,10.2872,,,0.182097,,,,,,,,,,,,,,0
2011.0704,2.7229,,,161.105,10.0705,,,9.4331,,,0.191513,,2.7229,,,161.105,10.0705,,,9.4331,,,0.191513,,,,,,,,,,,,,,0
2011.2228,2.7279,,,172.8601,9.1305,,,8.5166,,,0.199292,,2.7279,,,172.8601,9.1305,,,8.5166,,,0.199292,,,,,,,,,,,,,,0
2011.3752,2.7064,,,171.7101,8.189,,,7.8209,,,0.209617,,2.7064,,,171.7101,8.189,,,7.8209,,,0.209617,,,,,,,,,,,,,,0
2011.5276,2.6908,,,167.8225,7.812,,,7.3661,,,0.217317,,2.6908,,,167.8225,7.812,,,7.3661,,,0.217317,,,,,,,,,,,,,,0
2011.68,2.6963,,,171.0455,7.4102,,,6.9752,,,0.224813,,2.6963,,,171.0455,7.4102,,,6.9752,,,0.224813,,,,,,,,,,,,,,0
2011.8324,2.6966,,,171.5068,7.0234,,,6.6775,,,0.229977,,2.6966,,,171.5068,7.0234,,,6.6775,,,0.229977,,,,,,,,,,,,,,0
2011.9848,2.688,,,171.4927,6.7613,,,6.4994,,,0.233779,,2.688,,,171.4927,6.7613,,,6.4994,,,0.233779,,,,,,,,,,,,,,0
2012.1372,2.6983,,,173.012,6.6788,,,6.3892,,,0.236257,,2.6983,,,173.012,6.6788,,,6.3892,,,0.236257,,,,,,,,,,,,,,0
2012.2896,2.7178,,,178.4778,6.801,,,6.3943,,,0.239734,,2.7178,,,178.4778,6.801,,,6.3943,,,0.239734,,,,,,,,,,,,,,0
2012.442,2.7209,,,183.9559,6.8704,,,6.4605,,,0.242612,,2.7209,,,183.9559,6.8704,,,6.4605,,,0.242612,,,,,,,,,,,,,,0
2012.5944,2.6923,,,189.7271,6.9969,,,6.6775,,,0.24566,,2.6923,,,189.7271,6.9969,,,6.6775,,,0.24566,,,,,,,,,,,,,,0
2012.7468,2.6705,,,193.6751,7.0687,,,6.7859,,,0.249487,,2.6705,,,193.6751,7.0687,,,6.7859,,,0.249487,,,,,,,,,,,,,,0
2012.8992,2.6724,,,190.457,7.4174,,,7.2364,,,0.25664,,2.6724,,,190.457,7.4174,,,7.2364,,,0.25664,,,,,,,,,,,,,,0
2013.0516,2.6619,,,185.7104,7.6155,,,7.4922,,,0.260857,,2.6619,,,185.7104,7.6155,,,7.4922,,,0.260857,,,,,,,,,,,,,,0
2013.204,2.6484,,,177.0372,8.372,,,8.4307,,,0.267778,,2.6484,,,177.0372,8.372,,,8.4307,,,0.267778,,,,,,,,,,,,,,0
2013.3564,2.6396,,,167.8437,9.4467,,,8.9636,,,0.277013,,2.6396,,,167.8437,9.4467,,,8.9636,,,0.277013,,,,,,,,,,,,,,0
2013.5088,2.6147,,,179.2733,10.2213,,,9.87,,,0.285494,,2.6147,,,179.2733,10.2213,,,9.87,,,0.285494,,,,,,,,,,,,,,0
2013.6612,2.5872,,,189.4559,11.6506,,,10.3847,,,0.297174,,2.5872,,,189.4559,11.6506,,,10.3847,,,0.297174,,,,,,,,,,,,,,0
2013.8136,2.5402,,,195.6045,13.3304,,,11.5368,,,0.312879,,2.5402,,,195.6045,13.3304,,,11.5368,,,0.312879,,,,,,,,,,,,,,0
2013.966,2.5035,,,198.0684,15.7566,,,13.318,,,0.330289,,2.5035,,,198.0684,15.7566,,,13.318,,,0.330289,,,,,,,,,,,,,,0
2014.1184,2.4125,,,192.8067,18.8796,,,14.7225,,,0.378412,,2.4125,,,192.8067,18.8796,,,14.7225,,,0.378412,,,,,,,,,,,,,,0
2014.2708,2.1845,,,178.315,20.0538,,,17.1672,,,0.433097,,2.1845,,,178.315,20.0538,,,17.1672,,,0.433097,,,,,,,,,,,,,,0
2014.4232,1.9746,,,163.9017,22.6649,,,18.3091,,,0.455228,,1.9746,,,163.9017,22.6649,,,18.3091,,,0.455228,,,,,,,,,,,,,,0
2014.5756,1.9319,,,140.7436,24.1477,,,19.269,,,0.422211,,1.9319,,,140.7436,24.1477,,,19.269,,,0.422211,,,,,,,,,,,,,,0
2014.728,2.2506,,,126.7561,23.2517,,,19.0149,,,0.362202,,2.2506,,,126.7561,23.2517,,,19.0149,,,0.362202,,,,,,,,,,,,,,0
2014.8804,2.5548,,,124.6929,19.4918,,,17.9866,,,0.277415,,2.5548,,,124.6929,19.4918,,,17.9866,,,0.277415,,,,,,,,,,,,,,0
2015.0328,2.6469,,,127.8256,15.8233,,,14.6719,,,0.220543,,2.6469,,,127.8256,15.8233,,,14.6719,,,0.220543,,,,,,,,,,,,,,0
2015.1852,2.6769,,,162.3755,12.0769,,,12.9747,,,0.176729,,2.6769,,,162.3755,12.0769,,,12.9747,,,0.176729,,,,,,,,,,,,,,0
2015.3376,2.6726,,,176.5276,10.537,,,11.5601,,,0.151338,,2.6726,,,176.5276,10.537,,,11.5601,,,0.151338,,,,,,,,,,,,,,0
2015.49,2.6513,,,168.0162,11.6676,,,10.7567,,,0.137533,,2.6513,,,168.0162,11.6676,,,10.7567,,,0.137533,,,,,,,,,,,,,,0
2015.6424,2.6562,,,156.8575,12.3096,,,11.9193,,,0.130824,,2.6562,,,156.8575,12.3096,,,11.9193,,,0.130824,,,,,,,,,,,,,,0
2015.7948,2.666,,,159.0717,13.1484,,,12.7471,,,0.132906,,2.666,,,159.0717,13.1484,,,12.7471,,,0.132906,,,,,,,,,,,,,,0
2015.9472,2.6681,,,169.4068,13.6247,,,13.0126,,,0.137306,,2.6681,,,169.4068,13.6247,,,13.0126,,,0.137306,,,,,,,,,,,,,,0
2016.0996,2.6685,,,163.2412,13.8667,,,13.0527,,,0.149679,,2.6685,,,163.2412,13.8667,,,13.0527,,,0.149679,,,,,,,,,,,,,,0
2016.252,2.6766,,,162.5551,13.9893,,,12.8518,,,0.159435,,2.6766,,,162.5551,13.9893,,,12.8518,,,0.159435,,,,,,,,,,,,,,0
2016.4044,2.6668,,,176.9444,13.5371,,,12.4434,,,0.168452,,2.6668,,,176.9444,13.5371,,,12.4434,,,0.168452,,,,,,,,,,,,,,0
2016.5568,2.6541,,,182.2521,13.2578,,,12.2221,,,0.17425,,2.6541,,,182.2521,13.2578,,,12.2221,,,0.17425,,,,,,,,,,,,,,0
2016.7092,2.6669,,,187.3635,13.317,,,12.2748,,,0.175236,,2.6669,,,187.3635,13.317,,,12.2748,,,0.175236,,,,,,,,,,,,,,0
2016.8616,2.6997,,,187.0207,13.4873,,,12.4274,,,0.175009,,2.6997,,,187.0207,13.4873,,,12.4274,,,0.175009,,,,,,,,,,,,,,0
2017.014,2.6953,,,182.2182,14.6957,,,13.1827,,,0.167693,,2.6953,,,182.2182,14.6957,,,13.1827,,,0.167693,,,,,,,,,,,,,,0
2017.1664,2.6719,,,177.4454,15.5472,,,13.6323,,,0.158179,,2.6719,,,177.4454,15.5472,,,13.6323,,,0.158179,,,,,,,,,,,,,,0
2017.3188,2.6102,,,138.0439,14.459,,,14.6227,,,0.144066,,2.6102,,,138.0439,14.459,,,14.6227,,,0.144066,,,,,,,,,,,,,,0
2017.4712,2.5844,,,103.1674,12.9448,,,15.4171,,,0.12919,,2.5844,,,103.1674,12.9448,,,15.4171,,,0.12919,,,,,,,,,,,,,,0
2017.6236,2.6063,,,96.3153,12.0638,,,15.3137,,,0.123216,,2.6063,,,96.3153,12.0638,,,15.3137,,,0.123216,,,,,,,,,,,,,,0
2017.776,2.5684,,,94.5315,9.5755,,,14.1223,,,0.122919,,2.5684,,,94.5315,9.5755,,,14.1223,,,0.122919,,,,,,,,,,,,,,0
2017.9284,2.5096,,,84.569,8.2945,,,12.4869,,,0.124184,,2.5096,,,84.569,8.2945,,,12.4869,,,0.124184,,,,,,,,,,,,,,0
2018.0808,2.4846,,,84.1429,7.309,,,11.2325,,,0.126139,,2.4846,,,84.1429,7.309,,,11.2325,,,0.126139,,,,,,,,,,,,,,0
2018.2332,2.4767,,,78.7167,6.7493,,,10.8549,,,0.128686,,2.4767,,,78.7167,6.7493,,,10.8549,,,0.128686,,,,,,,,,,,,,,0
2018.3856,2.483,,,86.1642,6.1595,,,10.8681,,,0.132506,,2.483,,,86.1642,6.1595,,,10.8681,,,0.132506,,,,,,,,,,,,,,0
2018.538,2.5173,,,92.7645,6.2086,,,10.8756,,,0.133845,,2.5173,,,92.7645,6.2086,,,10.8756,,,0.133845,,,,,,,,,,,,,,0
2018.6904,2.4937,,,82.9343,6.5806,,,11.7047,,,0.13185,,2.4937,,,82.9343,6.5806,,,11.7047,,,0.13185,,,,,,,,,,,,,,0
2018.8428,2.4514,,,73.5919,6.2288,,,11.7318,,,0.132458,,2.4514,,,73.5919,6.2288,,,11.7318,,,0.132458,,,,,,,,,,,,,,0
2018.9952,2.4258,,,67.583,5.9776,,,11.1282,,,0.139906,,2.4258,,,67.583,5.9776,,,11.1282,,,0.139906,,,,,,,,,,,,,,0
2019.1476,2.4469,,,80.1657,5.9762,,,10.6489,,,0.147108,,2.4469,,,80.1657,5.9762,,,10.6489,,,0.147108,,,,,,,,,,,,,,0
2019.3,2.5121,,,97.8201,6.365,,,10.9546,,,0.151587,,2.5121,,,97.8201,6.365,,,10.9546,,,0.151587,,,,,,,,,,,,,,0
2019.4524,2.5326,,,99.0319,6.586,,,11.3953,,,0.153,,2.5326,,,99.0319,6.586,,,11.3953,,,0.153,,,,,,,,,,,,,,0
2019.6048,2.4929,,,82.237,6.4424,,,10.7524,,,0.152936,,2.4929,,,82.237,6.4424,,,10.7524,,,0.152936,,,,,,,,,,,,,,0
2019.7572,2.4812,,,85.5605,6.3275,,,10.3303,,,0.151816,,2.4812,,,85.5605,6.3275,,,10.3303,,,0.151816,,,,,,,,,,,,,,0
2019.9096,2.5311,,,102.0294,6.2782,,,11.3071,,,0.148649,,2.5311,,,102.0294,6.2782,,,11.3071,,,0.148649,,,,,,,,,,,,,,0
2020.062,2.5258,,,102.7509,6.2239,,,11.8099,,,0.145988,,2.5258,,,102.7509,6.2239,,,11.8099,,,0.145988,,,,,,,,,,,,,,0
2020.2144,2.4306,,,86.5344,5.7276,,,11.7056,,,0.140644,,2.4306,,,86.5344,5.7276,,,11.7056,,,0.140644,,,,,,,,,,,,,,0
2020.3668,2.3842,,,75.446,5.2469,,,10.7082,,,0.134747,,2.3842,,,75.446,5.2469,,,10.7082,,,0.134747,,,,,,,,,,,,,,0
2020.5192,2.3925,,,71.908,4.9434,,,10.147,,,0.130476,,2.3925,,,71.908,4.9434,,,10.147,,,0.130476,,,,,,,,,,,,,,0
2020.6716,2.3778,,,66.5582,4.6164,,,10.1166,,,0.128717,,2.3778,,,66.5582,4.6164,,,10.1166,,,0.128717,,,,,,,,,,,,,,0
2020.824,2.3633,,,57.9188,4.4022,,,9.2147,,,0.127926,,2.3633,,,57.9188,4.4022,,,9.2147,,,0.127926,,,,,,,,,,,,,,0
2020.9764,2.3813,,,56.2011,4.224,,,8.3832,,,0.128429,,2.3813,,,56.2011,4.224,,,8.3832,,,0.128429,,,,,,,,,,,,,,0
2021.1288,2.4054,,,57.5401,4.1511,,,8.0117,,,0.129346,,2.4054,,,57.5401,4.1511,,,8.0117,,,0.129346,,,,,,,,,,,,,,0
2021.2812,2.4344,,,69.7687,4.5266,,,8.7905,,,0.134001,,2.4344,,,69.7687,4.5266,,,8.7905,,,0.134001,,,,,,,,,,,,,,0
2021.4336,2.4291,,,78.0187,4.964,,,9.2929,,,0.142368,,2.4291,,,78.0187,4.964,,,9.2929,,,0.142368,,,,,,,,,,,,,,0
2021.586,2.3898,,,71.0023,5.1312,,,9.1576,,,0.166237,,2.3898,,,71.0023,5.1312,,,9.1576,,,0.166237,,,,,,,,,,,,,,0
2021.7384,2.3613,,,67.6382,5.0191,,,8.3699,,,0.191995,,2.3613,,,67.6382,5.0191,,,8.3699,,,0.191995,,,,,,,,,,,,,,0
2021.8908,2.3343,,,93.4067,5.3194,,,7.5987,,,0.229275,,2.3343,,,93.4067,5.3194,,,7.5987,,,0.229275,,,,,,,,,,,,,,0
2022.0432,2.3373,,,125.6499,5.5335,,,7.2567,,,0.25451,,2.3373,,,125.6499,5.5335,,,7.2567,,,0.25451,,,,,,,,,,,,,,0
2022.1956,2.4009,,,158.0752,4.4029,,,7.0582,,,0.251109,,2.4009,,,158.0752,4.4029,,,7.0582,,,0.251109,,,,,,,,,,,,,,0
2022.348,2.4597,,,165.1738,3.7608,,,6.9884,,,0.234346,,2.4597,,,165.1738,3.7608,,,6.9884,,,0.234346,,,,,,,,,,,,,,0
2022.5004,2.4882,,,135.4828,6.6089,,,9.2722,,,0.20843,,2.4882,,,135.4828,6.6089,,,9.2722,,,0.20843,,,,,,,,,,,,,,0
2022.6528,2.523,,,119.8413,9.6505,,,10.5691,,,0.187969,,2.523,,,119.8413,9.6505,,,10.5691,,,0.187969,,,,,,,,,,,,,,0
2022.8052,2.5499,,,126.9605,11.8833,,,12.3566,,,0.171594,,2.5499,,,126.9605,11.8833,,,12.3566,,,0.171594,,,,,,,,,,,,,,0
2022.9576,2.5541,,,118.4327,12.692,,,13.3718,,,0.164507,,2.5541,,,118.4327,12.692,,,13.3718,,,0.164507,,,,,,,,,,,,,,0
2023.11,2.6054,,,131.5711,15.3634,,,13.9167,,,0.164893,,2.6054,,,131.5711,15.3634,,,13.9167,,,0.164893,,,,,,,,,,,,,,0
2023.2624,2.6532,,,153.1058,16.8805,,,14.2262,,,0.16776,,2.6532,,,153.1058,16.8805,,,14.2262,,,0.16776,,,,,,,,,,,,,,0
2023.4148,2.6838,,,161.4548,16.9291,,,13.8008,,,0.175478,,2.6838,,,161.4548,16.9291,,,13.8008,,,0.175478,,,,,,,,,,,,,,0
2023.5672,2.6834,,,163.0415,16.9567,,,13.5592,,,0.18197,,2.6834,,,163.0415,16.9567,,,13.5592,,,0.18197,,,,,,,,,,,,,,0
2023.7196,2.6847,,,168.5532,15.4148,,,12.899,,,0.186406,,2.6847,,,168.5532,15.4148,,,12.899,,,0.186406,,,,,,,,,,,,,,0
2023.872,2.6825,,,180.219,13.3415,,,12.524,,,0.188446,,2.6825,,,180.219,13.3415,,,12.524,,,0.188446,,,,,,,,,,,,,,0
2024.0244,2.6807,,,180.3422,12.6614,,,11.8764,,,0.18921,,2.6807,,,180.3422,12.6614,,,11.8764,,,0.18921,,,,,,,,,,,,,,0
2024.1768,2.6556,,,190.2191,12.0887,,,11.5086,,,0.193391,,2.6556,,,190.2191,12.0887,,,11.5086,,,0.193391,,,,,,,,,,,,,,0
2024.3292,2.6403,,,197.4681,11.7634,,,11.3157,,,0.196748,,2.6403,,,197.4681,11.7634,,,11.3157,,,0.196748,,,,,,,,,,,,,,0
2024.4816,2.6668,,,186.2847,11.89,,,11.2061,,,0.19504,,2.6668,,,186.2847,11.89,,,11.2061,,,0.19504,,,,,,,,,,,,,,0
2024.634,2.6743,,,167.168,12.0884,,,11.3784,,,0.191021,,2.6743,,,167.168,12.0884,,,11.3784,,,0.191021,,,,,,,,,,,,,,0
2024.7864,2.6645,,,170.1714,12.1948,,,11.548,,,0.185418,,2.6645,,,170.1714,12.1948,,,11.548,,,0.185418,,,,,,,,,,,,,,0
2024.9388,2.654,,,179.2133,12.2565,,,11.6864,,,0.181697,,2.654,,,179.2133,12.2565,,,11.6864,,,0.181697,,,,,,,,,,,,,,0
2025.0912,2.6191,,,164.288,12.4389,,,11.8979,,,0.183643,,2.6191,,,164.288,12.4389,,,11.8979,,,0.183643,,,,,,,,,,,,,,0
2025.2436,2.5878,,,145.8129,12.1713,,,11.9144,,,0.191642,,2.5878,,,145.8129,12.1713,,,11.9144,,,0.191642,,,,,,,,,,,,,,0
2025.396,2.5372,,,154.6819,12.0202,,,11.8822,,,0.200466,,2.5372,,,154.6819,12.0202,,,11.8822,,,0.200466,,,,,,,,,,,,,,0
2025.5484,2.5337,,,165.4018,12.0497,,,12.0071,,,0.197787,,2.5337,,,165.4018,12.0497,,,12.0071,,,0.197787,,,,,,,,,,,,,,0
2025.7008,2.5893,,,148.1401,14.1017,,,12.9686,,,0.177954,,2.5893,,,148.1401,14.1017,,,12.9686,,,0.177954,,,,,,,,,,,,,,0
2025.8532,2.6256,,,122.1406,12.8662,,,13.4791,,,0.155553,,2.6256,,,122.1406,12.8662,,,13.4791,,,0.155553,,,,,,,,,,,,,,0
2026.0056,2.6011,,,98.267,15.2108,,,14.0136,,,0.129257,,2.6011,,,98.267,15.2108,,,14.0136,,,0.129257,,,,,,,,,,,,,,0
2026.158,2.5775,,,92.3178,18.3283,,,15.6293,,,0.11563,,2.5775,,,92.3178,18.3283,,,15.6293,,,0.11563,,,,,,,,,,,,,,0
2026.3104,2.5667,,,100.7538,19.0692,,,16.0788,,,0.110428,,2.5667,,,100.7538,19.0692,,,16.0788,,,0.110428,,,,,,,,,,,,,,0
2026.4628,2.5768,,,107.1359,17.5353,,,15.8168,,,0.110632,,2.5768,,,107.1359,17.5353,,,15.8168,,,0.110632,,,,,,,,,,,,,,0
2026.6152,2.6258,,,111.4275,15.4366,,,15.353,,,0.121913,,2.6258,,,111.4275,15.4366,,,15.353,,,0.121913,,,,,,,,,,,,,,0
2026.7676,2.6549,,,125.2638,14.4816,,,14.6253,,,0.130343,,2.6549,,,125.2638,14.4816,,,14.6253,,,0.130343,,,,,,,,,,,,,,0
2026.92,2.6441,,,136.9773,11.8791,,,13.5008,,,0.133431,,2.6441,,,136.9773,11.8791,,,13.5008,,,0.133431,,,,,,,,,,,,,,0
2027.0724,2.561,,,123.8041,8.2957,,,11.3961,,,0.128368,,2.561,,,123.8041,8.2957,,,11.3961,,,0.128368,,,,,,,,,,,,,,0
2027.2248,2.5123,,,98.933,6.5311,,,10.2041,,,0.122321,,2.5123,,,98.933,6.5311,,,10.2041,,,0.122321,,,,,,,,,,,,,,0
2027.3772,2.4553,,,81.9249,5.2602,,,8.7877,,,0.116144,,2.4553,,,81.9249,5.2602,,,8.7877,,,0.116144,,,,,,,,,,,,,,0
2027.5296,2.4172,,,67.3593,4.2324,,,7.375,,,0.113117,,2.4172,,,67.3593,4.2324,,,7.375,,,0.113117,,,,,,,,,,,,,,0
2027.682,2.4422,,,53.2833,3.7249,,,6.5171,,,0.115196,,2.4422,,,53.2833,3.7249,,,6.5171,,,0.115196,,,,,,,,,,,,,,0
2027.8344,2.4504,,,52.8304,3.5661,,,6.1542,,,0.116946,,2.4504,,,52.8304,3.5661,,,6.1542,,,0.116946,,,,,,,,,,,,,,0
2027.9868,2.4732,,,65.2438,3.5275,,,6.1138,,,0.118539,,2.4732,,,65.2438,3.5275,,,6.1138,,,0.118539,,,,,,,,,,,,,,0
2028.1392,2.4846,,,74.9797,3.6683,,,6.2638,,,0.120576,,2.4846,,,74.9797,3.6683,,,6.2638,,,0.120576,,,,,,,,,,,,,,0
2028.2916,2.4948,,,72.4625,3.8856,,,6.586,,,0.11945,,2.4948,,,72.4625,3.8856,,,6.586,,,0.11945,,,,,,,,,,,,,,0
2028.444,2.5073,,,67.1995,3.9794,,,6.859,,,0.118528,,2.5073,,,67.1995,3.9794,,,6.859,,,0.118528,,,,,,,,,,,,,,0
2028.5964,2.5185,,,74.9274,4.1264,,,7.4989,,,0.118983,,2.5185,,,74.9274,4.1264,,,7.4989,,,0.118983,,,,,,,,,,,,,,0
2028.7488,2.5063,,,81.671,3.7172,,,7.3621,,,0.119328,,2.5063,,,81.671,3.7172,,,7.3621,,,0.119328,,,,,,,,,,,,,,0
2028.9012,2.437,,,62.3115,2.8218,,,6.0212,,,0.120931,,2.437,,,62.3115,2.8218,,,6.0212,,,0.120931,,,,,,,,,,,,,,0
2029.0536,2.3942,,,45.3653,2.3136,,,4.613,,,0.123969,,2.3942,,,45.3653,2.3136,,,4.613,,,0.123969,,,,,,,,,,,,,,0
2029.206,2.398,,,43.913,1.9349,,,3.6499,,,0.130813,,2.398,,,43.913,1.9349,,,3.6499,,,0.130813,,,,,,,,,,,,,,0
2029.3584,2.401,,,41.5368,1.6412,,,3.3228,,,0.134829,,2.401,,,41.5368,1.6412,,,3.3228,,,0.134829,,,,,,,,,,,,,,0
2029.5108,2.408,,,38.0907,1.4586,,,3.0903,,,0.137405,,2.408,,,38.0907,1.4586,,,3.0903,,,0.137405,,,,,,,,,,,,,,0
2029.6632,2.4027,,,38.0975,1.3639,,,2.8737,,,0.139429,,2.4027,,,38.0975,1.3639,,,2.8737,,,0.139429,,,,,,,,,,,,,,0
2029.8156,2.3875,,,44.7903,1.2924,,,2.6514,,,0.143982,,2.3875,,,44.7903,1.2924,,,2.6514,,,0.143982,,,,,,,,,,,,,,0
2029.968,2.3794,,,49.6769,1.2606,,,2.5192,,,0.150573,,2.3794,,,49.6769,1.2606,,,2.5192,,,0.150573,,,,,,,,,,,,,,0
2030.1204,2.4342,,,62.3256,1.3414,,,2.3276,,,0.171751,,2.4342,,,62.3256,1.3414,,,2.3276,,,0.171751,,,,,,,,,,,,,,0
2030.2728,2.5843,,,107.44,1.8809,,,3.2736,,,0.19962,,2.5843,,,107.44,1.8809,,,3.2736,,,0.19962,,,,,,,,,,,,,,0
2030.4252,2.6692,,,161.4841,3.3083,,,5.2161,,,0.217946,,2.6692,,,161.4841,3.3083,,,5.2161,,,0.217946,,,,,,,,,,,,,,0
2030.5776,2.6391,,,185.821,5.681,,,7.494,,,0.2309,,2.6391,,,185.821,5.681,,,7.494,,,0.2309,,,,,,,,,,,,,,0
2030.73,2.6088,,,203.7398,6.6584,,,8.8673,,,0.238243,,2.6088,,,203.7398,6.6584,,,8.8673,,,0.238243,,,,,,,,,,,,,,0
2030.8824,2.6267,,,207.4968,8.2589,,,9.0781,,,0.247198,,2.6267,,,207.4968,8.2589,,,9.0781,,,0.247198,,,,,,,,,,,,,,0
2031.0348,2.7264,,,201.0797,9.4376,,,8.9312,,,0.259755,,2.7264,,,201.0797,9.4376,,,8.9312,,,0.259755,,,,,,,,,,,,,,0
2031.1872,2.6482,,,192.6526,9.2023,,,8.3739,,,0.279106,,2.6482,,,192.6526,9.2023,,,8.3739,,,0.279106,,,,,,,,,,,,,,0
2031.3396,2.5384,,,194.8989,8.9038,,,7.5919,,,0.291737,,2.5384,,,194.8989,8.9038,,,7.5919,,,0.291737,,,,,,,,,,,,,,0
2031.492,2.4919,,,198.0659,6.4625,,,6.2529,,,0.294902,,2.4919,,,198.0659,6.4625,,,6.2529,,,0.294902,,,,,,,,,,,,,,0
2031.6444,2.5249,,,184.1696,5.1012,,,5.5616,,,0.291665,,2.5249,,,184.1696,5.1012,,,5.5616,,,0.291665,,,,,,,,,,,,,,0
2031.7968,2.5787,,,178.5156,5.2033,,,5.5024,,,0.282074,,2.5787,,,178.5156,5.2033,,,5.5024,,,0.282074,,,,,,,,,,,,,,0
2031.9492,2.6026,,,186.1957,5.2613,,,5.7371,,,0.272761,,2.6026,,,186.1957,5.2613,,,5.7371,,,0.272761,,,,,,,,,,,,,,0
2032.1016,2.5983,,,173.0977,6.9043,,,7.5139,,,0.255103,,2.5983,,,173.0977,6.9043,,,7.5139,,,0.255103,,,,,,,,,,,,,,0
2032.254,2.6682,,,176.1239,7.8373,,,8.4459,,,0.240258,,2.6682,,,176.1239,7.8373,,,8.4459,,,0.240258,,,,,,,,,,,,,,0
2032.4064,2.7379,,,170.3946,7.6493,,,8.8715,,,0.221612,,2.7379,,,170.3946,7.6493,,,8.8715,,,0.221612,,,,,,,,,,,,,,0
2032.5588,2.6808,,,151.4064,7.5426,,,9.1132,,,0.204745,,2.6808,,,151.4064,7.5426,,,9.1132,,,0.204745,,,,,,,,,,,,,,0
2032.7112,2.4938,,,120.4865,4.9789,,,6.4273,,,0.182716,,2.4938,,,120.4865,4.9789,,,6.4273,,,0.182716,,,,,,,,,,,,,,0
2032.8636,2.3733,,,80.6249,3.523,,,4.902,,,0.166841,,2.3733,,,80.6249,3.523,,,4.902,,,0.166841,,,,,,,,,,,,,,0
2033.016,2.3449,,,53.1597,2.4608,,,3.7008,,,0.158999,,2.3449,,,53.1597,2.4608,,,3.7008,,,0.158999,,,,,,,,,,,,,,0
2033.1684,2.3312,,,44.9474,1.8576,,,3.0186,,,0.156245,,2.3312,,,44.9474,1.8576,,,3.0186,,,0.156245,,,,,,,,,,,,,,0
2033.3208,2.3197,,,36.2196,1.5476,,,2.6602,,,0.154633,,2.3197,,,36.2196,1.5476,,,2.6602,,,0.154633,,,,,,,,,,,,,,0
2033.4732,2.3202,,,33.386,1.4424,,,2.7498,,,0.150994,,2.3202,,,33.386,1.4424,,,2.7498,,,0.150994,,,,,,,,,,,,,,0
2033.6256,2.3413,,,38.7517,1.4827,,,2.9163,,,0.147487,,2.3413,,,38.7517,1.4827,,,2.9163,,,0.147487,,,,,,,,,,,,,,0
2033.778,2.3639,,,42.0753,1.6627,,,3.1393,,,0.130902,,2.3639,,,42.0753,1.6627,,,3.1393,,,0.130902,,,,,,,,,,,,,,0
2033.9304,2.3657,,,43.1357,1.765,,,3.266,,,0.11687,,2.3657,,,43.1357,1.765,,,3.266,,,0.11687,,,,,,,,,,,,,,0
2034.0828,2.3556,,,44.8362,1.9398,,,3.2869,,,0.10816,,2.3556,,,44.8362,1.9398,,,3.2869,,,0.10816,,,,,,,,,,,,,,0
2034.2352,2.3715,,,44.0394,2.039,,,3.2988,,,0.103369,,2.3715,,,44.0394,2.039,,,3.2988,,,0.103369,,,,,,,,,,,,,,0
2034.3876,2.4119,,,43.4631,2.7297,,,4.7902,,,0.101161,,2.4119,,,43.4631,2.7297,,,4.7902,,,0.101161,,,,,,,,,,,,,,0
2034.54,2.4447,,,43.7045,3.1219,,,5.6371,,,0.100209,,2.4447,,,43.7045,3.1219,,,5.6371,,,0.100209,,,,,,,,,,,,,,0
2034.6924,2.4854,,,51.2935,3.8089,,,6.8116,,,0.09959,,2.4854,,,51.2935,3.8089,,,6.8116,,,0.09959,,,,,,,,,,,,,,0
2034.8448,2.4898,,,49.4861,4.199,,,7.4786,,,0.101213,,2.4898,,,49.4861,4.199,,,7.4786,,,0.101213,,,,,,,,,,,,,,0
2034.9972,2.4244,,,43.3094,3.6603,,,6.2077,,,0.111484,,2.4244,,,43.3094,3.6603,,,6.2077,,,0.111484,,,,,,,,,,,,,,0
2035.1496,2.3755,,,41.2852,3.0333,,,5.4859,,,0.119889,,2.3755,,,41.2852,3.0333,,,5.4859,,,0.119889,,,,,,,,,,,,,,0
2035.302,2.3624,,,34.5887,2.4654,,,4.82,,,0.126611,,2.3624,,,34.5887,2.4654,,,4.82,,,0.126611,,,,,,,,,,,,,,0
2035.4544,2.3524,,,32.7619,2.0242,,,4.4419,,,0.130038,,2.3524,,,32.7619,2.0242,,,4.4419,,,0.130038,,,,,,,,,,,,,,0
2035.6068,2.3619,,,31.4476,1.898,,,4.2755,,,0.133206,,2.3619,,,31.4476,1.898,,,4.2755,,,0.133206,,,,,,,,,,,,,,0
2035.7592,2.3741,,,31.7861,1.7186,,,4.181,,,0.134035,,2.3741,,,31.7861,1.7186,,,4.181,,,0.134035,,,,,,,,,,,,,,0
2035.9116,2.4025,,,35.1234,1.6167,,,3.7986,,,0.131049,,2.4025,,,35.1234,1.6167,,,3.7986,,,0.131049,,,,,,,,,,,,,,0
2036.064,2.4103,,,34.919,1.4648,,,3.5815,,,0.13011,,2.4103,,,34.919,1.4648,,,3.5815,,,0.13011,,,,,,,,,,,,,,0
2036.2164,2.4093,,,38.3187,1.3785,,,3.2741,,,0.131165,,2.4093,,,38.3187,1.3785,,,3.2741,,,0.131165,,,,,,,,,,,,,,0
2036.3688,2.4055,,,39.2702,1.2618,,,2.8916,,,0.135682,,2.4055,,,39.2702,1.2618,,,2.8916,,,0.135682,,,,,,,,,,,,,,0
2036.5212,2.401,,,36.4369,1.1956,,,2.7735,,,0.139212,,2.401,,,36.4369,1.1956,,,2.7735,,,0.139212,,,,,,,,,,,,,,0
2036.6736,2.3909,,,37.431,1.1518,,,2.6211,,,0.138943,,2.3909,,,37.431,1.1518,,,2.6211,,,0.138943,,,,,,,,,,,,,,0
2036.826,2.3735,,,44.6248,1.127,,,2.5346,,,0.136678,,2.3735,,,44.6248,1.127,,,2.5346,,,0.136678,,,,,,,,,,,,,,0
2036.9784,2.3809,,,44.6508,1.1119,,,2.5438,,,0.133404,,2.3809,,,44.6508,1.1119,,,2.5438,,,0.133404,,,,,,,,,,,,,,0
2037.1308,2.4024,,,41.3008,1.1034,,,2.549,,,0.131016,,2.4024,,,41.3008,1.1034,,,2.549,,,0.131016,,,,,,,,,,,,,,0
2037.2832,2.4045,,,40.1389,1.1759,,,2.8315,,,0.129188,,2.4045,,,40.1389,1.1759,,,2.8315,,,0.129188,,,,,,,,,,,,,,0
2037.4356,2.3978,,,37.0917,1.1982,,,2.992,,,0.129265,,2.3978,,,37.0917,1.1982,,,2.992,,,0.129265,,,,,,,,,,,,,,0
2037.588,2.3961,,,36.9735,1.167,,,2.6898,,,0.132315,,2.3961,,,36.9735,1.167,,,2.6898,,,0.132315,,,,,,,,,,,,,,0
2037.7404,2.3931,,,40.2344,1.1205,,,2.5182,,,0.134438,,2.3931,,,40.2344,1.1205,,,2.5182,,,0.134438,,,,,,,,,,,,,,0
2037.8928,2.3994,,,42.3959,1.1007,,,2.3963,,,0.136267,,2.3994,,,42.3959,1.1007,,,2.3963,,,0.136267,,,,,,,,,,,,,,0
2038.0452,2.4079,,,41.3479,1.1664,,,2.3271,,,0.136909,,2.4079,,,41.3479,1.1664,,,2.3271,,,0.136909,,,,,,,,,,,,,,0
2038.1976,2.4012,,,37.0548,1.2037,,,2.756,,,0.139224,,2.4012,,,37.0548,1.2037,,,2.756,,,0.139224,,,,,,,,,,,,,,0
2038.35,2.3948,,,38.7792,1.1992,,,2.9996,,,0.140154,,2.3948,,,38.7792,1.1992,,,2.9996,,,0.140154,,,,,,,,,,,,,,0
2038.5024,2.3874,,,39.617,1.1967,,,2.8476,,,0.138752,,2.3874,,,39.617,1.1967,,,2.8476,,,0.138752,,,,,,,,,,,,,,0
2038.6548,2.3922,,,39.0489,1.1446,,,2.7613,,,0.13861,,2.3922,,,39.0489,1.1446,,,2.7613,,,0.13861,,,,,,,,,,,,,,0
2038.8072,2.3841,,,34.1857,1.115,,,2.6633,,,0.14075,,2.3841,,,34.1857,1.115,,,2.6633,,,0.14075,,,,,,,,,,,,,,0
2038.9596,2.3702,,,33.2242,1.1125,,,2.6076,,,0.142757,,2.3702,,,33.2242,1.1125,,,2.6076,,,0.142757,,,,,,,,,,,,,,0
2039.112,2.372,,,40.2222,1.1111,,,2.6708,,,0.144703,,2.372,,,40.2222,1.1111,,,2.6708,,,0.144703,,,,,,,,,,,,,,0
2039.2644,2.3741,,,32.6392,1.0726,,,2.6393,,,0.146265,,2.3741,,,32.6392,1.0726,,,2.6393,,,0.146265,,,,,,,,,,,,,,0
2039.4168,2.3689,,,31.1947,1.0372,,,2.5029,,,0.147848,,2.3689,,,31.1947,1.0372,,,2.5029,,,0.147848,,,,,,,,,,,,,,0
2039.5692,2.3588,,,33.5924,1.0403,,,2.3649,,,0.147097,,2.3588,,,33.5924,1.0403,,,2.3649,,,0.147097,,,,,,,,,,,,,,0
2039.7216,2.347,,,36.5065,1.0662,,,2.3492,,,0.145152,,2.347,,,36.5065,1.0662,,,2.3492,,,0.145152,,,,,,,,,,,,,,0
2039.874,2.3487,,,41.1826,1.1359,,,2.5163,,,0.146413,,2.3487,,,41.1826,1.1359,,,2.5163,,,0.146413,,,,,,,,,,,,,,0
2040.0264,2.3549,,,45.665,1.1691,,,2.6632,,,0.148584,,2.3549,,,45.665,1.1691,,,2.6632,,,0.148584,,,,,,,,,,,,,,0
2040.1788,2.3473,,,41.5749,1.2337,,,2.5311,,,0.149965,,2.3473,,,41.5749,1.2337,,,2.5311,,,0.149965,,,,,,,,,,,,,,0
2040.3312,2.3393,,,35.886,1.2704,,,2.2687,,,0.151548,,2.3393,,,35.886,1.2704,,,2.2687,,,0.151548,,,,,,,,,,,,,,0
2040.4836,2.3314,,,33.0402,1.1696,,,2.0709,,,0.150095,,2.3314,,,33.0402,1.1696,,,2.0709,,,0.150095,,,,,,,,,,,,,,0
2040.636,2.3325,,,34.8712,1.1152,,,2.0066,,,0.147369,,2.3325,,,34.8712,1.1152,,,2.0066,,,0.147369,,,,,,,,,,,,,,0
2040.7884,2.355,,,37.6542,1.1287,,,2.1052,,,0.144523,,2.355,,,37.6542,1.1287,,,2.1052,,,0.144523,,,,,,,,,,,,,,0
2040.9408,2.368,,,39.1425,1.1427,,,1.9504,,,0.143209,,2.368,,,39.1425,1.1427,,,1.9504,,,0.143209,,,,,,,,,,,,,,0
2041.0932,2.36,,,35.4516,1.034,,,1.8154,,,0.142526,,2.36,,,35.4516,1.034,,,1.8154,,,0.142526,,,,,,,,,,,,,,0
2041.2456,2.3661,,,39.1431,0.9699,,,1.7922,,,0.142583,,2.3661,,,39.1431,0.9699,,,1.7922,,,0.142583,,,,,,,,,,,,,,0
2041.398,2.3544,,,38.639,1.1177,,,2.0784,,,0.140249,,2.3544,,,38.639,1.1177,,,2.0784,,,0.140249,,,,,,,,,,,,,,0
2041.5504,2.3539,,,34.8065,1.2016,,,2.2458,,,0.136823,,2.3539,,,34.8065,1.2016,,,2.2458,,,0.136823,,,,,,,,,,,,,,0
2041.7028,2.3708,,,38.62,1.28,,,2.4833,,,0.132128,,2.3708,,,38.62,1.28,,,2.4833,,,0.132128,,,,,,,,,,,,,,0
2041.8552,2.3734,,,38.6979,1.4164,,,2.6181,,,0.125061,,2.3734,,,38.6979,1.4164,,,2.6181,,,0.125061,,,,,,,,,,,,,,0
2042.0076,2.393,,,41.6652,1.5067,,,2.4795,,,0.108105,,2.393,,,41.6652,1.5067,,,2.4795,,,0.108105,,,,,,,,,,,,,,0
2042.16,2.433,,,42.4335,1.8556,,,2.7832,,,0.094551,,2.433,,,42.4335,1.8556,,,2.7832,,,0.094551,,,,,,,,,,,,,,0
2042.3124,2.4846,,,43.305,2.5366,,,3.3928,,,0.089295,,2.4846,,,43.305,2.5366,,,3.3928,,,0.089295,,,,,,,,,,,,,,0
2042.4648,2.5136,,,43.199,3.0563,,,4.8664,,,0.091799,,2.5136,,,43.199,3.0563,,,4.8664,,,0.091799,,,,,,,,,,,,,,0
2042.6172,2.5755,,,45.8969,4.1971,,,5.7918,,,0.13625,,2.5755,,,45.8969,4.1971,,,5.7918,,,0.13625,,,,,,,,,,,,,,0
2042.7696,2.5823,,,72.6561,5.2483,,,6.2274,,,0.228544,,2.5823,,,72.6561,5.2483,,,6.2274,,,0.228544,,,,,,,,,,,,,,0
2042.922,2.4554,,,103.3869,5.9059,,,7.7453,,,0.29734,,2.4554,,,103.3869,5.9059,,,7.7453,,,0.29734,,,,,,,,,,,,,,0
2043.0744,2.0562,,,141.1882,8.3492,,,8.5061,,,0.332768,,2.0562,,,141.1882,8.3492,,,8.5061,,,0.332768,,,,,,,,,,,,,,0
2043.2268,1.9805,,,149.761,9.6126,,,9.7488,,,0.334335,,1.9805,,,149.761,9.6126,,,9.7488,,,0.334335,,,,,,,,,,,,,,0
2043.3792,2.3676,,,143.9059,10.0917,,,9.9467,,,0.310485,,2.3676,,,143.9059,10.0917,,,9.9467,,,0.310485,,,,,,,,,,,,,,0
2043.5316,2.5876,,,142.1668,10.3638,,,9.281,,,0.292593,,2.5876,,,142.1668,10.3638,,,9.281,,,0.292593,,,,,,,,,,,,,,0
2043.684,2.5568,,,168.2338,9.2139,,,9.1967,,,0.285311,,2.5568,,,168.2338,9.2139,,,9.1967,,,0.285311,,,,,,,,,,,,,,0
2043.8364,2.4447,,,183.2368,8.5608,,,9.2705,,,0.280502,,2.4447,,,183.2368,8.5608,,,9.2705,,,0.280502,,,,,,,,,,,,,,0
2043.9888,2.4233,,,182.5892,11.2748,,,10.7353,,,0.26024,,2.4233,,,182.5892,11.2748,,,10.7353,,,0.26024,,,,,,,,,,,,,,0
2044.1412,2.4914,,,167.3621,13.1073,,,11.5672,,,0.240643,,2.4914,,,167.3621,13.1073,,,11.5672,,,0.240643,,,,,,,,,,,,,,0
2044.2936,2.6036,,,151.5767,13.7602,,,11.6699,,,0.220129,,2.6036,,,151.5767,13.7602,,,11.6699,,,0.220129,,,,,,,,,,,,,,0
2044.446,2.6703,,,159.8837,12.7262,,,11.7282,,,0.206234,,2.6703,,,159.8837,12.7262,,,11.7282,,,0.206234,,,,,,,,,,,,,,0
2044.5984,2.6829,,,165.4967,11.9818,,,10.6815,,,0.19807,,2.6829,,,165.4967,11.9818,,,10.6815,,,0.19807,,,,,,,,,,,,,,0
2044.7508,2.7012,,,162.0609,11.3292,,,10.0871,,,0.192676,,2.7012,,,162.0609,11.3292,,,10.0871,,,0.192676,,,,,,,,,,,,,,0
2044.9032,2.7299,,,170.5894,11.0109,,,9.8997,,,0.188876,,2.7299,,,170.5894,11.0109,,,9.8997,,,0.188876,,,,,,,,,,,,,,0
2045.0556,2.7483,,,172.6132,11.0423,,,9.7983,,,0.186798,,2.7483,,,172.6132,11.0423,,,9.7983,,,0.186798,,,,,,,,,,,,,,0
2045.208,2.7464,,,164.5187,10.5834,,,9.6965,,,0.186145,,2.7464,,,164.5187,10.5834,,,9.6965,,,0.186145,,,,,,,,,,,,,,0
2045.3604,2.7217,,,163.4513,9.7958,,,9.395,,,0.188615,,2.7217,,,163.4513,9.7958,,,9.395,,,0.188615,,,,,,,,,,,,,,0
2045.5128,2.6849,,,161.8418,9.2135,,,9.0024,,,0.202409,,2.6849,,,161.8418,9.2135,,,9.0024,,,0.202409,,,,,,,,,,,,,,0
2045.6652,2.6689,,,164.213,8.8353,,,8.3789,,,0.214183,,2.6689,,,164.213,8.8353,,,8.3789,,,0.214183,,,,,,,,,,,,,,0
2045.8176,2.6346,,,159.3184,7.5522,,,7.6263,,,0.21352,,2.6346,,,159.3184,7.5522,,,7.6263,,,0.21352,,,,,,,,,,,,,,0
2045.97,2.6515,,,152.0731,6.5267,,,7.2682,,,0.19642,,2.6515,,,152.0731,6.5267,,,7.2682,,,0.19642,,,,,,,,,,,,,,0
2046.1224,2.6608,,,148.2742,6.351,,,7.2261,,,0.179572,,2.6608,,,148.2742,6.351,,,7.2261,,,0.179572,,,,,,,,,,,,,,0
2046.2748,2.7186,,,142.0802,8.989,,,9.4246,,,0.15921,,2.7186,,,142.0802,8.989,,,9.4246,,,0.15921,,,,,,,,,,,,,,0
2046.4272,2.753,,,135.6981,12.2008,,,10.6711,,,0.146091,,2.753,,,135.6981,12.2008,,,10.6711,,,0.146091,,,,,,,,,,,,,,0
2046.5796,2.7112,,,131.5895,13.18,,,11.8159,,,0.147591,,2.7112,,,131.5895,13.18,,,11.8159,,,0.147591,,,,,,,,,,,,,,0
2046.732,2.6868,,,141.4305,14.1287,,,12.466,,,0.157326,,2.6868,,,141.4305,14.1287,,,12.466,,,0.157326,,,,,,,,,,,,,,0
2046.8844,2.6415,,,159.3767,14.6675,,,12.6325,,,0.187622,,2.6415,,,159.3767,14.6675,,,12.6325,,,0.187622,,,,,,,,,,,,,,0
2047.0368,2.5935,,,165.7181,14.503,,,12.727,,,0.219429,,2.5935,,,165.7181,14.503,,,12.727,,,0.219429,,,,,,,,,,,,,,0
2047.1892,2.4858,,,166.9655,14.4096,,,13.5498,,,0.266857,,2.4858,,,166.9655,14.4096,,,13.5498,,,0.266857,,,,,,,,,,,,,,0
2047.3416,2.377,,,159.3384,16.4457,,,14.0171,,,0.295826,,2.377,,,159.3384,16.4457,,,14.0171,,,0.295826,,,,,,,,,,,,,,0
2047.494,2.4006,,,154.2793,17.602,,,16.1327,,,0.274014,,2.4006,,,154.2793,17.602,,,16.1327,,,0.274014,,,,,,,,,,,,,,0
2047.6464,2.532,,,153.3513,19.3463,,,17.3341,,,0.241852,,2.532,,,153.3513,19.3463,,,17.3341,,,0.241852,,,,,,,,,,,,,,0
2047.7988,2.571,,,129.6302,20.3369,,,17.4193,,,0.196092,,2.571,,,129.6302,20.3369,,,17.4193,,,0.196092,,,,,,,,,,,,,,0
2047.9512,2.5878,,,107.0823,17.1134,,,17.4677,,,0.163263,,2.5878,,,107.0823,17.1134,,,17.4677,,,0.163263,,,,,,,,,,,,,,0
2048.1036,2.6128,,,102.1348,15.2828,,,17.6057,,,0.145421,,2.6128,,,102.1348,15.2828,,,17.6057,,,0.145421,,,,,,,,,,,,,,0
2048.256,2.6047,,,118.7853,18.1285,,,17.684,,,0.137514,,2.6047,,,118.7853,18.1285,,,17.684,,,0.137514,,,,,,,,,,,,,,0
2048.4084,2.5695,,,118.5408,19.7446,,,17.1424,,,0.132418,,2.5695,,,118.5408,19.7446,,,17.1424,,,0.132418,,,,,,,,,,,,,,0
2048.5608,2.5495,,,105.8599,14.7763,,,16.8349,,,0.128888,,2.5495,,,105.8599,14.7763,,,16.8349,,,0.128888,,,,,,,,,,,,,,0
2048.7132,2.5786,,,117.4082,11.9548,,,16.4849,,,0.128519,,2.5786,,,117.4082,11.9548,,,16.4849,,,0.128519,,,,,,,,,,,,,,0
2048.8656,2.5835,,,125.83,13.0382,,,16.2862,,,0.129402,,2.5835,,,125.83,13.0382,,,16.2862,,,0.129402,,,,,,,,,,,,,,0
2049.018,2.5575,,,119.0889,13.6534,,,15.8848,,,0.128524,,2.5575,,,119.0889,13.6534,,,15.8848,,,0.128524,,,,,,,,,,,,,,0
2049.1704,2.5571,,,112.7628,10.9345,,,13.335,,,0.123463,,2.5571,,,112.7628,10.9345,,,13.335,,,0.123463,,,,,,,,,,,,,,0
2049.3228,2.5599,,,101.1409,9.3905,,,12.0165,,,0.118768,,2.5599,,,101.1409,9.3905,,,12.0165,,,0.118768,,,,,,,,,,,,,,0
2049.4752,2.556,,,87.1059,7.7658,,,10.4383,,,0.115714,,2.556,,,87.1059,7.7658,,,10.4383,,,0.115714,,,,,,,,,,,,,,0
2049.6276,2.531,,,81.1662,6.8432,,,9.542,,,0.115465,,2.531,,,81.1662,6.8432,,,9.542,,,0.115465,,,,,,,,,,,,,,0
2049.78,2.5238,,,73.9239,6.2621,,,9.1637,,,0.122087,,2.5238,,,73.9239,6.2621,,,9.1637,,,0.122087,,,,,,,,,,,,,,0
2049.9324,2.5358,,,76.9618,5.9321,,,8.9488,,,0.13185,,2.5358,,,76.9618,5.9321,,,8.9488,,,0.13185,,,,,,,,,,,,,,0
2050.0848,2.5678,,,104.8237,6.621,,,10.6419,,,0.139035,,2.5678,,,104.8237,6.621,,,10.6419,,,0.139035,,,,,,,,,,,,,,0
2050.2372,2.5992,,,123.3815,7.0123,,,11.6034,,,0.141228,,2.5992,,,123.3815,7.0123,,,11.6034,,,0.141228,,,,,,,,,,,,,,0
2050.3896,2.5698,,,111.5339,6.1984,,,9.4951,,,0.137409,,2.5698,,,111.5339,6.1984,,,9.4951,,,0.137409,,,,,,,,,,,,,,0
2050.542,2.5305,,,99.3777,5.2473,,,8.2978,,,0.13182,,2.5305,,,99.3777,5.2473,,,8.2978,,,0.13182,,,,,,,,,,,,,,0
2050.6944,2.5096,,,87.3108,4.0301,,,6.8666,,,0.125372,,2.5096,,,87.3108,4.0301,,,6.8666,,,0.125372,,,,,,,,,,,,,,0
2050.8468,2.4885,,,77.9846,3.0132,,,5.5219,,,0.12229,,2.4885,,,77.9846,3.0132,,,5.5219,,,0.12229,,,,,,,,,,,,,,0
2050.9992,2.4654,,,69.1944,2.6097,,,4.8599,,,0.122638,,2.4654,,,69.1944,2.6097,,,4.8599,,,0.122638,,,,,,,,,,,,,,0
2051.1516,2.4535,,,68.7064,2.6025,,,4.7415,,,0.122872,,2.4535,,,68.7064,2.6025,,,4.7415,,,0.122872,,,,,,,,,,,,,,0
2051.304,2.473,,,68.8458,3.0528,,,5.8761,,,0.125861,,2.473,,,68.8458,3.0528,,,5.8761,,,0.125861,,,,,,,,,,,,,,0
2051.4564,2.4961,,,71.7943,4.0883,,,6.4927,,,0.128684,,2.4961,,,71.7943,4.0883,,,6.4927,,,0.128684,,,,,,,,,,,,,,0
2051.6088,2.5171,,,74.0604,4.5433,,,8.0549,,,0.135997,,2.5171,,,74.0604,4.5433,,,8.0549,,,0.135997,,,,,,,,,,,,,,0
2051.7612,2.535,,,78.6033,6.6513,,,8.9421,,,0.144073,,2.535,,,78.6033,6.6513,,,8.9421,,,0.144073,,,,,,,,,,,,,,0
2051.9136,2.5375,,,93.9837,7.8485,,,10.824,,,0.150773,,2.5375,,,93.9837,7.8485,,,10.824,,,0.150773,,,,,,,,,,,,,,0
2052.066,2.5475,,,99.958,8.8077,,,11.8927,,,0.153583,,2.5475,,,99.958,8.8077,,,11.8927,,,0.153583,,,,,,,,,,,,,,0
2052.2184,2.5748,,,103.9472,9.3524,,,12.4709,,,0.156479,,2.5748,,,103.9472,9.3524,,,12.4709,,,0.156479,,,,,,,,,,,,,,0
2052.3708,2.6286,,,126.4059,13.2456,,,14.7503,,,0.16087,,2.6286,,,126.4059,13.2456,,,14.7503,,,0.16087,,,,,,,,,,,,,,0
2052.5232,2.6453,,,144.5924,15.4566,,,15.8583,,,0.164222,,2.6453,,,144.5924,15.4566,,,15.8583,,,0.164222,,,,,,,,,,,,,,0
2052.6756,2.6515,,,156.3793,17.125,,,15.9694,,,0.167751,,2.6515,,,156.3793,17.125,,,15.9694,,,0.167751,,,,,,,,,,,,,,0
2052.828,2.6594,,,159.923,18.0725,,,16.0325,,,0.171879,,2.6594,,,159.923,18.0725,,,16.0325,,,0.171879,,,,,,,,,,,,,,0
2052.9804,2.6593,,,158.7253,18.0792,,,15.9144,,,0.176844,,2.6593,,,158.7253,18.0792,,,15.9144,,,0.176844,,,,,,,,,,,,,,0
2053.1328,2.6652,,,158.563,18.083,,,15.8474,,,0.181479,,2.6652,,,158.563,18.083,,,15.8474,,,0.181479,,,,,,,,,,,,,,0
2053.2852,2.6739,,,172.8334,17.6126,,,15.702,,,0.187018,,2.6739,,,172.8334,17.6126,,,15.702,,,0.187018,,,,,,,,,,,,,,0
2053.4376,2.6754,,,173.6811,17.3455,,,15.6194,,,0.189045,,2.6754,,,173.6811,17.3455,,,15.6194,,,0.189045,,,,,,,,,,,,,,0
2053.59,2.6769,,,169.6143,17.4191,,,15.8294,,,0.191643,,2.6769,,,169.6143,17.4191,,,15.8294,,,0.191643,,,,,,,,,,,,,,0
2053.7424,2.6693,,,177.8412,17.4977,,,15.9487,,,0.193965,,2.6693,,,177.8412,17.4977,,,15.9487,,,0.193965,,,,,,,,,,,,,,0
2053.8948,2.6436,,,166.4039,17.5186,,,16.4396,,,0.194336,,2.6436,,,166.4039,17.5186,,,16.4396,,,0.194336,,,,,,,,,,,,,,0
2054.0472,2.6381,,,158.3496,18.0609,,,16.7184,,,0.195384,,2.6381,,,158.3496,18.0609,,,16.7184,,,0.195384,,,,,,,,,,,,,,0
2054.1996,2.6558,,,165.1804,18.3689,,,18.3353,,,0.201868,,2.6558,,,165.1804,18.3689,,,18.3353,,,0.201868,,,,,,,,,,,,,,0
2054.352,2.6613,,,163.5272,18.825,,,19.2536,,,0.214129,,2.6613,,,163.5272,18.825,,,19.2536,,,0.214129,,,,,,,,,,,,,,0
2054.5044,2.5916,,,168.3448,19.084,,,20.5978,,,0.271499,,2.5916,,,168.3448,19.084,,,20.5978,,,0.271499,,,,,,,,,,,,,,0
2054.6568,2.4724,,,174.5192,23.8002,,,21.3612,,,0.342338,,2.4724,,,174.5192,23.8002,,,21.3612,,,0.342338,,,,,,,,,,,,,,0
2054.8092,2.0289,,,143.3959,26.4785,,,25.2822,,,0.447848,,2.0289,,,143.3959,26.4785,,,25.2822,,,0.447848,,,,,,,,,,,,,,0
2054.9616,1.6165,,,91.2372,17.8178,,,27.5089,,,0.525624,,1.6165,,,91.2372,17.8178,,,27.5089,,,0.525624,,,,,,,,,,,,,,0
2055.114,1.4752,,,54.0465,12.8994,,,27.3106,,,0.596747,,1.4752,,,54.0465,12.8994,,,27.3106,,,0.596747,,,,,,,,,,,,,,0
2055.2664,1.4921,,,43.2791,11.3977,,,27.198,,,0.627993,,1.4921,,,43.2791,11.3977,,,27.198,,,0.627993,,,,,,,,,,,,,,0
2055.4188,1.7592,,,60.3442,10.5449,,,24.9686,,,0.585002,,1.7592,,,60.3442,10.5449,,,24.9686,,,0.585002,,,,,,,,,,,,,,0
2055.5712,1.8998,,,93.9905,11.7241,,,25.5314,,,0.568336,,1.8998,,,93.9905,11.7241,,,25.5314,,,0.568336,,,,,,,,,,,,,,0
2055.7236,1.7865,,,108.6586,12.3937,,,26.5701,,,0.568818,,1.7865,,,108.6586,12.3937,,,26.5701,,,0.568818,,,,,,,,,,,,,,0
2055.876,1.6077,,,101.6527,12.1009,,,24.3475,,,0.520387,,1.6077,,,101.6527,12.1009,,,24.3475,,,0.520387,,,,,,,,,,,,,,0
2056.0284,1.619,,,86.2126,11.9346,,,23.0853,,,0.469964,,1.619,,,86.2126,11.9346,,,23.0853,,,0.469964,,,,,,,,,,,,,,0
2056.1808,2.0552,,,92.8763,16.0699,,,21.2777,,,0.406324,,2.0552,,,92.8763,16.0699,,,21.2777,,,0.406324,,,,,,,,,,,,,,0
2056.3332,2.4023,,,120.2042,18.4184,,,20.2512,,,0.348725,,2.4023,,,120.2042,18.4184,,,20.2512,,,0.348725,,,,,,,,,,,,,,0
2056.4856,2.5534,,,156.8259,15.277,,,15.7992,,,0.287135,,2.5534,,,156.8259,15.277,,,15.7992,,,0.287135,,,,,,,,,,,,,,0
2056.638,2.5929,,,169.494,13.493,,,13.2709,,,0.247058,,2.5929,,,169.494,13.493,,,13.2709,,,0.247058,,,,,,,,,,,,,,0
2056.7904,2.5977,,,163.1927,11.8521,,,11.7334,,,0.218454,,2.5977,,,163.1927,11.8521,,,11.7334,,,0.218454,,,,,,,,,,,,,,0
2056.9428,2.6119,,,167.9263,10.9203,,,10.8602,,,0.20167,,2.6119,,,167.9263,10.9203,,,10.8602,,,0.20167,,,,,,,,,,,,,,0
2057.0952,2.631,,,173.7295,10.3687,,,10.4368,,,0.191876,,2.631,,,173.7295,10.3687,,,10.4368,,,0.191876,,,,,,,,,,,,,,0
2057.2476,2.6571,,,166.6499,10.0555,,,10.1964,,,0.18749,,2.6571,,,166.6499,10.0555,,,10.1964,,,0.18749,,,,,,,,,,,,,,0
2057.4,2.6657,,,169.3772,10.3217,,,10.0898,,,0.190708,,2.6657,,,169.3772,10.3217,,,10.0898,,,0.190708,,,,,,,,,,,,,,0
2057.5524,2.7018,,,169.2984,10.4728,,,10.0293,,,0.191998,,2.7018,,,169.2984,10.4728,,,10.0293,,,0.191998,,,,,,,,,,,,,,0
2057.7048,2.8655,,,158.0357,10.4783,,,9.977,,,0.191791,,2.8655,,,158.0357,10.4783,,,9.977,,,0.191791,,,,,,,,,,,,,,0
2057.8572,3.0424,,,148.8863,10.4815,,,9.9473,,,0.189795,,3.0424,,,148.8863,10.4815,,,9.9473,,,0.189795,,,,,,,,,,,,,,0
2058.0096,2.9034,,,133.8014,11.5777,,,10.4758,,,0.181138,,2.9034,,,133.8014,11.5777,,,10.4758,,,0.181138,,,,,,,,,,,,,,0
2058.162,2.7535,,,130.654,12.2002,,,10.776,,,0.173265,,2.7535,,,130.654,12.2002,,,10.776,,,0.173265,,,,,,,,,,,,,,0
2058.3144,2.7063,,,142.932,12.4725,,,11.0152,,,0.165715,,2.7063,,,142.932,12.4725,,,11.0152,,,0.165715,,,,,,,,,,,,,,0
2058.4668,2.6897,,,142.7044,12.6271,,,11.151,,,0.164322,,2.6897,,,142.7044,12.6271,,,11.151,,,0.164322,,,,,,,,,,,,,,0
2058.6192,2.6747,,,147.9741,12.4963,,,10.5725,,,0.172061,,2.6747,,,147.9741,12.4963,,,10.5725,,,0.172061,,,,,,,,,,,,,,0
2058.7716,2.6295,,,161.8897,11.4565,,,9.7604,,,0.180875,,2.6295,,,161.8897,11.4565,,,9.7604,,,0.180875,,,,,,,,,,,,,,0
2058.924,2.6087,,,162.5626,10.9082,,,9.4857,,,0.183955,,2.6087,,,162.5626,10.9082,,,9.4857,,,0.183955,,,,,,,,,,,,,,0
2059.0764,2.6445,,,166.973,10.4057,,,9.366,,,0.18461,,2.6445,,,166.973,10.4057,,,9.366,,,0.18461,,,,,,,,,,,,,,0
2059.2288,2.6767,,,178.2455,10.1204,,,9.2981,,,0.186239,,2.6767,,,178.2455,10.1204,,,9.2981,,,0.186239,,,,,,,,,,,,,,0
2059.3812,2.6709,,,171.7565,9.657,,,8.9774,,,0.192294,,2.6709,,,171.7565,9.657,,,8.9774,,,0.192294,,,,,,,,,,,,,,0
2059.5336,2.6616,,,172.4364,9.3939,,,8.7952,,,0.202124,,2.6616,,,172.4364,9.3939,,,8.7952,,,0.202124,,,,,,,,,,,,,,0
2059.686,2.6128,,,171.9713,9.0751,,,7.9867,,,0.231639,,2.6128,,,171.9713,9.0751,,,7.9867,,,0.231639,,,,,,,,,,,,,,0
2059.8384,2.5629,,,168.8757,8.8941,,,7.5276,,,0.259594,,2.5629,,,168.8757,8.8941,,,7.5276,,,0.259594,,,,,,,,,,,,,,0
2059.9908,2.5292,,,185.5966,8.168,,,7.7041,,,0.296602,,2.5292,,,185.5966,8.168,,,7.7041,,,0.296602,,,,,,,,,,,,,,0
2060.1432,2.4798,,,193.5473,7.7557,,,7.8044,,,0.324908,,2.4798,,,193.5473,7.7557,,,7.8044,,,0.324908,,,,,,,,,,,,,,0
2060.2956,2.3645,,,170.5894,9.2483,,,8.4701,,,0.308667,,2.3645,,,170.5894,9.2483,,,8.4701,,,0.308667,,,,,,,,,,,,,,0
2060.448,2.3912,,,165.3387,10.6096,,,9.1289,,,0.279181,,2.3912,,,165.3387,10.6096,,,9.1289,,,0.279181,,,,,,,,,,,,,,0
2060.6004,2.5073,,,154.0574,12.1821,,,10.0403,,,0.242566,,2.5073,,,154.0574,12.1821,,,10.0403,,,0.242566,,,,,,,,,,,,,,0
2060.7528,2.5932,,,139.1415,13.4057,,,10.6254,,,0.21562,,2.5932,,,139.1415,13.4057,,,10.6254,,,0.21562,,,,,,,,,,,,,,0
2060.9052,2.7029,,,148.9239,12.1189,,,10.031,,,0.20674,,2.7029,,,148.9239,12.1189,,,10.031,,,0.20674,,,,,,,,,,,,,,0
2061.0576,2.8438,,,151.3663,11.2281,,,9.2395,,,0.209673,,2.8438,,,151.3663,11.2281,,,9.2395,,,0.209673,,,,,,,,,,,,,,0
2061.21,2.918,,,145.8241,9.844,,,8.291,,,0.22256,,2.918,,,145.8241,9.844,,,8.291,,,0.22256,,,,,,,,,,,,,,0
2061.3624,2.8191,,,150.2365,9.0579,,,7.8823,,,0.233347,,2.8191,,,150.2365,9.0579,,,7.8823,,,0.233347,,,,,,,,,,,,,,0
2061.5148,2.6334,,,158.3075,9.2078,,,8.4423,,,0.2442,,2.6334,,,158.3075,9.2078,,,8.4423,,,0.2442,,,,,,,,,,,,,,0
2061.6672,2.5221,,,178.5134,9.293,,,8.7604,,,0.250905,,2.5221,,,178.5134,9.293,,,8.7604,,,0.250905,,,,,,,,,,,,,,0
2061.8196,2.5047,,,188.6559,9.7177,,,8.6643,,,0.249995,,2.5047,,,188.6559,9.7177,,,8.6643,,,0.249995,,,,,,,,,,,,,,0
2061.972,2.5346,,,176.985,9.0197,,,8.6098,,,0.254795,,2.5346,,,176.985,9.0197,,,8.6098,,,0.254795,,,,,,,,,,,,,,0
2062.1244,2.5479,,,164.4978,7.5473,,,7.6856,,,0.257116,,2.5479,,,164.4978,7.5473,,,7.6856,,,0.257116,,,,,,,,,,,,,,0
2062.2768,2.5322,,,168.5668,7.014,,,7.1607,,,0.246487,,2.5322,,,168.5668,7.014,,,7.1607,,,0.246487,,,,,,,,,,,,,,0
2062.4292,2.5185,,,164.9342,6.9902,,,7.3988,,,0.229447,,2.5185,,,164.9342,6.9902,,,7.3988,,,0.229447,,,,,,,,,,,,,,0
2062.5816,2.5598,,,149.5262,6.9767,,,7.534,,,0.19532,,2.5598,,,149.5262,6.9767,,,7.534,,,0.19532,,,,,,,,,,,,,,0
2062.734,2.5915,,,139.0002,8.6408,,,8.9071,,,0.169842,,2.5915,,,139.0002,8.6408,,,8.9071,,,0.169842,,,,,,,,,,,,,,0
2062.8864,2.6029,,,131.1466,9.5859,,,9.6869,,,0.16532,,2.6029,,,131.1466,9.5859,,,9.6869,,,0.16532,,,,,,,,,,,,,,0
2063.0388,2.6033,,,130.0342,11.7315,,,10.4183,,,0.171513,,2.6033,,,130.0342,11.7315,,,10.4183,,,0.171513,,,,,,,,,,,,,,0
2063.1912,2.5869,,,129.1742,12.95,,,11.5651,,,0.185734,,2.5869,,,129.1742,12.95,,,11.5651,,,0.185734,,,,,,,,,,,,,,0
2063.3436,2.5482,,,129.3353,15.2358,,,11.9805,,,0.193722,,2.5482,,,129.3353,15.2358,,,11.9805,,,0.193722,,,,,,,,,,,,,,0
2063.496,2.2494,,,116.7457,16.5339,,,13.8082,,,0.196422,,2.2494,,,116.7457,16.5339,,,13.8082,,,0.196422,,,,,,,,,,,,,,0
2063.6484,2.119,,,108.6084,18.0115,,,14.8461,,,0.20212,,2.119,,,108.6084,18.0115,,,14.8461,,,0.20212,,,,,,,,,,,,,,0
2063.8008,2.3128,,,123.9244,18.8506,,,14.9497,,,0.223487,,2.3128,,,123.9244,18.8506,,,14.9497,,,0.223487,,,,,,,,,,,,,,0
2063.9532,2.3905,,,137.3193,17.4935,,,15.0086,,,0.285124,,2.3905,,,137.3193,17.4935,,,15.0086,,,0.285124,,,,,,,,,,,,,,0
2064.1056,2.422,,,157.7837,16.7228,,,14.6445,,,0.287121,,2.422,,,157.7837,16.7228,,,14.6445,,,0.287121,,,,,,,,,,,,,,0
2064.258,2.5202,,,169.4319,15.4487,,,14.4378,,,0.262488,,2.5202,,,169.4319,15.4487,,,14.4378,,,0.262488,,,,,,,,,,,,,,0
2064.4104,2.6013,,,174.7124,14.7252,,,14.265,,,0.243487,,2.6013,,,174.7124,14.7252,,,14.265,,,0.243487,,,,,,,,,,,,,,0
2064.5628,2.632,,,171.5904,15.8887,,,14.1668,,,0.228046,,2.632,,,171.5904,15.8887,,,14.1668,,,0.228046,,,,,,,,,,,,,,0
2064.7152,2.6683,,,153.9342,16.5494,,,14.9479,,,0.21509,,2.6683,,,153.9342,16.5494,,,14.9479,,,0.21509,,,,,,,,,,,,,,0
2064.8676,2.7229,,,151.1839,16.6182,,,15.3915,,,0.207904,,2.7229,,,151.1839,16.6182,,,15.3915,,,0.207904,,,,,,,,,,,,,,0
2065.02,2.7047,,,145.2762,16.6572,,,15.4496,,,0.207939,,2.7047,,,145.2762,16.6572,,,15.4496,,,0.207939,,,,,,,,,,,,,,0
2065.1724,2.6482,,,136.7445,16.2017,,,15.5407,,,0.216035,,2.6482,,,136.7445,16.2017,,,15.5407,,,0.216035,,,,,,,,,,,,,,0
2065.3248,2.6143,,,133.2715,15.943,,,15.5737,,,0.223389,,2.6143,,,133.2715,15.943,,,15.5737,,,0.223389,,,,,,,,,,,,,,0
2065.4772,2.5873,,,148.2662,15.1102,,,16.0596,,,0.230175,,2.5873,,,148.2662,15.1102,,,16.0596,,,0.230175,,,,,,,,,,,,,,0
2065.6296,2.5636,,,156.8778,14.6372,,,16.3355,,,0.238485,,2.5636,,,156.8778,14.6372,,,16.3355,,,0.238485,,,,,,,,,,,,,,0
2065.782,2.5503,,,156.4829,14.6939,,,18.8611,,,0.27164,,2.5503,,,156.4829,14.6939,,,18.8611,,,0.27164,,,,,,,,,,,,,,0
2065.9344,2.5319,,,161.9756,14.7261,,,20.2954,,,0.311661,,2.5319,,,161.9756,14.7261,,,20.2954,,,0.311661,,,,,,,,,,,,,,0
2066.0868,2.4066,,,143.488,12.8202,,,20.8403,,,0.390776,,2.4066,,,143.488,12.8202,,,20.8403,,,0.390776,,,,,,,,,,,,,,0
2066.2392,2.0938,,,121.2331,11.7379,,,21.6946,,,0.465356,,2.0938,,,121.2331,11.7379,,,21.6946,,,0.465356,,,,,,,,,,,,,,0
2066.3916,1.7053,,,75.8146,11.6688,,,22.004,,,0.532385,,1.7053,,,75.8146,11.6688,,,22.004,,,0.532385,,,,,,,,,,,,,,0
2066.544,1.5551,,,54.094,11.6296,,,26.9537,,,0.588987,,1.5551,,,54.094,11.6296,,,26.9537,,,0.588987,,,,,,,,,,,,,,0
2066.6964,1.529,,,45.9988,10.355,,,29.7646,,,0.646226,,1.529,,,45.9988,10.355,,,29.7646,,,0.646226,,,,,,,,,,,,,,0
2066.8488,1.5067,,,37.9775,9.6311,,,32.0323,,,0.659142,,1.5067,,,37.9775,9.6311,,,32.0323,,,0.659142,,,,,,,,,,,,,,0
2067.0012,1.5295,,,39.5368,10.1633,,,33.3202,,,0.639887,,1.5295,,,39.5368,10.1633,,,33.3202,,,0.639887,,,,,,,,,,,,,,0
2067.1536,1.6125,,,51.3011,10.4656,,,28.4317,,,0.580502,,1.6125,,,51.3011,10.4656,,,28.4317,,,0.580502,,,,,,,,,,,,,,0
2067.306,1.6464,,,97.5965,19.4135,,,25.6555,,,0.441372,,1.6464,,,97.5965,19.4135,,,25.6555,,,0.441372,,,,,,,,,,,,,,0
2067.4584,1.6556,,,135.6496,24.4951,,,29.4363,,,0.333972,,1.6556,,,135.6496,24.4951,,,29.4363,,,0.333972,,,,,,,,,,,,,,0
2067.6108,2.2922,,,148.4339,21.4005,,,31.5835,,,0.25355,,2.2922,,,148.4339,21.4005,,,31.5835,,,0.25355,,,,,,,,,,,,,,0
2067.7632,2.6642,,,151.6261,19.6431,,,27.6519,,,0.201927,,2.6642,,,151.6261,19.6431,,,27.6519,,,0.201927,,,,,,,,,,,,,,0
2067.9156,2.6503,,,142.3827,20.121,,,25.4192,,,0.174228,,2.6503,,,142.3827,20.121,,,25.4192,,,0.174228,,,,,,,,,,,,,,0
2068.068,2.6353,,,132.8919,20.3924,,,23.043,,,0.161337,,2.6353,,,132.8919,20.3924,,,23.043,,,0.161337,,,,,,,,,,,,,,0
2068.2204,2.6328,,,137.6383,19.8534,,,21.6935,,,0.155883,,2.6328,,,137.6383,19.8534,,,21.6935,,,0.155883,,,,,,,,,,,,,,0
2068.3728,2.6386,,,139.8583,19.5473,,,19.976,,,0.153235,,2.6386,,,139.8583,19.5473,,,19.976,,,0.153235,,,,,,,,,,,,,,0
2068.5252,2.6399,,,135.0783,19.4456,,,19.0006,,,0.151652,,2.6399,,,135.0783,19.4456,,,19.0006,,,0.151652,,,,,,,,,,,,,,0
2068.6776,2.6349,,,131.9605,19.3878,,,17.5988,,,0.148257,,2.6349,,,131.9605,19.3878,,,17.5988,,,0.148257,,,,,,,,,,,,,,0
2068.83,2.6291,,,133.2486,18.9783,,,16.8027,,,0.146254,,2.6291,,,133.2486,18.9783,,,16.8027,,,0.146254,,,,,,,,,,,,,,0
2068.9824,2.6299,,,131.4351,18.7458,,,16.5074,,,0.146319,,2.6299,,,131.4351,18.7458,,,16.5074,,,0.146319,,,,,,,,,,,,,,0
2069.1348,2.642,,,131.1484,17.4494,,,16.3397,,,0.147967,,2.642,,,131.1484,17.4494,,,16.3397,,,0.147967,,,,,,,,,,,,,,0
2069.2872,2.6509,,,150.5235,15.3441,,,15.782,,,0.153392,,2.6509,,,150.5235,15.3441,,,15.782,,,0.153392,,,,,,,,,,,,,,0
2069.4396,2.6497,,,148.3078,12.2064,,,14.5344,,,0.156319,,2.6497,,,148.3078,12.2064,,,14.5344,,,0.156319,,,,,,,,,,,,,,0
2069.592,2.6254,,,138.1279,7.7261,,,10.8024,,,0.160709,,2.6254,,,138.1279,7.7261,,,10.8024,,,0.160709,,,,,,,,,,,,,,0
2069.7444,2.5468,,,122.6537,4.8113,,,8.5187,,,0.164631,,2.5468,,,122.6537,4.8113,,,8.5187,,,0.164631,,,,,,,,,,,,,,0
2069.8968,2.4147,,,90.0723,2.9374,,,5.0054,,,0.167158,,2.4147,,,90.0723,2.9374,,,5.0054,,,0.167158,,,,,,,,,,,,,,0
2070.0492,2.3587,,,71.9062,2.0237,,,3.16,,,0.17046,,2.3587,,,71.9062,2.0237,,,3.16,,,0.17046,,,,,,,,,,,,,,0
2070.2016,2.3835,,,67.8272,1.7697,,,3.246,,,0.175754,,2.3835,,,67.8272,1.7697,,,3.246,,,0.175754,,,,,,,,,,,,,,0
2070.354,2.3726,,,59.1043,1.4857,,,2.8278,,,0.178383,,2.3726,,,59.1043,1.4857,,,2.8278,,,0.178383,,,,,,,,,,,,,,0
2070.5064,2.3308,,,48.1714,1.4643,,,2.2796,,,0.175028,,2.3308,,,48.1714,1.4643,,,2.2796,,,0.175028,,,,,,,,,,,,,,0
2070.6588,2.3357,,,42.7583,1.5195,,,2.7902,,,0.173638,,2.3357,,,42.7583,1.5195,,,2.7902,,,0.173638,,,,,,,,,,,,,,0
2070.8112,2.34,,,37.3212,1.3483,,,2.9531,,,0.177572,,2.34,,,37.3212,1.3483,,,2.9531,,,0.177572,,,,,,,,,,,,,,0
2070.9636,2.3287,,,35.9199,1.2511,,,2.4264,,,0.18145,,2.3287,,,35.9199,1.2511,,,2.4264,,,0.18145,,,,,,,,,,,,,,0
2071.116,2.3203,,,35.9849,1.0842,,,1.6244,,,0.185434,,2.3203,,,35.9849,1.0842,,,1.6244,,,0.185434,,,,,,,,,,,,,,0
2071.2684,2.3179,,,35.1534,0.9894,,,1.2989,,,0.188184,,2.3179,,,35.1534,0.9894,,,1.2989,,,0.188184,,,,,,,,,,,,,,0
2071.4208,2.3439,,,48.4217,1.1805,,,2.166,,,0.190841,,2.3439,,,48.4217,1.1805,,,2.166,,,0.190841,,,,,,,,,,,,,,0
2071.5732,2.5364,,,99.3755,3.2107,,,2.6584,,,0.193594,,2.5364,,,99.3755,3.2107,,,2.6584,,,0.193594,,,,,,,,,,,,,,0
2071.7256,2.6631,,,147.6535,4.302,,,6.3102,,,0.198135,,2.6631,,,147.6535,4.302,,,6.3102,,,0.198135,,,,,,,,,,,,,,0
2071.878,2.6816,,,184.9409,6.8153,,,8.6673,,,0.219653,,2.6816,,,184.9409,6.8153,,,8.6673,,,0.219653,,,,,,,,,,,,,,0
2072.0304,2.683,,,192.4738,8.2426,,,9.1312,,,0.246581,,2.683,,,192.4738,8.2426,,,9.1312,,,0.246581,,,,,,,,,,,,,,0
2072.1828,2.602,,,191.2138,8.5658,,,9.1964,,,0.289977,,2.602,,,191.2138,8.5658,,,9.1964,,,0.289977,,,,,,,,,,,,,,0
2072.3352,2.4403,,,192.7296,8.7493,,,9.1357,,,0.315049,,2.4403,,,192.7296,8.7493,,,9.1357,,,0.315049,,,,,,,,,,,,,,0
2072.4876,2.3345,,,170.5833,10.6627,,,10.9565,,,0.300087,,2.3345,,,170.5833,10.6627,,,10.9565,,,0.300087,,,,,,,,,,,,,,0
2072.64,2.4499,,,160.9477,12.7062,,,11.9906,,,0.28457,,2.4499,,,160.9477,12.7062,,,11.9906,,,0.28457,,,,,,,,,,,,,,0
2072.7924,2.5535,,,155.9068,14.2062,,,13.1286,,,0.275669,,2.5535,,,155.9068,14.2062,,,13.1286,,,0.275669,,,,,,,,,,,,,,0
2072.9448,2.5266,,,153.3609,14.7495,,,13.7749,,,0.277785,,2.5266,,,153.3609,14.7495,,,13.7749,,,0.277785,,,,,,,,,,,,,,0
2073.0972,2.3128,,,151.0338,15.5072,,,15.4621,,,0.279242,,2.3128,,,151.0338,15.5072,,,15.4621,,,0.279242,,,,,,,,,,,,,,0
2073.2496,2.3352,,,148.6483,15.9375,,,16.4203,,,0.27543,,2.3352,,,148.6483,15.9375,,,16.4203,,,0.27543,,,,,,,,,,,,,,0
2073.402,2.6135,,,148.7245,18.7412,,,16.8108,,,0.26519,,2.6135,,,148.7245,18.7412,,,16.8108,,,0.26519,,,,,,,,,,,,,,0
2073.5544,2.6931,,,141.0814,20.3842,,,17.0326,,,0.252902,,2.6931,,,141.0814,20.3842,,,17.0326,,,0.252902,,,,,,,,,,,,,,0
2073.7068,2.6239,,,149.3392,20.4805,,,17.2753,,,0.245702,,2.6239,,,149.3392,20.4805,,,17.2753,,,0.245702,,,,,,,,,,,,,,0
2073.8592,2.5403,,,161.2131,23.5051,,,17.4132,,,0.24872,,2.5403,,,161.2131,23.5051,,,17.4132,,,0.24872,,,,,,,,,,,,,,0
2074.0116,2.5893,,,164.1642,25.2988,,,18.5358,,,0.273085,,2.5893,,,164.1642,25.2988,,,18.5358,,,0.273085,,,,,,,,,,,,,,0
2074.164,2.6322,,,131.9873,25.6371,,,19.2032,,,0.309062,,2.6322,,,131.9873,25.6371,,,19.2032,,,0.309062,,,,,,,,,,,,,,0
2074.3164,2.2417,,,123.7954,26.1952,,,18.7869,,,0.345907,,2.2417,,,123.7954,26.1952,,,18.7869,,,0.345907,,,,,,,,,,,,,,0
2074.4688,2.2555,,,141.0493,22.4491,,,16.9215,,,0.339683,,2.2555,,,141.0493,22.4491,,,16.9215,,,0.339683,,,,,,,,,,,,,,0
2074.6212,2.4557,,,155.918,19.4048,,,15.343,,,0.31814,,2.4557,,,155.918,19.4048,,,15.343,,,0.31814,,,,,,,,,,,,,,0
2074.7736,2.5247,,,162.6113,16.3151,,,13.7507,,,0.282606,,2.5247,,,162.6113,16.3151,,,13.7507,,,0.282606,,,,,,,,,,,,,,0
2074.926,2.5694,,,166.9122,14.0677,,,12.1931,,,0.255213,,2.5694,,,166.9122,14.0677,,,12.1931,,,0.255213,,,,,,,,,,,,,,0
2075.0784,2.6752,,,173.9358,12.2035,,,11.1914,,,0.247797,,2.6752,,,173.9358,12.2035,,,11.1914,,,0.247797,,,,,,,,,,,,,,0
2075.2308,2.8171,,,173.6785,11.4209,,,10.9096,,,0.254462,,2.8171,,,173.6785,11.4209,,,10.9096,,,0.254462,,,,,,,,,,,,,,0
2075.3832,2.6991,,,171.5834,10.9563,,,10.6437,,,0.269032,,2.6991,,,171.5834,10.9563,,,10.6437,,,0.269032,,,,,,,,,,,,,,0
2075.5356,2.5517,,,169.3446,10.3933,,,10.1158,,,0.279747,,2.5517,,,169.3446,10.3933,,,10.1158,,,0.279747,,,,,,,,,,,,,,0
2075.688,2.5185,,,169.4155,9.5837,,,9.2258,,,0.288176,,2.5185,,,169.4155,9.5837,,,9.2258,,,0.288176,,,,,,,,,,,,,,0
2075.8404,2.5165,,,174.6606,8.9779,,,8.7622,,,0.291974,,2.5165,,,174.6606,8.9779,,,8.7622,,,0.291974,,,,,,,,,,,,,,0
2075.9928,2.497,,,190.2681,9.2018,,,9.0785,,,0.296573,,2.497,,,190.2681,9.2018,,,9.0785,,,0.296573,,,,,,,,,,,,,,0
2076.1452,2.4748,,,189.0752,10.3302,,,9.454,,,0.303975,,2.4748,,,189.0752,10.3302,,,9.454,,,0.303975,,,,,,,,,,,,,,0
2076.2976,2.4174,,,156.6092,12.4111,,,10.295,,,0.315984,,2.4174,,,156.6092,12.4111,,,10.295,,,0.315984,,,,,,,,,,,,,,0
2076.45,2.3827,,,143.1427,13.8649,,,11.3932,,,0.304171,,2.3827,,,143.1427,13.8649,,,11.3932,,,0.304171,,,,,,,,,,,,,,0
2076.6024,2.4845,,,136.9488,13.5585,,,11.6048,,,0.259166,,2.4845,,,136.9488,13.5585,,,11.6048,,,0.259166,,,,,,,,,,,,,,0
2076.7548,2.5765,,,131.199,13.3015,,,11.5071,,,0.229342,,2.5765,,,131.199,13.3015,,,11.5071,,,0.229342,,,,,,,,,,,,,,0
2076.9072,2.5979,,,154.3078,13.4996,,,11.6183,,,0.225394,,2.5979,,,154.3078,13.4996,,,11.6183,,,0.225394,,,,,,,,,,,,,,0
2077.0596,2.5603,,,181.1743,13.161,,,11.4411,,,0.237143,,2.5603,,,181.1743,13.161,,,11.4411,,,0.237143,,,,,,,,,,,,,,0
2077.212,2.5007,,,182.4449,12.0859,,,11.204,,,0.258543,,2.5007,,,182.4449,12.0859,,,11.204,,,0.258543,,,,,,,,,,,,,,0
2077.3644,2.4828,,,177.0785,11.6104,,,11.0381,,,0.272876,,2.4828,,,177.0785,11.6104,,,11.0381,,,0.272876,,,,,,,,,,,,,,0
2077.5168,2.4217,,,192.2312,10.941,,,10.9763,,,0.26615,,2.4217,,,192.2312,10.941,,,10.9763,,,0.26615,,,,,,,,,,,,,,0
2077.6692,2.5297,,,188.6859,10.5609,,,11.6756,,,0.234669,,2.5297,,,188.6859,10.5609,,,11.6756,,,0.234669,,,,,,,,,,,,,,0
2077.8216,2.6825,,,160.6668,9.3798,,,12.0727,,,0.20852,,2.6825,,,160.6668,9.3798,,,12.0727,,,0.20852,,,,,,,,,,,,,,0
2077.974,2.6542,,,118.0415,7.5279,,,9.8181,,,0.175149,,2.6542,,,118.0415,7.5279,,,9.8181,,,0.175149,,,,,,,,,,,,,,0
2078.1264,2.57,,,91.7234,6.8571,,,8.5377,,,0.1518,,2.57,,,91.7234,6.8571,,,8.5377,,,0.1518,,,,,,,,,,,,,,0
2078.2788,2.4751,,,74.8283,5.1181,,,7.7247,,,0.135847,,2.4751,,,74.8283,5.1181,,,7.7247,,,0.135847,,,,,,,,,,,,,,0
2078.4312,2.429,,,66.4029,4.1305,,,7.263,,,0.129655,,2.429,,,66.4029,4.1305,,,7.263,,,0.129655,,,,,,,,,,,,,,0
2078.5836,2.4255,,,56.0734,4.0925,,,7.3859,,,0.132861,,2.4255,,,56.0734,4.0925,,,7.3859,,,0.132861,,,,,,,,,,,,,,0
2078.736,2.4415,,,57.6434,4.1582,,,7.4557,,,0.13511,,2.4415,,,57.6434,4.1582,,,7.4557,,,0.13511,,,,,,,,,,,,,,0
2078.8884,2.5055,,,74.0087,4.6501,,,7.808,,,0.135209,,2.5055,,,74.0087,4.6501,,,7.808,,,0.135209,,,,,,,,,,,,,,0
2079.0408,2.5338,,,84.4534,5.287,,,8.6905,,,0.135929,,2.5338,,,84.4534,5.287,,,8.6905,,,0.135929,,,,,,,,,,,,,,0
2079.1932,2.5481,,,88.4713,6.4855,,,10.6363,,,0.137038,,2.5481,,,88.4713,6.4855,,,10.6363,,,0.137038,,,,,,,,,,,,,,0
2079.3456,2.5694,,,105.9347,8.4089,,,12.1152,,,0.137209,,2.5694,,,105.9347,8.4089,,,12.1152,,,0.137209,,,,,,,,,,,,,,0
2079.498,2.6135,,,125.226,13.257,,,15.0151,,,0.139587,,2.6135,,,125.226,13.257,,,15.0151,,,0.139587,,,,,,,,,,,,,,0
2079.6504,2.6396,,,134.1148,17.246,,,17.8734,,,0.142722,,2.6396,,,134.1148,17.246,,,17.8734,,,0.142722,,,,,,,,,,,,,,0
2079.8028,2.6317,,,144.7873,20.0553,,,18.8309,,,0.14268,,2.6317,,,144.7873,20.0553,,,18.8309,,,0.14268,,,,,,,,,,,,,,0
2079.9552,2.5966,,,145.2635,22.1503,,,18.6377,,,0.141016,,2.5966,,,145.2635,22.1503,,,18.6377,,,0.141016,,,,,,,,,,,,,,0
2080.1076,2.5702,,,123.5262,20.4815,,,18.1053,,,0.138678,,2.5702,,,123.5262,20.4815,,,18.1053,,,0.138678,,,,,,,,,,,,,,0
2080.26,2.5879,,,114.6061,19.8472,,,17.8947,,,0.137445,,2.5879,,,114.6061,19.8472,,,17.8947,,,0.137445,,,,,,,,,,,,,,0
2080.4124,2.626,,,120.8011,21.1772,,,18.839,,,0.142785,,2.626,,,120.8011,21.1772,,,18.839,,,0.142785,,,,,,,,,,,,,,0
2080.5648,2.6424,,,131.3691,23.02,,,19.3752,,,0.149472,,2.6424,,,131.3691,23.02,,,19.3752,,,0.149472,,,,,,,,,,,,,,0
2080.7172,2.6404,,,135.3538,23.7564,,,19.2957,,,0.156857,,2.6404,,,135.3538,23.7564,,,19.2957,,,0.156857,,,,,,,,,,,,,,0
2080.8696,2.6318,,,142.221,22.9106,,,18.3672,,,0.164046,,2.6318,,,142.221,22.9106,,,18.3672,,,0.164046,,,,,,,,,,,,,,0
2081.022,2.6311,,,153.2845,22.4302,,,17.8655,,,0.168505,,2.6311,,,153.2845,22.4302,,,17.8655,,,0.168505,,,,,,,,,,,,,,0
2081.1744,2.6497,,,153.1592,20.5657,,,16.6144,,,0.17308,,2.6497,,,153.1592,20.5657,,,16.6144,,,0.17308,,,,,,,,,,,,,,0
2081.3268,2.663,,,152.5441,19.5068,,,15.9039,,,0.176467,,2.663,,,152.5441,19.5068,,,15.9039,,,0.176467,,,,,,,,,,,,,,0
2081.4792,2.6796,,,156.7486,17.5836,,,14.5576,,,0.17832,,2.6796,,,156.7486,17.5836,,,14.5576,,,0.17832,,,,,,,,,,,,,,0
2081.6316,2.687,,,158.3288,16.4914,,,13.7931,,,0.1789,,2.687,,,158.3288,16.4914,,,13.7931,,,0.1789,,,,,,,,,,,,,,0
2081.784,2.6897,,,163.2424,15.096,,,12.7681,,,0.18075,,2.6897,,,163.2424,15.096,,,12.7681,,,0.18075,,,,,,,,,,,,,,0
2081.9364,2.6751,,,174.6581,14.3035,,,12.186,,,0.185627,,2.6751,,,174.6581,14.3035,,,12.186,,,0.185627,,,,,,,,,,,,,,0
2082.0888,2.6837,,,175.879,13.328,,,12.0432,,,0.192137,,2.6837,,,175.879,13.328,,,12.0432,,,0.192137,,,,,,,,,,,,,,0
2082.2412,2.6955,,,170.9383,12.774,,,11.9621,,,0.19983,,2.6955,,,170.9383,12.774,,,11.9621,,,0.19983,,,,,,,,,,,,,,0
2082.3936,2.6943,,,164.6969,11.9289,,,11.8129,,,0.227929,,2.6943,,,164.6969,11.9289,,,11.8129,,,0.227929,,,,,,,,,,,,,,0
2082.546,2.684,,,158.3982,11.4489,,,11.7281,,,0.266564,,2.684,,,158.3982,11.4489,,,11.7281,,,0.266564,,,,,,,,,,,,,,0
2082.6984,2.5191,,,160.4339,12.6399,,,11.9754,,,0.342649,,2.5191,,,160.4339,12.6399,,,11.9754,,,0.342649,,,,,,,,,,,,,,0
2082.8508,2.2072,,,146.0764,13.3162,,,12.1159,,,0.405489,,2.2072,,,146.0764,13.3162,,,12.1159,,,0.405489,,,,,,,,,,,,,,0
2083.0032,1.7372,,,99.9045,11.3651,,,13.2541,,,0.443806,,1.7372,,,99.9045,11.3651,,,13.2541,,,0.443806,,,,,,,,,,,,,,0
2083.1556,1.6136,,,78.5975,10.257,,,13.9005,,,0.454723,,1.6136,,,78.5975,10.257,,,13.9005,,,0.454723,,,,,,,,,,,,,,0
2083.308,2.1257,,,104.2681,13.7672,,,13.4401,,,0.437528,,2.1257,,,104.2681,13.7672,,,13.4401,,,0.437528,,,,,,,,,,,,,,0
2083.4604,2.4739,,,138.8468,15.7607,,,12.7184,,,0.422213,,2.4739,,,138.8468,15.7607,,,12.7184,,,0.422213,,,,,,,,,,,,,,0
2083.6128,2.3759,,,173.0752,13.9408,,,12.457,,,0.415766,,2.3759,,,173.0752,13.9408,,,12.457,,,0.415766,,,,,,,,,,,,,,0
2083.7652,2.1711,,,171.1851,12.9073,,,12.1803,,,0.408615,,2.1711,,,171.1851,12.9073,,,12.1803,,,0.408615,,,,,,,,,,,,,,0
2083.9176,2.2079,,,156.6137,11.2266,,,12.0232,,,0.389619,,2.2079,,,156.6137,11.2266,,,12.0232,,,0.389619,,,,,,,,,,,,,,0
2084.07,2.4728,,,166.0817,10.2721,,,9.9851,,,0.355152,,2.4728,,,166.0817,10.2721,,,9.9851,,,0.355152,,,,,,,,,,,,,,0
2084.2224,2.6471,,,172.0452,8.9934,,,8.8276,,,0.3245,,2.6471,,,172.0452,8.9934,,,8.8276,,,0.3245,,,,,,,,,,,,,,0
2084.3748,2.6722,,,160.1528,8.2673,,,8.7682,,,0.294891,,2.6722,,,160.1528,8.2673,,,8.7682,,,0.294891,,,,,,,,,,,,,,0
2084.5272,2.6537,,,159.0353,8.8955,,,8.7345,,,0.277943,,2.6537,,,159.0353,8.8955,,,8.7345,,,0.277943,,,,,,,,,,,,,,0
2084.6796,2.5724,,,172.0785,9.8804,,,8.9579,,,0.294863,,2.5724,,,172.0785,9.8804,,,8.9579,,,0.294863,,,,,,,,,,,,,,0
2084.832,2.4419,,,176.9245,10.2371,,,9.0848,,,0.320359,,2.4419,,,176.9245,10.2371,,,9.0848,,,0.320359,,,,,,,,,,,,,,0
2084.9844,2.217,,,170.243,9.6306,,,9.2553,,,0.336054,,2.217,,,170.243,9.6306,,,9.2553,,,0.336054,,,,,,,,,,,,,,0
2085.1368,2.2362,,,161.2761,9.2861,,,9.3521,,,0.339698,,2.2362,,,161.2761,9.2861,,,9.3521,,,0.339698,,,,,,,,,,,,,,0
2085.2892,2.427,,,157.6124,9.1797,,,8.3656,,,0.321442,,2.427,,,157.6124,9.1797,,,8.3656,,,0.321442,,,,,,,,,,,,,,0
2085.4416,2.5286,,,158.2211,9.1192,,,7.8053,,,0.300075,,2.5286,,,158.2211,9.1192,,,7.8053,,,0.300075,,,,,,,,,,,,,,0
2085.594,2.5894,,,153.4535,7.6215,,,7.3625,,,0.273354,,2.5894,,,153.4535,7.6215,,,7.3625,,,0.273354,,,,,,,,,,,,,,0
2085.7464,2.6354,,,148.1244,6.7709,,,7.111,,,0.253891,,2.6354,,,148.1244,6.7709,,,7.111,,,0.253891,,,,,,,,,,,,,,0
2085.8988,2.679,,,147.7321,7.0821,,,7.2777,,,0.237027,,2.679,,,147.7321,7.0821,,,7.2777,,,0.237027,,,,,,,,,,,,,,0
2086.0512,2.7003,,,154.784,7.2588,,,7.539,,,0.22426,,2.7003,,,154.784,7.2588,,,7.539,,,0.22426,,,,,,,,,,,,,,0
2086.2036,2.6732,,,156.4646,8.0786,,,7.6336,,,0.214431,,2.6732,,,156.4646,8.0786,,,7.6336,,,0.214431,,,,,,,,,,,,,,0
2086.356,2.6651,,,151.8122,8.5442,,,8.3787,,,0.20598,,2.6651,,,151.8122,8.5442,,,8.3787,,,0.20598,,,,,,,,,,,,,,0
2086.5084,2.707,,,159.1784,9.956,,,8.8018,,,0.187355,,2.707,,,159.1784,9.956,,,8.8018,,,0.187355,,,,,,,,,,,,,,0
2086.6608,2.7011,,,154.6766,10.7577,,,10.1614,,,0.167776,,2.7011,,,154.6766,10.7577,,,10.1614,,,0.167776,,,,,,,,,,,,,,0
2086.8132,2.6686,,,135.4483,12.2956,,,10.9335,,,0.14037,,2.6686,,,135.4483,12.2956,,,10.9335,,,0.14037,,,,,,,,,,,,,,0
2086.9656,2.6461,,,125.1987,14.7069,,,11.838,,,0.121057,,2.6461,,,125.1987,14.7069,,,11.838,,,0.121057,,,,,,,,,,,,,,0
2087.118,2.6552,,,114.8317,15.5803,,,13.2562,,,0.108581,,2.6552,,,114.8317,15.5803,,,13.2562,,,0.108581,,,,,,,,,,,,,,0
2087.2704,2.687,,,114.0435,17.8936,,,14.5223,,,0.105076,,2.687,,,114.0435,17.8936,,,14.5223,,,0.105076,,,,,,,,,,,,,,0
2087.4228,2.7036,,,114.5607,19.2073,,,14.9496,,,0.108479,,2.7036,,,114.5607,19.2073,,,14.9496,,,0.108479,,,,,,,,,,,,,,0
2087.5752,2.6773,,,114.9993,18.6446,,,14.8518,,,0.117845,,2.6773,,,114.9993,18.6446,,,14.8518,,,0.117845,,,,,,,,,,,,,,0
2087.7276,2.653,,,123.0818,18.3251,,,14.7962,,,0.128423,,2.653,,,123.0818,18.3251,,,14.7962,,,0.128423,,,,,,,,,,,,,,0
2087.88,2.6697,,,148.828,16.8466,,,14.3746,,,0.146123,,2.6697,,,148.828,16.8466,,,14.3746,,,0.146123,,,,,,,,,,,,,,0
2088.0324,2.675,,,168.8462,16.0069,,,14.1352,,,0.160642,,2.675,,,168.8462,16.0069,,,14.1352,,,0.160642,,,,,,,,,,,,,,0
2088.1848,2.6402,,,169.4136,14.3255,,,14.2298,,,0.176546,,2.6402,,,169.4136,14.3255,,,14.2298,,,0.176546,,,,,,,,,,,,,,0
2088.3372,2.6544,,,147.7254,13.3707,,,14.3783,,,0.184202,,2.6544,,,147.7254,13.3707,,,14.3783,,,0.184202,,,,,,,,,,,,,,0
2088.4896,2.6178,,,148.2441,10.0288,,,14.4321,,,0.174969,,2.6178,,,148.2441,10.0288,,,14.4321,,,0.174969,,,,,,,,,,,,,,0
2088.642,2.5466,,,141.57,8.131,,,13.4098,,,0.160124,,2.5466,,,141.57,8.131,,,13.4098,,,0.160124,,,,,,,,,,,,,,0
2088.7944,2.5203,,,98.7615,7.3986,,,11.807,,,0.142873,,2.5203,,,98.7615,7.3986,,,11.807,,,0.142873,,,,,,,,,,,,,,0
2088.9468,2.5426,,,68.645,6.2501,,,11.2265,,,0.130105,,2.5426,,,68.645,6.2501,,,11.2265,,,0.130105,,,,,,,,,,,,,,0
2089.0992,2.5306,,,63.9464,5.8341,,,11.0328,,,0.118728,,2.5306,,,63.9464,5.8341,,,11.0328,,,0.118728,,,,,,,,,,,,,,0
2089.2516,2.4885,,,64.1115,5.1478,,,10.7649,,,0.112861,,2.4885,,,64.1115,5.1478,,,10.7649,,,0.112861,,,,,,,,,,,,,,0
2089.404,2.4558,,,59.9923,4.5874,,,10.4871,,,0.109995,,2.4558,,,59.9923,4.5874,,,10.4871,,,0.109995,,,,,,,,,,,,,,0
2089.5564,2.4422,,,52.7626,4.4183,,,10.1609,,,0.108162,,2.4422,,,52.7626,4.4183,,,10.1609,,,0.108162,,,,,,,,,,,,,,0
2089.7088,2.4417,,,50.2158,4.1901,,,10.0363,,,0.109713,,2.4417,,,50.2158,4.1901,,,10.0363,,,0.109713,,,,,,,,,,,,,,0
2089.8612,2.4393,,,52.7048,4.0838,,,9.8671,,,0.111565,,2.4393,,,52.7048,4.0838,,,9.8671,,,0.111565,,,,,,,,,,,,,,0
2090.0136,2.4129,,,49.0579,4.0929,,,9.771,,,0.110661,,2.4129,,,49.0579,4.0929,,,9.771,,,0.110661,,,,,,,,,,,,,,0
2090.166,2.3968,,,46.4011,4.098,,,9.8587,,,0.109007,,2.3968,,,46.4011,4.098,,,9.8587,,,0.109007,,,,,,,,,,,,,,0
2090.3184,2.4093,,,49.0065,4.3929,,,9.9085,,,0.104227,,2.4093,,,49.0065,4.3929,,,9.9085,,,0.104227,,,,,,,,,,,,,,0
2090.4708,2.4369,,,55.3242,4.8552,,,11.2982,,,0.096379,,2.4369,,,55.3242,4.8552,,,11.2982,,,0.096379,,,,,,,,,,,,,,0
2090.6232,2.4703,,,54.0005,5.0227,,,12.0874,,,0.090175,,2.4703,,,54.0005,5.0227,,,12.0874,,,0.090175,,,,,,,,,,,,,,0
2090.7756,2.5108,,,49.3793,7.2601,,,16.5433,,,0.084382,,2.5108,,,49.3793,7.2601,,,16.5433,,,0.084382,,,,,,,,,,,,,,0
2090.928,2.5621,,,54.7787,8.5307,,,19.0738,,,0.08025,,2.5621,,,54.7787,8.5307,,,19.0738,,,0.08025,,,,,,,,,,,,,,0
2091.0804,2.5854,,,79.9136,14.5341,,,20.7987,,,0.081496,,2.5854,,,79.9136,14.5341,,,20.7987,,,0.081496,,,,,,,,,,,,,,0
2091.2328,2.5963,,,87.9895,17.9434,,,23.5031,,,0.086499,,2.5963,,,87.9895,17.9434,,,23.5031,,,0.086499,,,,,,,,,,,,,,0
2091.3852,2.5993,,,92.3644,19.7009,,,24.4826,,,0.098486,,2.5993,,,92.3644,19.7009,,,24.4826,,,0.098486,,,,,,,,,,,,,,0
2091.5376,2.597,,,95.8322,22.4566,,,24.4655,,,0.113539,,2.597,,,95.8322,22.4566,,,24.4655,,,0.113539,,,,,,,,,,,,,,0
2091.69,2.5522,,,105.2264,23.4547,,,24.4386,,,0.168776,,2.5522,,,105.2264,23.4547,,,24.4386,,,0.168776,,,,,,,,,,,,,,0
2091.8424,2.456,,,120.4917,30.6858,,,24.4289,,,0.284606,,2.456,,,120.4917,30.6858,,,24.4289,,,0.284606,,,,,,,,,,,,,,0
2091.9948,2.2062,,,103.9655,34.7924,,,25.6651,,,0.423719,,2.2062,,,103.9655,34.7924,,,25.6651,,,0.423719,,,,,,,,,,,,,,0
2092.1472,1.9303,,,79.3077,26.3954,,,26.3671,,,0.495483,,1.9303,,,79.3077,26.3954,,,26.3671,,,0.495483,,,,,,,,,,,,,,0
2092.2996,1.6722,,,57.3474,13.2296,,,20.9465,,,0.507591,,1.6722,,,57.3474,13.2296,,,20.9465,,,0.507591,,,,,,,,,,,,,,0
2092.452,1.6938,,,54.8897,8.4609,,,17.8682,,,0.490735,,1.6938,,,54.8897,8.4609,,,17.8682,,,0.490735,,,,,,,,,,,,,,0
2092.6044,2.1411,,,91.129,9.8639,,,14.9616,,,0.481674,,2.1411,,,91.129,9.8639,,,14.9616,,,0.481674,,,,,,,,,,,,,,0
2092.7568,2.3886,,,136.079,10.6607,,,10.4045,,,0.481936,,2.3886,,,136.079,10.6607,,,10.4045,,,0.481936,,,,,,,,,,,,,,0
2092.9092,2.299,,,155.9256,5.1061,,,8.7539,,,0.479413,,2.299,,,155.9256,5.1061,,,8.7539,,,0.479413,,,,,,,,,,,,,,0
2093.0616,2.2677,,,163.5865,1.9517,,,7.9457,,,0.462693,,2.2677,,,163.5865,1.9517,,,7.9457,,,0.462693,,,,,,,,,,,,,,0
2093.214,2.3807,,,187.049,3.3557,,,7.4868,,,0.419623,,2.3807,,,187.049,3.3557,,,7.4868,,,0.419623,,,,,,,,,,,,,,0
2093.3664,2.3867,,,200.639,5.5572,,,7.7147,,,0.391681,,2.3867,,,200.639,5.5572,,,7.7147,,,0.391681,,,,,,,,,,,,,,0
2093.5188,2.3841,,,209.2147,6.3546,,,8.072,,,0.387729,,2.3841,,,209.2147,6.3546,,,8.072,,,0.387729,,,,,,,,,,,,,,0
2093.6712,2.4647,,,201.7987,6.5359,,,7.7889,,,0.364219,,2.4647,,,201.7987,6.5359,,,7.7889,,,0.364219,,,,,,,,,,,,,,0
2093.8236,2.5512,,,189.551,6.6389,,,7.1419,,,0.334081,,2.5512,,,189.551,6.6389,,,7.1419,,,0.334081,,,,,,,,,,,,,,0
2093.976,2.7648,,,163.883,8.4671,,,6.9076,,,0.291152,,2.7648,,,163.883,8.4671,,,6.9076,,,0.291152,,,,,,,,,,,,,,0
2094.1284,2.9514,,,145.7532,9.5053,,,7.4604,,,0.259599,,2.9514,,,145.7532,9.5053,,,7.4604,,,0.259599,,,,,,,,,,,,,,0
2094.2808,2.8927,,,151.6417,8.7378,,,7.7744,,,0.249311,,2.8927,,,151.6417,8.7378,,,7.7744,,,0.249311,,,,,,,,,,,,,,0
2094.4332,2.7026,,,162.9717,7.5345,,,7.4183,,,0.248074,,2.7026,,,162.9717,7.5345,,,7.4183,,,0.248074,,,,,,,,,,,,,,0
2094.5856,2.6005,,,168.3786,7.0987,,,6.86,,,0.253694,,2.6005,,,168.3786,7.0987,,,6.86,,,0.253694,,,,,,,,,,,,,,0
2094.738,2.5872,,,175.1932,6.7366,,,6.6577,,,0.26008,,2.5872,,,175.1932,6.7366,,,6.6577,,,0.26008,,,,,,,,,,,,,,0
2094.8904,2.5705,,,177.7726,6.1688,,,6.864,,,0.271184,,2.5705,,,177.7726,6.1688,,,6.864,,,0.271184,,,,,,,,,,,,,,0
2095.0428,2.5474,,,176.5079,5.9632,,,6.9811,,,0.281566,,2.5474,,,176.5079,5.9632,,,6.9811,,,0.281566,,,,,,,,,,,,,,0
2095.1952,2.4578,,,175.1736,7.2653,,,7.9067,,,0.294322,,2.4578,,,175.1736,7.2653,,,7.9067,,,0.294322,,,,,,,,,,,,,,0
2095.3476,2.3996,,,173.6581,8.0048,,,8.4324,,,0.293777,,2.3996,,,173.6581,8.0048,,,8.4324,,,0.293777,,,,,,,,,,,,,,0
2095.5,2.4254,,,153.008,9.9586,,,11.1444,,,0.261854,,2.4254,,,153.008,9.9586,,,11.1444,,,0.261854,,,,,,,,,,,,,,0
2095.6524,2.4913,,,140.2369,12.4143,,,12.6845,,,0.230776,,2.4913,,,140.2369,12.4143,,,12.6845,,,0.230776,,,,,,,,,,,,,,0
2095.8048,2.5954,,,132.1208,16.3746,,,14.838,,,0.204187,,2.5954,,,132.1208,16.3746,,,14.838,,,0.204187,,,,,,,,,,,,,,0
2095.9572,2.6407,,,134.7413,20.5666,,,16.2912,,,0.187777,,2.6407,,,134.7413,20.5666,,,16.2912,,,0.187777,,,,,,,,,,,,,,0
2096.1096,2.6569,,,140.5272,21.9166,,,16.769,,,0.180473,,2.6569,,,140.5272,21.9166,,,16.769,,,0.180473,,,,,,,,,,,,,,0
2096.262,2.6678,,,137.3416,23.7106,,,17.1999,,,0.176897,,2.6678,,,137.3416,23.7106,,,17.1999,,,0.176897,,,,,,,,,,,,,,0
2096.4144,2.66,,,144.2956,24.7294,,,17.5664,,,0.176483,,2.66,,,144.2956,24.7294,,,17.5664,,,0.176483,,,,,,,,,,,,,,0
2096.5668,2.6439,,,146.2026,23.2411,,,17.6991,,,0.177657,,2.6439,,,146.2026,23.2411,,,17.6991,,,0.177657,,,,,,,,,,,,,,0
2096.7192,2.6385,,,154.072,20.9075,,,16.2639,,,0.179922,,2.6385,,,154.072,20.9075,,,16.2639,,,0.179922,,,,,,,,,,,,,,0
2096.8716,2.6433,,,159.0327,17.6318,,,15.4489,,,0.187852,,2.6433,,,159.0327,17.6318,,,15.4489,,,0.187852,,,,,,,,,,,,,,0
2097.024,2.6552,,,154.3337,13.821,,,14.1235,,,0.195053,,2.6552,,,154.3337,13.821,,,14.1235,,,0.195053,,,,,,,,,,,,,,0
2097.1764,2.6577,,,153.6158,12.4407,,,12.0453,,,0.200854,,2.6577,,,153.6158,12.4407,,,12.0453,,,0.200854,,,,,,,,,,,,,,0
2097.3288,2.6611,,,155.6188,11.4834,,,11.2926,,,0.204822,,2.6611,,,155.6188,11.4834,,,11.2926,,,0.204822,,,,,,,,,,,,,,0
2097.4812,2.6681,,,171.2604,9.9826,,,10.2203,,,0.211285,,2.6681,,,171.2604,9.9826,,,10.2203,,,0.211285,,,,,,,,,,,,,,0
2097.6336,2.6808,,,169.0865,9.439,,,9.6113,,,0.213635,,2.6808,,,169.0865,9.439,,,9.6113,,,0.213635,,,,,,,,,,,,,,0
2097.786,2.731,,,160.7733,12.1163,,,11.4066,,,0.205419,,2.731,,,160.7733,12.1163,,,11.4066,,,0.205419,,,,,,,,,,,,,,0
2097.9384,2.7378,,,150.8002,13.6367,,,12.4261,,,0.194367,,2.7378,,,150.8002,13.6367,,,12.4261,,,0.194367,,,,,,,,,,,,,,0
2098.0908,2.6864,,,149.3662,14.1841,,,12.6858,,,0.184732,,2.6864,,,149.3662,14.1841,,,12.6858,,,0.184732,,,,,,,,,,,,,,0
2098.2432,2.6638,,,146.4686,14.4087,,,12.7357,,,0.18191,,2.6638,,,146.4686,14.4087,,,12.7357,,,0.18191,,,,,,,,,,,,,,0
2098.3956,2.6739,,,148.2822,13.6849,,,12.1854,,,0.18928,,2.6739,,,148.2822,13.6849,,,12.1854,,,0.18928,,,,,,,,,,,,,,0
2098.548,2.686,,,149.5039,12.7609,,,11.0049,,,0.197254,,2.686,,,149.5039,12.7609,,,11.0049,,,0.197254,,,,,,,,,,,,,,0
2098.7004,2.6942,,,157.8271,11.2289,,,10.4941,,,0.207026,,2.6942,,,157.8271,11.2289,,,10.4941,,,0.207026,,,,,,,,,,,,,,0
2098.8528,2.6799,,,167.7626,10.5333,,,10.2716,,,0.216083,,2.6799,,,167.7626,10.5333,,,10.2716,,,0.216083,,,,,,,,,,,,,,0
2099.0052,2.7206,,,160.1445,11.2312,,,10.1453,,,0.231875,,2.7206,,,160.1445,11.2312,,,10.1453,,,0.231875,,,,,,,,,,,,,,0
2099.1576,2.7766,,,143.9366,11.6276,,,11.5064,,,0.253459,,2.7766,,,143.9366,11.6276,,,11.5064,,,0.253459,,,,,,,,,,,,,,0
2099.31,2.6717,,,150.5011,11.8874,,,12.2794,,,0.295813,,2.6717,,,150.5011,11.8874,,,12.2794,,,0.295813,,,,,,,,,,,,,,0
2099.4624,2.4499,,,160.7121,12.035,,,11.9614,,,0.325696,,2.4499,,,160.7121,12.035,,,11.9614,,,0.325696,,,,,,,,,,,,,,0
2099.6148,2.3585,,,163.4068,11.9784,,,11.7808,,,0.340976,,2.3585,,,163.4068,11.9784,,,11.7808,,,0.340976,,,,,,,,,,,,,,0
2099.7672,2.4102,,,185.2197,11.9463,,,12.5528,,,0.357015,,2.4102,,,185.2197,11.9463,,,12.5528,,,0.357015,,,,,,,,,,,,,,0
2099.9196,2.4001,,,186.6182,20.1448,,,12.9912,,,0.383063,,2.4001,,,186.6182,20.1448,,,12.9912,,,0.383063,,,,,,,,,,,,,,0
2100.072,2.2537,,,131.1613,24.8008,,,17.363,,,0.422718,,2.2537,,,131.1613,24.8008,,,17.363,,,0.422718,,,,,,,,,,,,,,0
2100.2244,2.0515,,,79.0265,17.6075,,,19.8458,,,0.449515,,2.0515,,,79.0265,17.6075,,,19.8458,,,0.449515,,,,,,,,,,,,,,0
2100.3768,1.6944,,,57.9868,13.5224,,,20.0915,,,0.409743,,1.6944,,,57.9868,13.5224,,,20.0915,,,0.409743,,,,,,,,,,,,,,0
2100.5292,1.769,,,56.1668,19.9171,,,20.2311,,,0.34422,,1.769,,,56.1668,19.9171,,,20.2311,,,0.34422,,,,,,,,,,,,,,0
2100.6816,2.3298,,,76.7898,29.9432,,,19.7289,,,0.256809,,2.3298,,,76.7898,29.9432,,,19.7289,,,0.256809,,,,,,,,,,,,,,0
2100.834,2.6164,,,95.271,33.5747,,,19.4437,,,0.194771,,2.6164,,,95.271,33.5747,,,19.4437,,,0.194771,,,,,,,,,,,,,,0
2100.9864,2.6243,,,108.6769,25.2652,,,17.9139,,,0.153202,,2.6243,,,108.6769,25.2652,,,17.9139,,,0.153202,,,,,,,,,,,,,,0
2101.1388,2.6196,,,115.285,20.5463,,,17.0451,,,0.133554,,2.6196,,,115.285,20.5463,,,17.0451,,,0.133554,,,,,,,,,,,,,,0
2101.2912,2.6296,,,125.6932,18.1013,,,15.268,,,0.140576,,2.6296,,,125.6932,18.1013,,,15.268,,,0.140576,,,,,,,,,,,,,,0
2101.4436,2.6538,,,137.2978,16.7128,,,14.2588,,,0.155594,,2.6538,,,137.2978,16.7128,,,14.2588,,,0.155594,,,,,,,,,,,,,,0
2101.596,2.6655,,,149.188,14.0316,,,12.3292,,,0.179468,,2.6655,,,149.188,14.0316,,,12.3292,,,0.179468,,,,,,,,,,,,,,0
2101.7484,2.6502,,,156.8756,12.509,,,11.2333,,,0.195385,,2.6502,,,156.8756,12.509,,,11.2333,,,0.195385,,,,,,,,,,,,,,0
2101.9008,2.6935,,,150.5622,11.7049,,,10.9974,,,0.202582,,2.6935,,,150.5622,11.7049,,,10.9974,,,0.202582,,,,,,,,,,,,,,0
2102.0532,2.7171,,,147.4697,11.2482,,,10.6275,,,0.206303,,2.7171,,,147.4697,11.2482,,,10.6275,,,0.206303,,,,,,,,,,,,,,0
2102.2056,2.7169,,,168.0785,10.8549,,,10.4935,,,0.208057,,2.7169,,,168.0785,10.8549,,,10.4935,,,0.208057,,,,,,,,,,,,,,0
2102.358,2.7058,,,170.1534,10.6315,,,9.8747,,,0.20962,,2.7058,,,170.1534,10.6315,,,9.8747,,,0.20962,,,,,,,,,,,,,,0
2102.5104,2.7098,,,170.5238,10.2829,,,9.5233,,,0.213325,,2.7098,,,170.5238,10.2829,,,9.5233,,,0.213325,,,,,,,,,,,,,,0
2102.6628,2.6977,,,177.3421,10.0849,,,9.2956,,,0.216057,,2.6977,,,177.3421,10.0849,,,9.2956,,,0.216057,,,,,,,,,,,,,,0
2102.8152,2.6787,,,165.5305,10.1995,,,9.1663,,,0.213985,,2.6787,,,165.5305,10.1995,,,9.1663,,,0.213985,,,,,,,,,,,,,,0
2102.9676,2.6801,,,160.4037,10.2646,,,9.0408,,,0.211352,,2.6801,,,160.4037,10.2646,,,9.0408,,,0.211352,,,,,,,,,,,,,,0
2103.12,2.7007,,,155.3993,10.1723,,,8.9829,,,0.206809,,2.7007,,,155.3993,10.1723,,,8.9829,,,0.206809,,,,,,,,,,,,,,0
2103.2724,2.7063,,,150.2216,9.9291,,,8.6234,,,0.20409,,2.7063,,,150.2216,9.9291,,,8.6234,,,0.20409,,,,,,,,,,,,,,0
2103.4248,2.6896,,,160.1497,9.8355,,,8.4497,,,0.204183,,2.6896,,,160.1497,9.8355,,,8.4497,,,0.204183,,,,,,,,,,,,,,0
2103.5772,2.6936,,,156.8515,9.0299,,,8.1491,,,0.210969,,2.6936,,,156.8515,9.0299,,,8.1491,,,0.210969,,,,,,,,,,,,,,0
2103.7296,2.7101,,,152.8759,8.7219,,,7.5916,,,0.21757,,2.7101,,,152.8759,8.7219,,,7.5916,,,0.21757,,,,,,,,,,,,,,0
2103.882,2.7171,,,162.8845,8.1531,,,7.1843,,,0.219838,,2.7171,,,162.8845,8.1531,,,7.1843,,,0.219838,,,,,,,,,,,,,,0
2104.0344,2.7242,,,162.7461,7.7004,,,7.0359,,,0.22071,,2.7242,,,162.7461,7.7004,,,7.0359,,,0.22071,,,,,,,,,,,,,,0
2104.1868,2.7084,,,158.7152,7.5475,,,6.8825,,,0.223743,,2.7084,,,158.7152,7.5475,,,6.8825,,,0.223743,,,,,,,,,,,,,,0
2104.3392,2.7108,,,171.6223,7.4369,,,6.8471,,,0.226257,,2.7108,,,171.6223,7.4369,,,6.8471,,,0.226257,,,,,,,,,,,,,,0
2104.4916,2.7285,,,174.4807,7.2742,,,6.8694,,,0.229798,,2.7285,,,174.4807,7.2742,,,6.8694,,,0.229798,,,,,,,,,,,,,,0
2104.644,2.7314,,,165.1107,7.0631,,,6.8491,,,0.232329,,2.7314,,,165.1107,7.0631,,,6.8491,,,0.232329,,,,,,,,,,,,,,0
2104.7964,2.7323,,,176.9252,6.9866,,,6.8173,,,0.237647,,2.7323,,,176.9252,6.9866,,,6.8173,,,0.237647,,,,,,,,,,,,,,0
2104.9488,2.7582,,,182.639,7.1138,,,6.8057,,,0.247288,,2.7582,,,182.639,7.1138,,,6.8057,,,0.247288,,,,,,,,,,,,,,0
2105.1012,2.7545,,,158.9411,7.186,,,7.8942,,,0.27027,,2.7545,,,158.9411,7.186,,,7.8942,,,0.27027,,,,,,,,,,,,,,0
2105.2536,2.668,,,127.2293,8.8708,,,9.0567,,,0.296854,,2.668,,,127.2293,8.8708,,,9.0567,,,0.296854,,,,,,,,,,,,,,0
2105.406,2.2764,,,115.4322,9.8276,,,9.9101,,,0.325253,,2.2764,,,115.4322,9.8276,,,9.9101,,,0.325253,,,,,,,,,,,,,,0
2105.5584,2.0269,,,124.2642,10.9598,,,10.2192,,,0.32061,,2.0269,,,124.2642,10.9598,,,10.2192,,,0.32061,,,,,,,,,,,,,,0
2105.7108,2.3985,,,138.6465,12.7349,,,11.594,,,0.26935,,2.3985,,,138.6465,12.7349,,,11.594,,,0.26935,,,,,,,,,,,,,,0
2105.8632,2.6426,,,142.4896,13.3778,,,12.3747,,,0.223041,,2.6426,,,142.4896,13.3778,,,12.3747,,,0.223041,,,,,,,,,,,,,,0
2106.0156,2.6417,,,119.0129,15.262,,,13.1099,,,0.167476,,2.6417,,,119.0129,15.262,,,13.1099,,,0.167476,,,,,,,,,,,,,,0
2106.168,2.6683,,,103.2829,16.332,,,13.5274,,,0.132257,,2.6683,,,103.2829,16.332,,,13.5274,,,0.132257,,,,,,,,,,,,,,0
2106.3204,2.7783,,,120.7139,16.3376,,,13.8342,,,0.120232,,2.7783,,,120.7139,16.3376,,,13.8342,,,0.120232,,,,,,,,,,,,,,0
2106.4728,2.7532,,,139.3264,16.3408,,,14.0085,,,0.127934,,2.7532,,,139.3264,16.3408,,,14.0085,,,0.127934,,,,,,,,,,,,,,0
2106.6252,2.678,,,158.5421,14.5769,,,13.8286,,,0.141471,,2.678,,,158.5421,14.5769,,,13.8286,,,0.141471,,,,,,,,,,,,,,0
2106.7776,2.6486,,,172.7777,13.5752,,,13.5466,,,0.157335,,2.6486,,,172.7777,13.5752,,,13.5466,,,0.157335,,,,,,,,,,,,,,0
2106.93,2.6357,,,173.4367,11.5282,,,13.4445,,,0.16636,,2.6357,,,173.4367,11.5282,,,13.4445,,,0.16636,,,,,,,,,,,,,,0
2107.0824,2.6301,,,138.4571,10.3657,,,12.4294,,,0.158643,,2.6301,,,138.4571,10.3657,,,12.4294,,,0.158643,,,,,,,,,,,,,,0
2107.2348,2.6016,,,99.6961,8.803,,,11.8529,,,0.147441,,2.6016,,,99.6961,8.803,,,11.8529,,,0.147441,,,,,,,,,,,,,,0
2107.3872,2.5604,,,80.6189,7.9156,,,11.3543,,,0.131308,,2.5604,,,80.6189,7.9156,,,11.3543,,,0.131308,,,,,,,,,,,,,,0
2107.5396,2.5609,,,71.9017,7.9675,,,11.0712,,,0.120975,,2.5609,,,71.9017,7.9675,,,11.0712,,,0.120975,,,,,,,,,,,,,,0
2107.692,2.5545,,,71.2744,8.0488,,,11.4375,,,0.123665,,2.5545,,,71.2744,8.0488,,,11.4375,,,0.123665,,,,,,,,,,,,,,0
2107.8444,2.526,,,78.5517,8.0782,,,11.6455,,,0.131047,,2.526,,,78.5517,8.0782,,,11.6455,,,0.131047,,,,,,,,,,,,,,0
2107.9968,2.5017,,,95.719,9.201,,,12.567,,,0.14426,,2.5017,,,95.719,9.201,,,12.567,,,0.14426,,,,,,,,,,,,,,0
2108.1492,2.5019,,,105.6101,9.8387,,,13.0904,,,0.156068,,2.5019,,,105.6101,9.8387,,,13.0904,,,0.156068,,,,,,,,,,,,,,0
2108.3016,2.5203,,,113.9658,11.1622,,,13.0086,,,0.178215,,2.5203,,,113.9658,11.1622,,,13.0086,,,0.178215,,,,,,,,,,,,,,0
2108.454,2.5596,,,132.0465,11.9138,,,12.9622,,,0.205674,,2.5596,,,132.0465,11.9138,,,12.9622,,,0.205674,,,,,,,,,,,,,,0
2108.6064,2.5297,,,153.8189,10.2527,,,10.5046,,,0.24473,,2.5297,,,153.8189,10.2527,,,10.5046,,,0.24473,,,,,,,,,,,,,,0
2108.7588,2.4783,,,164.6966,9.4346,,,9.1089,,,0.268324,,2.4783,,,164.6966,9.4346,,,9.1089,,,0.268324,,,,,,,,,,,,,,0
2108.9112,2.4741,,,170.3993,9.278,,,9.2359,,,0.263335,,2.4741,,,170.3993,9.278,,,9.2359,,,0.263335,,,,,,,,,,,,,,0
2109.0636,2.5192,,,171.589,8.163,,,8.5595,,,0.248988,,2.5192,,,171.589,8.163,,,8.5595,,,0.248988,,,,,,,,,,,,,,0
2109.216,2.6029,,,171.4691,7.5348,,,7.8379,,,0.231582,,2.6029,,,171.4691,7.5348,,,7.8379,,,0.231582,,,,,,,,,,,,,,0
2109.3684,2.6504,,,174.6074,7.5408,,,7.6439,,,0.224636,,2.6504,,,174.6074,7.5408,,,7.6439,,,0.224636,,,,,,,,,,,,,,0
2109.5208,2.6678,,,179.4559,7.6381,,,7.4091,,,0.231361,,2.6678,,,179.4559,7.6381,,,7.4091,,,0.231361,,,,,,,,,,,,,,0
2109.6732,2.6033,,,180.5493,7.4064,,,8.1674,,,0.238261,,2.6033,,,180.5493,7.4064,,,8.1674,,,0.238261,,,,,,,,,,,,,,0
2109.8256,2.5313,,,182.0486,7.2517,,,8.6691,,,0.23528,,2.5313,,,182.0486,7.2517,,,8.6691,,,0.23528,,,,,,,,,,,,,,0
2109.978,2.5217,,,167.4176,9.7041,,,10.8828,,,0.212254,,2.5217,,,167.4176,9.7041,,,10.8828,,,0.212254,,,,,,,,,,,,,,0
2110.1304,2.55,,,145.1402,11.0968,,,12.1399,,,0.187753,,2.55,,,145.1402,11.0968,,,12.1399,,,0.187753,,,,,,,,,,,,,,0
2110.2828,2.5539,,,115.1458,8.9825,,,10.3906,,,0.161139,,2.5539,,,115.1458,8.9825,,,10.3906,,,0.161139,,,,,,,,,,,,,,0
2110.4352,2.5148,,,87.9234,7.7818,,,9.3972,,,0.143376,,2.5148,,,87.9234,7.7818,,,9.3972,,,0.143376,,,,,,,,,,,,,,0
2110.5876,2.5014,,,75.8531,6.9478,,,10.0556,,,0.134079,,2.5014,,,75.8531,6.9478,,,10.0556,,,0.134079,,,,,,,,,,,,,,0
2110.74,2.5001,,,71.8061,6.4741,,,10.4295,,,0.131765,,2.5001,,,71.8061,6.4741,,,10.4295,,,0.131765,,,,,,,,,,,,,,0
2110.8924,2.5247,,,95.8343,8.7314,,,12.2846,,,0.137557,,2.5247,,,95.8343,8.7314,,,12.2846,,,0.137557,,,,,,,,,,,,,,0
2111.0448,2.5754,,,116.0134,10.0133,,,15.1932,,,0.145766,,2.5754,,,116.0134,10.0133,,,15.1932,,,0.145766,,,,,,,,,,,,,,0
2111.1972,2.5991,,,134.8057,10.6554,,,16.2467,,,0.152017,,2.5991,,,134.8057,10.6554,,,16.2467,,,0.152017,,,,,,,,,,,,,,0
2111.3496,2.588,,,142.0852,11.02,,,12.7123,,,0.151157,,2.588,,,142.0852,11.02,,,12.7123,,,0.151157,,,,,,,,,,,,,,0
2111.502,2.5566,,,122.0258,10.7363,,,10.7051,,,0.142839,,2.5566,,,122.0258,10.7363,,,10.7051,,,0.142839,,,,,,,,,,,,,,0
2111.6544,2.5104,,,95.0676,10.5752,,,12.0094,,,0.138043,,2.5104,,,95.0676,10.5752,,,12.0094,,,0.138043,,,,,,,,,,,,,,0
2111.8068,2.514,,,84.5383,11.4444,,,12.7501,,,0.139094,,2.514,,,84.5383,11.4444,,,12.7501,,,0.139094,,,,,,,,,,,,,,0
2111.9592,2.5509,,,82.8937,11.938,,,15.2169,,,0.140893,,2.5509,,,82.8937,11.938,,,15.2169,,,0.140893,,,,,,,,,,,,,,0
2112.1116,2.597,,,104.2099,15.8206,,,16.6178,,,0.142676,,2.597,,,104.2099,15.8206,,,16.6178,,,0.142676,,,,,,,,,,,,,,0
2112.264,2.6337,,,124.7012,18.0255,,,19.342,,,0.143081,,2.6337,,,124.7012,18.0255,,,19.342,,,0.143081,,,,,,,,,,,,,,0
2112.4164,2.6361,,,129.461,17.1596,,,20.8891,,,0.146344,,2.6361,,,129.461,17.1596,,,20.8891,,,0.146344,,,,,,,,,,,,,,0
2112.5688,2.6315,,,132.3965,16.6678,,,19.1172,,,0.149384,,2.6315,,,132.3965,16.6678,,,19.1172,,,0.149384,,,,,,,,,,,,,,0
2112.7212,2.6269,,,132.9271,14.3184,,,18.1109,,,0.149681,,2.6269,,,132.9271,14.3184,,,18.1109,,,0.149681,,,,,,,,,,,,,,0
2112.8736,2.5649,,,133.1701,10.6349,,,13.7011,,,0.147331,,2.5649,,,133.1701,10.6349,,,13.7011,,,0.147331,,,,,,,,,,,,,,0
2113.026,2.4904,,,119.4807,9.3007,,,11.1968,,,0.145462,,2.4904,,,119.4807,9.3007,,,11.1968,,,0.145462,,,,,,,,,,,,,,0
2113.1784,2.4855,,,81.4868,8.0817,,,12.2744,,,0.14459,,2.4855,,,81.4868,8.0817,,,12.2744,,,0.14459,,,,,,,,,,,,,,0
2113.3308,2.5359,,,70.3976,7.3894,,,12.8863,,,0.144428,,2.5359,,,70.3976,7.3894,,,12.8863,,,0.144428,,,,,,,,,,,,,,0
2113.4832,2.6371,,,100.223,10.8701,,,17.2697,,,0.144946,,2.6371,,,100.223,10.8701,,,17.2697,,,0.144946,,,,,,,,,,,,,,0
2113.6356,2.663,,,119.9133,12.8468,,,19.7591,,,0.144052,,2.663,,,119.9133,12.8468,,,19.7591,,,0.144052,,,,,,,,,,,,,,0
2113.788,2.6118,,,130.6853,12.1523,,,18.3714,,,0.136894,,2.6118,,,130.6853,12.1523,,,18.3714,,,0.136894,,,,,,,,,,,,,,0
2113.9404,2.5564,,,126.7134,11.7579,,,16.1956,,,0.128353,,2.5564,,,126.7134,11.7579,,,16.1956,,,0.128353,,,,,,,,,,,,,,0
2114.0928,2.4757,,,84.8483,8.633,,,15.4075,,,0.121135,,2.4757,,,84.8483,8.633,,,15.4075,,,0.121135,,,,,,,,,,,,,,0
2114.2452,2.4303,,,59.1072,6.8584,,,12.5764,,,0.117261,,2.4303,,,59.1072,6.8584,,,12.5764,,,0.117261,,,,,,,,,,,,,,0
2114.3976,2.4464,,,51.4171,6.5578,,,10.9686,,,0.118987,,2.4464,,,51.4171,6.5578,,,10.9686,,,0.118987,,,,,,,,,,,,,,0
2114.55,2.4744,,,53.5503,6.0864,,,10.8223,,,0.124354,,2.4744,,,53.5503,6.0864,,,10.8223,,,0.124354,,,,,,,,,,,,,,0
2114.7024,2.4967,,,70.8028,5.9157,,,10.5928,,,0.135402,,2.4967,,,70.8028,5.9157,,,10.5928,,,0.135402,,,,,,,,,,,,,,0
2114.8548,2.5087,,,84.7185,7.9647,,,10.5097,,,0.145885,,2.5087,,,84.7185,7.9647,,,10.5097,,,0.145885,,,,,,,,,,,,,,0
2115.0072,2.5094,,,90.355,9.1284,,,14.0126,,,0.158312,,2.5094,,,90.355,9.1284,,,14.0126,,,0.158312,,,,,,,,,,,,,,0
2115.1596,2.497,,,99.4682,11.9364,,,16.0019,,,0.167427,,2.497,,,99.4682,11.9364,,,16.0019,,,0.167427,,,,,,,,,,,,,,0
2115.312,2.5486,,,126.8958,16.339,,,18.2353,,,0.174766,,2.5486,,,126.8958,16.339,,,18.2353,,,0.174766,,,,,,,,,,,,,,0
2115.4644,2.5952,,,141.2942,17.9337,,,19.5037,,,0.177764,,2.5952,,,141.2942,17.9337,,,19.5037,,,0.177764,,,,,,,,,,,,,,0
2115.6168,2.6047,,,153.0005,14.5138,,,16.2619,,,0.170465,,2.6047,,,153.0005,14.5138,,,16.2619,,,0.170465,,,,,,,,,,,,,,0
2115.7692,2.5519,,,125.4583,7.8545,,,14.4209,,,0.150929,,2.5519,,,125.4583,7.8545,,,14.4209,,,0.150929,,,,,,,,,,,,,,0
2115.9216,2.4951,,,86.985,5.1757,,,10.9178,,,0.135631,,2.4951,,,86.985,5.1757,,,10.9178,,,0.135631,,,,,,,,,,,,,,0
2116.074,2.4638,,,54.1052,4.5808,,,8.9284,,,0.124055,,2.4638,,,54.1052,4.5808,,,8.9284,,,0.124055,,,,,,,,,,,,,,0
2116.2264,2.4391,,,39.7481,3.6481,,,8.0563,,,0.119472,,2.4391,,,39.7481,3.6481,,,8.0563,,,0.119472,,,,,,,,,,,,,,0
2116.3788,2.4145,,,36.4724,3.3103,,,6.6891,,,0.118826,,2.4145,,,36.4724,3.3103,,,6.6891,,,0.118826,,,,,,,,,,,,,,0
2116.5312,2.4123,,,35.9467,2.6066,,,6.1939,,,0.118883,,2.4123,,,35.9467,2.6066,,,6.1939,,,0.118883,,,,,,,,,,,,,,0
2116.6836,2.4336,,,35.8001,2.2069,,,5.7039,,,0.122672,,2.4336,,,35.8001,2.2069,,,5.7039,,,0.122672,,,,,,,,,,,,,,0
2116.836,2.4301,,,38.0033,2.0623,,,5.4256,,,0.12655,,2.4301,,,38.0033,2.0623,,,5.4256,,,0.12655,,,,,,,,,,,,,,0
2116.9884,2.417,,,39.053,1.8357,,,4.6764,,,0.129577,,2.417,,,39.053,1.8357,,,4.6764,,,0.129577,,,,,,,,,,,,,,0
2117.1408,2.4109,,,39.0589,1.7536,,,4.2509,,,0.130891,,2.4109,,,39.0589,1.7536,,,4.2509,,,0.130891,,,,,,,,,,,,,,0
2117.2932,2.4144,,,40.724,1.6323,,,4.1757,,,0.130043,,2.4144,,,40.724,1.6323,,,4.1757,,,0.130043,,,,,,,,,,,,,,0
2117.4456,2.4234,,,43.5661,1.5634,,,4.133,,,0.128224,,2.4234,,,43.5661,1.5634,,,4.133,,,0.128224,,,,,,,,,,,,,,0
2117.598,2.4304,,,44.4589,1.5768,,,4.0943,,,0.125842,,2.4304,,,44.4589,1.5768,,,4.0943,,,0.125842,,,,,,,,,,,,,,0
2117.7504,2.4333,,,45.5862,1.5844,,,4.0337,,,0.124581,,2.4333,,,45.5862,1.5844,,,4.0337,,,0.124581,,,,,,,,,,,,,,0
2117.9028,2.4347,,,43.4036,1.6659,,,4.0117,,,0.1244,,2.4347,,,43.4036,1.6659,,,4.0117,,,0.1244,,,,,,,,,,,,,,0
2118.0552,2.4301,,,44.0679,1.7122,,,4.0122,,,0.124464,,2.4301,,,44.0679,1.7122,,,4.0122,,,0.124464,,,,,,,,,,,,,,0
2118.2076,2.4187,,,44.2544,1.7563,,,3.9384,,,0.125648,,2.4187,,,44.2544,1.7563,,,3.9384,,,0.125648,,,,,,,,,,,,,,0
2118.36,2.4012,,,42.113,1.7813,,,3.8251,,,0.128341,,2.4012,,,42.113,1.7813,,,3.8251,,,0.128341,,,,,,,,,,,,,,0
2118.5124,2.4147,,,47.055,2.6925,,,4.5245,,,0.138748,,2.4147,,,47.055,2.6925,,,4.5245,,,0.138748,,,,,,,,,,,,,,0
2118.6648,2.4439,,,54.2676,3.6654,,,5.4934,,,0.150187,,2.4439,,,54.2676,3.6654,,,5.4934,,,0.150187,,,,,,,,,,,,,,0
2118.8172,2.4121,,,77.801,5.5091,,,8.2752,,,0.16467,,2.4121,,,77.801,5.5091,,,8.2752,,,0.16467,,,,,,,,,,,,,,0
2118.9696,2.4388,,,105.8904,8.0142,,,13.8864,,,0.172813,,2.4388,,,105.8904,8.0142,,,13.8864,,,0.172813,,,,,,,,,,,,,,0
2119.122,2.5311,,,122.4498,14.6461,,,16.2764,,,0.174474,,2.5311,,,122.4498,14.6461,,,16.2764,,,0.174474,,,,,,,,,,,,,,0
2119.2744,2.584,,,114.1977,17.8948,,,17.4363,,,0.179647,,2.584,,,114.1977,17.8948,,,17.4363,,,0.179647,,,,,,,,,,,,,,0
2119.4268,2.601,,,100.8739,20.3677,,,18.095,,,0.186418,,2.601,,,100.8739,20.3677,,,18.095,,,0.186418,,,,,,,,,,,,,,0
2119.5792,2.6211,,,105.8663,21.772,,,18.1249,,,0.210768,,2.6211,,,105.8663,21.772,,,18.1249,,,0.210768,,,,,,,,,,,,,,0
2119.7316,2.5958,,,111.9517,22.3139,,,18.1419,,,0.241924,,2.5958,,,111.9517,22.3139,,,18.1419,,,0.241924,,,,,,,,,,,,,,0
2119.884,2.3211,,,123.6405,23.1637,,,18.3128,,,0.260472,,2.3211,,,123.6405,23.1637,,,18.3128,,,0.260472,,,,,,,,,,,,,,0
2120.0364,2.3055,,,124.5625,23.4715,,,18.4098,,,0.26551,,2.3055,,,124.5625,23.4715,,,18.4098,,,0.26551,,,,,,,,,,,,,,0
2120.1888,2.4676,,,145.6528,22.267,,,16.9422,,,0.277089,,2.4676,,,145.6528,22.267,,,16.9422,,,0.277089,,,,,,,,,,,,,,0
2120.3412,2.5007,,,160.7605,21.5829,,,16.1087,,,0.285732,,2.5007,,,160.7605,21.5829,,,16.1087,,,0.285732,,,,,,,,,,,,,,0
2120.4936,2.4624,,,164.4591,14.747,,,14.1026,,,0.297141,,2.4624,,,164.4591,14.747,,,14.1026,,,0.297141,,,,,,,,,,,,,,0
2120.646,2.4264,,,165.4048,10.8649,,,12.9633,,,0.313296,,2.4264,,,165.4048,10.8649,,,12.9633,,,0.313296,,,,,,,,,,,,,,0
2120.7984,2.3262,,,180.5049,12.477,,,12.4948,,,0.332785,,2.3262,,,180.5049,12.477,,,12.4948,,,0.332785,,,,,,,,,,,,,,0
2120.9508,2.1528,,,179.6724,13.3925,,,12.2288,,,0.318879,,2.1528,,,179.6724,13.3925,,,12.2288,,,0.318879,,,,,,,,,,,,,,0
2121.1032,2.426,,,153.0765,10.8839,,,11.432,,,0.261125,,2.426,,,153.0765,10.8839,,,11.432,,,0.261125,,,,,,,,,,,,,,0
2121.2556,2.6307,,,145.9493,9.4593,,,10.1827,,,0.226754,,2.6307,,,145.9493,9.4593,,,10.1827,,,0.226754,,,,,,,,,,,,,,0
2121.408,2.6257,,,146.5685,8.6999,,,9.7302,,,0.216415,,2.6257,,,146.5685,8.6999,,,9.7302,,,0.216415,,,,,,,,,,,,,,0
2121.5604,2.6108,,,150.7472,8.2686,,,9.0678,,,0.21279,,2.6108,,,150.7472,8.2686,,,9.0678,,,0.21279,,,,,,,,,,,,,,0
2121.7128,2.5931,,,149.2281,8.254,,,8.6916,,,0.213776,,2.5931,,,149.2281,8.254,,,8.6916,,,0.213776,,,,,,,,,,,,,,0
2121.8652,2.561,,,144.8309,8.2457,,,8.0983,,,0.216286,,2.561,,,144.8309,8.2457,,,8.0983,,,0.216286,,,,,,,,,,,,,,0
2122.0176,2.5602,,,167.8284,7.7237,,,7.7613,,,0.229227,,2.5602,,,167.8284,7.7237,,,7.7613,,,0.229227,,,,,,,,,,,,,,0
2122.17,2.617,,,158.9382,6.9053,,,7.6611,,,0.23026,,2.617,,,158.9382,6.9053,,,7.6611,,,0.23026,,,,,,,,,,,,,,0
2122.3224,2.6441,,,148.3192,6.6089,,,7.6042,,,0.22464,,2.6441,,,148.3192,6.6089,,,7.6042,,,0.22464,,,,,,,,,,,,,,0
2122.4748,2.6863,,,146.9621,7.1412,,,7.6892,,,0.229104,,2.6863,,,146.9621,7.1412,,,7.6892,,,0.229104,,,,,,,,,,,,,,0
2122.6272,2.6942,,,148.404,7.4435,,,7.7375,,,0.239926,,2.6942,,,148.404,7.4435,,,7.7375,,,0.239926,,,,,,,,,,,,,,0
2122.7796,2.6704,,,144.9256,7.3677,,,7.4495,,,0.253257,,2.6704,,,144.9256,7.3677,,,7.4495,,,0.253257,,,,,,,,,,,,,,0
2122.932,2.6641,,,134.2144,7.3246,,,7.286,,,0.257571,,2.6641,,,134.2144,7.3246,,,7.286,,,0.257571,,,,,,,,,,,,,,0
2123.0844,2.6351,,,137.1519,7.3001,,,7.4605,,,0.253209,,2.6351,,,137.1519,7.3001,,,7.4605,,,0.253209,,,,,,,,,,,,,,0
2123.2368,2.632,,,142.5294,7.2862,,,7.7341,,,0.246599,,2.632,,,142.5294,7.2862,,,7.7341,,,0.246599,,,,,,,,,,,,,,0
2123.3892,2.6787,,,141.9307,8.3802,,,7.8332,,,0.234278,,2.6787,,,141.9307,8.3802,,,7.8332,,,0.234278,,,,,,,,,,,,,,0
2123.5416,2.6971,,,143.3254,9.0015,,,8.5005,,,0.226404,,2.6971,,,143.3254,9.0015,,,8.5005,,,0.226404,,,,,,,,,,,,,,0
2123.694,2.7299,,,139.1262,9.1791,,,8.8795,,,0.226822,,2.7299,,,139.1262,9.1791,,,8.8795,,,0.226822,,,,,,,,,,,,,,0
2123.8464,2.739,,,141.7081,9.4576,,,8.7274,,,0.232009,,2.739,,,141.7081,9.4576,,,8.7274,,,0.232009,,,,,,,,,,,,,,0
2123.9988,2.6766,,,146.2008,9.5585,,,8.4889,,,0.243329,,2.6766,,,146.2008,9.5585,,,8.4889,,,0.243329,,,,,,,,,,,,,,0
2124.1512,2.6362,,,142.6389,7.3494,,,8.4025,,,0.252482,,2.6362,,,142.6389,7.3494,,,8.4025,,,0.252482,,,,,,,,,,,,,,0
2124.3036,2.621,,,134.9045,6.0949,,,7.6733,,,0.254609,,2.621,,,134.9045,6.0949,,,7.6733,,,0.254609,,,,,,,,,,,,,,0
2124.456,2.6085,,,131.0708,6.787,,,7.2592,,,0.256541,,2.6085,,,131.0708,6.787,,,7.2592,,,0.256541,,,,,,,,,,,,,,0
2124.6084,2.5857,,,168.8712,7.18,,,7.0894,,,0.269818,,2.5857,,,168.8712,7.18,,,7.0894,,,0.269818,,,,,,,,,,,,,,0
2124.7608,2.5776,,,184.1463,6.6365,,,6.9929,,,0.284226,,2.5776,,,184.1463,6.6365,,,6.9929,,,0.284226,,,,,,,,,,,,,,0
2124.9132,2.5669,,,178.9626,5.7843,,,6.7732,,,0.305019,,2.5669,,,178.9626,5.7843,,,6.7732,,,0.305019,,,,,,,,,,,,,,0
2125.0656,2.5527,,,178.2028,5.4756,,,6.6485,,,0.31912,,2.5527,,,178.2028,5.4756,,,6.6485,,,0.31912,,,,,,,,,,,,,,0
2125.218,2.4635,,,174.5473,5.3781,,,7.3015,,,0.344569,,2.4635,,,174.5473,5.3781,,,7.3015,,,0.344569,,,,,,,,,,,,,,0
2125.3704,2.3011,,,168.2914,7.8179,,,7.6724,,,0.395385,,2.3011,,,168.2914,7.8179,,,7.6724,,,0.395385,,,,,,,,,,,,,,0
2125.5228,2.2222,,,165.4266,9.2349,,,9.619,,,0.421875,,2.2222,,,165.4266,9.2349,,,9.619,,,0.421875,,,,,,,,,,,,,,0
2125.6752,2.0858,,,163.4247,14.4577,,,10.7245,,,0.402568,,2.0858,,,163.4247,14.4577,,,10.7245,,,0.402568,,,,,,,,,,,,,,0
2125.8276,2.2343,,,172.5234,17.4238,,,12.7683,,,0.361682,,2.2343,,,172.5234,17.4238,,,12.7683,,,0.361682,,,,,,,,,,,,,,0
2125.98,2.5088,,,172.5313,16.2284,,,13.929,,,0.281629,,2.5088,,,172.5313,16.2284,,,13.929,,,0.281629,,,,,,,,,,,,,,0
2126.1324,2.5891,,,162.4317,14.354,,,14.2524,,,0.21998,,2.5891,,,162.4317,14.354,,,14.2524,,,0.21998,,,,,,,,,,,,,,0
2126.2848,2.5694,,,124.7645,13.6751,,,14.7596,,,0.180598,,2.5694,,,124.7645,13.6751,,,14.7596,,,0.180598,,,,,,,,,,,,,,0
2126.4372,2.5917,,,88.2571,16.0176,,,14.9433,,,0.16742,,2.5917,,,88.2571,16.0176,,,14.9433,,,0.16742,,,,,,,,,,,,,,0
2126.5896,2.5998,,,81.5991,18.5288,,,17.0014,,,0.177057,,2.5998,,,81.5991,18.5288,,,17.0014,,,0.177057,,,,,,,,,,,,,,0
2126.742,2.5927,,,88.7706,20.7555,,,18.5544,,,0.182455,,2.5927,,,88.7706,20.7555,,,18.5544,,,0.182455,,,,,,,,,,,,,,0
2126.8944,2.5908,,,89.8718,20.8276,,,18.8679,,,0.17686,,2.5908,,,89.8718,20.8276,,,18.8679,,,0.17686,,,,,,,,,,,,,,0
2127.0468,2.5608,,,94.0872,19.9964,,,18.9017,,,0.167541,,2.5608,,,94.0872,19.9964,,,18.9017,,,0.167541,,,,,,,,,,,,,,0
2127.1992,2.5215,,,91.8827,17.7413,,,18.0298,,,0.150706,,2.5215,,,91.8827,17.7413,,,18.0298,,,0.150706,,,,,,,,,,,,,,0
2127.3516,2.5058,,,81.9611,14.2709,,,17.2291,,,0.137806,,2.5058,,,81.9611,14.2709,,,17.2291,,,0.137806,,,,,,,,,,,,,,0
2127.504,2.519,,,74.6717,11.5037,,,16.7448,,,0.127912,,2.519,,,74.6717,11.5037,,,16.7448,,,0.127912,,,,,,,,,,,,,,0
2127.6564,2.5429,,,78.0587,10.4151,,,16.8397,,,0.123298,,2.5429,,,78.0587,10.4151,,,16.8397,,,0.123298,,,,,,,,,,,,,,0
2127.8088,2.5326,,,78.8742,8.1758,,,13.0161,,,0.119137,,2.5326,,,78.8742,8.1758,,,13.0161,,,0.119137,,,,,,,,,,,,,,0
2127.9612,2.5046,,,76.9741,6.0969,,,10.7578,,,0.113811,,2.5046,,,76.9741,6.0969,,,10.7578,,,0.113811,,,,,,,,,,,,,,0
2128.1136,2.5056,,,57.357,4.3872,,,8.3237,,,0.106451,,2.5056,,,57.357,4.3872,,,8.3237,,,0.106451,,,,,,,,,,,,,,0
2128.266,2.5102,,,45.2917,3.6328,,,6.9414,,,0.101514,,2.5102,,,45.2917,3.6328,,,6.9414,,,0.101514,,,,,,,,,,,,,,0
2128.4184,2.5008,,,48.1994,3.5925,,,7.4084,,,0.098523,,2.5008,,,48.1994,3.5925,,,7.4084,,,0.098523,,,,,,,,,,,,,,0
2128.5708,2.4932,,,43.2587,4.4401,,,9.6183,,,0.09976,,2.4932,,,43.2587,4.4401,,,9.6183,,,0.09976,,,,,,,,,,,,,,0
2128.7232,2.5035,,,46.3295,4.9215,,,10.7227,,,0.106394,,2.5035,,,46.3295,4.9215,,,10.7227,,,0.106394,,,,,,,,,,,,,,0
2128.8756,2.5552,,,67.6588,8.9939,,,12.5643,,,0.132807,,2.5552,,,67.6588,8.9939,,,12.5643,,,0.132807,,,,,,,,,,,,,,0
2129.028,2.5707,,,91.4053,11.3066,,,15.4518,,,0.164532,,2.5707,,,91.4053,11.3066,,,15.4518,,,0.164532,,,,,,,,,,,,,,0
2129.1804,2.5085,,,126.1439,12.9207,,,16.4977,,,0.209313,,2.5085,,,126.1439,12.9207,,,16.4977,,,0.209313,,,,,,,,,,,,,,0
2129.3328,2.4628,,,157.298,13.8374,,,13.7119,,,0.245957,,2.4628,,,157.298,13.8374,,,13.7119,,,0.245957,,,,,,,,,,,,,,0
2129.4852,2.4706,,,177.8755,9.9129,,,12.1299,,,0.277576,,2.4706,,,177.8755,9.9129,,,12.1299,,,0.277576,,,,,,,,,,,,,,0
2129.6376,2.4732,,,192.8815,7.6842,,,11.2057,,,0.294018,,2.4732,,,192.8815,7.6842,,,11.2057,,,0.294018,,,,,,,,,,,,,,0
2129.79,2.4178,,,188.7882,7.591,,,10.6809,,,0.277676,,2.4178,,,188.7882,7.591,,,10.6809,,,0.277676,,,,,,,,,,,,,,0
2129.9424,2.4246,,,167.9077,7.5381,,,10.2735,,,0.243246,,2.4246,,,167.9077,7.5381,,,10.2735,,,0.243246,,,,,,,,,,,,,,0
2130.0948,2.4632,,,132.5782,4.5815,,,10.0421,,,0.197874,,2.4632,,,132.5782,4.5815,,,10.0421,,,0.197874,,,,,,,,,,,,,,0
2130.2472,2.4503,,,98.4144,2.9025,,,6.7217,,,0.167682,,2.4503,,,98.4144,2.9025,,,6.7217,,,0.167682,,,,,,,,,,,,,,0
2130.3996,2.4098,,,63.5464,2.1537,,,4.836,,,0.14798,,2.4098,,,63.5464,2.1537,,,4.836,,,0.14798,,,,,,,,,,,,,,0
2130.552,2.3883,,,46.0652,1.7285,,,3.9659,,,0.139424,,2.3883,,,46.0652,1.7285,,,3.9659,,,0.139424,,,,,,,,,,,,,,0
2130.7044,2.3964,,,40.9245,1.6423,,,3.4717,,,0.136723,,2.3964,,,40.9245,1.6423,,,3.4717,,,0.136723,,,,,,,,,,,,,,0
2130.8568,2.4071,,,43.9612,1.5073,,,3.3612,,,0.136046,,2.4071,,,43.9612,1.5073,,,3.3612,,,0.136046,,,,,,,,,,,,,,0
2131.0092,2.4087,,,46.6383,1.4584,,,3.188,,,0.135471,,2.4087,,,46.6383,1.4584,,,3.188,,,0.135471,,,,,,,,,,,,,,0
2131.1616,2.4115,,,50.5282,1.6805,,,3.1253,,,0.134043,,2.4115,,,50.5282,1.6805,,,3.1253,,,0.134043,,,,,,,,,,,,,,0
2131.314,2.4213,,,40.7107,1.8067,,,3.8722,,,0.130439,,2.4213,,,40.7107,1.8067,,,3.8722,,,0.130439,,,,,,,,,,,,,,0
2131.4664,2.429,,,41.0094,2.5528,,,4.2963,,,0.127871,,2.429,,,41.0094,2.5528,,,4.2963,,,0.127871,,,,,,,,,,,,,,0
2131.6188,2.4656,,,57.4216,2.9765,,,5.6392,,,0.131737,,2.4656,,,57.4216,2.9765,,,5.6392,,,0.131737,,,,,,,,,,,,,,0
2131.7712,2.5605,,,71.7227,5.2346,,,10.4673,,,0.141024,,2.5605,,,71.7227,5.2346,,,10.4673,,,0.141024,,,,,,,,,,,,,,0
2131.9236,2.6237,,,97.6879,6.517,,,12.776,,,0.148089,,2.6237,,,97.6879,6.517,,,12.776,,,0.148089,,,,,,,,,,,,,,0
2132.076,2.6733,,,130.3928,11.4203,,,14.7937,,,0.15513,,2.6733,,,130.3928,11.4203,,,14.7937,,,0.15513,,,,,,,,,,,,,,0
2132.2284,2.6986,,,137.1322,14.3896,,,15.9612,,,0.161098,,2.6986,,,137.1322,14.3896,,,15.9612,,,0.161098,,,,,,,,,,,,,,0
2132.3808,2.6866,,,146.0636,17.1479,,,16.2541,,,0.16854,,2.6866,,,146.0636,17.1479,,,16.2541,,,0.16854,,,,,,,,,,,,,,0
2132.5332,2.6722,,,153.2433,19.1602,,,16.4247,,,0.175946,,2.6722,,,153.2433,19.1602,,,16.4247,,,0.175946,,,,,,,,,,,,,,0
2132.6856,2.6075,,,159.1066,21.8445,,,16.585,,,0.189143,,2.6075,,,159.1066,21.8445,,,16.585,,,0.189143,,,,,,,,,,,,,,0
2132.838,2.5226,,,147.8388,20.7182,,,16.0905,,,0.199573,,2.5226,,,147.8388,20.7182,,,16.0905,,,0.199573,,,,,,,,,,,,,,0
2132.9904,2.493,,,136.5816,17.8791,,,15.7005,,,0.20302,,2.493,,,136.5816,17.8791,,,15.7005,,,0.20302,,,,,,,,,,,,,,0
2133.1428,2.548,,,147.7717,18.1359,,,15.8142,,,0.202898,,2.548,,,147.7717,18.1359,,,15.8142,,,0.202898,,,,,,,,,,,,,,0
2133.2952,2.6018,,,168.2485,18.3825,,,15.7399,,,0.198354,,2.6018,,,168.2485,18.3825,,,15.7399,,,0.198354,,,,,,,,,,,,,,0
2133.4476,2.616,,,176.729,17.0169,,,15.6189,,,0.193768,,2.616,,,176.729,17.0169,,,15.6189,,,0.193768,,,,,,,,,,,,,,0
2133.6,2.6122,,,168.8005,16.3572,,,15.9236,,,0.189183,,2.6122,,,168.8005,16.3572,,,15.9236,,,0.189183,,,,,,,,,,,,,,0
2133.7524,2.6045,,,165.2462,18.4203,,,16.1067,,,0.185833,,2.6045,,,165.2462,18.4203,,,16.1067,,,0.185833,,,,,,,,,,,,,,0
2133.9048,2.5946,,,170.206,19.5919,,,16.9312,,,0.183724,,2.5946,,,170.206,19.5919,,,16.9312,,,0.183724,,,,,,,,,,,,,,0
2134.0572,2.5959,,,167.0123,20.4659,,,17.3994,,,0.183128,,2.5959,,,167.0123,20.4659,,,17.3994,,,0.183128,,,,,,,,,,,,,,0
2134.2096,2.6114,,,153.6273,20.9622,,,18.5644,,,0.182881,,2.6114,,,153.6273,20.9622,,,18.5644,,,0.182881,,,,,,,,,,,,,,0
2134.362,2.6391,,,145.4644,23.8098,,,19.226,,,0.180723,,2.6391,,,145.4644,23.8098,,,19.226,,,0.180723,,,,,,,,,,,,,,0
2134.5144,2.6923,,,145.9992,25.4269,,,19.8893,,,0.174306,,2.6923,,,145.9992,25.4269,,,19.8893,,,0.174306,,,,,,,,,,,,,,0
2134.6668,2.7109,,,143.1747,25.6858,,,20.4531,,,0.168111,,2.7109,,,143.1747,25.6858,,,20.4531,,,0.168111,,,,,,,,,,,,,,0
2134.8192,2.6899,,,141.4831,25.5231,,,20.7666,,,0.162218,,2.6899,,,141.4831,25.5231,,,20.7666,,,0.162218,,,,,,,,,,,,,,0
2134.9716,2.6739,,,141.5163,24.9637,,,21.3036,,,0.159071,,2.6739,,,141.5163,24.9637,,,21.3036,,,0.159071,,,,,,,,,,,,,,0
2135.124,2.6789,,,149.7895,25.5431,,,21.5418,,,0.159238,,2.6789,,,149.7895,25.5431,,,21.5418,,,0.159238,,,,,,,,,,,,,,0
2135.2764,2.671,,,151.9175,25.9959,,,21.3833,,,0.1596,,2.671,,,151.9175,25.9959,,,21.3833,,,0.1596,,,,,,,,,,,,,,0
2135.4288,2.6596,,,143.9965,25.8363,,,21.2933,,,0.158261,,2.6596,,,143.9965,25.8363,,,21.2933,,,0.158261,,,,,,,,,,,,,,0
2135.5812,2.6531,,,134.8219,25.7456,,,20.9761,,,0.158393,,2.6531,,,134.8219,25.7456,,,20.9761,,,0.158393,,,,,,,,,,,,,,0
2135.7336,2.662,,,133.2449,25.1405,,,20.796,,,0.159602,,2.662,,,133.2449,25.1405,,,20.796,,,0.159602,,,,,,,,,,,,,,0
2135.886,2.6534,,,135.5653,23.5867,,,20.2693,,,0.160446,,2.6534,,,135.5653,23.5867,,,20.2693,,,0.160446,,,,,,,,,,,,,,0
2136.0384,2.6448,,,141.9981,22.2943,,,19.8795,,,0.160955,,2.6448,,,141.9981,22.2943,,,19.8795,,,0.160955,,,,,,,,,,,,,,0
2136.1908,2.6214,,,143.9058,21.9507,,,19.7129,,,0.159952,,2.6214,,,143.9058,21.9507,,,19.7129,,,0.159952,,,,,,,,,,,,,,0
2136.3432,2.6112,,,141.8416,18.6999,,,18.3805,,,0.156557,,2.6112,,,141.8416,18.6999,,,18.3805,,,0.156557,,,,,,,,,,,,,,0
2136.4956,2.59,,,114.4074,15.0335,,,17.6609,,,0.15264,,2.59,,,114.4074,15.0335,,,17.6609,,,0.15264,,,,,,,,,,,,,,0
2136.648,2.5837,,,102.1763,12.2103,,,16.4913,,,0.150152,,2.5837,,,102.1763,12.2103,,,16.4913,,,0.150152,,,,,,,,,,,,,,0
2136.8004,2.5811,,,119.6916,10.3247,,,15.8271,,,0.144398,,2.5811,,,119.6916,10.3247,,,15.8271,,,0.144398,,,,,,,,,,,,,,0
2136.9528,2.538,,,119.6648,9.8309,,,13.4056,,,0.140288,,2.538,,,119.6648,9.8309,,,13.4056,,,0.140288,,,,,,,,,,,,,,0
2137.1052,2.4623,,,84.9147,7.3575,,,12.0304,,,0.135327,,2.4623,,,84.9147,7.3575,,,12.0304,,,0.135327,,,,,,,,,,,,,,0
2137.2576,2.4384,,,61.0588,5.9528,,,10.7517,,,0.132581,,2.4384,,,61.0588,5.9528,,,10.7517,,,0.132581,,,,,,,,,,,,,,0
2137.41,2.4619,,,65.0928,7.5213,,,11.4122,,,0.13865,,2.4619,,,65.0928,7.5213,,,11.4122,,,0.13865,,,,,,,,,,,,,,0
2137.5624,2.4967,,,73.7268,8.4121,,,14.2416,,,0.142072,,2.4967,,,73.7268,8.4121,,,14.2416,,,0.142072,,,,,,,,,,,,,,0
2137.7148,2.5586,,,106.0897,11.5922,,,20.1062,,,0.139002,,2.5586,,,106.0897,11.5922,,,20.1062,,,0.139002,,,,,,,,,,,,,,0
2137.8672,2.6028,,,127.4066,13.3982,,,22.7782,,,0.136598,,2.6028,,,127.4066,13.3982,,,22.7782,,,0.136598,,,,,,,,,,,,,,0
2138.0196,2.592,,,139.1265,22.9656,,,25.0192,,,0.137986,,2.592,,,139.1265,22.9656,,,25.0192,,,0.137986,,,,,,,,,,,,,,0
2138.172,2.5727,,,135.7555,27.3852,,,26.5386,,,0.146654,,2.5727,,,135.7555,27.3852,,,26.5386,,,0.146654,,,,,,,,,,,,,,0
2138.3244,2.584,,,130.6419,25.303,,,27.0726,,,0.158398,,2.584,,,130.6419,25.303,,,27.0726,,,0.158398,,,,,,,,,,,,,,0
2138.4768,2.6206,,,131.5588,61.0094,,,27.7887,,,0.203483,,2.6206,,,131.5588,61.0094,,,27.7887,,,0.203483,,,,,,,,,,,,,,0
2138.6292,2.582,,,135.3545,81.773,,,28.5247,,,0.259802,,2.582,,,135.3545,81.773,,,28.5247,,,0.259802,,,,,,,,,,,,,,0
2138.7816,2.3039,,,137.5657,39.0341,,,28.7838,,,0.33581,,2.3039,,,137.5657,39.0341,,,28.7838,,,0.33581,,,,,,,,,,,,,,0
2138.934,2.0385,,,150.9638,14.7626,,,29.6204,,,0.392026,,2.0385,,,150.9638,14.7626,,,29.6204,,,0.392026,,,,,,,,,,,,,,0
2139.0864,1.8932,,,164.3791,35.2711,,,30.4824,,,0.42406,,1.8932,,,164.3791,35.2711,,,30.4824,,,0.42406,,,,,,,,,,,,,,0
2139.2388,1.7968,,,149.7512,46.9179,,,30.9235,,,0.401754,,1.7968,,,149.7512,46.9179,,,30.9235,,,0.401754,,,,,,,,,,,,,,0
2139.3912,2.0816,,,127.2635,37.2351,,,33.2115,,,0.306246,,2.0816,,,127.2635,37.2351,,,33.2115,,,0.306246,,,,,,,,,,,,,,0
2139.5436,2.4555,,,120.0143,31.7363,,,34.4395,,,0.235749,,2.4555,,,120.0143,31.7363,,,34.4395,,,0.235749,,,,,,,,,,,,,,0
2139.696,2.6252,,,116.431,39.9764,,,32.3691,,,0.184783,,2.6252,,,116.431,39.9764,,,32.3691,,,0.184783,,,,,,,,,,,,,,0
2139.8484,2.6686,,,117.0028,42.1336,,,31.1933,,,0.155826,,2.6686,,,117.0028,42.1336,,,31.1933,,,0.155826,,,,,,,,,,,,,,0
2140.0008,2.6845,,,119.1817,37.4397,,,28.8145,,,0.151346,,2.6845,,,119.1817,37.4397,,,28.8145,,,0.151346,,,,,,,,,,,,,,0
2140.1532,2.6864,,,122.7391,32.1529,,,27.4635,,,0.157914,,2.6864,,,122.7391,32.1529,,,27.4635,,,0.157914,,,,,,,,,,,,,,0
2140.3056,2.632,,,122.5189,30.2023,,,25.0704,,,0.190583,,2.632,,,122.5189,30.2023,,,25.0704,,,0.190583,,,,,,,,,,,,,,0
2140.458,2.5548,,,130.4574,25.3751,,,22.4708,,,0.224639,,2.5548,,,130.4574,25.3751,,,22.4708,,,0.224639,,,,,,,,,,,,,,0
2140.6104,2.3635,,,142.5697,19.9516,,,19.7391,,,0.247802,,2.3635,,,142.5697,19.9516,,,19.7391,,,0.247802,,,,,,,,,,,,,,0
2140.7628,2.4189,,,151.2483,14.6357,,,17.9483,,,0.247774,,2.4189,,,151.2483,14.6357,,,17.9483,,,0.247774,,,,,,,,,,,,,,0
2140.9152,2.5812,,,157.1255,12.4528,,,16.3063,,,0.217924,,2.5812,,,157.1255,12.4528,,,16.3063,,,0.217924,,,,,,,,,,,,,,0
2141.0676,2.6266,,,154.198,12.4362,,,14.9405,,,0.190134,,2.6266,,,154.198,12.4362,,,14.9405,,,0.190134,,,,,,,,,,,,,,0
2141.22,2.6188,,,131.3544,12.8268,,,14.5774,,,0.174946,,2.6188,,,131.3544,12.8268,,,14.5774,,,0.174946,,,,,,,,,,,,,,0
2141.3724,2.6163,,,122.6502,12.5136,,,13.3349,,,0.172194,,2.6163,,,122.6502,12.5136,,,13.3349,,,0.172194,,,,,,,,,,,,,,0
2141.5248,2.6172,,,141.4863,11.5319,,,11.962,,,0.174503,,2.6172,,,141.4863,11.5319,,,11.962,,,0.174503,,,,,,,,,,,,,,0
2141.6772,2.6314,,,161.0701,11.1896,,,11.3181,,,0.174662,,2.6314,,,161.0701,11.1896,,,11.3181,,,0.174662,,,,,,,,,,,,,,0
2141.8296,2.6579,,,162.6126,11.2139,,,11.9547,,,0.170027,,2.6579,,,162.6126,11.2139,,,11.9547,,,0.170027,,,,,,,,,,,,,,0
2141.982,2.6556,,,151.9848,12.4103,,,13.3291,,,0.164028,,2.6556,,,151.9848,12.4103,,,13.3291,,,0.164028,,,,,,,,,,,,,,0
2142.1344,2.6922,,,140.576,13.0898,,,14.1299,,,0.16825,,2.6922,,,140.576,13.0898,,,14.1299,,,0.16825,,,,,,,,,,,,,,0
2142.2868,2.6723,,,132.6314,14.1597,,,16.3501,,,0.213512,,2.6723,,,132.6314,14.1597,,,16.3501,,,0.213512,,,,,,,,,,,,,,0
2142.4392,2.5429,,,138.1478,25.1063,,,17.4813,,,0.268835,,2.5429,,,138.1478,25.1063,,,17.4813,,,0.268835,,,,,,,,,,,,,,0
2142.5916,2.1712,,,144.6197,24.2683,,,17.3102,,,0.302426,,2.1712,,,144.6197,24.2683,,,17.3102,,,0.302426,,,,,,,,,,,,,,0
2142.744,2.0858,,,140.5609,11.5284,,,15.7902,,,0.296631,,2.0858,,,140.5609,11.5284,,,15.7902,,,0.296631,,,,,,,,,,,,,,0
2142.8964,2.3856,,,124.4907,27.9343,,,17.5015,,,0.272419,,2.3856,,,124.4907,27.9343,,,17.5015,,,0.272419,,,,,,,,,,,,,,0
2143.0488,2.5297,,,102.0609,40.1311,,,20.6121,,,0.257851,,2.5297,,,102.0609,40.1311,,,20.6121,,,0.257851,,,,,,,,,,,,,,0
2143.2012,2.4549,,,84.5863,25.8652,,,19.4733,,,0.26567,,2.4549,,,84.5863,25.8652,,,19.4733,,,0.26567,,,,,,,,,,,,,,0
2143.3536,2.3414,,,99.7439,15.7191,,,18.2861,,,0.284911,,2.3414,,,99.7439,15.7191,,,18.2861,,,0.284911,,,,,,,,,,,,,,0
2143.506,2.3125,,,164.8217,13.3884,,,16.5737,,,0.299954,,2.3125,,,164.8217,13.3884,,,16.5737,,,0.299954,,,,,,,,,,,,,,0
2143.6584,2.359,,,200.4788,13.4858,,,15.2678,,,0.298815,,2.359,,,200.4788,13.4858,,,15.2678,,,0.298815,,,,,,,,,,,,,,0
2143.8108,2.4869,,,187.9281,15.0003,,,15.1405,,,0.25284,,2.4869,,,187.9281,15.0003,,,15.1405,,,0.25284,,,,,,,,,,,,,,0
2143.9632,2.6008,,,170.8753,15.6148,,,16.2131,,,0.206496,,2.6008,,,170.8753,15.6148,,,16.2131,,,0.206496,,,,,,,,,,,,,,0
2144.1156,2.6519,,,154.6006,17.8906,,,17.3309,,,0.158283,,2.6519,,,154.6006,17.8906,,,17.3309,,,0.158283,,,,,,,,,,,,,,0
2144.268,2.6552,,,142.8357,19.1831,,,17.6312,,,0.126328,,2.6552,,,142.8357,19.1831,,,17.6312,,,0.126328,,,,,,,,,,,,,,0
2144.4204,2.6595,,,136.921,20.0612,,,17.9595,,,0.110898,,2.6595,,,136.921,20.0612,,,17.9595,,,0.110898,,,,,,,,,,,,,,0
2144.5728,2.6684,,,128.3687,22.4592,,,18.1116,,,0.103604,,2.6684,,,128.3687,22.4592,,,18.1116,,,0.103604,,,,,,,,,,,,,,0
2144.7252,2.6938,,,120.5537,22.6992,,,18.0921,,,0.105617,,2.6938,,,120.5537,22.6992,,,18.0921,,,0.105617,,,,,,,,,,,,,,0
2144.8776,2.7832,,,110.6332,20.6114,,,17.1378,,,0.118151,,2.7832,,,110.6332,20.6114,,,17.1378,,,0.118151,,,,,,,,,,,,,,0
2145.03,2.8109,,,102.663,19.1576,,,16.5958,,,0.131216,,2.8109,,,102.663,19.1576,,,16.5958,,,0.131216,,,,,,,,,,,,,,0
2145.1824,2.698,,,128.9641,17.4127,,,15.2594,,,0.148083,,2.698,,,128.9641,17.4127,,,15.2594,,,0.148083,,,,,,,,,,,,,,0
2145.3348,2.6353,,,151.5289,14.9758,,,13.2807,,,0.159099,,2.6353,,,151.5289,14.9758,,,13.2807,,,0.159099,,,,,,,,,,,,,,0
2145.4872,2.6546,,,165.9461,12.8315,,,12.0001,,,0.169555,,2.6546,,,165.9461,12.8315,,,12.0001,,,0.169555,,,,,,,,,,,,,,0
2145.6396,2.6748,,,160.0866,12.1361,,,11.351,,,0.177234,,2.6748,,,160.0866,12.1361,,,11.351,,,0.177234,,,,,,,,,,,,,,0
2145.792,2.6494,,,168.2279,11.6452,,,10.6971,,,0.184768,,2.6494,,,168.2279,11.6452,,,10.6971,,,0.184768,,,,,,,,,,,,,,0
2145.9444,2.6182,,,170.2743,11.3664,,,10.4274,,,0.190013,,2.6182,,,170.2743,11.3664,,,10.4274,,,0.190013,,,,,,,,,,,,,,0
2146.0968,2.6164,,,170.5408,11.0536,,,10.2958,,,0.189314,,2.6164,,,170.5408,11.0536,,,10.2958,,,0.189314,,,,,,,,,,,,,,0
2146.2492,2.6858,,,165.6204,10.8749,,,10.221,,,0.18645,,2.6858,,,165.6204,10.8749,,,10.221,,,0.18645,,,,,,,,,,,,,,0
2146.4016,2.7861,,,149.9637,10.8725,,,9.7576,,,0.182721,,2.7861,,,149.9637,10.8725,,,9.7576,,,0.182721,,,,,,,,,,,,,,0
2146.554,2.8939,,,141.7519,10.5082,,,9.4944,,,0.179159,,2.8939,,,141.7519,10.5082,,,9.4944,,,0.179159,,,,,,,,,,,,,,0
2146.7064,2.8089,,,128.8588,10.3599,,,9.7113,,,0.173982,,2.8089,,,128.8588,10.3599,,,9.7113,,,0.173982,,,,,,,,,,,,,,0
2146.8588,2.7161,,,129.5498,10.5806,,,9.8518,,,0.172912,,2.7161,,,129.5498,10.5806,,,9.8518,,,0.172912,,,,,,,,,,,,,,0
2147.0112,2.6929,,,141.1923,10.3526,,,10.0495,,,0.181381,,2.6929,,,141.1923,10.3526,,,10.0495,,,0.181381,,,,,,,,,,,,,,0
2147.1636,2.6707,,,149.3158,9.9634,,,10.2654,,,0.19728,,2.6707,,,149.3158,9.9634,,,10.2654,,,0.19728,,,,,,,,,,,,,,0
2147.316,2.6363,,,149.7396,9.3159,,,10.3904,,,0.245703,,2.6363,,,149.7396,9.3159,,,10.3904,,,0.245703,,,,,,,,,,,,,,0
2147.4684,2.592,,,149.1322,8.9347,,,10.3261,,,0.295203,,2.592,,,149.1322,8.9347,,,10.3261,,,0.295203,,,,,,,,,,,,,,0
2147.6208,2.4159,,,141.6249,8.2633,,,9.3766,,,0.332888,,2.4159,,,141.6249,8.2633,,,9.3766,,,0.332888,,,,,,,,,,,,,,0
2147.7732,2.2888,,,149.6175,3.9538,,,6.6389,,,0.336816,,2.2888,,,149.6175,3.9538,,,6.6389,,,0.336816,,,,,,,,,,,,,,0
2147.9256,2.3405,,,166.8409,10.783,,,5.3721,,,0.318972,,2.3405,,,166.8409,10.783,,,5.3721,,,0.318972,,,,,,,,,,,,,,0
2148.078,2.5294,,,169.1039,15.9363,,,9.1365,,,0.271045,,2.5294,,,169.1039,15.9363,,,9.1365,,,0.271045,,,,,,,,,,,,,,0
2148.2304,2.6392,,,164.5534,12.4145,,,11.2743,,,0.224046,,2.6392,,,164.5534,12.4145,,,11.2743,,,0.224046,,,,,,,,,,,,,,0
2148.3828,2.6779,,,156.1555,10.4145,,,11.77,,,0.181863,,2.6779,,,156.1555,10.4145,,,11.77,,,0.181863,,,,,,,,,,,,,,0
2148.5352,2.6993,,,147.2342,12.8791,,,12.0515,,,0.159924,,2.6993,,,147.2342,12.8791,,,12.0515,,,0.159924,,,,,,,,,,,,,,0
2148.6876,2.706,,,144.3811,14.2788,,,12.6975,,,0.155424,,2.706,,,144.3811,14.2788,,,12.6975,,,0.155424,,,,,,,,,,,,,,0
2148.84,2.6925,,,150.8804,13.7603,,,13.0644,,,0.156741,,2.6925,,,150.8804,13.7603,,,13.0644,,,0.156741,,,,,,,,,,,,,,0
2148.9924,2.693,,,151.6827,13.4658,,,12.3845,,,0.167786,,2.693,,,151.6827,13.4658,,,12.3845,,,0.167786,,,,,,,,,,,,,,0
2149.1448,2.6849,,,149.5894,13.7975,,,11.9984,,,0.18048,,2.6849,,,149.5894,13.7975,,,11.9984,,,0.18048,,,,,,,,,,,,,,0
2149.2972,2.6244,,,161.7508,14.3175,,,12.1219,,,0.200381,,2.6244,,,161.7508,14.3175,,,12.1219,,,0.200381,,,,,,,,,,,,,,0
2149.4496,2.5943,,,164.8707,14.5058,,,12.192,,,0.218903,,2.5943,,,164.8707,14.5058,,,12.192,,,0.218903,,,,,,,,,,,,,,0
2149.602,2.5397,,,161.0864,12.0285,,,12.8512,,,0.238268,,2.5397,,,161.0864,12.0285,,,12.8512,,,0.238268,,,,,,,,,,,,,,0
2149.7544,2.3888,,,160.803,10.6216,,,13.2256,,,0.239631,,2.3888,,,160.803,10.6216,,,13.2256,,,0.239631,,,,,,,,,,,,,,0
2149.9068,2.3597,,,146.964,9.5027,,,12.642,,,0.176776,,2.3597,,,146.964,9.5027,,,12.642,,,0.176776,,,,,,,,,,,,,,0
2150.0592,2.4258,,,125.7191,8.8673,,,12.3106,,,0.12936,,2.4258,,,125.7191,8.8673,,,12.3106,,,0.12936,,,,,,,,,,,,,,0
2150.2116,2.4604,,,87.7495,6.2846,,,9.1885,,,0.110275,,2.4604,,,87.7495,6.2846,,,9.1885,,,0.110275,,,,,,,,,,,,,,0
2150.364,2.4638,,,60.4284,4.8179,,,7.4155,,,0.101859,,2.4638,,,60.4284,4.8179,,,7.4155,,,0.101859,,,,,,,,,,,,,,0
2150.5164,2.4854,,,61.2909,4.3091,,,7.7899,,,0.10172,,2.4854,,,61.2909,4.3091,,,7.7899,,,0.10172,,,,,,,,,,,,,,0
2150.6688,2.5039,,,71.6504,4.0202,,,8.377,,,0.105808,,2.5039,,,71.6504,4.0202,,,8.377,,,0.105808,,,,,,,,,,,,,,0
2150.8212,2.4781,,,71.6373,3.8723,,,8.5897,,,0.121704,,2.4781,,,71.6373,3.8723,,,8.5897,,,0.121704,,,,,,,,,,,,,,0
2150.9736,2.4197,,,57.4649,3.7883,,,8.3829,,,0.130174,,2.4197,,,57.4649,3.7883,,,8.3829,,,0.130174,,,,,,,,,,,,,,0
2151.126,2.4027,,,48.0222,3.5861,,,8.2655,,,0.129607,,2.4027,,,48.0222,3.5861,,,8.2655,,,0.129607,,,,,,,,,,,,,,0
2151.2784,2.4097,,,38.7173,3.2691,,,7.247,,,0.128972,,2.4097,,,38.7173,3.2691,,,7.247,,,0.128972,,,,,,,,,,,,,,0
2151.4308,2.4015,,,39.3914,3.1543,,,6.6686,,,0.130622,,2.4015,,,39.3914,3.1543,,,6.6686,,,0.130622,,,,,,,,,,,,,,0
2151.5832,2.4115,,,47.5863,3.2458,,,6.8958,,,0.137149,,2.4115,,,47.5863,3.2458,,,6.8958,,,0.137149,,,,,,,,,,,,,,0
2151.7356,2.4437,,,58.5798,3.2978,,,7.0248,,,0.14266,,2.4437,,,58.5798,3.2978,,,7.0248,,,0.14266,,,,,,,,,,,,,,0
2151.888,2.5202,,,87.2266,5.7855,,,12.5135,,,0.146232,,2.5202,,,87.2266,5.7855,,,12.5135,,,0.146232,,,,,,,,,,,,,,0
2152.0404,2.5824,,,103.663,7.1982,,,15.6306,,,0.147564,,2.5824,,,103.663,7.1982,,,15.6306,,,0.147564,,,,,,,,,,,,,,0
2152.1928,2.5415,,,98.987,9.0337,,,15.2858,,,0.146643,,2.5415,,,98.987,9.0337,,,15.2858,,,0.146643,,,,,,,,,,,,,,0
2152.3452,2.4943,,,89.4828,10.0761,,,14.7451,,,0.146674,,2.4943,,,89.4828,10.0761,,,14.7451,,,0.146674,,,,,,,,,,,,,,0
2152.4976,2.5497,,,86.6871,12.8325,,,14.5493,,,0.148786,,2.5497,,,86.6871,12.8325,,,14.5493,,,0.148786,,,,,,,,,,,,,,0
2152.65,2.643,,,100.508,14.3979,,,15.9312,,,0.151076,,2.643,,,100.508,14.3979,,,15.9312,,,0.151076,,,,,,,,,,,,,,0
2152.8024,2.698,,,138.8908,15.4751,,,16.716,,,0.146187,,2.698,,,138.8908,15.4751,,,16.716,,,0.146187,,,,,,,,,,,,,,0
2152.9548,2.7007,,,152.8055,17.1641,,,17.1448,,,0.136813,,2.7007,,,152.8055,17.1641,,,17.1448,,,0.136813,,,,,,,,,,,,,,0
2153.1072,2.68,,,127.7496,17.7758,,,17.3883,,,0.117546,,2.68,,,127.7496,17.7758,,,17.3883,,,0.117546,,,,,,,,,,,,,,0
2153.2596,2.6707,,,108.0795,20.0911,,,18.0453,,,0.10101,,2.6707,,,108.0795,20.0911,,,18.0453,,,0.10101,,,,,,,,,,,,,,0
2153.412,2.6378,,,91.9027,21.406,,,19.0754,,,0.087261,,2.6378,,,91.9027,21.406,,,19.0754,,,0.087261,,,,,,,,,,,,,,0
2153.5644,2.609,,,90.2137,20.621,,,19.4485,,,0.07852,,2.609,,,90.2137,20.621,,,19.4485,,,0.07852,,,,,,,,,,,,,,0
2153.7168,2.6091,,,79.9272,20.1752,,,19.5914,,,0.074176,,2.6091,,,79.9272,20.1752,,,19.5914,,,0.074176,,,,,,,,,,,,,,0
2153.8692,2.5857,,,72.2351,20.8235,,,19.4543,,,0.073629,,2.5857,,,72.2351,20.8235,,,19.4543,,,0.073629,,,,,,,,,,,,,,0
2154.0216,2.5647,,,69.1713,21.1916,,,19.3303,,,0.075503,,2.5647,,,69.1713,21.1916,,,19.3303,,,0.075503,,,,,,,,,,,,,,0
2154.174,2.5609,,,76.2102,19.8465,,,18.8729,,,0.087143,,2.5609,,,76.2102,19.8465,,,18.8729,,,0.087143,,,,,,,,,,,,,,0
2154.3264,2.5628,,,93.9984,19.0826,,,18.6132,,,0.101783,,2.5628,,,93.9984,19.0826,,,18.6132,,,0.101783,,,,,,,,,,,,,,0
2154.4788,2.6256,,,125.8013,18.7629,,,18.3911,,,0.124331,,2.6256,,,125.8013,18.7629,,,18.3911,,,0.124331,,,,,,,,,,,,,,0
2154.6312,2.6521,,,139.7085,18.5813,,,18.043,,,0.140587,,2.6521,,,139.7085,18.5813,,,18.043,,,0.140587,,,,,,,,,,,,,,0
2154.7836,2.6464,,,157.8112,18.4849,,,17.9169,,,0.151116,,2.6464,,,157.8112,18.4849,,,17.9169,,,0.151116,,,,,,,,,,,,,,0
2154.936,2.6595,,,165.073,18.4302,,,17.9349,,,0.155865,,2.6595,,,165.073,18.4302,,,17.9349,,,0.155865,,,,,,,,,,,,,,0
2155.0884,2.6654,,,153.9648,18.9626,,,17.9451,,,0.150879,,2.6654,,,153.9648,18.9626,,,17.9451,,,0.150879,,,,,,,,,,,,,,0
2155.2408,2.6534,,,137.1206,19.7974,,,18.3046,,,0.143399,,2.6534,,,137.1206,19.7974,,,18.3046,,,0.143399,,,,,,,,,,,,,,0
2155.3932,2.6068,,,106.5114,20.0998,,,18.8684,,,0.135734,,2.6068,,,106.5114,20.0998,,,18.8684,,,0.135734,,,,,,,,,,,,,,0
2155.5456,2.5865,,,100.897,22.3067,,,19.0726,,,0.132864,,2.5865,,,100.897,22.3067,,,19.0726,,,0.132864,,,,,,,,,,,,,,0
2155.698,2.567,,,98.8556,23.56,,,19.3784,,,0.137939,,2.567,,,98.8556,23.56,,,19.3784,,,0.137939,,,,,,,,,,,,,,0
2155.8504,2.5542,,,100.5227,25.7682,,,19.5521,,,0.144691,,2.5542,,,100.5227,25.7682,,,19.5521,,,0.144691,,,,,,,,,,,,,,0
2156.0028,2.5915,,,115.7133,27.0222,,,20.1611,,,0.154171,,2.5915,,,115.7133,27.0222,,,20.1611,,,0.154171,,,,,,,,,,,,,,0
2156.1552,2.6373,,,123.8893,23.6329,,,20.507,,,0.158683,,2.6373,,,123.8893,23.6329,,,20.507,,,0.158683,,,,,,,,,,,,,,0
2156.3076,2.6518,,,144.2063,20.7862,,,19.2539,,,0.161515,,2.6518,,,144.2063,20.7862,,,19.2539,,,0.161515,,,,,,,,,,,,,,0
2156.46,2.6559,,,151.5636,18.8903,,,17.5278,,,0.164913,,2.6559,,,151.5636,18.8903,,,17.5278,,,0.164913,,,,,,,,,,,,,,0
2156.6124,2.6811,,,147.8469,16.2824,,,16.221,,,0.169635,,2.6811,,,147.8469,16.2824,,,16.221,,,0.169635,,,,,,,,,,,,,,0
2156.7648,2.7021,,,157.2951,15.244,,,15.2765,,,0.1717,,2.7021,,,157.2951,15.244,,,15.2765,,,0.1717,,,,,,,,,,,,,,0
2156.9172,2.7233,,,169.9436,15.182,,,15.1917,,,0.158051,,2.7233,,,169.9436,15.182,,,15.1917,,,0.158051,,,,,,,,,,,,,,0
2157.0696,2.6757,,,145.7455,16.3323,,,15.5303,,,0.133271,,2.6757,,,145.7455,16.3323,,,15.5303,,,0.133271,,,,,,,,,,,,,,0
2157.222,2.6374,,,112.2411,18.1761,,,16.6924,,,0.115372,,2.6374,,,112.2411,18.1761,,,16.6924,,,0.115372,,,,,,,,,,,,,,0
2157.3744,2.6588,,,88.6685,21.1457,,,18.0327,,,0.102154,,2.6588,,,88.6685,21.1457,,,18.0327,,,0.102154,,,,,,,,,,,,,,0
2157.5268,2.628,,,77.4673,22.4546,,,18.7372,,,0.09679,,2.628,,,77.4673,22.4546,,,18.7372,,,0.09679,,,,,,,,,,,,,,0
2157.6792,2.6004,,,86.8037,22.2015,,,18.0397,,,0.103707,,2.6004,,,86.8037,22.2015,,,18.0397,,,0.103707,,,,,,,,,,,,,,0
2157.8316,2.6163,,,91.3628,22.0578,,,17.5538,,,0.11354,,2.6163,,,91.3628,22.0578,,,17.5538,,,0.11354,,,,,,,,,,,,,,0
2157.984,2.6552,,,117.7586,19.6693,,,16.7217,,,0.135551,,2.6552,,,117.7586,19.6693,,,16.7217,,,0.135551,,,,,,,,,,,,,,0
2158.1364,2.67,,,140.082,18.3129,,,15.417,,,0.15717,,2.67,,,140.082,18.3129,,,15.417,,,0.15717,,,,,,,,,,,,,,0
2158.2888,2.6454,,,149.4423,14.7017,,,14.9444,,,0.181131,,2.6454,,,149.4423,14.7017,,,14.9444,,,0.181131,,,,,,,,,,,,,,0
2158.4412,2.6008,,,151.7279,12.6509,,,12.8283,,,0.192157,,2.6008,,,151.7279,12.6509,,,12.8283,,,0.192157,,,,,,,,,,,,,,0
2158.5936,2.6134,,,165.8535,12.3114,,,11.6266,,,0.186705,,2.6134,,,165.8535,12.3114,,,11.6266,,,0.186705,,,,,,,,,,,,,,0
2158.746,2.6441,,,164.4196,11.7791,,,11.3772,,,0.180302,,2.6441,,,164.4196,11.7791,,,11.3772,,,0.180302,,,,,,,,,,,,,,0
2158.8984,2.6421,,,165.6015,11.5863,,,10.9861,,,0.170117,,2.6421,,,165.6015,11.5863,,,10.9861,,,0.170117,,,,,,,,,,,,,,0
2159.0508,2.6384,,,170.5519,11.6602,,,10.8445,,,0.164343,,2.6384,,,170.5519,11.6602,,,10.8445,,,0.164343,,,,,,,,,,,,,,0
2159.2032,2.6632,,,172.0444,11.7761,,,10.7889,,,0.163545,,2.6632,,,172.0444,11.7761,,,10.7889,,,0.163545,,,,,,,,,,,,,,0
2159.3556,2.685,,,169.1106,11.8181,,,10.7573,,,0.164038,,2.685,,,169.1106,11.8181,,,10.7573,,,0.164038,,,,,,,,,,,,,,0
2159.508,2.6916,,,161.7814,11.6794,,,10.463,,,0.174732,,2.6916,,,161.7814,11.6794,,,10.463,,,0.174732,,,,,,,,,,,,,,0
2159.6604,2.6738,,,153.2955,11.1096,,,10.2958,,,0.189912,,2.6738,,,153.2955,11.1096,,,10.2958,,,0.189912,,,,,,,,,,,,,,0
2159.8128,2.6276,,,161.0205,10.1405,,,9.7255,,,0.224539,,2.6276,,,161.0205,10.1405,,,9.7255,,,0.224539,,,,,,,,,,,,,,0
2159.9652,2.5604,,,168.1877,8.0791,,,9.4017,,,0.255295,,2.5604,,,168.1877,8.0791,,,9.4017,,,0.255295,,,,,,,,,,,,,,0
2160.1176,2.4742,,,185.3844,5.4616,,,8.7999,,,0.281094,,2.4742,,,185.3844,5.4616,,,8.7999,,,0.281094,,,,,,,,,,,,,,0
2160.27,2.4544,,,186.2303,6.5278,,,8.4582,,,0.321049,,2.4544,,,186.2303,6.5278,,,8.4582,,,0.321049,,,,,,,,,,,,,,0
2160.4224,2.408,,,184.2002,9.6861,,,9.2329,,,0.364022,,2.408,,,184.2002,9.6861,,,9.2329,,,0.364022,,,,,,,,,,,,,,0
2160.5748,2.3785,,,171.5883,10.8301,,,10.4476,,,0.393916,,2.3785,,,171.5883,10.8301,,,10.4476,,,0.393916,,,,,,,,,,,,,,0
2160.7272,2.4313,,,175.0657,6.8487,,,10.8875,,,0.40486,,2.4313,,,175.0657,6.8487,,,10.8875,,,0.40486,,,,,,,,,,,,,,0
2160.8796,2.3723,,,185.987,4.2577,,,7.4851,,,0.411876,,2.3723,,,185.987,4.2577,,,7.4851,,,0.411876,,,,,,,,,,,,,,0
2161.032,2.2502,,,194.7702,3.4888,,,4.9952,,,0.415674,,2.2502,,,194.7702,3.4888,,,4.9952,,,0.415674,,,,,,,,,,,,,,0
2161.1844,2.2698,,,188.2038,8.3916,,,7.6414,,,0.396292,,2.2698,,,188.2038,8.3916,,,7.6414,,,0.396292,,,,,,,,,,,,,,0
2161.3368,2.4068,,,187.953,16.3229,,,9.8568,,,0.358823,,2.4068,,,187.953,16.3229,,,9.8568,,,0.358823,,,,,,,,,,,,,,0
2161.4892,2.5467,,,180.8504,12.317,,,11.2527,,,0.285159,,2.5467,,,180.8504,12.317,,,11.2527,,,0.285159,,,,,,,,,,,,,,0
2161.6416,2.6029,,,174.4096,13.0685,,,12.4539,,,0.230179,,2.6029,,,174.4096,13.0685,,,12.4539,,,0.230179,,,,,,,,,,,,,,0
2161.794,2.6032,,,182.7337,17.2978,,,15.1124,,,0.191814,,2.6032,,,182.7337,17.2978,,,15.1124,,,0.191814,,,,,,,,,,,,,,0
2161.9464,2.5989,,,182.5082,18.4481,,,16.6651,,,0.168772,,2.5989,,,182.5082,18.4481,,,16.6651,,,0.168772,,,,,,,,,,,,,,0
2162.0988,2.6076,,,159.3444,18.557,,,16.8315,,,0.157977,,2.6076,,,159.3444,18.557,,,16.8315,,,0.157977,,,,,,,,,,,,,,0
2162.2512,2.6376,,,142.4088,20.1934,,,16.9214,,,0.155074,,2.6376,,,142.4088,20.1934,,,16.9214,,,0.155074,,,,,,,,,,,,,,0
2162.4036,2.6877,,,137.8693,19.5028,,,16.8191,,,0.159354,,2.6877,,,137.8693,19.5028,,,16.8191,,,0.159354,,,,,,,,,,,,,,0
2162.556,2.7056,,,140.4326,18.1457,,,16.5824,,,0.164534,,2.7056,,,140.4326,18.1457,,,16.5824,,,0.164534,,,,,,,,,,,,,,0
2162.7084,2.6832,,,147.5684,17.9884,,,16.4937,,,0.170027,,2.6832,,,147.5684,17.9884,,,16.4937,,,0.170027,,,,,,,,,,,,,,0
2162.8608,2.6748,,,147.9411,18.0385,,,16.8122,,,0.174496,,2.6748,,,147.9411,18.0385,,,16.8122,,,0.174496,,,,,,,,,,,,,,0
2163.0132,2.6658,,,155.9204,19.2318,,,16.993,,,0.177586,,2.6658,,,155.9204,19.2318,,,16.993,,,0.177586,,,,,,,,,,,,,,0
2163.1656,2.637,,,168.2119,19.9094,,,18.1442,,,0.178217,,2.637,,,168.2119,19.9094,,,18.1442,,,0.178217,,,,,,,,,,,,,,0
2163.318,2.6008,,,175.7025,22.215,,,18.7979,,,0.17749,,2.6008,,,175.7025,22.215,,,18.7979,,,0.17749,,,,,,,,,,,,,,0
2163.4704,2.5957,,,166.0201,23.5244,,,19.7808,,,0.176052,,2.5957,,,166.0201,23.5244,,,19.7808,,,0.176052,,,,,,,,,,,,,,0
2163.6228,2.5967,,,155.9448,23.6329,,,20.339,,,0.17827,,2.5967,,,155.9448,23.6329,,,20.339,,,0.17827,,,,,,,,,,,,,,0
2163.7752,2.5845,,,155.8684,23.803,,,20.1936,,,0.186852,,2.5845,,,155.8684,23.803,,,20.1936,,,0.186852,,,,,,,,,,,,,,0
2163.9276,2.5865,,,159.2278,23.8646,,,20.1111,,,0.193224,,2.5865,,,159.2278,23.8646,,,20.1111,,,0.193224,,,,,,,,,,,,,,0
2164.08,2.5972,,,162.4173,22.2749,,,19.3987,,,0.190837,,2.5972,,,162.4173,22.2749,,,19.3987,,,0.190837,,,,,,,,,,,,,,0
2164.2324,2.6021,,,167.589,21.3721,,,18.9941,,,0.183343,,2.6021,,,167.589,21.3721,,,18.9941,,,0.183343,,,,,,,,,,,,,,0
2164.3848,2.6236,,,154.4354,20.288,,,18.6829,,,0.1641,,2.6236,,,154.4354,20.288,,,18.6829,,,0.1641,,,,,,,,,,,,,,0
2164.5372,2.6662,,,140.2803,19.6723,,,18.5062,,,0.145269,,2.6662,,,140.2803,19.6723,,,18.5062,,,0.145269,,,,,,,,,,,,,,0
2164.6896,2.6819,,,142.06,20.1003,,,18.8217,,,0.12462,,2.6819,,,142.06,20.1003,,,18.8217,,,0.12462,,,,,,,,,,,,,,0
2164.842,2.6675,,,133.3732,20.3434,,,19.0008,,,0.111089,,2.6675,,,133.3732,20.3434,,,19.0008,,,0.111089,,,,,,,,,,,,,,0
2164.9944,2.6389,,,114.2722,20.7984,,,19.0456,,,0.100455,,2.6389,,,114.2722,20.7984,,,19.0456,,,0.100455,,,,,,,,,,,,,,0
2165.1468,2.6106,,,102.4476,21.0568,,,19.0711,,,0.092939,,2.6106,,,102.4476,21.0568,,,19.0711,,,0.092939,,,,,,,,,,,,,,0
2165.2992,2.6018,,,94.9538,20.7665,,,18.9911,,,0.088968,,2.6018,,,94.9538,20.7665,,,18.9911,,,0.088968,,,,,,,,,,,,,,0
2165.4516,2.5911,,,91.9928,20.7291,,,18.9456,,,0.087636,,2.5911,,,91.9928,20.7291,,,18.9456,,,0.087636,,,,,,,,,,,,,,0
2165.604,2.5859,,,88.2814,20.4557,,,18.7502,,,0.090087,,2.5859,,,88.2814,20.4557,,,18.7502,,,0.090087,,,,,,,,,,,,,,0
2165.7564,2.6127,,,96.4077,19.8245,,,18.247,,,0.09488,,2.6127,,,96.4077,19.8245,,,18.247,,,0.09488,,,,,,,,,,,,,,0
2165.9088,2.6343,,,114.3429,19.5248,,,17.7585,,,0.102349,,2.6343,,,114.3429,19.5248,,,17.7585,,,0.102349,,,,,,,,,,,,,,0
2166.0612,2.6354,,,117.0508,19.4948,,,17.4935,,,0.107477,,2.6354,,,117.0508,19.4948,,,17.4935,,,0.107477,,,,,,,,,,,,,,0
2166.2136,2.6393,,,118.5474,18.8495,,,16.99,,,0.113766,,2.6393,,,118.5474,18.8495,,,16.99,,,0.113766,,,,,,,,,,,,,,0
2166.366,2.6448,,,122.2148,17.9999,,,16.6406,,,0.120591,,2.6448,,,122.2148,17.9999,,,16.6406,,,0.120591,,,,,,,,,,,,,,0
2166.5184,2.6472,,,123.2225,16.9431,,,16.1728,,,0.132303,,2.6472,,,123.2225,16.9431,,,16.1728,,,0.132303,,,,,,,,,,,,,,0
2166.6708,2.6542,,,138.1373,15.9469,,,15.4023,,,0.147586,,2.6542,,,138.1373,15.9469,,,15.4023,,,0.147586,,,,,,,,,,,,,,0
2166.8232,2.6601,,,150.7557,15.4564,,,14.6317,,,0.156261,,2.6601,,,150.7557,15.4564,,,14.6317,,,0.156261,,,,,,,,,,,,,,0
2166.9756,2.6611,,,157.5435,15.393,,,14.4352,,,0.161572,,2.6611,,,157.5435,15.393,,,14.4352,,,0.161572,,,,,,,,,,,,,,0
2167.128,2.666,,,157.0342,15.4513,,,14.4899,,,0.165577,,2.666,,,157.0342,15.4513,,,14.4899,,,0.165577,,,,,,,,,,,,,,0
2167.2804,2.6554,,,154.0104,15.4724,,,14.524,,,0.16957,,2.6554,,,154.0104,15.4724,,,14.524,,,0.16957,,,,,,,,,,,,,,0
2167.4328,2.6499,,,153.4612,15.6761,,,14.5382,,,0.172348,,2.6499,,,153.4612,15.6761,,,14.5382,,,0.172348,,,,,,,,,,,,,,0
2167.5852,2.6554,,,153.4755,15.7918,,,14.625,,,0.171023,,2.6554,,,153.4755,15.7918,,,14.625,,,0.171023,,,,,,,,,,,,,,0
2167.7376,2.6563,,,141.405,15.9192,,,14.6743,,,0.170346,,2.6563,,,141.405,15.9192,,,14.6743,,,0.170346,,,,,,,,,,,,,,0
2167.89,2.6554,,,137.1363,16.1189,,,14.5941,,,0.166901,,2.6554,,,137.1363,16.1189,,,14.5941,,,0.166901,,,,,,,,,,,,,,0
2168.0424,2.6567,,,149.3891,16.1912,,,14.5486,,,0.161994,,2.6567,,,149.3891,16.1912,,,14.5486,,,0.161994,,,,,,,,,,,,,,0
2168.1948,2.65,,,149.3954,16.2469,,,14.6364,,,0.159762,,2.65,,,149.3954,16.2469,,,14.6364,,,0.159762,,,,,,,,,,,,,,0
2168.3472,2.6595,,,154.3942,16.2785,,,14.6862,,,0.15991,,2.6595,,,154.3942,16.2785,,,14.6862,,,0.15991,,,,,,,,,,,,,,0
2168.4996,2.6623,,,158.6716,16.3164,,,14.3646,,,0.16122,,2.6623,,,158.6716,16.3164,,,14.3646,,,0.16122,,,,,,,,,,,,,,0
2168.652,2.6675,,,159.0519,16.3379,,,14.182,,,0.163522,,2.6675,,,159.0519,16.3379,,,14.182,,,0.163522,,,,,,,,,,,,,,0
2168.8044,2.6749,,,156.1446,16.0364,,,14.3223,,,0.162778,,2.6749,,,156.1446,16.0364,,,14.3223,,,0.162778,,,,,,,,,,,,,,0
2168.9568,2.6783,,,155.8909,15.8652,,,14.4019,,,0.160206,,2.6783,,,155.8909,15.8652,,,14.4019,,,0.160206,,,,,,,,,,,,,,0
2169.1092,2.6628,,,155.455,16.0573,,,14.4252,,,0.158598,,2.6628,,,155.455,16.0573,,,14.4252,,,0.158598,,,,,,,,,,,,,,0
2169.2616,2.6532,,,160.0221,16.1664,,,14.4385,,,0.158328,,2.6532,,,160.0221,16.1664,,,14.4385,,,0.158328,,,,,,,,,,,,,,0
2169.414,2.6523,,,155.1643,16.0895,,,14.2351,,,0.158783,,2.6523,,,155.1643,16.0895,,,14.2351,,,0.158783,,,,,,,,,,,,,,0
2169.5664,2.6406,,,148.6348,16.0459,,,13.9162,,,0.158681,,2.6406,,,148.6348,16.0459,,,13.9162,,,0.158681,,,,,,,,,,,,,,0
2169.7188,2.6367,,,150.9829,15.1997,,,13.8007,,,0.160541,,2.6367,,,150.9829,15.1997,,,13.8007,,,0.160541,,,,,,,,,,,,,,0
2169.8712,2.6486,,,154.0195,14.7192,,,13.2109,,,0.161445,,2.6486,,,154.0195,14.7192,,,13.2109,,,0.161445,,,,,,,,,,,,,,0
2170.0236,2.661,,,148.4012,14.2179,,,12.8759,,,0.161045,,2.661,,,148.4012,14.2179,,,12.8759,,,0.161045,,,,,,,,,,,,,,0
2170.176,2.6781,,,144.1999,13.9332,,,12.2319,,,0.163643,,2.6781,,,144.1999,13.9332,,,12.2319,,,0.163643,,,,,,,,,,,,,,0
2170.3284,2.6774,,,142.5944,13.2189,,,11.8662,,,0.169154,,2.6774,,,142.5944,13.2189,,,11.8662,,,0.169154,,,,,,,,,,,,,,0
2170.4808,2.6842,,,142.8522,12.0991,,,10.7841,,,0.18135,,2.6842,,,142.8522,12.0991,,,10.7841,,,0.18135,,,,,,,,,,,,,,0
2170.6332,2.6923,,,153.3802,11.6935,,,10.1695,,,0.191975,,2.6923,,,153.3802,11.6935,,,10.1695,,,0.191975,,,,,,,,,,,,,,0
2170.7856,2.6893,,,156.7721,10.3804,,,9.1787,,,0.200094,,2.6893,,,156.7721,10.3804,,,9.1787,,,0.200094,,,,,,,,,,,,,,0
2170.938,2.6899,,,159.9151,9.6347,,,8.6161,,,0.202271,,2.6899,,,159.9151,9.6347,,,8.6161,,,0.202271,,,,,,,,,,,,,,0
2171.0904,2.6902,,,178.6309,9.0914,,,8.2841,,,0.201481,,2.6902,,,178.6309,9.0914,,,8.2841,,,0.201481,,,,,,,,,,,,,,0
2171.2428,2.695,,,182.3182,8.7829,,,8.0955,,,0.199259,,2.695,,,182.3182,8.7829,,,8.0955,,,0.199259,,,,,,,,,,,,,,0
2171.3952,2.7066,,,170.2299,8.4629,,,7.9597,,,0.193891,,2.7066,,,170.2299,8.4629,,,7.9597,,,0.193891,,,,,,,,,,,,,,0
2171.5476,2.703,,,168.603,8.2812,,,7.7468,,,0.191691,,2.703,,,168.603,8.2812,,,7.7468,,,0.191691,,,,,,,,,,,,,,0
2171.7,2.7069,,,168.6891,8.0107,,,7.6697,,,0.193713,,2.7069,,,168.6891,8.0107,,,7.6697,,,0.193713,,,,,,,,,,,,,,0
2171.8524,2.72,,,169.3608,7.8571,,,7.335,,,0.19531,,2.72,,,169.3608,7.8571,,,7.335,,,0.19531,,,,,,,,,,,,,,0
2172.0048,2.7232,,,164.582,7.6173,,,7.145,,,0.199554,,2.7232,,,164.582,7.6173,,,7.145,,,0.199554,,,,,,,,,,,,,,0
2172.1572,2.711,,,166.0564,7.4811,,,6.9972,,,0.205117,,2.711,,,166.0564,7.4811,,,6.9972,,,0.205117,,,,,,,,,,,,,,0
2172.3096,2.7031,,,167.8873,7.602,,,6.9132,,,0.211592,,2.7031,,,167.8873,7.602,,,6.9132,,,0.211592,,,,,,,,,,,,,,0
2172.462,2.7068,,,166.2716,7.7916,,,7.0884,,,0.215858,,2.7068,,,166.2716,7.7916,,,7.0884,,,0.215858,,,,,,,,,,,,,,0
2172.6144,2.7109,,,165.7365,7.8603,,,7.3632,,,0.210677,,2.7109,,,165.7365,7.8603,,,7.3632,,,0.210677,,,,,,,,,,,,,,0
2172.7668,2.7113,,,166.3356,8.3939,,,7.4627,,,0.20146,,2.7113,,,166.3356,8.3939,,,7.4627,,,0.20146,,,,,,,,,,,,,,0
2172.9192,2.7065,,,160.2859,8.697,,,7.8518,,,0.191567,,2.7065,,,160.2859,8.697,,,7.8518,,,0.191567,,,,,,,,,,,,,,0
2173.0716,2.6887,,,155.7913,9.2542,,,8.2566,,,0.184866,,2.6887,,,155.7913,9.2542,,,8.2566,,,0.184866,,,,,,,,,,,,,,0
2173.224,2.6813,,,153.6834,9.5707,,,8.5451,,,0.183838,,2.6813,,,153.6834,9.5707,,,8.5451,,,0.183838,,,,,,,,,,,,,,0
2173.3764,2.6781,,,155.6805,9.1711,,,8.6496,,,0.19045,,2.6781,,,155.6805,9.1711,,,8.6496,,,0.19045,,,,,,,,,,,,,,0
2173.5288,2.6747,,,162.4575,8.9442,,,8.2485,,,0.19974,,2.6747,,,162.4575,8.9442,,,8.2485,,,0.19974,,,,,,,,,,,,,,0
2173.6812,2.7023,,,164.2036,8.8126,,,8.0207,,,0.215246,,2.7023,,,164.2036,8.8126,,,8.0207,,,0.215246,,,,,,,,,,,,,,0
2173.8336,2.72,,,168.2894,8.7379,,,8.1175,,,0.228004,,2.72,,,168.2894,8.7379,,,8.1175,,,0.228004,,,,,,,,,,,,,,0
2173.986,2.6928,,,182.3052,9.2585,,,8.1725,,,0.243865,,2.6928,,,182.3052,9.2585,,,8.1725,,,0.243865,,,,,,,,,,,,,,0
2174.1384,2.6684,,,187.3835,10.0748,,,8.8258,,,0.25859,,2.6684,,,187.3835,10.0748,,,8.8258,,,0.25859,,,,,,,,,,,,,,0
2174.2908,2.6328,,,174.3922,10.3704,,,9.85,,,0.274572,,2.6328,,,174.3922,10.3704,,,9.85,,,0.274572,,,,,,,,,,,,,,0
2174.4432,2.574,,,168.9788,11.4712,,,10.221,,,0.286302,,2.574,,,168.9788,11.4712,,,10.221,,,0.286302,,,,,,,,,,,,,,0
2174.5956,2.5146,,,171.4426,12.0964,,,12.4859,,,0.313946,,2.5146,,,171.4426,12.0964,,,12.4859,,,0.313946,,,,,,,,,,,,,,0
2174.748,2.4645,,,164.9941,10.3145,,,13.7722,,,0.344009,,2.4645,,,164.9941,10.3145,,,13.7722,,,0.344009,,,,,,,,,,,,,,0
2174.9004,2.4141,,,150.5629,7.5207,,,10.9694,,,0.382183,,2.4141,,,150.5629,7.5207,,,10.9694,,,0.382183,,,,,,,,,,,,,,0
2175.0528,2.4199,,,148.604,6.5088,,,9.3777,,,0.408458,,2.4199,,,148.604,6.5088,,,9.3777,,,0.408458,,,,,,,,,,,,,,0
2175.2052,2.4101,,,156.4253,3.7528,,,6.0101,,,0.423503,,2.4101,,,156.4253,3.7528,,,6.0101,,,0.423503,,,,,,,,,,,,,,0
2175.3576,2.2931,,,164.3541,2.1877,,,4.0976,,,0.40983,,2.2931,,,164.3541,2.1877,,,4.0976,,,0.40983,,,,,,,,,,,,,,0
2175.51,2.284,,,156.8804,2.7625,,,6.1278,,,0.335157,,2.284,,,156.8804,2.7625,,,6.1278,,,0.335157,,,,,,,,,,,,,,0
2175.6624,2.4034,,,156.8334,3.089,,,9.311,,,0.269306,,2.4034,,,156.8334,3.089,,,9.311,,,0.269306,,,,,,,,,,,,,,0
2175.8148,2.4946,,,137.3661,5.2436,,,10.464,,,0.204028,,2.4946,,,137.3661,5.2436,,,10.464,,,0.204028,,,,,,,,,,,,,,0
2175.9672,2.4948,,,99.2165,6.4672,,,11.8421,,,0.161257,,2.4948,,,99.2165,6.4672,,,11.8421,,,0.161257,,,,,,,,,,,,,,0
2176.1196,2.4122,,,59.8896,5.9496,,,12.6248,,,0.140928,,2.4122,,,59.8896,5.9496,,,12.6248,,,0.140928,,,,,,,,,,,,,,0
2176.272,2.3977,,,51.6012,6.3622,,,11.0986,,,0.135065,,2.3977,,,51.6012,6.3622,,,11.0986,,,0.135065,,,,,,,,,,,,,,0
2176.4244,2.4436,,,66.0005,8.061,,,12.3812,,,0.135309,,2.4436,,,66.0005,8.061,,,12.3812,,,0.135309,,,,,,,,,,,,,,0
2176.5768,2.5203,,,84.5017,10.8661,,,15.4159,,,0.133478,,2.5203,,,84.5017,10.8661,,,15.4159,,,0.133478,,,,,,,,,,,,,,0
2176.7292,2.5844,,,101.0401,12.0407,,,17.2602,,,0.135625,,2.5844,,,101.0401,12.0407,,,17.2602,,,0.135625,,,,,,,,,,,,,,0
2176.8816,2.6212,,,127.8476,15.7967,,,18.2374,,,0.143842,,2.6212,,,127.8476,15.7967,,,18.2374,,,0.143842,,,,,,,,,,,,,,0
2177.034,2.6335,,,145.3877,17.9297,,,18.5298,,,0.150817,,2.6335,,,145.3877,17.9297,,,18.5298,,,0.150817,,,,,,,,,,,,,,0
2177.1864,2.6425,,,158.261,17.6896,,,17.4711,,,0.157356,,2.6425,,,158.261,17.6896,,,17.4711,,,0.157356,,,,,,,,,,,,,,0
2177.3388,2.6466,,,166.9282,17.5532,,,16.8699,,,0.160893,,2.6466,,,166.9282,17.5532,,,16.8699,,,0.160893,,,,,,,,,,,,,,0
2177.4912,2.6566,,,153.6572,17.0002,,,16.5171,,,0.156872,,2.6566,,,153.6572,17.0002,,,16.5171,,,0.156872,,,,,,,,,,,,,,0
2177.6436,2.6499,,,146.9147,16.6862,,,16.3167,,,0.14958,,2.6499,,,146.9147,16.6862,,,16.3167,,,0.14958,,,,,,,,,,,,,,0
2177.796,2.5816,,,121.6514,15.4406,,,16.445,,,0.131019,,2.5816,,,121.6514,15.4406,,,16.445,,,0.131019,,,,,,,,,,,,,,0
2177.9484,2.5184,,,101.6032,14.7333,,,16.6461,,,0.116451,,2.5184,,,101.6032,14.7333,,,16.6461,,,0.116451,,,,,,,,,,,,,,0
2178.1008,2.5121,,,81.0503,16.0378,,,16.7189,,,0.107943,,2.5121,,,81.0503,16.0378,,,16.7189,,,0.107943,,,,,,,,,,,,,,0
2178.2532,2.5373,,,71.2747,16.7786,,,17.2182,,,0.103943,,2.5373,,,71.2747,16.7786,,,17.2182,,,0.103943,,,,,,,,,,,,,,0
2178.4056,2.5698,,,75.1668,18.2038,,,17.5017,,,0.105632,,2.5698,,,75.1668,18.2038,,,17.5017,,,0.105632,,,,,,,,,,,,,,0
2178.558,2.6049,,,85.8529,19.0131,,,17.7183,,,0.110089,,2.6049,,,85.8529,19.0131,,,17.7183,,,0.110089,,,,,,,,,,,,,,0
2178.7104,2.6353,,,119.6696,20.0657,,,17.8413,,,0.12,,2.6353,,,119.6696,20.0657,,,17.8413,,,0.12,,,,,,,,,,,,,,0
2178.8628,2.6536,,,142.5575,20.6635,,,18.1824,,,0.119498,,2.6536,,,142.5575,20.6635,,,18.1824,,,0.119498,,,,,,,,,,,,,,0
2179.0152,2.6546,,,141.2756,20.8081,,,18.3761,,,0.113092,,2.6546,,,141.2756,20.8081,,,18.3761,,,0.113092,,,,,,,,,,,,,,0
2179.1676,2.642,,,144.6966,21.0348,,,18.54,,,0.109442,,2.642,,,144.6966,21.0348,,,18.54,,,0.109442,,,,,,,,,,,,,,0
2179.32,2.6631,,,143.1391,21.1169,,,18.7969,,,0.106969,,2.6631,,,143.1391,21.1169,,,18.7969,,,0.106969,,,,,,,,,,,,,,0
2179.4724,2.6747,,,135.3185,20.9683,,,18.2903,,,0.107631,,2.6747,,,135.3185,20.9683,,,18.2903,,,0.107631,,,,,,,,,,,,,,0
2179.6248,2.6698,,,147.9382,20.8839,,,17.9497,,,0.11035,,2.6698,,,147.9382,20.8839,,,17.9497,,,0.11035,,,,,,,,,,,,,,0
2179.7772,2.6819,,,162.8351,19.1846,,,16.8612,,,0.139463,,2.6819,,,162.8351,19.1846,,,16.8612,,,0.139463,,,,,,,,,,,,,,0
2179.9296,2.6827,,,162.8136,18.2196,,,16.2431,,,0.154571,,2.6827,,,162.8136,18.2196,,,16.2431,,,0.154571,,,,,,,,,,,,,,0
2180.082,2.6606,,,148.5742,17.5721,,,15.8908,,,0.151613,,2.6606,,,148.5742,17.5721,,,15.8908,,,0.151613,,,,,,,,,,,,,,0
2180.2344,2.6612,,,144.7518,17.2044,,,15.6907,,,0.147968,,2.6612,,,144.7518,17.2044,,,15.6907,,,0.147968,,,,,,,,,,,,,,0
2180.3868,2.6503,,,149.9417,18.0021,,,15.821,,,0.140641,,2.6503,,,149.9417,18.0021,,,15.821,,,0.140641,,,,,,,,,,,,,,0
2180.5392,2.6289,,,146.9266,18.4551,,,16.0254,,,0.136562,,2.6289,,,146.9266,18.4551,,,16.0254,,,0.136562,,,,,,,,,,,,,,0
2180.6916,2.6469,,,139.2524,18.1609,,,16.0994,,,0.140091,,2.6469,,,139.2524,18.1609,,,16.0994,,,0.140091,,,,,,,,,,,,,,0
2180.844,2.6864,,,139.546,17.9938,,,15.089,,,0.14517,,2.6864,,,139.546,17.9938,,,15.089,,,0.14517,,,,,,,,,,,,,,0
2180.9964,2.6702,,,148.681,15.7801,,,14.5152,,,0.153816,,2.6702,,,148.681,15.7801,,,14.5152,,,0.153816,,,,,,,,,,,,,,0
2181.1488,2.6618,,,152.4321,14.523,,,12.9559,,,0.162137,,2.6618,,,152.4321,14.523,,,12.9559,,,0.162137,,,,,,,,,,,,,,0
2181.3012,2.6615,,,154.4804,12.5249,,,12.0704,,,0.169383,,2.6615,,,154.4804,12.5249,,,12.0704,,,0.169383,,,,,,,,,,,,,,0
2181.4536,2.673,,,163.6443,11.3901,,,10.91,,,0.172674,,2.673,,,163.6443,11.3901,,,10.91,,,0.172674,,,,,,,,,,,,,,0
2181.606,2.7386,,,159.9499,11.1699,,,10.251,,,0.170959,,2.7386,,,159.9499,11.1699,,,10.251,,,0.170959,,,,,,,,,,,,,,0
2181.7584,2.7818,,,148.0179,10.8245,,,10.0096,,,0.168716,,2.7818,,,148.0179,10.8245,,,10.0096,,,0.168716,,,,,,,,,,,,,,0
2181.9108,2.7389,,,142.5783,10.6994,,,9.6312,,,0.167143,,2.7389,,,142.5783,10.6994,,,9.6312,,,0.167143,,,,,,,,,,,,,,0
2182.0632,2.7033,,,144.208,9.9085,,,9.4941,,,0.166345,,2.7033,,,144.208,9.9085,,,9.4941,,,0.166345,,,,,,,,,,,,,,0
2182.2156,2.6981,,,154.9313,9.4594,,,8.9712,,,0.166328,,2.6981,,,154.9313,9.4594,,,8.9712,,,0.166328,,,,,,,,,,,,,,0
2182.368,2.6934,,,167.357,8.9747,,,8.6743,,,0.168505,,2.6934,,,167.357,8.9747,,,8.6743,,,0.168505,,,,,,,,,,,,,,0
2182.5204,2.69,,,165.1372,8.6995,,,8.4465,,,0.17308,,2.69,,,165.1372,8.6995,,,8.4465,,,0.17308,,,,,,,,,,,,,,0
2182.6728,2.6912,,,169.1747,8.7061,,,7.9044,,,0.179273,,2.6912,,,169.1747,8.7061,,,7.9044,,,0.179273,,,,,,,,,,,,,,0
2182.8252,2.7019,,,172.6534,8.7098,,,7.6699,,,0.181381,,2.7019,,,172.6534,8.7098,,,7.6699,,,0.181381,,,,,,,,,,,,,,0
2182.9776,2.6876,,,159.475,8.8715,,,8.5604,,,0.181646,,2.6876,,,159.475,8.8715,,,8.5604,,,0.181646,,,,,,,,,,,,,,0
2183.13,2.6688,,,158.6336,8.9633,,,9.0661,,,0.183239,,2.6688,,,158.6336,8.9633,,,9.0661,,,0.183239,,,,,,,,,,,,,,0
2183.2824,2.6605,,,155.6817,9.4666,,,10.0104,,,0.180237,,2.6605,,,155.6817,9.4666,,,10.0104,,,0.180237,,,,,,,,,,,,,,0
2183.4348,2.5721,,,143.9826,9.7525,,,10.5467,,,0.171467,,2.5721,,,143.9826,9.7525,,,10.5467,,,0.171467,,,,,,,,,,,,,,0
2183.5872,2.5148,,,115.6373,11.2988,,,12.488,,,0.155965,,2.5148,,,115.6373,11.2988,,,12.488,,,0.155965,,,,,,,,,,,,,,0
2183.7396,2.4667,,,87.9434,12.177,,,13.5905,,,0.144389,,2.4667,,,87.9434,12.177,,,13.5905,,,0.144389,,,,,,,,,,,,,,0
2183.892,2.4459,,,70.3998,12.6114,,,14.2514,,,0.134329,,2.4459,,,70.3998,12.6114,,,14.2514,,,0.134329,,,,,,,,,,,,,,0
2184.0444,2.4547,,,71.4759,12.8581,,,15.2875,,,0.128861,,2.4547,,,71.4759,12.8581,,,15.2875,,,0.128861,,,,,,,,,,,,,,0
2184.1968,2.4874,,,82.5051,13.875,,,15.6628,,,0.129631,,2.4874,,,82.5051,13.875,,,15.6628,,,0.129631,,,,,,,,,,,,,,0
2184.3492,2.5175,,,96.2476,14.4525,,,16.5794,,,0.130883,,2.5175,,,96.2476,14.4525,,,16.5794,,,0.130883,,,,,,,,,,,,,,0
2184.5016,2.5153,,,99.1951,13.5463,,,17.1,,,0.131036,,2.5153,,,99.1951,13.5463,,,17.1,,,0.131036,,,,,,,,,,,,,,0
2184.654,2.4986,,,89.5293,12.1253,,,16.5504,,,0.132339,,2.4986,,,89.5293,12.1253,,,16.5504,,,0.132339,,,,,,,,,,,,,,0
2184.8064,2.5368,,,90.5024,12.7147,,,15.6888,,,0.135013,,2.5368,,,90.5024,12.7147,,,15.6888,,,0.135013,,,,,,,,,,,,,,0
2184.9588,2.5927,,,103.0283,14.4339,,,16.2605,,,0.138205,,2.5927,,,103.0283,14.4339,,,16.2605,,,0.138205,,,,,,,,,,,,,,0
2185.1112,2.6128,,,116.1732,16.8198,,,16.9504,,,0.140548,,2.6128,,,116.1732,16.8198,,,16.9504,,,0.140548,,,,,,,,,,,,,,0
2185.2636,2.6085,,,121.6005,17.8226,,,17.0376,,,0.141646,,2.6085,,,121.6005,17.8226,,,17.0376,,,0.141646,,,,,,,,,,,,,,0
2185.416,2.6343,,,119.238,16.8995,,,16.5375,,,0.149554,,2.6343,,,119.238,16.8995,,,16.5375,,,0.149554,,,,,,,,,,,,,,0
2185.5684,2.6388,,,126.4884,16.3714,,,16.0041,,,0.158747,,2.6388,,,126.4884,16.3714,,,16.0041,,,0.158747,,,,,,,,,,,,,,0
2185.7208,2.6312,,,146.4637,16.3681,,,15.0166,,,0.171003,,2.6312,,,146.4637,16.3681,,,15.0166,,,0.171003,,,,,,,,,,,,,,0
2185.8732,2.6368,,,148.1467,14.4022,,,12.7508,,,0.176209,,2.6368,,,148.1467,14.4022,,,12.7508,,,0.176209,,,,,,,,,,,,,,0
2186.0256,2.6711,,,142.0566,13.2861,,,11.7356,,,0.171253,,2.6711,,,142.0566,13.2861,,,11.7356,,,0.171253,,,,,,,,,,,,,,0
2186.178,2.6942,,,133.202,12.8276,,,11.6459,,,0.156956,,2.6942,,,133.202,12.8276,,,11.6459,,,0.156956,,,,,,,,,,,,,,0
2186.3304,2.6887,,,117.1409,12.5672,,,11.595,,,0.145234,,2.6887,,,117.1409,12.5672,,,11.595,,,0.145234,,,,,,,,,,,,,,0
2186.4828,2.6856,,,115.3177,12.7275,,,11.2827,,,0.135603,,2.6856,,,115.3177,12.7275,,,11.2827,,,0.135603,,,,,,,,,,,,,,0
2186.6352,2.6884,,,123.0512,12.8185,,,11.1053,,,0.131736,,2.6884,,,123.0512,12.8185,,,11.1053,,,0.131736,,,,,,,,,,,,,,0
2186.7876,2.6898,,,137.3986,11.4141,,,9.7529,,,0.137759,,2.6898,,,137.3986,11.4141,,,9.7529,,,0.137759,,,,,,,,,,,,,,0
2186.94,2.7083,,,135.9618,10.6165,,,8.9848,,,0.14592,,2.7083,,,135.9618,10.6165,,,8.9848,,,0.14592,,,,,,,,,,,,,,0
2187.0924,2.7076,,,144.84,9.2708,,,8.5462,,,0.157848,,2.7076,,,144.84,9.2708,,,8.5462,,,0.157848,,,,,,,,,,,,,,0
2187.2448,2.6915,,,156.7417,8.5066,,,7.8584,,,0.167628,,2.6915,,,156.7417,8.5066,,,7.8584,,,0.167628,,,,,,,,,,,,,,0
2187.3972,2.6773,,,164.1707,7.8992,,,7.6093,,,0.173644,,2.6773,,,164.1707,7.8992,,,7.6093,,,0.173644,,,,,,,,,,,,,,0
2187.5496,2.6769,,,172.3743,7.5543,,,7.4116,,,0.178279,,2.6769,,,172.3743,7.5543,,,7.4116,,,0.178279,,,,,,,,,,,,,,0
2187.702,2.6984,,,159.5681,7.5826,,,7.2993,,,0.184775,,2.6984,,,159.5681,7.5826,,,7.2993,,,0.184775,,,,,,,,,,,,,,0
2187.8544,2.7103,,,149.8118,7.5987,,,7.2756,,,0.18862,,2.7103,,,149.8118,7.5987,,,7.2756,,,0.18862,,,,,,,,,,,,,,0
2188.0068,2.6919,,,155.6774,7.5634,,,7.2621,,,0.192389,,2.6919,,,155.6774,7.5634,,,7.2621,,,0.192389,,,,,,,,,,,,,,0
2188.1592,2.6881,,,168.3708,7.5079,,,7.3109,,,0.19369,,2.6881,,,168.3708,7.5079,,,7.3109,,,0.19369,,,,,,,,,,,,,,0
2188.3116,2.6782,,,166.8736,7.4878,,,7.3874,,,0.190083,,2.6782,,,166.8736,7.4878,,,7.3874,,,0.190083,,,,,,,,,,,,,,0
2188.464,2.6671,,,154.3967,8.3724,,,7.4151,,,0.185968,,2.6671,,,154.3967,8.3724,,,7.4151,,,0.185968,,,,,,,,,,,,,,0
2188.6164,2.6722,,,155.3103,8.8747,,,8.101,,,0.179853,,2.6722,,,155.3103,8.8747,,,8.101,,,0.179853,,,,,,,,,,,,,,0
2188.7688,2.6735,,,155.0674,9.8482,,,9.0667,,,0.173273,,2.6735,,,155.0674,9.8482,,,9.0667,,,0.173273,,,,,,,,,,,,,,0
2188.9212,2.6645,,,154.2878,10.401,,,9.3939,,,0.168549,,2.6645,,,154.2878,10.401,,,9.3939,,,0.168549,,,,,,,,,,,,,,0
2189.0736,2.6744,,,157.7621,10.5806,,,9.3761,,,0.167738,,2.6744,,,157.7621,10.5806,,,9.3761,,,0.167738,,,,,,,,,,,,,,0
2189.226,2.6904,,,155.0247,10.6826,,,9.3482,,,0.168291,,2.6904,,,155.0247,10.6826,,,9.3482,,,0.168291,,,,,,,,,,,,,,0
2189.3784,2.6873,,,156.8242,10.5191,,,9.3381,,,0.167252,,2.6873,,,156.8242,10.5191,,,9.3381,,,0.167252,,,,,,,,,,,,,,0
2189.5308,2.6765,,,148.1402,10.4263,,,9.1619,,,0.164113,,2.6765,,,148.1402,10.4263,,,9.1619,,,0.164113,,,,,,,,,,,,,,0
2189.6832,2.6746,,,148.0196,10.2742,,,9.0619,,,0.162062,,2.6746,,,148.0196,10.2742,,,9.0619,,,0.162062,,,,,,,,,,,,,,0
2189.8356,2.6829,,,159.8973,10.1878,,,8.9732,,,0.162083,,2.6829,,,159.8973,10.1878,,,8.9732,,,0.162083,,,,,,,,,,,,,,0
2189.988,2.7002,,,152.0491,10.1275,,,8.9148,,,0.165999,,2.7002,,,152.0491,10.1275,,,8.9148,,,0.165999,,,,,,,,,,,,,,0
2190.1404,2.6912,,,144.4654,9.8341,,,8.8262,,,0.169886,,2.6912,,,144.4654,9.8341,,,8.8262,,,0.169886,,,,,,,,,,,,,,0
2190.2928,2.6886,,,147.5926,9.3263,,,8.3474,,,0.173898,,2.6886,,,147.5926,9.3263,,,8.3474,,,0.173898,,,,,,,,,,,,,,0
2190.4452,2.6953,,,151.7323,8.6916,,,7.848,,,0.178343,,2.6953,,,151.7323,8.6916,,,7.848,,,0.178343,,,,,,,,,,,,,,0
2190.5976,2.7,,,150.6884,8.2414,,,7.5968,,,0.183599,,2.7,,,150.6884,8.2414,,,7.5968,,,0.183599,,,,,,,,,,,,,,0
2190.75,2.6917,,,153.103,7.8507,,,7.4244,,,0.186848,,2.6917,,,153.103,7.8507,,,7.4244,,,0.186848,,,,,,,,,,,,,,0
2190.9024,2.697,,,165.9064,7.6193,,,7.3416,,,0.188202,,2.697,,,165.9064,7.6193,,,7.3416,,,0.188202,,,,,,,,,,,,,,0
2191.0548,2.7097,,,160.9015,7.5805,,,7.3847,,,0.189429,,2.7097,,,160.9015,7.5805,,,7.3847,,,0.189429,,,,,,,,,,,,,,0
2191.2072,2.7076,,,158.6326,7.4516,,,7.0503,,,0.189964,,2.7076,,,158.6326,7.4516,,,7.0503,,,0.189964,,,,,,,,,,,,,,0
2191.3596,2.7009,,,161.2082,7.3769,,,7.1057,,,0.189809,,2.7009,,,161.2082,7.3769,,,7.1057,,,0.189809,,,,,,,,,,,,,,0
2191.512,2.7026,,,151.6232,7.9431,,,7.2549,,,0.184853,,2.7026,,,151.6232,7.9431,,,7.2549,,,0.184853,,,,,,,,,,,,,,0
2191.6644,2.6958,,,155.954,8.8307,,,8.4238,,,0.176615,,2.6958,,,155.954,8.8307,,,8.4238,,,0.176615,,,,,,,,,,,,,,0
2191.8168,2.6911,,,154.0089,9.1522,,,9.0876,,,0.157236,,2.6911,,,154.0089,9.1522,,,9.0876,,,0.157236,,,,,,,,,,,,,,0
2191.9692,2.6765,,,136.4254,11.2229,,,10.9037,,,0.135818,,2.6765,,,136.4254,11.2229,,,10.9037,,,0.135818,,,,,,,,,,,,,,0
2192.1216,2.6621,,,122.4385,12.3988,,,11.9351,,,0.125201,,2.6621,,,122.4385,12.3988,,,11.9351,,,0.125201,,,,,,,,,,,,,,0
2192.274,2.6683,,,123.6833,14.023,,,12.903,,,0.114426,,2.6683,,,123.6833,14.023,,,12.903,,,0.114426,,,,,,,,,,,,,,0
2192.4264,2.6578,,,125.3172,14.9454,,,13.4526,,,0.104717,,2.6578,,,125.3172,14.9454,,,13.4526,,,0.104717,,,,,,,,,,,,,,0
2192.5788,2.6451,,,119.498,15.9492,,,14.5564,,,0.092816,,2.6451,,,119.498,15.9492,,,14.5564,,,0.092816,,,,,,,,,,,,,,0
2192.7312,2.6327,,,111.4275,16.5193,,,15.1832,,,0.083518,,2.6327,,,111.4275,16.5193,,,15.1832,,,0.083518,,,,,,,,,,,,,,0
2192.8836,2.5996,,,96.0352,17.4318,,,16.4464,,,0.080116,,2.5996,,,96.0352,17.4318,,,16.4464,,,0.080116,,,,,,,,,,,,,,0
2193.036,2.5731,,,88.0207,17.95,,,17.1637,,,0.08288,,2.5731,,,88.0207,17.95,,,17.1637,,,0.08288,,,,,,,,,,,,,,0
2193.1884,2.5083,,,90.3355,20.0997,,,19.4982,,,0.096153,,2.5083,,,90.3355,20.0997,,,19.4982,,,0.096153,,,,,,,,,,,,,,0
2193.3408,2.4643,,,97.5467,21.3205,,,20.824,,,0.105598,,2.4643,,,97.5467,21.3205,,,20.824,,,0.105598,,,,,,,,,,,,,,0
2193.4932,2.4742,,,97.616,22.6258,,,21.1604,,,0.109468,,2.4742,,,97.616,22.6258,,,21.1604,,,0.109468,,,,,,,,,,,,,,0
2193.6456,2.4778,,,100.4809,23.3671,,,21.3514,,,0.1107,,2.4778,,,100.4809,23.3671,,,21.3514,,,0.1107,,,,,,,,,,,,,,0
2193.798,2.4882,,,91.4398,19.8294,,,20.6769,,,0.112167,,2.4882,,,91.4398,19.8294,,,20.6769,,,0.112167,,,,,,,,,,,,,,0
2193.9504,2.5186,,,90.3569,17.8204,,,20.2939,,,0.115743,,2.5186,,,90.3569,17.8204,,,20.2939,,,0.115743,,,,,,,,,,,,,,0
2194.1028,2.537,,,100.0,20.0374,,,20.0038,,,0.123295,,2.537,,,100.0,20.0374,,,20.0038,,,0.123295,,,,,,,,,,,,,,0
2194.2552,2.5281,,,100.3781,21.2964,,,19.839,,,0.130017,,2.5281,,,100.3781,21.2964,,,19.839,,,0.130017,,,,,,,,,,,,,,0
2194.4076,2.5556,,,100.6358,19.9311,,,19.9777,,,0.135344,,2.5556,,,100.6358,19.9311,,,19.9777,,,0.135344,,,,,,,,,,,,,,0
2194.56,2.5775,,,107.9051,19.1557,,,20.0565,,,0.139277,,2.5775,,,107.9051,19.1557,,,20.0565,,,0.139277,,,,,,,,,,,,,,0
2194.7124,2.6123,,,120.2235,19.2271,,,19.6843,,,0.142313,,2.6123,,,120.2235,19.2271,,,19.6843,,,0.142313,,,,,,,,,,,,,,0
2194.8648,2.6453,,,133.9951,19.2677,,,19.1009,,,0.144229,,2.6453,,,133.9951,19.2677,,,19.1009,,,0.144229,,,,,,,,,,,,,,0
2195.0172,2.6473,,,145.6394,18.9281,,,18.8896,,,0.143552,,2.6473,,,145.6394,18.9281,,,18.8896,,,0.143552,,,,,,,,,,,,,,0
2195.1696,2.6341,,,140.6136,18.7352,,,18.1179,,,0.140221,,2.6341,,,140.6136,18.7352,,,18.1179,,,0.140221,,,,,,,,,,,,,,0
2195.322,2.6395,,,142.1762,18.9611,,,17.6796,,,0.138955,,2.6395,,,142.1762,18.9611,,,17.6796,,,0.138955,,,,,,,,,,,,,,0
2195.4744,2.6525,,,145.6026,19.0894,,,17.9661,,,0.140503,,2.6525,,,145.6026,19.0894,,,17.9661,,,0.140503,,,,,,,,,,,,,,0
2195.6268,2.6557,,,146.8209,19.7287,,,18.1288,,,0.142894,,2.6557,,,146.8209,19.7287,,,18.1288,,,0.142894,,,,,,,,,,,,,,0
2195.7792,2.631,,,148.1134,20.0918,,,18.1185,,,0.145586,,2.631,,,148.1134,20.0918,,,18.1185,,,0.145586,,,,,,,,,,,,,,0
2195.9316,2.627,,,147.6101,18.3846,,,18.1126,,,0.147876,,2.627,,,147.6101,18.3846,,,18.1126,,,0.147876,,,,,,,,,,,,,,0
2196.084,2.6365,,,148.6524,17.415,,,17.7043,,,0.150513,,2.6365,,,148.6524,17.415,,,17.7043,,,0.150513,,,,,,,,,,,,,,0
2196.2364,2.64,,,151.8409,18.907,,,17.134,,,0.150835,,2.64,,,151.8409,18.907,,,17.134,,,0.150835,,,,,,,,,,,,,,0
2196.3888,2.6498,,,155.8022,18.9502,,,16.5404,,,0.149762,,2.6498,,,155.8022,18.9502,,,16.5404,,,0.149762,,,,,,,,,,,,,,0
2196.5412,2.661,,,156.4892,18.3893,,,15.9978,,,0.14991,,2.661,,,156.4892,18.3893,,,15.9978,,,0.14991,,,,,,,,,,,,,,0
2196.6936,2.6605,,,159.2892,17.3511,,,15.2778,,,0.152815,,2.6605,,,159.2892,17.3511,,,15.2778,,,0.152815,,,,,,,,,,,,,,0
2196.846,2.6738,,,153.3834,16.7951,,,14.9704,,,0.153216,,2.6738,,,153.3834,16.7951,,,14.9704,,,0.153216,,,,,,,,,,,,,,0
2196.9984,2.6689,,,150.7914,15.5149,,,14.078,,,0.152664,,2.6689,,,150.7914,15.5149,,,14.078,,,0.152664,,,,,,,,,,,,,,0
2197.1508,2.6782,,,170.4368,14.7879,,,13.5712,,,0.152062,,2.6782,,,170.4368,14.7879,,,13.5712,,,0.152062,,,,,,,,,,,,,,0
2197.3032,2.6805,,,179.4259,13.5844,,,12.9284,,,0.147809,,2.6805,,,179.4259,13.5844,,,12.9284,,,0.147809,,,,,,,,,,,,,,0
2197.4556,2.6915,,,180.6844,12.5384,,,12.5634,,,0.142794,,2.6915,,,180.6844,12.5384,,,12.5634,,,0.142794,,,,,,,,,,,,,,0
2197.608,2.7144,,,159.8738,12.0554,,,12.1913,,,0.131697,,2.7144,,,159.8738,12.0554,,,12.1913,,,0.131697,,,,,,,,,,,,,,0
2197.7604,2.7193,,,141.5225,12.2538,,,11.98,,,0.122218,,2.7193,,,141.5225,12.2538,,,11.98,,,0.122218,,,,,,,,,,,,,,0
2197.9128,2.6813,,,121.6844,12.4558,,,12.6408,,,0.114989,,2.6813,,,121.6844,12.4558,,,12.6408,,,0.114989,,,,,,,,,,,,,,0
2198.0652,2.66,,,103.1236,13.2457,,,13.016,,,0.109968,,2.66,,,103.1236,13.2457,,,13.016,,,0.109968,,,,,,,,,,,,,,0
2198.2176,2.6512,,,84.8669,13.6943,,,13.5785,,,0.104682,,2.6512,,,84.8669,13.6943,,,13.5785,,,0.104682,,,,,,,,,,,,,,0
2198.37,2.6334,,,92.8683,14.0638,,,14.4646,,,0.096022,,2.6334,,,92.8683,14.0638,,,14.4646,,,0.096022,,,,,,,,,,,,,,0
2198.5224,2.6241,,,98.6034,14.6855,,,14.7864,,,0.089721,,2.6241,,,98.6034,14.6855,,,14.7864,,,0.089721,,,,,,,,,,,,,,0
2198.6748,2.616,,,85.9764,15.2877,,,15.1971,,,0.086861,,2.616,,,85.9764,15.2877,,,15.1971,,,0.086861,,,,,,,,,,,,,,0
2198.8272,2.5937,,,82.7029,15.3684,,,15.4304,,,0.085398,,2.5937,,,82.7029,15.3684,,,15.4304,,,0.085398,,,,,,,,,,,,,,0
2198.9796,2.5549,,,81.5495,15.2954,,,15.5407,,,0.084745,,2.5549,,,81.5495,15.2954,,,15.5407,,,0.084745,,,,,,,,,,,,,,0
2199.132,2.5332,,,80.3927,15.3896,,,15.6034,,,0.083707,,2.5332,,,80.3927,15.3896,,,15.6034,,,0.083707,,,,,,,,,,,,,,0
2199.2844,2.5292,,,77.3763,15.4431,,,15.556,,,0.082243,,2.5292,,,77.3763,15.4431,,,15.556,,,0.082243,,,,,,,,,,,,,,0
2199.4368,2.5218,,,74.7072,15.5288,,,15.5832,,,0.0817,,2.5218,,,74.7072,15.5288,,,15.5832,,,0.0817,,,,,,,,,,,,,,0
2199.5892,2.5277,,,68.0628,15.5775,,,15.686,,,0.079914,,2.5277,,,68.0628,15.5775,,,15.686,,,0.079914,,,,,,,,,,,,,,0
2199.7416,2.5389,,,72.4813,15.6284,,,15.8086,,,0.077688,,2.5389,,,72.4813,15.6284,,,15.8086,,,0.077688,,,,,,,,,,,,,,0
2199.894,2.5405,,,80.2577,15.9094,,,15.8549,,,0.074449,,2.5405,,,80.2577,15.9094,,,15.8549,,,0.074449,,,,,,,,,,,,,,0
2200.0464,2.5356,,,75.8218,16.2707,,,15.79,,,0.072681,,2.5356,,,75.8218,16.2707,,,15.79,,,0.072681,,,,,,,,,,,,,,0
2200.1988,2.5653,,,75.4296,16.7183,,,15.7531,,,0.070587,,2.5653,,,75.4296,16.7183,,,15.7531,,,0.070587,,,,,,,,,,,,,,0
2200.3512,2.5771,,,75.356,16.9022,,,15.7343,,,0.068926,,2.5771,,,75.356,16.9022,,,15.7343,,,0.068926,,,,,,,,,,,,,,0
2200.5036,2.5673,,,77.6712,16.3149,,,15.7237,,,0.069557,,2.5673,,,77.6712,16.3149,,,15.7237,,,0.069557,,,,,,,,,,,,,,0
2200.656,2.5782,,,81.1783,15.9813,,,15.3685,,,0.070546,,2.5782,,,81.1783,15.9813,,,15.3685,,,0.070546,,,,,,,,,,,,,,0
2200.8084,2.5832,,,78.6899,15.6045,,,15.1668,,,0.072586,,2.5832,,,78.6899,15.6045,,,15.1668,,,0.072586,,,,,,,,,,,,,,0
2200.9608,2.5517,,,82.9647,15.3905,,,14.5637,,,0.074812,,2.5517,,,82.9647,15.3905,,,14.5637,,,0.074812,,,,,,,,,,,,,,0
2201.1132,2.5297,,,73.0737,14.6788,,,14.2212,,,0.075181,,2.5297,,,73.0737,14.6788,,,14.2212,,,0.075181,,,,,,,,,,,,,,0
2201.2656,2.5408,,,68.908,14.2747,,,14.0401,,,0.074617,,2.5408,,,68.908,14.2747,,,14.0401,,,0.074617,,,,,,,,,,,,,,0
2201.418,2.5546,,,72.5347,14.5247,,,13.9079,,,0.073635,,2.5546,,,72.5347,14.5247,,,13.9079,,,0.073635,,,,,,,,,,,,,,0
2201.5704,2.5517,,,80.5459,14.6667,,,13.8609,,,0.074093,,2.5517,,,80.5459,14.6667,,,13.8609,,,0.074093,,,,,,,,,,,,,,0
2201.7228,2.5384,,,84.8859,14.3857,,,13.6849,,,0.075302,,2.5384,,,84.8859,14.3857,,,13.6849,,,0.075302,,,,,,,,,,,,,,0
2201.8752,2.5366,,,73.2951,14.1226,,,13.5947,,,0.077677,,2.5366,,,73.2951,14.1226,,,13.5947,,,0.077677,,,,,,,,,,,,,,0
2202.0276,2.5323,,,69.6341,13.9596,,,13.5365,,,0.080331,,2.5323,,,69.6341,13.9596,,,13.5365,,,0.080331,,,,,,,,,,,,,,0
2202.18,2.5462,,,71.6563,14.0922,,,13.5034,,,0.082986,,2.5462,,,71.6563,14.0922,,,13.5034,,,0.082986,,,,,,,,,,,,,,0
2202.3324,2.5814,,,75.1362,14.2012,,,13.6419,,,0.085403,,2.5814,,,75.1362,14.2012,,,13.6419,,,0.085403,,,,,,,,,,,,,,0
2202.4848,2.6101,,,96.6211,14.5409,,,13.7206,,,0.091366,,2.6101,,,96.6211,14.5409,,,13.7206,,,0.091366,,,,,,,,,,,,,,0
2202.6372,2.6303,,,114.9383,14.7338,,,14.0378,,,0.096277,,2.6303,,,114.9383,14.7338,,,14.0378,,,0.096277,,,,,,,,,,,,,,0
2202.7896,2.6508,,,124.7281,15.0799,,,14.2179,,,0.100844,,2.6508,,,124.7281,15.0799,,,14.2179,,,0.100844,,,,,,,,,,,,,,0
2202.942,2.6499,,,130.2358,15.2765,,,14.5116,,,0.103948,,2.6499,,,130.2358,15.2765,,,14.5116,,,0.103948,,,,,,,,,,,,,,0
2203.0944,2.6571,,,125.963,16.0411,,,14.6784,,,0.10275,,2.6571,,,125.963,16.0411,,,14.6784,,,0.10275,,,,,,,,,,,,,,0
2203.2468,2.6678,,,121.4584,16.4753,,,15.2278,,,0.100042,,2.6678,,,121.4584,16.4753,,,15.2278,,,0.100042,,,,,,,,,,,,,,0
2203.3992,2.6752,,,117.7337,17.5277,,,15.5398,,,0.094572,,2.6752,,,117.7337,17.5277,,,15.5398,,,0.094572,,,,,,,,,,,,,,0
2203.5516,2.6723,,,112.0086,18.1253,,,16.1726,,,0.089066,,2.6723,,,112.0086,18.1253,,,16.1726,,,0.089066,,,,,,,,,,,,,,0
2203.704,2.6433,,,107.385,19.0109,,,16.5319,,,0.081277,,2.6433,,,107.385,19.0109,,,16.5319,,,0.081277,,,,,,,,,,,,,,0
2203.8564,2.6358,,,105.5573,19.5139,,,17.097,,,0.075249,,2.6358,,,105.5573,19.5139,,,17.097,,,0.075249,,,,,,,,,,,,,,0
2204.0088,2.6188,,,96.6567,19.3677,,,17.3202,,,0.071695,,2.6188,,,96.6567,19.3677,,,17.3202,,,0.071695,,,,,,,,,,,,,,0
2204.1612,2.5866,,,93.2076,19.2847,,,17.1549,,,0.071648,,2.5866,,,93.2076,19.2847,,,17.1549,,,0.071648,,,,,,,,,,,,,,0
2204.3136,2.5662,,,83.3433,16.5461,,,15.9961,,,0.076127,,2.5662,,,83.3433,16.5461,,,15.9961,,,0.076127,,,,,,,,,,,,,,0
2204.466,2.5627,,,81.7507,14.9908,,,15.3735,,,0.080022,,2.5627,,,81.7507,14.9908,,,15.3735,,,0.080022,,,,,,,,,,,,,,0
2204.6184,2.5236,,,78.1038,12.8298,,,14.3495,,,0.084635,,2.5236,,,78.1038,12.8298,,,14.3495,,,0.084635,,,,,,,,,,,,,,0
2204.7708,2.4836,,,61.7033,12.3,,,13.768,,,0.089825,,2.4836,,,61.7033,12.3,,,13.768,,,0.089825,,,,,,,,,,,,,,0
2204.9232,2.4887,,,52.4837,12.696,,,14.8265,,,0.091728,,2.4887,,,52.4837,12.696,,,14.8265,,,0.091728,,,,,,,,,,,,,,0
2205.0756,2.5115,,,59.5225,12.578,,,15.4277,,,0.090652,,2.5115,,,59.5225,12.578,,,15.4277,,,0.090652,,,,,,,,,,,,,,0
2205.228,2.5377,,,71.6599,12.511,,,15.9634,,,0.089298,,2.5377,,,71.6599,12.511,,,15.9634,,,0.089298,,,,,,,,,,,,,,0
2205.3804,2.5573,,,81.5741,12.6666,,,16.2677,,,0.089028,,2.5573,,,81.5741,12.6666,,,16.2677,,,0.089028,,,,,,,,,,,,,,0
2205.5328,2.5375,,,72.5578,12.7549,,,15.6816,,,0.089419,,2.5375,,,72.5578,12.7549,,,15.6816,,,0.089419,,,,,,,,,,,,,,0
2205.6852,2.4756,,,46.1039,10.2109,,,14.4529,,,0.09247,,2.4756,,,46.1039,10.2109,,,14.4529,,,0.09247,,,,,,,,,,,,,,0
2205.8376,2.4452,,,38.4107,8.7661,,,13.3141,,,0.095758,,2.4452,,,38.4107,8.7661,,,13.3141,,,0.095758,,,,,,,,,,,,,,0
2205.99,2.4475,,,49.2638,7.8262,,,13.0174,,,0.100463,,2.4475,,,49.2638,7.8262,,,13.0174,,,0.100463,,,,,,,,,,,,,,0
2206.1424,2.4563,,,46.3503,6.6775,,,13.052,,,0.104513,,2.4563,,,46.3503,6.6775,,,13.052,,,0.104513,,,,,,,,,,,,,,0
2206.2948,2.441,,,46.2231,6.0939,,,12.0093,,,0.11134,,2.441,,,46.2231,6.0939,,,12.0093,,,0.11134,,,,,,,,,,,,,,0
2206.4472,2.4018,,,43.5963,4.4641,,,11.4172,,,0.116896,,2.4018,,,43.5963,4.4641,,,11.4172,,,0.116896,,,,,,,,,,,,,,0
2206.5996,2.3771,,,35.9585,3.6141,,,8.9643,,,0.121006,,2.3771,,,35.9585,3.6141,,,8.9643,,,0.121006,,,,,,,,,,,,,,0
2206.752,2.379,,,32.5764,3.7855,,,7.5713,,,0.125279,,2.379,,,32.5764,3.7855,,,7.5713,,,0.125279,,,,,,,,,,,,,,0
2206.9044,2.4377,,,40.949,4.0543,,,8.8144,,,0.124185,,2.4377,,,40.949,4.0543,,,8.8144,,,0.124185,,,,,,,,,,,,,,0
2207.0568,2.472,,,57.4365,4.1517,,,9.5204,,,0.117151,,2.472,,,57.4365,4.1517,,,9.5204,,,0.117151,,,,,,,,,,,,,,0
2207.2092,2.4369,,,74.2036,4.5536,,,9.7942,,,0.104943,,2.4369,,,74.2036,4.5536,,,9.7942,,,0.104943,,,,,,,,,,,,,,0
2207.3616,2.4211,,,60.8864,4.7819,,,10.2235,,,0.096866,,2.4211,,,60.8864,4.7819,,,10.2235,,,0.096866,,,,,,,,,,,,,,0
2207.514,2.4493,,,45.7831,5.2688,,,10.379,,,0.093733,,2.4493,,,45.7831,5.2688,,,10.379,,,0.093733,,,,,,,,,,,,,,0
2207.6664,2.4647,,,40.6225,5.5453,,,10.265,,,0.09341,,2.4647,,,40.6225,5.5453,,,10.265,,,0.09341,,,,,,,,,,,,,,0
2207.8188,2.432,,,37.4282,4.9345,,,10.2002,,,0.097973,,2.432,,,37.4282,4.9345,,,10.2002,,,0.097973,,,,,,,,,,,,,,0
2207.9712,2.4067,,,41.7006,3.9768,,,8.5363,,,0.114559,,2.4067,,,41.7006,3.9768,,,8.5363,,,0.114559,,,,,,,,,,,,,,0
2208.1236,2.3995,,,45.0336,3.63,,,7.5914,,,0.125598,,2.3995,,,45.0336,3.63,,,7.5914,,,0.125598,,,,,,,,,,,,,,0
2208.276,2.4008,,,42.2447,3.5521,,,8.0891,,,0.131063,,2.4008,,,42.2447,3.5521,,,8.0891,,,0.131063,,,,,,,,,,,,,,0
2208.4284,2.4389,,,43.1075,3.5079,,,8.8694,,,0.134284,,2.4389,,,43.1075,3.5079,,,8.8694,,,0.134284,,,,,,,,,,,,,,0
2208.5808,2.4384,,,55.0564,3.5042,,,9.152,,,0.134772,,2.4384,,,55.0564,3.5042,,,9.152,,,0.134772,,,,,,,,,,,,,,0
2208.7332,2.41,,,61.1073,3.5021,,,8.585,,,0.134572,,2.41,,,61.1073,3.5021,,,8.585,,,0.134572,,,,,,,,,,,,,,0
2208.8856,2.3939,,,48.0012,3.4259,,,8.263,,,0.13265,,2.3939,,,48.0012,3.4259,,,8.263,,,0.13265,,,,,,,,,,,,,,0
2209.038,2.3993,,,33.797,3.3064,,,8.2335,,,0.123628,,2.3993,,,33.797,3.3064,,,8.2335,,,0.123628,,,,,,,,,,,,,,0
2209.1904,2.3975,,,33.278,3.2631,,,8.1873,,,0.114763,,2.3975,,,33.278,3.2631,,,8.1873,,,0.114763,,,,,,,,,,,,,,0
2209.3428,2.4107,,,36.1505,3.5828,,,8.1706,,,0.110387,,2.4107,,,36.1505,3.5828,,,8.1706,,,0.110387,,,,,,,,,,,,,,0
2209.4952,2.4278,,,37.97,4.084,,,10.398,,,0.104899,,2.4278,,,37.97,4.084,,,10.398,,,0.104899,,,,,,,,,,,,,,0
2209.6476,2.4516,,,37.5402,4.2656,,,11.663,,,0.10138,,2.4516,,,37.5402,4.2656,,,11.663,,,0.10138,,,,,,,,,,,,,,0
2209.8,2.4456,,,37.5315,4.5922,,,11.2452,,,0.101119,,2.4456,,,37.5315,4.5922,,,11.2452,,,0.101119,,,,,,,,,,,,,,0
2209.9524,2.428,,,35.6632,4.7776,,,10.5902,,,0.101746,,2.428,,,35.6632,4.7776,,,10.5902,,,0.101746,,,,,,,,,,,,,,0
2210.1048,2.4215,,,37.7153,4.5093,,,10.353,,,0.101681,,2.4215,,,37.7153,4.5093,,,10.353,,,0.101681,,,,,,,,,,,,,,0
2210.2572,2.4206,,,37.6059,4.3569,,,10.3735,,,0.100862,,2.4206,,,37.6059,4.3569,,,10.3735,,,0.100862,,,,,,,,,,,,,,0
2210.4096,2.4408,,,33.9121,4.5807,,,10.3852,,,0.099352,,2.4408,,,33.9121,4.5807,,,10.3852,,,0.099352,,,,,,,,,,,,,,0
2210.562,2.4604,,,31.5695,4.9315,,,10.6692,,,0.098509,,2.4604,,,31.5695,4.9315,,,10.6692,,,0.098509,,,,,,,,,,,,,,0
2210.7144,2.4426,,,41.8577,5.0586,,,11.1144,,,0.101717,,2.4426,,,41.8577,5.0586,,,11.1144,,,0.101717,,,,,,,,,,,,,,0
2210.8668,2.415,,,48.0778,4.4904,,,11.2757,,,0.106853,,2.415,,,48.0778,4.4904,,,11.2757,,,0.106853,,,,,,,,,,,,,,0
2211.0192,2.4082,,,38.2968,3.5995,,,9.0948,,,0.117183,,2.4082,,,38.2968,3.5995,,,9.0948,,,0.117183,,,,,,,,,,,,,,0
2211.1716,2.4303,,,51.0478,3.3189,,,7.8562,,,0.124934,,2.4303,,,51.0478,3.3189,,,7.8562,,,0.124934,,,,,,,,,,,,,,0
2211.324,2.423,,,60.2136,3.3428,,,7.7142,,,0.1266,,2.423,,,60.2136,3.3428,,,7.7142,,,0.1266,,,,,,,,,,,,,,0
2211.4764,2.3985,,,51.4077,3.6061,,,7.6336,,,0.12373,,2.3985,,,51.4077,3.6061,,,7.6336,,,0.12373,,,,,,,,,,,,,,0
2211.6288,2.3984,,,48.1874,4.0188,,,8.8052,,,0.119868,,2.3984,,,48.1874,4.0188,,,8.8052,,,0.119868,,,,,,,,,,,,,,0
2211.7812,2.4378,,,50.8723,4.1683,,,10.6422,,,0.115602,,2.4378,,,50.8723,4.1683,,,10.6422,,,0.115602,,,,,,,,,,,,,,0
2211.9336,2.4526,,,56.9601,4.4755,,,11.3076,,,0.113262,,2.4526,,,56.9601,4.4755,,,11.3076,,,0.113262,,,,,,,,,,,,,,0
2212.086,2.4254,,,49.4264,4.9572,,,11.1657,,,0.113346,,2.4254,,,49.4264,4.9572,,,11.1657,,,0.113346,,,,,,,,,,,,,,0
2212.2384,2.4478,,,50.562,5.1316,,,11.0851,,,0.115067,,2.4478,,,50.562,5.1316,,,11.0851,,,0.115067,,,,,,,,,,,,,,0
2212.3908,2.4794,,,70.4416,5.354,,,10.7026,,,0.113604,,2.4794,,,70.4416,5.354,,,10.7026,,,0.113604,,,,,,,,,,,,,,0
2212.5432,2.4825,,,73.7934,5.4803,,,10.4854,,,0.111471,,2.4825,,,73.7934,5.4803,,,10.4854,,,0.111471,,,,,,,,,,,,,,0
2212.6956,2.4362,,,50.4548,4.6301,,,10.146,,,0.109214,,2.4362,,,50.4548,4.6301,,,10.146,,,0.109214,,,,,,,,,,,,,,0
2212.848,2.4179,,,40.4941,4.1472,,,9.6139,,,0.106031,,2.4179,,,40.4941,4.1472,,,9.6139,,,0.106031,,,,,,,,,,,,,,0
2213.0004,2.4222,,,41.1063,4.2986,,,9.4211,,,0.103397,,2.4222,,,41.1063,4.2986,,,9.4211,,,0.103397,,,,,,,,,,,,,,0
2213.1528,2.4144,,,41.0033,4.536,,,9.9087,,,0.102217,,2.4144,,,41.0033,4.536,,,9.9087,,,0.102217,,,,,,,,,,,,,,0
2213.3052,2.4311,,,38.788,4.622,,,10.6731,,,0.102638,,2.4311,,,38.788,4.622,,,10.6731,,,0.102638,,,,,,,,,,,,,,0
2213.4576,2.4479,,,43.5318,5.3896,,,10.95,,,0.103829,,2.4479,,,43.5318,5.3896,,,10.95,,,0.103829,,,,,,,,,,,,,,0
2213.61,2.4457,,,42.1009,5.8255,,,11.9117,,,0.10717,,2.4457,,,42.1009,5.8255,,,11.9117,,,0.10717,,,,,,,,,,,,,,0
2213.7624,2.4418,,,41.0772,6.0091,,,12.4578,,,0.111543,,2.4418,,,41.0772,6.0091,,,12.4578,,,0.111543,,,,,,,,,,,,,,0
2213.9148,2.4451,,,46.8481,6.2969,,,14.0446,,,0.123113,,2.4451,,,46.8481,6.2969,,,14.0446,,,0.123113,,,,,,,,,,,,,,0
2214.0672,2.4502,,,52.9086,6.9625,,,15.7391,,,0.13639,,2.4502,,,52.9086,6.9625,,,15.7391,,,0.13639,,,,,,,,,,,,,,0
2214.2196,2.4147,,,77.2287,8.1734,,,16.1553,,,0.14695,,2.4147,,,77.2287,8.1734,,,16.1553,,,0.14695,,,,,,,,,,,,,,0
2214.372,2.3695,,,77.573,7.4455,,,16.0194,,,0.150245,,2.3695,,,77.573,7.4455,,,16.0194,,,0.150245,,,,,,,,,,,,,,0
2214.5244,2.3509,,,60.4589,5.9101,,,12.5861,,,0.147995,,2.3509,,,60.4589,5.9101,,,12.5861,,,0.147995,,,,,,,,,,,,,,0
2214.6768,2.3857,,,56.6773,5.6551,,,11.3308,,,0.139402,,2.3857,,,56.6773,5.6551,,,11.3308,,,0.139402,,,,,,,,,,,,,,0
2214.8292,2.4454,,,64.0224,5.7794,,,11.8294,,,0.132904,,2.4454,,,64.0224,5.7794,,,11.8294,,,0.132904,,,,,,,,,,,,,,0
2214.9816,2.4386,,,73.3442,5.8159,,,12.1524,,,0.129495,,2.4386,,,73.3442,5.8159,,,12.1524,,,0.129495,,,,,,,,,,,,,,0
2215.134,2.4146,,,64.2346,5.8367,,,12.2953,,,0.128555,,2.4146,,,64.2346,5.8367,,,12.2953,,,0.128555,,,,,,,,,,,,,,0
2215.2864,2.417,,,57.5143,6.8676,,,15.7613,,,0.132335,,2.417,,,57.5143,6.8676,,,15.7613,,,0.132335,,,,,,,,,,,,,,0
2215.4388,2.4195,,,59.4039,7.453,,,17.7296,,,0.134209,,2.4195,,,59.4039,7.453,,,17.7296,,,0.134209,,,,,,,,,,,,,,0
2215.5912,2.4685,,,82.6887,8.8361,,,17.2114,,,0.129763,,2.4685,,,82.6887,8.8361,,,17.2114,,,0.129763,,,,,,,,,,,,,,0
2215.7436,2.5038,,,96.3234,9.6216,,,16.9171,,,0.127619,,2.5038,,,96.3234,9.6216,,,16.9171,,,0.127619,,,,,,,,,,,,,,0
2215.896,2.452,,,72.2236,7.4887,,,13.3504,,,0.129841,,2.452,,,72.2236,7.4887,,,13.3504,,,0.129841,,,,,,,,,,,,,,0
2216.0484,2.4124,,,54.2917,6.2774,,,11.3249,,,0.132148,,2.4124,,,54.2917,6.2774,,,11.3249,,,0.132148,,,,,,,,,,,,,,0
2216.2008,2.437,,,58.8875,7.1688,,,13.4749,,,0.133119,,2.437,,,58.8875,7.1688,,,13.4749,,,0.133119,,,,,,,,,,,,,,0
2216.3532,2.5037,,,80.7477,7.6751,,,14.6959,,,0.131897,,2.5037,,,80.7477,7.6751,,,14.6959,,,0.131897,,,,,,,,,,,,,,0
2216.5056,2.5545,,,102.3354,10.9455,,,16.6712,,,0.128549,,2.5545,,,102.3354,10.9455,,,16.6712,,,0.128549,,,,,,,,,,,,,,0
2216.658,2.5573,,,114.4849,12.8027,,,17.793,,,0.125824,,2.5573,,,114.4849,12.8027,,,17.793,,,0.125824,,,,,,,,,,,,,,0
2216.8104,2.6086,,,119.7447,15.8802,,,17.9314,,,0.12274,,2.6086,,,119.7447,15.8802,,,17.9314,,,0.12274,,,,,,,,,,,,,,0
2216.9628,2.6431,,,129.4578,17.6279,,,18.1484,,,0.12038,,2.6431,,,129.4578,17.6279,,,18.1484,,,0.12038,,,,,,,,,,,,,,0
2217.1152,2.6279,,,132.8713,17.7646,,,18.227,,,0.115973,,2.6279,,,132.8713,17.7646,,,18.227,,,0.115973,,,,,,,,,,,,,,0
2217.2676,2.5965,,,129.7104,17.8422,,,17.7913,,,0.109973,,2.5965,,,129.7104,17.8422,,,17.7913,,,0.109973,,,,,,,,,,,,,,0
2217.42,2.5854,,,124.0668,18.7147,,,17.5439,,,0.104228,,2.5854,,,124.0668,18.7147,,,17.5439,,,0.104228,,,,,,,,,,,,,,0
2217.5724,2.6117,,,117.5291,19.2102,,,17.9526,,,0.106027,,2.6117,,,117.5291,19.2102,,,17.9526,,,0.106027,,,,,,,,,,,,,,0
2217.7248,2.6574,,,126.9505,19.4333,,,18.1847,,,0.109284,,2.6574,,,126.9505,19.4333,,,18.1847,,,0.109284,,,,,,,,,,,,,,0
2217.8772,2.6241,,,141.5168,19.56,,,18.206,,,0.107923,,2.6241,,,141.5168,19.56,,,18.206,,,0.107923,,,,,,,,,,,,,,0
2218.0296,2.5748,,,136.7952,18.4698,,,18.2181,,,0.106098,,2.5748,,,136.7952,18.4698,,,18.2181,,,0.106098,,,,,,,,,,,,,,0
2218.182,2.5923,,,124.2562,16.7605,,,18.2045,,,0.105955,,2.5923,,,124.2562,16.7605,,,18.2045,,,0.105955,,,,,,,,,,,,,,0
2218.3344,2.5892,,,122.542,16.1414,,,18.1968,,,0.106036,,2.5892,,,122.542,16.1414,,,18.1968,,,0.106036,,,,,,,,,,,,,,0
2218.4868,2.5423,,,111.6587,15.3592,,,17.7375,,,0.106446,,2.5423,,,111.6587,15.3592,,,17.7375,,,0.106446,,,,,,,,,,,,,,0
2218.6392,2.5444,,,100.381,14.915,,,17.4766,,,0.105935,,2.5444,,,100.381,14.915,,,17.4766,,,0.105935,,,,,,,,,,,,,,0
2218.7916,2.5692,,,94.4843,17.7331,,,17.9019,,,0.106776,,2.5692,,,94.4843,17.7331,,,17.9019,,,0.106776,,,,,,,,,,,,,,0
2218.944,2.5507,,,99.6711,19.3335,,,18.1434,,,0.108903,,2.5507,,,99.6711,19.3335,,,18.1434,,,0.108903,,,,,,,,,,,,,,0
2219.0964,2.5641,,,107.195,18.0459,,,17.9278,,,0.110529,,2.5641,,,107.195,18.0459,,,17.9278,,,0.110529,,,,,,,,,,,,,,0
2219.2488,2.5713,,,110.6778,18.2026,,,18.0433,,,0.110235,,2.5713,,,110.6778,18.2026,,,18.0433,,,0.110235,,,,,,,,,,,,,,0
2219.4012,2.5628,,,109.5959,18.1035,,,18.6284,,,0.106547,,2.5628,,,109.5959,18.1035,,,18.6284,,,0.106547,,,,,,,,,,,,,,0
2219.5536,2.5887,,,101.5927,18.6258,,,18.8787,,,0.104828,,2.5887,,,101.5927,18.6258,,,18.8787,,,0.104828,,,,,,,,,,,,,,0
2219.706,2.5954,,,111.6045,21.8596,,,19.2105,,,0.107196,,2.5954,,,111.6045,21.8596,,,19.2105,,,0.107196,,,,,,,,,,,,,,0
2219.8584,2.5582,,,110.9318,23.5419,,,19.2191,,,0.107543,,2.5582,,,110.9318,23.5419,,,19.2191,,,0.107543,,,,,,,,,,,,,,0
2220.0108,2.5435,,,91.9798,19.0356,,,18.3301,,,0.102663,,2.5435,,,91.9798,19.0356,,,18.3301,,,0.102663,,,,,,,,,,,,,,0
2220.1632,2.5582,,,82.3219,16.6368,,,18.0668,,,0.098287,,2.5582,,,82.3219,16.6368,,,18.0668,,,0.098287,,,,,,,,,,,,,,0
2220.3156,2.5672,,,87.1165,17.263,,,18.3219,,,0.097838,,2.5672,,,87.1165,17.263,,,18.3219,,,0.097838,,,,,,,,,,,,,,0
2220.468,2.581,,,91.7256,18.7393,,,18.6962,,,0.099731,,2.581,,,91.7256,18.7393,,,18.6962,,,0.099731,,,,,,,,,,,,,,0
2220.6204,2.5921,,,98.9071,20.0891,,,18.6413,,,0.103151,,2.5921,,,98.9071,20.0891,,,18.6413,,,0.103151,,,,,,,,,,,,,,0
2220.7728,2.574,,,105.4237,19.7221,,,18.517,,,0.106705,,2.574,,,105.4237,19.7221,,,18.517,,,0.106705,,,,,,,,,,,,,,0
2220.9252,2.584,,,109.2383,18.5441,,,18.4701,,,0.108091,,2.584,,,109.2383,18.5441,,,18.4701,,,0.108091,,,,,,,,,,,,,,0
2221.0776,2.5781,,,99.4854,18.1174,,,18.3966,,,0.108519,,2.5781,,,99.4854,18.1174,,,18.3966,,,0.108519,,,,,,,,,,,,,,0
2221.23,2.5818,,,93.4994,17.2585,,,18.37,,,0.110486,,2.5818,,,93.4994,17.2585,,,18.37,,,0.110486,,,,,,,,,,,,,,0
2221.3824,2.6291,,,105.7424,16.7708,,,18.3251,,,0.112903,,2.6291,,,105.7424,16.7708,,,18.3251,,,0.112903,,,,,,,,,,,,,,0
2221.5348,2.6144,,,117.9729,17.1126,,,18.2996,,,0.113126,,2.6144,,,117.9729,17.1126,,,18.2996,,,0.113126,,,,,,,,,,,,,,0
2221.6872,2.5468,,,97.5786,17.3067,,,17.7903,,,0.108718,,2.5468,,,97.5786,17.3067,,,17.7903,,,0.108718,,,,,,,,,,,,,,0
2221.8396,2.5317,,,81.9382,17.5894,,,17.5011,,,0.104742,,2.5317,,,81.9382,17.5894,,,17.5011,,,0.104742,,,,,,,,,,,,,,0
2221.992,2.5834,,,95.9498,18.0326,,,17.8693,,,0.104246,,2.5834,,,95.9498,18.0326,,,17.8693,,,0.104246,,,,,,,,,,,,,,0
2222.1444,2.6117,,,107.124,18.1931,,,18.0784,,,0.1045,,2.6117,,,107.124,18.1931,,,18.0784,,,0.1045,,,,,,,,,,,,,,0
2222.2968,2.602,,,106.204,18.3054,,,18.2415,,,0.101502,,2.602,,,106.204,18.3054,,,18.2415,,,0.101502,,,,,,,,,,,,,,0
2222.4492,2.5996,,,92.3888,18.3691,,,18.3342,,,0.098269,,2.5996,,,92.3888,18.3691,,,18.3342,,,0.098269,,,,,,,,,,,,,,0
2222.6016,2.5899,,,99.7532,19.278,,,18.3885,,,0.096507,,2.5899,,,99.7532,19.278,,,18.3885,,,0.096507,,,,,,,,,,,,,,0
2222.754,2.5763,,,104.1432,19.7942,,,18.4193,,,0.096255,,2.5763,,,104.1432,19.7942,,,18.4193,,,0.096255,,,,,,,,,,,,,,0
2222.9064,2.5816,,,103.7303,18.1475,,,18.3264,,,0.099653,,2.5816,,,103.7303,18.1475,,,18.3264,,,0.099653,,,,,,,,,,,,,,0
2223.0588,2.6077,,,110.4188,17.2123,,,18.1806,,,0.102839,,2.6077,,,110.4188,17.2123,,,18.1806,,,0.102839,,,,,,,,,,,,,,0
2223.2112,2.6349,,,125.3922,19.0918,,,18.1278,,,0.104557,,2.6349,,,125.3922,19.0918,,,18.1278,,,0.104557,,,,,,,,,,,,,,0
2223.3636,2.6317,,,123.8926,20.1591,,,18.4892,,,0.105228,,2.6317,,,123.8926,20.1591,,,18.4892,,,0.105228,,,,,,,,,,,,,,0
2223.516,2.5866,,,108.896,17.7135,,,18.6944,,,0.103259,,2.5866,,,108.896,17.7135,,,18.6944,,,0.103259,,,,,,,,,,,,,,0
2223.6684,2.5454,,,95.7418,16.3246,,,18.8472,,,0.101781,,2.5454,,,95.7418,16.3246,,,18.8472,,,0.101781,,,,,,,,,,,,,,0
2223.8208,2.6061,,,107.2736,19.918,,,18.934,,,0.102939,,2.6061,,,107.2736,19.918,,,18.934,,,0.102939,,,,,,,,,,,,,,0
2223.9732,2.6387,,,118.1999,21.9587,,,19.2904,,,0.103636,,2.6387,,,118.1999,21.9587,,,19.2904,,,0.103636,,,,,,,,,,,,,,0
2224.1256,2.6156,,,122.4507,21.8518,,,19.4928,,,0.101176,,2.6156,,,122.4507,21.8518,,,19.4928,,,0.101176,,,,,,,,,,,,,,0
2224.278,2.5922,,,111.9057,21.5772,,,19.5836,,,0.096994,,2.5922,,,111.9057,21.5772,,,19.5836,,,0.096994,,,,,,,,,,,,,,0
2224.4304,2.5857,,,103.2553,21.4557,,,19.6804,,,0.0954,,2.5857,,,103.2553,21.4557,,,19.6804,,,0.0954,,,,,,,,,,,,,,0
2224.5828,2.5684,,,99.702,21.4236,,,19.7062,,,0.094061,,2.5684,,,99.702,21.4236,,,19.7062,,,0.094061,,,,,,,,,,,,,,0
2224.7352,2.5773,,,96.7491,21.4054,,,19.8474,,,0.091769,,2.5773,,,96.7491,21.4054,,,19.8474,,,0.091769,,,,,,,,,,,,,,0
2224.8876,2.5849,,,93.5188,20.8936,,,19.9677,,,0.086372,,2.5849,,,93.5188,20.8936,,,19.9677,,,0.086372,,,,,,,,,,,,,,0
2225.04,2.5985,,,95.5678,21.4084,,,20.0426,,,0.083354,,2.5985,,,95.5678,21.4084,,,20.0426,,,0.083354,,,,,,,,,,,,,,0
2225.1924,2.6058,,,95.8595,22.467,,,20.4301,,,0.083483,,2.6058,,,95.8595,22.467,,,20.4301,,,0.083483,,,,,,,,,,,,,,0
2225.3448,2.6065,,,95.2065,22.4845,,,20.7605,,,0.084338,,2.6065,,,95.2065,22.4845,,,20.7605,,,0.084338,,,,,,,,,,,,,,0
2225.4972,2.6172,,,102.3407,22.6721,,,20.8327,,,0.085848,,2.6172,,,102.3407,22.6721,,,20.8327,,,0.085848,,,,,,,,,,,,,,0
2225.6496,2.6325,,,109.0467,22.8831,,,21.037,,,0.087776,,2.6325,,,109.0467,22.8831,,,21.037,,,0.087776,,,,,,,,,,,,,,0
2225.802,2.6322,,,110.7114,23.9992,,,21.153,,,0.089839,,2.6322,,,110.7114,23.9992,,,21.153,,,0.089839,,,,,,,,,,,,,,0
2225.9544,2.6356,,,108.4536,24.633,,,21.2764,,,0.091557,,2.6356,,,108.4536,24.633,,,21.2764,,,0.091557,,,,,,,,,,,,,,0
2226.1068,2.6059,,,107.27,21.143,,,21.3464,,,0.0921,,2.6059,,,107.27,21.143,,,21.3464,,,0.0921,,,,,,,,,,,,,,0
2226.2592,2.5631,,,98.198,19.1611,,,21.0672,,,0.092419,,2.5631,,,98.198,19.1611,,,21.0672,,,0.092419,,,,,,,,,,,,,,0
2226.4116,2.5816,,,91.1036,19.1948,,,20.9086,,,0.095789,,2.5816,,,91.1036,19.1948,,,20.9086,,,0.095789,,,,,,,,,,,,,,0
2226.564,2.5987,,,101.663,19.2139,,,20.8162,,,0.100534,,2.5987,,,101.663,19.2139,,,20.8162,,,0.100534,,,,,,,,,,,,,,0
2226.7164,2.6275,,,117.8602,21.5628,,,20.7637,,,0.105325,,2.6275,,,117.8602,21.5628,,,20.7637,,,0.105325,,,,,,,,,,,,,,0
2226.8688,2.5749,,,116.4381,22.8967,,,20.5963,,,0.105123,,2.5749,,,116.4381,22.8967,,,20.5963,,,0.105123,,,,,,,,,,,,,,0
2227.0212,2.5284,,,109.6531,19.3193,,,20.5013,,,0.10164,,2.5284,,,109.6531,19.3193,,,20.5013,,,0.10164,,,,,,,,,,,,,,0
2227.1736,2.543,,,96.3247,17.2877,,,20.1589,,,0.095708,,2.543,,,96.3247,17.2877,,,20.1589,,,0.095708,,,,,,,,,,,,,,0
2227.326,2.5806,,,86.8912,20.4246,,,19.9645,,,0.092335,,2.5806,,,86.8912,20.4246,,,19.9645,,,0.092335,,,,,,,,,,,,,,0
2227.4784,2.6226,,,103.6496,22.2061,,,20.6331,,,0.090561,,2.6226,,,103.6496,22.2061,,,20.6331,,,0.090561,,,,,,,,,,,,,,0
2227.6308,2.6346,,,109.4795,22.3039,,,21.0128,,,0.09031,,2.6346,,,109.4795,22.3039,,,21.0128,,,0.09031,,,,,,,,,,,,,,0
2227.7832,2.6297,,,115.0481,22.3594,,,21.1903,,,0.093917,,2.6297,,,115.0481,22.3594,,,21.1903,,,0.093917,,,,,,,,,,,,,,0
2227.9356,2.6299,,,116.8058,23.2191,,,21.2911,,,0.098734,,2.6299,,,116.8058,23.2191,,,21.2911,,,0.098734,,,,,,,,,,,,,,0
2228.088,2.6293,,,128.3319,23.7074,,,21.2341,,,0.104673,,2.6293,,,128.3319,23.7074,,,21.2341,,,0.104673,,,,,,,,,,,,,,0
2228.2404,2.6201,,,132.9607,23.2397,,,21.2018,,,0.107483,,2.6201,,,132.9607,23.2397,,,21.2018,,,0.107483,,,,,,,,,,,,,,0
2228.3928,2.6182,,,125.8581,22.5065,,,21.4647,,,0.10821,,2.6182,,,125.8581,22.5065,,,21.4647,,,0.10821,,,,,,,,,,,,,,0
2228.5452,2.6153,,,109.1066,22.2409,,,21.614,,,0.10799,,2.6153,,,109.1066,22.2409,,,21.614,,,0.10799,,,,,,,,,,,,,,0
2228.6976,2.6431,,,118.7898,22.1794,,,21.7676,,,0.107381,,2.6431,,,118.7898,22.1794,,,21.7676,,,0.107381,,,,,,,,,,,,,,0
2228.85,2.656,,,139.2296,22.1444,,,21.8549,,,0.106817,,2.656,,,139.2296,22.1444,,,21.8549,,,0.106817,,,,,,,,,,,,,,0
2229.0024,2.6157,,,126.5666,23.1601,,,21.8564,,,0.103283,,2.6157,,,126.5666,23.1601,,,21.8564,,,0.103283,,,,,,,,,,,,,,0
2229.1548,2.6079,,,112.7759,23.7369,,,21.8572,,,0.097956,,2.6079,,,112.7759,23.7369,,,21.8572,,,0.097956,,,,,,,,,,,,,,0
2229.3072,2.6058,,,115.2293,26.9742,,,22.6597,,,0.095171,,2.6058,,,115.2293,26.9742,,,22.6597,,,0.095171,,,,,,,,,,,,,,0
2229.4596,2.5931,,,104.4636,26.0154,,,23.1155,,,0.095657,,2.5931,,,104.4636,26.0154,,,23.1155,,,0.095657,,,,,,,,,,,,,,0
2229.612,2.6125,,,98.535,21.1993,,,22.2194,,,0.101047,,2.6125,,,98.535,21.1993,,,22.2194,,,0.101047,,,,,,,,,,,,,,0
2229.7644,2.6444,,,100.0212,24.579,,,21.7105,,,0.106989,,2.6444,,,100.0212,24.579,,,21.7105,,,0.106989,,,,,,,,,,,,,,0
2229.9168,2.6453,,,120.7172,27.5393,,,21.8235,,,0.111224,,2.6453,,,120.7172,27.5393,,,21.8235,,,0.111224,,,,,,,,,,,,,,0
2230.0692,2.6479,,,128.6121,24.2975,,,21.6884,,,0.113876,,2.6479,,,128.6121,24.2975,,,21.6884,,,0.113876,,,,,,,,,,,,,,0
2230.2216,2.6524,,,134.0265,22.4565,,,21.5753,,,0.114345,,2.6524,,,134.0265,22.4565,,,21.5753,,,0.114345,,,,,,,,,,,,,,0
2230.374,2.6561,,,132.4693,23.4055,,,21.6465,,,0.11318,,2.6561,,,132.4693,23.4055,,,21.6465,,,0.11318,,,,,,,,,,,,,,0
2230.5264,2.6399,,,128.807,23.9444,,,21.6869,,,0.11075,,2.6399,,,128.807,23.9444,,,21.6869,,,0.11075,,,,,,,,,,,,,,0
2230.6788,2.6315,,,122.4366,21.5313,,,21.6406,,,0.107149,,2.6315,,,122.4366,21.5313,,,21.6406,,,0.107149,,,,,,,,,,,,,,0
2230.8312,2.6546,,,124.6071,20.1609,,,21.6143,,,0.105062,,2.6546,,,124.6071,20.1609,,,21.6143,,,0.105062,,,,,,,,,,,,,,0
2230.9836,2.6591,,,142.3793,22.2676,,,21.5945,,,0.105338,,2.6591,,,142.3793,22.2676,,,21.5945,,,0.105338,,,,,,,,,,,,,,0
2231.136,2.6616,,,149.4664,23.464,,,21.5832,,,0.106912,,2.6616,,,149.4664,23.464,,,21.5832,,,0.106912,,,,,,,,,,,,,,0
2231.2884,2.6624,,,139.3996,23.5059,,,21.7093,,,0.109194,,2.6624,,,139.3996,23.5059,,,21.7093,,,0.109194,,,,,,,,,,,,,,0
2231.4408,2.6462,,,128.6784,23.5297,,,21.7809,,,0.11061,,2.6462,,,128.6784,23.5297,,,21.7809,,,0.11061,,,,,,,,,,,,,,0
2231.5932,2.6489,,,135.3218,23.83,,,21.841,,,0.110007,,2.6489,,,135.3218,23.83,,,21.841,,,0.110007,,,,,,,,,,,,,,0
2231.7456,2.6496,,,135.8542,24.0006,,,21.8752,,,0.107969,,2.6496,,,135.8542,24.0006,,,21.8752,,,0.107969,,,,,,,,,,,,,,0
2231.898,2.6526,,,123.0886,24.7981,,,22.3542,,,0.106526,,2.6526,,,123.0886,24.7981,,,22.3542,,,0.106526,,,,,,,,,,,,,,0
2232.0504,2.6475,,,119.8064,25.251,,,22.6263,,,0.106965,,2.6475,,,119.8064,25.251,,,22.6263,,,0.106965,,,,,,,,,,,,,,0
2232.2028,2.6496,,,121.055,24.7731,,,22.5853,,,0.109696,,2.6496,,,121.055,24.7731,,,22.5853,,,0.109696,,,,,,,,,,,,,,0
2232.3552,2.6456,,,136.4152,24.5017,,,22.562,,,0.112531,,2.6456,,,136.4152,24.5017,,,22.562,,,0.112531,,,,,,,,,,,,,,0
2232.5076,2.6509,,,147.3663,23.3142,,,22.4541,,,0.114739,,2.6509,,,147.3663,23.3142,,,22.4541,,,0.114739,,,,,,,,,,,,,,0
2232.66,2.6565,,,139.1243,22.6398,,,22.3928,,,0.114097,,2.6565,,,139.1243,22.6398,,,22.3928,,,0.114097,,,,,,,,,,,,,,0
2232.8124,2.583,,,115.4814,20.4211,,,21.0231,,,0.114576,,2.583,,,115.4814,20.4211,,,21.0231,,,0.114576,,,,,,,,,,,,,,0
2232.9648,2.5617,,,101.9552,19.1611,,,20.2452,,,0.116831,,2.5617,,,101.9552,19.1611,,,20.2452,,,0.116831,,,,,,,,,,,,,,0
2233.1172,2.6186,,,115.7173,19.6476,,,20.6401,,,0.120315,,2.6186,,,115.7173,19.6476,,,20.6401,,,0.120315,,,,,,,,,,,,,,0
2233.2696,2.6671,,,136.5473,20.753,,,20.8643,,,0.1218,,2.6671,,,136.5473,20.753,,,20.8643,,,0.1218,,,,,,,,,,,,,,0
2233.422,2.664,,,139.7957,21.2238,,,21.009,,,0.11995,,2.664,,,139.7957,21.2238,,,21.009,,,0.11995,,,,,,,,,,,,,,0
2233.5744,2.6469,,,135.9969,21.657,,,21.0911,,,0.11603,,2.6469,,,135.9969,21.657,,,21.0911,,,0.11603,,,,,,,,,,,,,,0
2233.7268,2.6501,,,137.2794,21.903,,,21.1124,,,0.114591,,2.6501,,,137.2794,21.903,,,21.1124,,,0.114591,,,,,,,,,,,,,,0
2233.8792,2.6664,,,136.0506,22.2229,,,20.8082,,,0.117889,,2.6664,,,136.0506,22.2229,,,20.8082,,,0.117889,,,,,,,,,,,,,,0
2234.0316,2.6673,,,138.2564,22.4045,,,20.5009,,,0.123144,,2.6673,,,138.2564,22.4045,,,20.5009,,,0.123144,,,,,,,,,,,,,,0
2234.184,2.6428,,,149.6979,21.6941,,,19.8246,,,0.130968,,2.6428,,,149.6979,21.6941,,,19.8246,,,0.130968,,,,,,,,,,,,,,0
2234.3364,2.6258,,,143.2506,20.7659,,,19.4351,,,0.135065,,2.6258,,,143.2506,20.7659,,,19.4351,,,0.135065,,,,,,,,,,,,,,0
2234.4888,2.6344,,,130.8745,20.5395,,,19.3766,,,0.135054,,2.6344,,,130.8745,20.5395,,,19.3766,,,0.135054,,,,,,,,,,,,,,0
2234.6412,2.6492,,,127.7719,20.6249,,,19.5302,,,0.134226,,2.6492,,,127.7719,20.6249,,,19.5302,,,0.134226,,,,,,,,,,,,,,0
2234.7936,2.6549,,,138.2953,21.2507,,,19.721,,,0.135494,,2.6549,,,138.2953,21.2507,,,19.721,,,0.135494,,,,,,,,,,,,,,0
2234.946,2.6488,,,147.2514,21.5916,,,19.7739,,,0.135188,,2.6488,,,147.2514,21.5916,,,19.7739,,,0.135188,,,,,,,,,,,,,,0
2235.0984,2.6558,,,151.4972,21.9291,,,19.7978,,,0.13163,,2.6558,,,151.4972,21.9291,,,19.7978,,,0.13163,,,,,,,,,,,,,,0
2235.2508,2.6357,,,153.8826,22.1207,,,19.8114,,,0.128661,,2.6357,,,153.8826,22.1207,,,19.8114,,,0.128661,,,,,,,,,,,,,,0
2235.4032,2.6258,,,128.4941,21.3374,,,19.7971,,,0.126561,,2.6258,,,128.4941,21.3374,,,19.7971,,,0.126561,,,,,,,,,,,,,,0
2235.5556,2.6172,,,122.185,20.8926,,,19.7889,,,0.123057,,2.6172,,,122.185,20.8926,,,19.7889,,,0.123057,,,,,,,,,,,,,,0
2235.708,2.5711,,,123.0179,17.6146,,,19.7061,,,0.118694,,2.5711,,,123.0179,17.6146,,,19.7061,,,0.118694,,,,,,,,,,,,,,0
2235.8604,2.5681,,,106.3354,15.753,,,19.5763,,,0.117674,,2.5681,,,106.3354,15.753,,,19.5763,,,0.117674,,,,,,,,,,,,,,0
2236.0128,2.6283,,,113.7722,21.1729,,,19.5293,,,0.129034,,2.6283,,,113.7722,21.1729,,,19.5293,,,0.129034,,,,,,,,,,,,,,0
2236.1652,2.6647,,,124.7429,24.2508,,,19.5936,,,0.138617,,2.6647,,,124.7429,24.2508,,,19.5936,,,0.138617,,,,,,,,,,,,,,0
2236.3176,2.6339,,,144.8596,17.7603,,,19.6301,,,0.144709,,2.6339,,,144.8596,17.7603,,,19.6301,,,0.144709,,,,,,,,,,,,,,0
2236.47,2.6491,,,156.9286,14.0743,,,19.2179,,,0.148376,,2.6491,,,156.9286,14.0743,,,19.2179,,,0.148376,,,,,,,,,,,,,,0
2236.6224,2.655,,,145.158,16.6942,,,18.9838,,,0.148717,,2.655,,,145.158,16.6942,,,18.9838,,,0.148717,,,,,,,,,,,,,,0
2236.7748,2.6292,,,156.125,20.802,,,19.3287,,,0.147416,,2.6292,,,156.125,20.802,,,19.3287,,,0.147416,,,,,,,,,,,,,,0
2236.9272,2.6257,,,172.5031,22.2899,,,19.5246,,,0.146098,,2.6257,,,172.5031,22.2899,,,19.5246,,,0.146098,,,,,,,,,,,,,,0
2237.0796,2.6474,,,166.0792,22.4069,,,19.7841,,,0.141491,,2.6474,,,166.0792,22.4069,,,19.7841,,,0.141491,,,,,,,,,,,,,,0
2237.232,2.6297,,,157.1407,22.4733,,,19.9315,,,0.139738,,2.6297,,,157.1407,22.4733,,,19.9315,,,0.139738,,,,,,,,,,,,,,0
2237.3844,2.614,,,141.0336,18.8392,,,19.7253,,,0.139143,,2.614,,,141.0336,18.8392,,,19.7253,,,0.139143,,,,,,,,,,,,,,0
2237.5368,2.6479,,,138.684,16.7754,,,19.6082,,,0.138154,,2.6479,,,138.684,16.7754,,,19.6082,,,0.138154,,,,,,,,,,,,,,0
2237.6892,2.6813,,,142.003,22.0781,,,19.6217,,,0.137071,,2.6813,,,142.003,22.0781,,,19.6217,,,0.137071,,,,,,,,,,,,,,0
2237.8416,2.6761,,,146.5746,25.0895,,,19.6294,,,0.13762,,2.6761,,,146.5746,25.0895,,,19.6294,,,0.13762,,,,,,,,,,,,,,0
2237.994,2.643,,,147.6449,24.2199,,,19.4854,,,0.142027,,2.643,,,147.6449,24.2199,,,19.4854,,,0.142027,,,,,,,,,,,,,,0
2238.1464,2.6345,,,142.8662,23.726,,,19.2595,,,0.145029,,2.6345,,,142.8662,23.726,,,19.2595,,,0.145029,,,,,,,,,,,,,,0
2238.2988,2.65,,,133.9302,22.7437,,,19.1777,,,0.144671,,2.65,,,133.9302,22.7437,,,19.1777,,,0.144671,,,,,,,,,,,,,,0
2238.4512,2.6509,,,126.4329,22.1858,,,18.9613,,,0.14369,,2.6509,,,126.4329,22.1858,,,18.9613,,,0.14369,,,,,,,,,,,,,,0
2238.6036,2.6476,,,138.3184,21.8318,,,18.8384,,,0.142698,,2.6476,,,138.3184,21.8318,,,18.8384,,,0.142698,,,,,,,,,,,,,,0
2238.756,2.6386,,,145.6142,21.6308,,,18.9216,,,0.141854,,2.6386,,,145.6142,21.6308,,,18.9216,,,0.141854,,,,,,,,,,,,,,0
2238.9084,2.6439,,,145.3098,21.0799,,,18.9688,,,0.141728,,2.6439,,,145.3098,21.0799,,,18.9688,,,0.141728,,,,,,,,,,,,,,0
2239.0608,2.6589,,,137.1255,20.2162,,,18.8779,,,0.141991,,2.6589,,,137.1255,20.2162,,,18.8779,,,0.141991,,,,,,,,,,,,,,0
2239.2132,2.6641,,,143.0065,19.9033,,,18.7354,,,0.142036,,2.6641,,,143.0065,19.9033,,,18.7354,,,0.142036,,,,,,,,,,,,,,0
2239.3656,2.6535,,,147.2262,20.9956,,,18.6837,,,0.141426,,2.6535,,,147.2262,20.9956,,,18.6837,,,0.141426,,,,,,,,,,,,,,0
2239.518,2.6453,,,136.2235,21.6159,,,18.8016,,,0.137975,,2.6453,,,136.2235,21.6159,,,18.8016,,,0.137975,,,,,,,,,,,,,,0
2239.6704,2.6316,,,136.2283,19.6957,,,18.7108,,,0.13282,,2.6316,,,136.2283,19.6957,,,18.7108,,,0.13282,,,,,,,,,,,,,,0
2239.8228,2.6191,,,140.8792,18.6052,,,18.6212,,,0.128668,,2.6191,,,140.8792,18.6052,,,18.6212,,,0.128668,,,,,,,,,,,,,,0
2239.9752,2.6419,,,130.3289,18.6098,,,18.44,,,0.125231,,2.6419,,,130.3289,18.6098,,,18.44,,,0.125231,,,,,,,,,,,,,,0
2240.1276,2.643,,,130.891,18.6124,,,18.3371,,,0.123809,,2.643,,,130.891,18.6124,,,18.3371,,,0.123809,,,,,,,,,,,,,,0
2240.28,2.6547,,,135.8703,18.9877,,,18.118,,,0.12606,,2.6547,,,135.8703,18.9877,,,18.118,,,0.12606,,,,,,,,,,,,,,0
2240.4324,2.666,,,133.77,19.2008,,,17.7744,,,0.128293,,2.666,,,133.77,19.2008,,,17.7744,,,0.128293,,,,,,,,,,,,,,0
2240.5848,2.6601,,,140.6953,18.1172,,,17.6499,,,0.128672,,2.6601,,,140.6953,18.1172,,,17.6499,,,0.128672,,,,,,,,,,,,,,0
2240.7372,2.6647,,,147.1686,17.5019,,,17.1069,,,0.129684,,2.6647,,,147.1686,17.5019,,,17.1069,,,0.129684,,,,,,,,,,,,,,0
2240.8896,2.6652,,,151.8196,17.2984,,,16.7986,,,0.134701,,2.6652,,,151.8196,17.2984,,,16.7986,,,0.134701,,,,,,,,,,,,,,0
2241.042,2.6567,,,150.4018,17.1828,,,16.203,,,0.138412,,2.6567,,,150.4018,17.1828,,,16.203,,,0.138412,,,,,,,,,,,,,,0
2241.1944,2.6578,,,151.5005,16.3678,,,15.8648,,,0.139419,,2.6578,,,151.5005,16.3678,,,15.8648,,,0.139419,,,,,,,,,,,,,,0
2241.3468,2.6633,,,141.6782,15.905,,,15.3666,,,0.139728,,2.6633,,,141.6782,15.905,,,15.3666,,,0.139728,,,,,,,,,,,,,,0
2241.4992,2.6656,,,134.4532,15.1263,,,15.0836,,,0.138269,,2.6656,,,134.4532,15.1263,,,15.0836,,,0.138269,,,,,,,,,,,,,,0
2241.6516,2.6635,,,139.2724,13.9055,,,13.8331,,,0.136252,,2.6635,,,139.2724,13.9055,,,13.8331,,,0.136252,,,,,,,,,,,,,,0
2241.804,2.6579,,,144.8989,13.4633,,,13.123,,,0.134261,,2.6579,,,144.8989,13.4633,,,13.123,,,0.134261,,,,,,,,,,,,,,0
2241.9564,2.6426,,,132.4773,12.1927,,,12.4,,,0.133181,,2.6426,,,132.4773,12.1927,,,12.4,,,0.133181,,,,,,,,,,,,,,0
2242.1088,2.6385,,,117.3682,11.4712,,,11.2664,,,0.130831,,2.6385,,,117.3682,11.4712,,,11.2664,,,0.130831,,,,,,,,,,,,,,0
2242.2612,2.6421,,,119.308,11.1171,,,10.8558,,,0.130748,,2.6421,,,119.308,11.1171,,,10.8558,,,0.130748,,,,,,,,,,,,,,0
2242.4136,2.6558,,,143.8984,10.916,,,11.333,,,0.135737,,2.6558,,,143.8984,10.916,,,11.333,,,0.135737,,,,,,,,,,,,,,0
2242.566,2.6594,,,158.0858,12.0979,,,11.604,,,0.140624,,2.6594,,,158.0858,12.0979,,,11.604,,,0.140624,,,,,,,,,,,,,,0
2242.7184,2.6356,,,154.0383,12.7691,,,12.3315,,,0.145444,,2.6356,,,154.0383,12.7691,,,12.3315,,,0.145444,,,,,,,,,,,,,,0
2242.8708,2.6342,,,133.6611,13.8896,,,13.4061,,,0.144211,,2.6342,,,133.6611,13.8896,,,13.4061,,,0.144211,,,,,,,,,,,,,,0
2243.0232,2.6332,,,127.6569,14.5259,,,13.7818,,,0.143102,,2.6332,,,127.6569,14.5259,,,13.7818,,,0.143102,,,,,,,,,,,,,,0
2243.1756,2.6302,,,147.7748,14.7016,,,13.992,,,0.144329,,2.6302,,,147.7748,14.7016,,,13.992,,,0.144329,,,,,,,,,,,,,,0
2243.328,2.6461,,,150.7549,14.8791,,,14.1113,,,0.145884,,2.6461,,,150.7549,14.8791,,,14.1113,,,0.145884,,,,,,,,,,,,,,0
2243.4804,2.6426,,,146.3132,15.0576,,,14.1526,,,0.149179,,2.6426,,,146.3132,15.0576,,,14.1526,,,0.149179,,,,,,,,,,,,,,0
2243.6328,2.6425,,,149.2278,15.2695,,,14.2003,,,0.150254,,2.6425,,,149.2278,15.2695,,,14.2003,,,0.150254,,,,,,,,,,,,,,0
2243.7852,2.6452,,,148.201,15.0849,,,14.2447,,,0.148278,,2.6452,,,148.201,15.0849,,,14.2447,,,0.148278,,,,,,,,,,,,,,0
2243.9376,2.6525,,,140.9176,14.6747,,,14.4972,,,0.147364,,2.6525,,,140.9176,14.6747,,,14.4972,,,0.147364,,,,,,,,,,,,,,0
2244.09,2.6171,,,139.9259,14.5261,,,14.8658,,,0.145614,,2.6171,,,139.9259,14.5261,,,14.8658,,,0.145614,,,,,,,,,,,,,,0
2244.2424,2.6151,,,146.8452,15.8409,,,14.9993,,,0.145174,,2.6151,,,146.8452,15.8409,,,14.9993,,,0.145174,,,,,,,,,,,,,,0
2244.3948,2.6503,,,147.4102,16.5876,,,15.1001,,,0.148498,,2.6503,,,147.4102,16.5876,,,15.1001,,,0.148498,,,,,,,,,,,,,,0
2244.5472,2.6623,,,140.534,16.6183,,,15.1574,,,0.152879,,2.6623,,,140.534,16.6183,,,15.1574,,,0.152879,,,,,,,,,,,,,,0
2244.6996,2.6707,,,142.9466,16.6357,,,15.5283,,,0.150382,,2.6707,,,142.9466,16.6357,,,15.5283,,,0.150382,,,,,,,,,,,,,,0
2244.852,2.6751,,,147.1076,17.251,,,15.739,,,0.145039,,2.6751,,,147.1076,17.251,,,15.739,,,0.145039,,,,,,,,,,,,,,0
2245.0044,2.6489,,,142.8976,17.6004,,,16.2642,,,0.140557,,2.6489,,,142.8976,17.6004,,,16.2642,,,0.140557,,,,,,,,,,,,,,0
2245.1568,2.6353,,,139.7542,17.78,,,16.5625,,,0.139829,,2.6353,,,139.7542,17.78,,,16.5625,,,0.139829,,,,,,,,,,,,,,0
2245.3092,2.6492,,,144.8241,18.0616,,,16.7721,,,0.143489,,2.6492,,,144.8241,18.0616,,,16.7721,,,0.143489,,,,,,,,,,,,,,0
2245.4616,2.6534,,,152.6466,18.1636,,,16.8912,,,0.146958,,2.6534,,,152.6466,18.1636,,,16.8912,,,0.146958,,,,,,,,,,,,,,0
2245.614,2.6434,,,139.2431,19.9445,,,17.0028,,,0.151153,,2.6434,,,139.2431,19.9445,,,17.0028,,,0.151153,,,,,,,,,,,,,,0
2245.7664,2.6402,,,133.0748,20.9559,,,17.0661,,,0.153064,,2.6402,,,133.0748,20.9559,,,17.0661,,,0.153064,,,,,,,,,,,,,,0
2245.9188,2.6329,,,141.3719,21.0497,,,17.7491,,,0.150804,,2.6329,,,141.3719,21.0497,,,17.7491,,,0.150804,,,,,,,,,,,,,,0
2246.0712,2.6537,,,143.7947,21.02,,,18.137,,,0.14848,,2.6537,,,143.7947,21.02,,,18.137,,,0.14848,,,,,,,,,,,,,,0
2246.2236,2.6617,,,142.054,20.8899,,,18.3748,,,0.147709,,2.6617,,,142.054,20.8899,,,18.3748,,,0.147709,,,,,,,,,,,,,,0
2246.376,2.66,,,144.4717,20.8428,,,18.7475,,,0.147217,,2.66,,,144.4717,20.8428,,,18.7475,,,0.147217,,,,,,,,,,,,,,0
2246.5284,2.651,,,151.3647,21.3579,,,18.8825,,,0.147702,,2.651,,,151.3647,21.3579,,,18.8825,,,0.147702,,,,,,,,,,,,,,0
2246.6808,2.6389,,,142.9567,21.6505,,,18.6239,,,0.150141,,2.6389,,,142.9567,21.6505,,,18.6239,,,0.150141,,,,,,,,,,,,,,0
2246.8332,2.6181,,,137.4327,21.4703,,,18.4771,,,0.150854,,2.6181,,,137.4327,21.4703,,,18.4771,,,0.150854,,,,,,,,,,,,,,0
2246.9856,2.6368,,,140.106,21.1879,,,17.8843,,,0.149133,,2.6368,,,140.106,21.1879,,,17.8843,,,0.149133,,,,,,,,,,,,,,0
2247.138,2.6529,,,147.6426,21.0856,,,17.5476,,,0.148236,,2.6529,,,147.6426,21.0856,,,17.5476,,,0.148236,,,,,,,,,,,,,,0
2247.2904,2.652,,,151.1108,19.7865,,,16.9691,,,0.148391,,2.652,,,151.1108,19.7865,,,16.9691,,,0.148391,,,,,,,,,,,,,,0
2247.4428,2.6502,,,150.05,19.0488,,,16.6405,,,0.148755,,2.6502,,,150.05,19.0488,,,16.6405,,,0.148755,,,,,,,,,,,,,,0
2247.5952,2.644,,,145.6767,18.2778,,,16.9081,,,0.151387,,2.644,,,145.6767,18.2778,,,16.9081,,,0.151387,,,,,,,,,,,,,,0
2247.7476,2.6454,,,149.9993,17.7052,,,16.8566,,,0.153374,,2.6454,,,149.9993,17.7052,,,16.8566,,,0.153374,,,,,,,,,,,,,,0
2247.9,2.6521,,,161.989,17.0657,,,16.4926,,,0.153062,,2.6521,,,161.989,17.0657,,,16.4926,,,0.153062,,,,,,,,,,,,,,0
2248.0524,2.6529,,,160.2156,16.8984,,,16.1013,,,0.152062,,2.6529,,,160.2156,16.8984,,,16.1013,,,0.152062,,,,,,,,,,,,,,0
2248.2048,2.6483,,,143.6656,14.989,,,13.7524,,,0.147809,,2.6483,,,143.6656,14.989,,,13.7524,,,0.147809,,,,,,,,,,,,,,0
2248.3572,2.6458,,,135.2032,14.0227,,,12.5541,,,0.145345,,2.6458,,,135.2032,14.0227,,,12.5541,,,0.145345,,,,,,,,,,,,,,0
2248.5096,2.6542,,,141.0031,14.2503,,,12.8697,,,0.144881,,2.6542,,,141.0031,14.2503,,,12.8697,,,0.144881,,,,,,,,,,,,,,0
2248.662,2.6483,,,140.2538,14.4372,,,12.4233,,,0.14419,,2.6483,,,140.2538,14.4372,,,12.4233,,,0.14419,,,,,,,,,,,,,,0
2248.8144,2.6521,,,139.4232,13.2233,,,12.0544,,,0.145813,,2.6521,,,139.4232,13.2233,,,12.0544,,,0.145813,,,,,,,,,,,,,,0
2248.9668,2.6607,,,136.7349,12.9413,,,12.1802,,,0.149196,,2.6607,,,136.7349,12.9413,,,12.1802,,,0.149196,,,,,,,,,,,,,,0
2249.1192,2.6238,,,139.7908,13.4786,,,12.913,,,0.149798,,2.6238,,,139.7908,13.4786,,,12.913,,,0.149798,,,,,,,,,,,,,,0
2249.2716,2.6247,,,157.7771,13.1501,,,13.448,,,0.151569,,2.6247,,,157.7771,13.1501,,,13.448,,,0.151569,,,,,,,,,,,,,,0
2249.424,2.6461,,,166.6771,14.134,,,14.027,,,0.154458,,2.6461,,,166.6771,14.134,,,14.027,,,0.154458,,,,,,,,,,,,,,0
2249.5764,2.6562,,,158.5525,16.0012,,,14.3031,,,0.159035,,2.6562,,,158.5525,16.0012,,,14.3031,,,0.159035,,,,,,,,,,,,,,0
2249.7288,2.6721,,,154.1347,16.6545,,,14.5191,,,0.160462,,2.6721,,,154.1347,16.6545,,,14.5191,,,0.160462,,,,,,,,,,,,,,0
2249.8812,2.66,,,153.0763,16.7625,,,14.7193,,,0.156528,,2.66,,,153.0763,16.7625,,,14.7193,,,0.156528,,,,,,,,,,,,,,0
2250.0336,2.6529,,,151.8298,17.1468,,,14.9696,,,0.151821,,2.6529,,,151.8298,17.1468,,,14.9696,,,0.151821,,,,,,,,,,,,,,0
2250.186,2.6539,,,144.8418,18.2648,,,15.5981,,,0.147239,,2.6539,,,144.8418,18.2648,,,15.5981,,,0.147239,,,,,,,,,,,,,,0
2250.3384,2.6425,,,136.0539,18.7956,,,15.8885,,,0.146648,,2.6425,,,136.0539,18.7956,,,15.8885,,,0.146648,,,,,,,,,,,,,,0
2250.4908,2.6368,,,149.3989,17.5844,,,15.9197,,,0.150361,,2.6368,,,149.3989,17.5844,,,15.9197,,,0.150361,,,,,,,,,,,,,,0
2250.6432,2.6614,,,162.1635,16.8965,,,15.9374,,,0.153248,,2.6614,,,162.1635,16.8965,,,15.9374,,,0.153248,,,,,,,,,,,,,,0
2250.7956,2.6531,,,153.7828,17.5476,,,15.7346,,,0.153836,,2.6531,,,153.7828,17.5476,,,15.7346,,,0.153836,,,,,,,,,,,,,,0
2250.948,2.6537,,,137.1993,17.2703,,,15.6194,,,0.153354,,2.6537,,,137.1993,17.2703,,,15.6194,,,0.153354,,,,,,,,,,,,,,0
2251.1004,2.66,,,150.1191,16.5737,,,15.3274,,,0.154439,,2.66,,,150.1191,16.5737,,,15.3274,,,0.154439,,,,,,,,,,,,,,0
2251.2528,2.6498,,,160.5154,16.961,,,15.1615,,,0.155391,,2.6498,,,160.5154,16.961,,,15.1615,,,0.155391,,,,,,,,,,,,,,0
2251.4052,2.6441,,,154.6786,17.2908,,,14.9217,,,0.15499,,2.6441,,,154.6786,17.2908,,,14.9217,,,0.15499,,,,,,,,,,,,,,0
2251.5576,2.6374,,,151.4645,17.2987,,,14.7403,,,0.1547,,2.6374,,,151.4645,17.2987,,,14.7403,,,0.1547,,,,,,,,,,,,,,0
2251.71,2.6454,,,148.6469,17.1672,,,14.6892,,,0.152787,,2.6454,,,148.6469,17.1672,,,14.6892,,,0.152787,,,,,,,,,,,,,,0
2251.8624,2.6478,,,154.9021,17.0906,,,14.586,,,0.151955,,2.6478,,,154.9021,17.0906,,,14.586,,,0.151955,,,,,,,,,,,,,,0
2252.0148,2.6487,,,160.4431,16.1697,,,14.5356,,,0.152993,,2.6487,,,160.4431,16.1697,,,14.5356,,,0.152993,,,,,,,,,,,,,,0
2252.1672,2.6323,,,158.5437,15.6467,,,14.6834,,,0.15299,,2.6323,,,158.5437,15.6467,,,14.6834,,,0.15299,,,,,,,,,,,,,,0
2252.3196,2.6429,,,155.1758,15.7929,,,14.6901,,,0.15455,,2.6429,,,155.1758,15.7929,,,14.6901,,,0.15455,,,,,,,,,,,,,,0
2252.472,2.6562,,,144.033,15.7023,,,14.5969,,,0.157003,,2.6562,,,144.033,15.7023,,,14.5969,,,0.157003,,,,,,,,,,,,,,0
2252.6244,2.6528,,,141.9616,15.6037,,,14.573,,,0.159777,,2.6528,,,141.9616,15.6037,,,14.573,,,0.159777,,,,,,,,,,,,,,0
2252.7768,2.6488,,,149.9716,16.4043,,,14.5753,,,0.161538,,2.6488,,,149.9716,16.4043,,,14.5753,,,0.161538,,,,,,,,,,,,,,0
2252.9292,2.6427,,,153.895,16.859,,,14.5897,,,0.159987,,2.6427,,,153.895,16.859,,,14.5897,,,0.159987,,,,,,,,,,,,,,0
2253.0816,2.656,,,153.6792,15.0309,,,14.7968,,,0.158454,,2.656,,,153.6792,15.0309,,,14.7968,,,0.158454,,,,,,,,,,,,,,0
2253.234,2.6716,,,149.7536,13.9927,,,15.0268,,,0.158583,,2.6716,,,149.7536,13.9927,,,15.0268,,,0.158583,,,,,,,,,,,,,,0
2253.3864,2.6515,,,148.9019,16.7478,,,15.3728,,,0.159502,,2.6515,,,148.9019,16.7478,,,15.3728,,,0.159502,,,,,,,,,,,,,,0
2253.5388,2.6306,,,150.5299,17.635,,,15.5316,,,0.160346,,2.6306,,,150.5299,17.635,,,15.5316,,,0.160346,,,,,,,,,,,,,,0
2253.6912,2.6382,,,149.1494,16.0919,,,15.5836,,,0.166085,,2.6382,,,149.1494,16.0919,,,15.5836,,,0.166085,,,,,,,,,,,,,,0
2253.8436,2.6409,,,148.2877,16.7129,,,15.6318,,,0.171305,,2.6409,,,148.2877,16.7129,,,15.6318,,,0.171305,,,,,,,,,,,,,,0
2253.996,2.6281,,,154.359,17.0502,,,15.7067,,,0.174031,,2.6281,,,154.359,17.0502,,,15.7067,,,0.174031,,,,,,,,,,,,,,0
2254.1484,2.6216,,,155.816,16.6113,,,15.7734,,,0.174262,,2.6216,,,155.816,16.6113,,,15.7734,,,0.174262,,,,,,,,,,,,,,0
2254.3008,2.6336,,,150.7857,16.238,,,15.5725,,,0.171094,,2.6336,,,150.7857,16.238,,,15.5725,,,0.171094,,,,,,,,,,,,,,0
2254.4532,2.651,,,146.7231,17.2237,,,16.364,,,0.167969,,2.651,,,146.7231,17.2237,,,16.364,,,0.167969,,,,,,,,,,,,,,0
2254.6056,2.6555,,,147.1637,17.912,,,16.8276,,,0.166207,,2.6555,,,147.1637,17.912,,,16.8276,,,0.166207,,,,,,,,,,,,,,0
2254.758,2.644,,,149.9487,17.9393,,,16.4887,,,0.16334,,2.644,,,149.9487,17.9393,,,16.4887,,,0.16334,,,,,,,,,,,,,,0
2254.9104,2.6279,,,149.9102,18.9439,,,16.5484,,,0.158173,,2.6279,,,149.9102,18.9439,,,16.5484,,,0.158173,,,,,,,,,,,,,,0
2255.0628,2.6215,,,148.3125,19.5144,,,16.6813,,,0.155617,,2.6215,,,148.3125,19.5144,,,16.6813,,,0.155617,,,,,,,,,,,,,,0
2255.2152,2.6351,,,145.6119,18.2157,,,16.5591,,,0.153423,,2.6351,,,145.6119,18.2157,,,16.5591,,,0.153423,,,,,,,,,,,,,,0
2255.3676,2.6507,,,144.2452,17.4781,,,16.4897,,,0.150769,,2.6507,,,144.2452,17.4781,,,16.4897,,,0.150769,,,,,,,,,,,,,,0
2255.52,2.6624,,,145.3985,16.7576,,,16.254,,,0.14888,,2.6624,,,145.3985,16.7576,,,16.254,,,0.14888,,,,,,,,,,,,,,0
2255.6724,2.6547,,,143.9857,16.3485,,,16.1202,,,0.149576,,2.6547,,,143.9857,16.3485,,,16.1202,,,0.149576,,,,,,,,,,,,,,0
2255.8248,2.654,,,142.7196,16.756,,,16.1539,,,0.15081,,2.654,,,142.7196,16.756,,,16.1539,,,0.15081,,,,,,,,,,,,,,0
2255.9772,2.6545,,,149.6677,16.9874,,,16.1731,,,0.151674,,2.6545,,,149.6677,16.9874,,,16.1731,,,0.151674,,,,,,,,,,,,,,0
2256.1296,2.6505,,,152.461,16.1772,,,15.8288,,,0.15015,,2.6505,,,152.461,16.1772,,,15.8288,,,0.15015,,,,,,,,,,,,,,0
2256.282,2.6485,,,142.2139,15.7171,,,15.289,,,0.147888,,2.6485,,,142.2139,15.7171,,,15.289,,,0.147888,,,,,,,,,,,,,,0
2256.4344,2.6577,,,139.5992,16.9501,,,15.0934,,,0.14956,,2.6577,,,139.5992,16.9501,,,15.0934,,,0.14956,,,,,,,,,,,,,,0
2256.5868,2.6591,,,150.4547,17.6504,,,15.63,,,0.152622,,2.6591,,,150.4547,17.6504,,,15.63,,,0.152622,,,,,,,,,,,,,,0
2256.7392,2.6551,,,154.5036,17.0862,,,15.9347,,,0.154939,,2.6551,,,154.5036,17.0862,,,15.9347,,,0.154939,,,,,,,,,,,,,,0
2256.8916,2.6521,,,150.7582,16.7658,,,16.2098,,,0.153914,,2.6521,,,150.7582,16.7658,,,16.2098,,,0.153914,,,,,,,,,,,,,,0
2257.044,2.6547,,,141.2107,17.242,,,16.366,,,0.151242,,2.6547,,,141.2107,17.242,,,16.366,,,0.151242,,,,,,,,,,,,,,0
2257.1964,2.6554,,,140.4674,17.5124,,,16.5349,,,0.149343,,2.6554,,,140.4674,17.5124,,,16.5349,,,0.149343,,,,,,,,,,,,,,0
2257.3488,2.6447,,,137.5595,17.3289,,,16.6308,,,0.150076,,2.6447,,,137.5595,17.3289,,,16.6308,,,0.150076,,,,,,,,,,,,,,0
2257.5012,2.6485,,,142.2583,17.2247,,,16.581,,,0.152203,,2.6485,,,142.2583,17.2247,,,16.581,,,0.152203,,,,,,,,,,,,,,0
2257.6536,2.6479,,,143.5588,16.616,,,16.5527,,,0.154467,,2.6479,,,143.5588,16.616,,,16.5527,,,0.154467,,,,,,,,,,,,,,0
2257.806,2.6471,,,144.9486,16.2703,,,16.7875,,,0.160275,,2.6471,,,144.9486,16.2703,,,16.7875,,,0.160275,,,,,,,,,,,,,,0
2257.9584,2.6455,,,146.5908,17.632,,,16.9208,,,0.164057,,2.6455,,,146.5908,17.632,,,16.9208,,,0.164057,,,,,,,,,,,,,,0
2258.1108,2.6434,,,150.7489,18.4053,,,17.3157,,,0.16562,,2.6434,,,150.7489,18.4053,,,17.3157,,,0.16562,,,,,,,,,,,,,,0
2258.2632,2.6218,,,159.9581,17.6855,,,17.5399,,,0.165052,,2.6218,,,159.9581,17.6855,,,17.5399,,,0.165052,,,,,,,,,,,,,,0
2258.4156,2.5992,,,139.4728,16.5569,,,17.8547,,,0.15866,,2.5992,,,139.4728,16.5569,,,17.8547,,,0.15866,,,,,,,,,,,,,,0
2258.568,2.6297,,,137.5953,16.1481,,,18.0335,,,0.152849,,2.6297,,,137.5953,16.1481,,,18.0335,,,0.152849,,,,,,,,,,,,,,0
2258.7204,2.6157,,,141.6198,20.3644,,,18.4331,,,0.147063,,2.6157,,,141.6198,20.3644,,,18.4331,,,0.147063,,,,,,,,,,,,,,0
2258.8728,2.6062,,,121.5719,19.3789,,,18.6601,,,0.142687,,2.6062,,,121.5719,19.3789,,,18.6601,,,0.142687,,,,,,,,,,,,,,0
2259.0252,2.6227,,,110.8514,17.4594,,,18.7508,,,0.14396,,2.6227,,,110.8514,17.4594,,,18.7508,,,0.14396,,,,,,,,,,,,,,0
2259.1776,2.657,,,127.9577,17.5614,,,18.8023,,,0.148489,,2.657,,,127.9577,17.5614,,,18.8023,,,0.148489,,,,,,,,,,,,,,0
2259.33,2.6476,,,142.5862,17.6194,,,18.055,,,0.14979,,2.6476,,,142.5862,17.6194,,,18.055,,,0.14979,,,,,,,,,,,,,,0
2259.4824,2.6217,,,132.607,17.483,,,17.6306,,,0.150776,,2.6217,,,132.607,17.483,,,17.6306,,,0.150776,,,,,,,,,,,,,,0
2259.6348,2.6433,,,123.8586,17.4055,,,17.6472,,,0.151181,,2.6433,,,123.8586,17.4055,,,17.6472,,,0.151181,,,,,,,,,,,,,,0
2259.7872,2.6312,,,132.1271,17.3295,,,17.6567,,,0.149406,,2.6312,,,132.1271,17.3295,,,17.6567,,,0.149406,,,,,,,,,,,,,,0
2259.9396,2.6306,,,139.8222,17.2863,,,17.4817,,,0.148819,,2.6306,,,139.8222,17.2863,,,17.4817,,,0.148819,,,,,,,,,,,,,,0
2260.092,2.6296,,,142.7579,17.1108,,,17.3823,,,0.150658,,2.6296,,,142.7579,17.1108,,,17.3823,,,0.150658,,,,,,,,,,,,,,0
2260.2444,2.6156,,,137.0887,16.8357,,,17.4332,,,0.151664,,2.6156,,,137.0887,16.8357,,,17.4332,,,0.151664,,,,,,,,,,,,,,0
2260.3968,2.6192,,,128.6154,16.7361,,,17.513,,,0.150871,,2.6192,,,128.6154,16.7361,,,17.513,,,0.150871,,,,,,,,,,,,,,0
2260.5492,2.6335,,,133.4085,16.9662,,,17.5419,,,0.150336,,2.6335,,,133.4085,16.9662,,,17.5419,,,0.150336,,,,,,,,,,,,,,0
2260.7016,2.6339,,,140.6985,17.0969,,,16.689,,,0.150874,,2.6339,,,140.6985,17.0969,,,16.689,,,0.150874,,,,,,,,,,,,,,0
2260.854,2.635,,,142.8046,16.415,,,16.2047,,,0.151519,,2.635,,,142.8046,16.415,,,16.2047,,,0.151519,,,,,,,,,,,,,,0
2261.0064,2.6574,,,143.5324,16.0277,,,15.9063,,,0.147746,,2.6574,,,143.5324,16.0277,,,15.9063,,,0.147746,,,,,,,,,,,,,,0
2261.1588,2.6651,,,138.6517,16.0283,,,15.7369,,,0.143778,,2.6651,,,138.6517,16.0283,,,15.7369,,,0.143778,,,,,,,,,,,,,,0
2261.3112,2.6637,,,128.2312,16.0292,,,15.742,,,0.14229,,2.6637,,,128.2312,16.0292,,,15.742,,,0.14229,,,,,,,,,,,,,,0
2261.4636,2.6626,,,132.5163,16.0295,,,15.7449,,,0.142829,,2.6626,,,132.5163,16.0295,,,15.7449,,,0.142829,,,,,,,,,,,,,,0
2261.616,2.6405,,,135.0017,16.0111,,,15.9471,,,0.143619,,2.6405,,,135.0017,16.0111,,,15.9471,,,0.143619,,,,,,,,,,,,,,0
2261.7684,2.6427,,,136.1655,16.0007,,,16.0619,,,0.14278,,2.6427,,,136.1655,16.0007,,,16.0619,,,0.14278,,,,,,,,,,,,,,0
2261.9208,2.6551,,,139.8463,16.3772,,,16.0546,,,0.143731,,2.6551,,,139.8463,16.3772,,,16.0546,,,0.143731,,,,,,,,,,,,,,0
2262.0732,2.6615,,,143.5017,16.591,,,16.0432,,,0.148044,,2.6615,,,143.5017,16.591,,,16.0432,,,0.148044,,,,,,,,,,,,,,0
2262.2256,2.6488,,,138.2593,15.9017,,,16.039,,,0.15102,,2.6488,,,138.2593,15.9017,,,16.039,,,0.15102,,,,,,,,,,,,,,0
2262.378,2.6444,,,144.8268,15.5102,,,15.7713,,,0.153258,,2.6444,,,144.8268,15.5102,,,15.7713,,,0.153258,,,,,,,,,,,,,,0
2262.5304,2.6467,,,139.3033,16.153,,,15.6192,,,0.153116,,2.6467,,,139.3033,16.153,,,15.6192,,,0.153116,,,,,,,,,,,,,,0
2262.6828,2.6552,,,137.2061,17.1608,,,16.0668,,,0.150523,,2.6552,,,137.2061,17.1608,,,16.0668,,,0.150523,,,,,,,,,,,,,,0
2262.8352,2.6565,,,145.2708,17.5259,,,16.321,,,0.149336,,2.6565,,,145.2708,17.5259,,,16.321,,,0.149336,,,,,,,,,,,,,,0
2262.9876,2.6544,,,151.0845,17.1371,,,16.51,,,0.151596,,2.6544,,,151.0845,17.1371,,,16.51,,,0.151596,,,,,,,,,,,,,,0
2263.14,2.6589,,,152.0748,16.9163,,,16.6174,,,0.154176,,2.6589,,,152.0748,16.9163,,,16.6174,,,0.154176,,,,,,,,,,,,,,0
2263.2924,2.6687,,,148.3938,16.8805,,,16.7345,,,0.155538,,2.6687,,,148.3938,16.8805,,,16.7345,,,0.155538,,,,,,,,,,,,,,0
2263.4448,2.6648,,,152.2234,16.8732,,,16.801,,,0.154816,,2.6648,,,152.2234,16.8732,,,16.801,,,0.154816,,,,,,,,,,,,,,0
2263.5972,2.6534,,,145.6549,16.9087,,,16.8231,,,0.151521,,2.6534,,,145.6549,16.9087,,,16.8231,,,0.151521,,,,,,,,,,,,,,0
2263.7496,2.6598,,,146.3935,16.7864,,,16.7806,,,0.151212,,2.6598,,,146.3935,16.7864,,,16.7806,,,0.151212,,,,,,,,,,,,,,0
2263.902,2.6516,,,141.2403,16.9084,,,16.6724,,,0.154005,,2.6516,,,141.2403,16.9084,,,16.6724,,,0.154005,,,,,,,,,,,,,,0
2264.0544,2.6486,,,146.3123,17.0965,,,16.427,,,0.1552,,2.6486,,,146.3123,17.0965,,,16.427,,,0.1552,,,,,,,,,,,,,,0
2264.2068,2.6636,,,161.649,17.3079,,,16.3124,,,0.154307,,2.6636,,,161.649,17.3079,,,16.3124,,,0.154307,,,,,,,,,,,,,,0
2264.3592,2.6666,,,163.0003,17.404,,,16.0253,,,0.153609,,2.6666,,,163.0003,17.404,,,16.0253,,,0.153609,,,,,,,,,,,,,,0
2264.5116,2.628,,,159.4986,17.3944,,,15.8623,,,0.153245,,2.628,,,159.4986,17.3944,,,15.8623,,,0.153245,,,,,,,,,,,,,,0
2264.664,2.6202,,,155.4956,17.389,,,15.5604,,,0.152781,,2.6202,,,155.4956,17.389,,,15.5604,,,0.152781,,,,,,,,,,,,,,0
2264.8164,2.6394,,,162.7325,16.4551,,,15.1486,,,0.152983,,2.6394,,,162.7325,16.4551,,,15.1486,,,0.152983,,,,,,,,,,,,,,0
2264.9688,2.6476,,,156.2538,15.4874,,,14.7664,,,0.155943,,2.6476,,,156.2538,15.4874,,,14.7664,,,0.155943,,,,,,,,,,,,,,0
2265.1212,2.668,,,149.9319,14.8064,,,13.6811,,,0.15986,,2.668,,,149.9319,14.8064,,,13.6811,,,0.15986,,,,,,,,,,,,,,0
2265.2736,2.6635,,,159.4801,13.1651,,,13.1441,,,0.164963,,2.6635,,,159.4801,13.1651,,,13.1441,,,0.164963,,,,,,,,,,,,,,0
2265.426,2.6589,,,158.5108,12.3725,,,12.1331,,,0.170417,,2.6589,,,158.5108,12.3725,,,12.1331,,,0.170417,,,,,,,,,,,,,,0
2265.5784,2.6754,,,154.666,12.1702,,,11.559,,,0.176063,,2.6754,,,154.666,12.1702,,,11.559,,,0.176063,,,,,,,,,,,,,,0
2265.7308,2.6796,,,158.6372,12.0553,,,11.2961,,,0.179476,,2.6796,,,158.6372,12.0553,,,11.2961,,,0.179476,,,,,,,,,,,,,,0
2265.8832,2.6598,,,155.2297,12.0824,,,11.1468,,,0.180391,,2.6598,,,155.2297,12.0824,,,11.1468,,,0.180391,,,,,,,,,,,,,,0
2266.0356,2.642,,,151.3298,12.0978,,,11.4672,,,0.178906,,2.642,,,151.3298,12.0978,,,11.4672,,,0.178906,,,,,,,,,,,,,,0
2266.188,2.6369,,,165.7896,13.0392,,,11.6492,,,0.182783,,2.6369,,,165.7896,13.0392,,,11.6492,,,0.182783,,,,,,,,,,,,,,0
2266.3404,2.6742,,,180.4803,13.5738,,,11.5789,,,0.186648,,2.6742,,,180.4803,13.5738,,,11.5789,,,0.186648,,,,,,,,,,,,,,0
2266.4928,2.6838,,,179.809,13.3125,,,11.539,,,0.188958,,2.6838,,,179.809,13.3125,,,11.539,,,0.188958,,,,,,,,,,,,,,0
2266.6452,2.6716,,,162.6342,13.1641,,,10.9941,,,0.191367,,2.6716,,,162.6342,13.1641,,,10.9941,,,0.191367,,,,,,,,,,,,,,0
2266.7976,2.6807,,,152.7269,12.3193,,,10.6846,,,0.1922,,2.6807,,,152.7269,12.3193,,,10.6846,,,0.1922,,,,,,,,,,,,,,0
2266.95,2.6941,,,152.0966,11.8396,,,10.1492,,,0.191881,,2.6941,,,152.0966,11.8396,,,10.1492,,,0.191881,,,,,,,,,,,,,,0
2267.1024,2.7044,,,151.7917,11.1526,,,9.8452,,,0.193677,,2.7044,,,151.7917,11.1526,,,9.8452,,,0.193677,,,,,,,,,,,,,,0
2267.2548,2.6958,,,155.4344,10.7625,,,9.0838,,,0.200476,,2.6958,,,155.4344,10.7625,,,9.0838,,,0.200476,,,,,,,,,,,,,,0
2267.4072,2.6834,,,166.3454,9.9105,,,8.6514,,,0.206825,,2.6834,,,166.3454,9.9105,,,8.6514,,,0.206825,,,,,,,,,,,,,,0
2267.5596,2.6796,,,172.0219,9.4267,,,8.4903,,,0.209429,,2.6796,,,172.0219,9.4267,,,8.4903,,,0.209429,,,,,,,,,,,,,,0
2267.712,2.6726,,,163.5343,8.6166,,,8.3988,,,0.212961,,2.6726,,,163.5343,8.6166,,,8.3988,,,0.212961,,,,,,,,,,,,,,0
2267.8644,2.6588,,,163.8022,8.1565,,,8.1495,,,0.215338,,2.6588,,,163.8022,8.1565,,,8.1495,,,0.215338,,,,,,,,,,,,,,0
2268.0168,2.6912,,,177.2002,8.4698,,,8.008,,,0.216657,,2.6912,,,177.2002,8.4698,,,8.008,,,0.216657,,,,,,,,,,,,,,0
2268.1692,2.688,,,170.0486,8.961,,,7.7404,,,0.219177,,2.688,,,170.0486,8.961,,,7.7404,,,0.219177,,,,,,,,,,,,,,0
2268.3216,2.6698,,,168.2841,9.1389,,,7.5884,,,0.220236,,2.6698,,,168.2841,9.1389,,,7.5884,,,0.220236,,,,,,,,,,,,,,0
2268.474,2.6728,,,169.7508,8.2338,,,6.9843,,,0.218988,,2.6728,,,169.7508,8.2338,,,6.9843,,,0.218988,,,,,,,,,,,,,,0
2268.6264,2.6794,,,163.9787,7.7198,,,6.6412,,,0.219193,,2.6794,,,163.9787,7.7198,,,6.6412,,,0.219193,,,,,,,,,,,,,,0
2268.7788,2.6727,,,159.8322,7.6244,,,6.5543,,,0.224356,,2.6727,,,159.8322,7.6244,,,6.5543,,,0.224356,,,,,,,,,,,,,,0
2268.9312,2.6613,,,170.4799,7.5702,,,6.5049,,,0.22751,,2.6613,,,170.4799,7.5702,,,6.5049,,,0.22751,,,,,,,,,,,,,,0
2269.0836,2.6681,,,177.4074,7.2896,,,6.3963,,,0.229203,,2.6681,,,177.4074,7.2896,,,6.3963,,,0.229203,,,,,,,,,,,,,,0
2269.236,2.6798,,,166.7887,7.1303,,,6.3346,,,0.230638,,2.6798,,,166.7887,7.1303,,,6.3346,,,0.230638,,,,,,,,,,,,,,0
2269.3884,2.6924,,,164.366,6.6321,,,6.1067,,,0.231702,,2.6924,,,164.366,6.6321,,,6.1067,,,0.231702,,,,,,,,,,,,,,0
2269.5408,2.6961,,,170.0095,6.3491,,,5.7493,,,0.230123,,2.6961,,,170.0095,6.3491,,,5.7493,,,0.230123,,,,,,,,,,,,,,0
2269.6932,2.684,,,169.0786,5.7548,,,5.6199,,,0.227724,,2.684,,,169.0786,5.7548,,,5.6199,,,0.227724,,,,,,,,,,,,,,0
2269.8456,2.6787,,,172.2656,5.4173,,,5.2065,,,0.226362,,2.6787,,,172.2656,5.4173,,,5.2065,,,0.226362,,,,,,,,,,,,,,0
2269.998,2.6704,,,182.6945,5.2336,,,4.9718,,,0.22702,,2.6704,,,182.6945,5.2336,,,4.9718,,,0.22702,,,,,,,,,,,,,,0
2270.1504,2.6779,,,176.1209,5.1293,,,4.8701,,,0.22811,,2.6779,,,176.1209,5.1293,,,4.8701,,,0.22811,,,,,,,,,,,,,,0
2270.3028,2.673,,,184.4709,5.1872,,,4.8123,,,0.228783,,2.673,,,184.4709,5.1872,,,4.8123,,,0.228783,,,,,,,,,,,,,,0
2270.4552,2.6693,,,190.0618,5.2201,,,4.9522,,,0.228362,,2.6693,,,190.0618,5.2201,,,4.9522,,,0.228362,,,,,,,,,,,,,,0
2270.6076,2.6625,,,192.5536,5.3688,,,5.0316,,,0.225385,,2.6625,,,192.5536,5.3688,,,5.0316,,,0.225385,,,,,,,,,,,,,,0
2270.76,2.6591,,,189.5208,5.4532,,,5.3441,,,0.222561,,2.6591,,,189.5208,5.4532,,,5.3441,,,0.222561,,,,,,,,,,,,,,0
2270.9124,2.6756,,,186.7382,5.6851,,,5.5216,,,0.219057,,2.6756,,,186.7382,5.6851,,,5.5216,,,0.219057,,,,,,,,,,,,,,0
2271.0648,2.6918,,,178.7746,6.0488,,,5.669,,,0.214885,,2.6918,,,178.7746,6.0488,,,5.669,,,0.214885,,,,,,,,,,,,,,0
2271.2172,2.6789,,,169.4468,6.1805,,,5.9001,,,0.207724,,2.6789,,,169.4468,6.1805,,,5.9001,,,0.207724,,,,,,,,,,,,,,0
2271.3696,2.6714,,,171.621,6.5999,,,6.586,,,0.200227,,2.6714,,,171.621,6.5999,,,6.586,,,0.200227,,,,,,,,,,,,,,0
2271.522,2.6711,,,178.0602,6.8381,,,6.928,,,0.196014,,2.6711,,,178.0602,6.8381,,,6.928,,,0.196014,,,,,,,,,,,,,,0
2271.6744,2.6625,,,174.7834,8.3957,,,8.4563,,,0.19264,,2.6625,,,174.7834,8.3957,,,8.4563,,,0.19264,,,,,,,,,,,,,,0
2271.8268,2.6552,,,168.6326,9.2802,,,9.3242,,,0.19028,,2.6552,,,168.6326,9.2802,,,9.3242,,,0.19028,,,,,,,,,,,,,,0
2271.9792,2.6616,,,145.5793,10.9119,,,9.8131,,,0.187978,,2.6616,,,145.5793,10.9119,,,9.8131,,,0.187978,,,,,,,,,,,,,,0
2272.1316,2.6611,,,141.2551,11.8385,,,10.5797,,,0.185023,,2.6611,,,141.2551,11.8385,,,10.5797,,,0.185023,,,,,,,,,,,,,,0
2272.284,2.6715,,,139.9068,13.3635,,,10.8573,,,0.182178,,2.6715,,,139.9068,13.3635,,,10.8573,,,0.182178,,,,,,,,,,,,,,0
2272.4364,2.6708,,,144.6568,14.2296,,,11.4376,,,0.18069,,2.6708,,,144.6568,14.2296,,,11.4376,,,0.18069,,,,,,,,,,,,,,0
2272.5888,2.668,,,147.0777,14.4207,,,12.0952,,,0.179635,,2.668,,,147.0777,14.4207,,,12.0952,,,0.179635,,,,,,,,,,,,,,0
2272.7412,2.6575,,,151.7466,14.3361,,,12.3522,,,0.179072,,2.6575,,,151.7466,14.3361,,,12.3522,,,0.179072,,,,,,,,,,,,,,0
2272.8936,2.6577,,,165.2158,13.8625,,,12.556,,,0.177278,,2.6577,,,165.2158,13.8625,,,12.556,,,0.177278,,,,,,,,,,,,,,0
2273.046,2.6574,,,169.524,13.4441,,,12.597,,,0.175981,,2.6574,,,169.524,13.4441,,,12.597,,,0.175981,,,,,,,,,,,,,,0
2273.1984,2.659,,,169.8164,11.4154,,,12.5675,,,0.175226,,2.659,,,169.8164,11.4154,,,12.5675,,,0.175226,,,,,,,,,,,,,,0
2273.3508,2.6741,,,171.8579,10.3315,,,11.2515,,,0.175538,,2.6741,,,171.8579,10.3315,,,11.2515,,,0.175538,,,,,,,,,,,,,,0
2273.5032,2.6827,,,173.1576,9.48,,,10.5042,,,0.177813,,2.6827,,,173.1576,9.48,,,10.5042,,,0.177813,,,,,,,,,,,,,,0
2273.6556,2.6843,,,171.5374,8.9965,,,10.3687,,,0.178454,,2.6843,,,171.5374,8.9965,,,10.3687,,,0.178454,,,,,,,,,,,,,,0
2273.808,2.6629,,,172.1951,10.3273,,,10.2917,,,0.172843,,2.6629,,,172.1951,10.3273,,,10.2917,,,0.172843,,,,,,,,,,,,,,0
2273.9604,2.6412,,,164.8567,11.0831,,,11.9977,,,0.16693,,2.6412,,,164.8567,11.0831,,,11.9977,,,0.16693,,,,,,,,,,,,,,0
2274.1128,2.6482,,,154.7821,13.3615,,,12.9665,,,0.160517,,2.6482,,,154.7821,13.3615,,,12.9665,,,0.160517,,,,,,,,,,,,,,0
2274.2652,2.659,,,145.5042,14.6554,,,13.7063,,,0.156971,,2.659,,,145.5042,14.6554,,,13.7063,,,0.156971,,,,,,,,,,,,,,0
2274.4176,2.6511,,,144.3384,14.4941,,,14.1264,,,,,2.6511,,,144.3384,14.4941,,,14.1264,,,,,,,,,,,,,,,,,0
2274.57,2.6574,,,145.4398,14.4025,,,14.1264,,,,,2.6574,,,145.4398,14.4025,,,14.1264,,,,,,,,,,,,,,,,,0
2274.7224,2.6722,,,138.9364,15.7265,,,14.1264,,,,,2.6722,,,138.9364,15.7265,,,14.1264,,,,,,,,,,,,,,,,,0
2274.8748,2.6433,,,145.9555,16.4784,,,14.5405,,,,,2.6433,,,145.9555,16.4784,,,14.5405,,,,,,,,,,,,,,,,,0
2275.0272,2.6011,,,140.1323,15.168,,,14.7757,,,,,2.6011,,,140.1323,15.168,,,14.7757,,,,,,,,,,,,,,,,,0
2275.1796,2.6214,,,136.5822,13.1135,,,15.2757,,,,,2.6214,,,136.5822,13.1135,,,15.2757,,,,,,,,,,,,,,,,,0
2275.332,2.6442,,,131.9325,12.3694,,,15.5596,,,,,2.6442,,,131.9325,12.3694,,,15.5596,,,,,,,,,,,,,,,,,0
2275.4844,2.6481,,,132.5088,15.8004,,,15.6879,,,,,2.6481,,,132.5088,15.8004,,,15.6879,,,,,,,,,,,,,,,,,0
2275.6368,2.6547,,,146.4076,17.7488,,,15.7608,,,,,2.6547,,,146.4076,17.7488,,,15.7608,,,,,,,,,,,,,,,,,0
2275.7892,2.6561,,,149.1693,16.3087,,,16.0258,,,,,2.6561,,,149.1693,16.3087,,,16.0258,,,,,,,,,,,,,,,,,0
2275.9416,2.6477,,,142.5919,15.4908,,,16.1763,,,,,2.6477,,,142.5919,15.4908,,,16.1763,,,,,,,,,,,,,,,,,0
2276.094,2.6485,,,142.4128,17.2031,,,16.3347,,,,,2.6485,,,142.4128,17.2031,,,16.3347,,,,,,,,,,,,,,,,,0
2276.2464,2.6452,,,145.1654,18.891,,,16.4746,,,,,2.6452,,,145.1654,18.891,,,16.4746,,,,,,,,,,,,,,,,,0
2276.3988,2.6303,,,137.5007,19.4551,,,17.2099,,,,,2.6303,,,137.5007,19.4551,,,17.2099,,,,,,,,,,,,,,,,,0
2276.5512,2.6246,,,134.9013,20.4716,,,17.9841,,,,,2.6246,,,134.9013,20.4716,,,17.9841,,,,,,,,,,,,,,,,,0
2276.7036,2.6243,,,135.9157,20.9629,,,18.0275,,,,,2.6243,,,135.9157,20.9629,,,18.0275,,,,,,,,,,,,,,,,,0
2276.856,2.6269,,,141.4897,20.9721,,,17.9028,,,,,2.6269,,,141.4897,20.9721,,,17.9028,,,,,,,,,,,,,,,,,0
2277.0084,2.6384,,,133.0497,19.9291,,,17.2487,,,,,2.6384,,,133.0497,19.9291,,,17.2487,,,,,,,,,,,,,,,,,0
2277.1608,2.6456,,,136.9331,19.0205,,,16.9666,,,,,2.6456,,,136.9331,19.0205,,,16.9666,,,,,,,,,,,,,,,,,0
2277.3132,2.6489,,,148.6141,18.8361,,,17.042,,,,,2.6489,,,148.6141,18.8361,,,17.042,,,,,,,,,,,,,,,,,0
2277.4656,2.6484,,,145.3986,18.5547,,,16.986,,,,,2.6484,,,145.3986,18.5547,,,16.986,,,,,,,,,,,,,,,,,0
2277.618,2.6531,,,138.7736,17.9435,,,16.8501,,,,,2.6531,,,138.7736,17.9435,,,16.8501,,,,,,,,,,,,,,,,,0
2277.7704,2.6528,,,135.1171,16.9695,,,16.8114,,,,,2.6528,,,135.1171,16.9695,,,16.8114,,,,,,,,,,,,,,,,,0
2277.9228,2.6471,,,135.501,16.0804,,,17.0742,,,,,2.6471,,,135.501,16.0804,,,17.0742,,,,,,,,,,,,,,,,,0
2278.0752,2.6476,,,134.1988,16.5736,,,16.0324,,,,,2.6476,,,134.1988,16.5736,,,16.0324,,,,,,,,,,,,,,,,,0
2278.2276,2.65,,,138.6413,17.4385,,,15.4704,,,,,2.65,,,138.6413,17.4385,,,15.4704,,,,,,,,,,,,,,,,,0
2278.38,,,,144.9116,17.3105,,,15.0657,,,,,,,,144.9116,17.3105,,,15.0657,,,,,,,,,,,,,,,,,1
2278.5324,,,,144.0238,17.2272,,,14.8297,,,,,,,,144.0238,17.2272,,,14.8297,,,,,,,,,,,,,,,,,1
2278.6848,,,,141.8842,18.1614,,,15.9885,,,,,,,,141.8842,18.1614,,,15.9885,,,,,,,,,,,,,,,,,1
2278.8372,,,,137.4334,18.6507,,,16.6317,,,,,,,,137.4334,18.6507,,,16.6317,,,,,,,,,,,,,,,,,1
2278.9896,,,,126.2589,18.5107,,,16.5722,,,,,,,,126.2589,18.5107,,,16.5722,,,,,,,,,,,,,,,,,1
2279.142,,,,131.124,18.0388,,,16.4446,,,,,,,,131.124,18.0388,,,16.4446,,,,,,,,,,,,,,,,,1
2279.2944,,,,132.3907,17.5596,,,16.3097,,,,,,,,132.3907,17.5596,,,16.3097,,,,,,,,,,,,,,,,,1
2279.4468,,,,125.0272,17.824,,,16.2851,,,,,,,,125.0272,17.824,,,16.2851,,,,,,,,,,,,,,,,,1
2279.5992,,,,133.1762,18.3357,,,16.3111,,,,,,,,133.1762,18.3357,,,16.3111,,,,,,,,,,,,,,,,,1
2279.7516,,,,141.1095,18.494,,,16.6777,,,,,,,,141.1095,18.494,,,16.6777,,,,,,,,,,,,,,,,,1
2279.904,,,,142.387,18.3071,,,16.7172,,,,,,,,142.387,18.3071,,,16.7172,,,,,,,,,,,,,,,,,1
2280.0564,,,,141.0374,18.201,,,16.5604,,,,,,,,141.0374,18.201,,,16.5604,,,,,,,,,,,,,,,,,1
2280.2088,,,,144.7848,18.3698,,,16.6559,,,,,,,,144.7848,18.3698,,,16.6559,,,,,,,,,,,,,,,,,1
2280.3612,,,,155.8563,18.5035,,,16.7306,,,,,,,,155.8563,18.5035,,,16.7306,,,,,,,,,,,,,,,,,1
2280.5136,,,,146.5645,18.5558,,,16.7833,,,,,,,,146.5645,18.5558,,,16.7833,,,,,,,,,,,,,,,,,1
2280.666,,,,139.4147,19.5082,,,16.7714,,,,,,,,139.4147,19.5082,,,16.7714,,,,,,,,,,,,,,,,,1
2280.8184,,,,133.4409,19.5554,,,16.6926,,,,,,,,133.4409,19.5554,,,16.6926,,,,,,,,,,,,,,,,,1
2280.9708,,,,128.2008,18.9642,,,16.8594,,,,,,,,128.2008,18.9642,,,16.8594,,,,,,,,,,,,,,,,,1
2281.1232,,,,132.3066,18.5553,,,16.9519,,,,,,,,132.3066,18.5553,,,16.9519,,,,,,,,,,,,,,,,,1
2281.2756,,,,140.1017,17.4667,,,17.1363,,,,,,,,140.1017,17.4667,,,17.1363,,,,,,,,,,,,,,,,,1
2281.428,,,,136.2891,17.5229,,,17.431,,,,,,,,136.2891,17.5229,,,17.431,,,,,,,,,,,,,,,,,1
2281.5804,,,,129.3543,19.5798,,,18.283,,,,,,,,129.3543,19.5798,,,18.283,,,,,,,,,,,,,,,,,1
2281.7328,,,,128.3191,20.162,,,18.976,,,,,,,,128.3191,20.162,,,18.976,,,,,,,,,,,,,,,,,1
2281.8852,,,,125.3924,21.3924,,,20.9973,,,,,,,,125.3924,21.3924,,,20.9973,,,,,,,,,,,,,,,,,1
2282.0376,,,,122.8059,22.5029,,,21.8289,,,,,,,,122.8059,22.5029,,,21.8289,,,,,,,,,,,,,,,,,1
2282.19,,,,124.3947,27.5646,,,21.3736,,,,,,,,124.3947,27.5646,,,21.3736,,,,,,,,,,,,,,,,,1
2282.3424,,,,125.1777,31.9495,,,21.5488,,,,,,,,125.1777,31.9495,,,21.5488,,,,,,,,,,,,,,,,,1
2282.4948,,,,122.3724,28.7669,,,21.6039,,,,,,,,122.3724,28.7669,,,21.6039,,,,,,,,,,,,,,,,,1
2282.6472,,,,117.6674,25.8835,,,21.5111,,,,,,,,117.6674,25.8835,,,21.5111,,,,,,,,,,,,,,,,,1
2282.7996,,,,102.1197,24.8731,,,20.3042,,,,,,,,102.1197,24.8731,,,20.3042,,,,,,,,,,,,,,,,,1
2282.952,,,,96.8791,27.3135,,,19.0016,,,,,,,,96.8791,27.3135,,,19.0016,,,,,,,,,,,,,,,,,1
2283.1044,,,,115.2744,23.3608,,,17.5858,,,,,,,,115.2744,23.3608,,,17.5858,,,,,,,,,,,,,,,,,1
2283.2568,,,,129.9561,19.7048,,,15.6165,,,,,,,,129.9561,19.7048,,,15.6165,,,,,,,,,,,,,,,,,1
2283.4092,,,,138.9123,16.1976,,,14.673,,,,,,,,138.9123,16.1976,,,14.673,,,,,,,,,,,,,,,,,1
2283.5616,,,,143.8316,14.3134,,,14.4047,,,,,,,,143.8316,14.3134,,,14.4047,,,,,,,,,,,,,,,,,1
2283.714,,,,141.8807,13.2654,,,13.9721,,,,,,,,141.8807,13.2654,,,13.9721,,,,,,,,,,,,,,,,,1
2283.8664,,,,140.2819,12.0782,,,13.3813,,,,,,,,140.2819,12.0782,,,13.3813,,,,,,,,,,,,,,,,,1
2284.0188,,,,141.0264,12.4833,,,12.7506,,,,,,,,141.0264,12.4833,,,12.7506,,,,,,,,,,,,,,,,,1
2284.1712,,,,149.3452,12.3593,,,11.9801,,,,,,,,149.3452,12.3593,,,11.9801,,,,,,,,,,,,,,,,,1
2284.3236,,,,151.1605,11.3066,,,11.174,,,,,,,,151.1605,11.3066,,,11.174,,,,,,,,,,,,,,,,,1
2284.476,,,,148.788,10.827,,,11.2956,,,,,,,,148.788,10.827,,,11.2956,,,,,,,,,,,,,,,,,1
2284.6284,,,,148.2901,11.1884,,,11.512,,,,,,,,148.2901,11.1884,,,11.512,,,,,,,,,,,,,,,,,1
2284.7808,,,,148.8139,11.6088,,,11.3149,,,,,,,,148.8139,11.6088,,,11.3149,,,,,,,,,,,,,,,,,1
2284.9332,,,,147.5375,11.6857,,,11.2303,,,,,,,,147.5375,11.6857,,,11.2303,,,,,,,,,,,,,,,,,1
2285.0856,,,,149.4957,12.0854,,,11.2442,,,,,,,,149.4957,12.0854,,,11.2442,,,,,,,,,,,,,,,,,1
2285.238,,,,146.134,12.2203,,,11.3779,,,,,,,,146.134,12.2203,,,11.3779,,,,,,,,,,,,,,,,,1
2285.3904,,,,146.3503,12.6987,,,11.9274,,,,,,,,146.3503,12.6987,,,11.9274,,,,,,,,,,,,,,,,,1
2285.5428,,,,155.764,13.2836,,,12.2462,,,,,,,,155.764,13.2836,,,12.2462,,,,,,,,,,,,,,,,,1
2285.6952,,,,146.4369,14.2634,,,12.907,,,,,,,,146.4369,14.2634,,,12.907,,,,,,,,,,,,,,,,,1
2285.8476,,,,135.0012,14.9133,,,13.6721,,,,,,,,135.0012,14.9133,,,13.6721,,,,,,,,,,,,,,,,,1
2286.0,,,,134.1163,13.7437,,,14.0047,,,,,,,,134.1163,13.7437,,,14.0047,,,,,,,,,,,,,,,,,1
2286.1524,,,,132.9339,13.2501,,,14.1544,,,,,,,,132.9339,13.2501,,,14.1544,,,,,,,,,,,,,,,,,1
2286.3048,,,,137.0158,,,,,,,,,,,,137.0158,,,,,,,,,,,,,,,,,,,,,1
2286.4572,,,,139.871,,,,,,,,,,,,139.871,,,,,,,,,,,,,,,,,,,,,1
2286.6096,,,,132.5916,,,,,,,,,,,,132.5916,,,,,,,,,,,,,,,,,,,,,1
2286.762,,,,135.2317,,,,,,,,,,,,135.2317,,,,,,,,,,,,,,,,,,,,,1
2286.9144,,,,138.498,,,,,,,,,,,,138.498,,,,,,,,,,,,,,,,,,,,,1
2287.0668,,,,138.3731,,,,,,,,,,,,138.3731,,,,,,,,,,,,,,,,,,,,,1
2287.2192,,,,140.9516,,,,,,,,,,,,140.9516,,,,,,,,,,,,,,,,,,,,,1
2287.3716,,,,146.0575,,,,,,,,,,,,146.0575,,,,,,,,,,,,,,,,,,,,,1
2287.524,,,,155.0865,,,,,,,,,,,,155.0865,,,,,,,,,,,,,,,,,,,,,1
2287.6764,,,,151.8171,,,,,,,,,,,,151.8171,,,,,,,,,,,,,,,,,,,,,1
2287.8288,,,,149.5797,,,,,,,,,,,,149.5797,,,,,,,,,,,,,,,,,,,,,1
2287.9812,,,,142.3512,,,,,,,,,,,,142.3512,,,,,,,,,,,,,,,,,,,,,1
2288.1336,,,,132.9279,,,,,,,,,,,,132.9279,,,,,,,,,,,,,,,,,,,,,1
2288.286,,,,141.4096,,,,,,,,,,,,141.4096,,,,,,,,,,,,,,,,,,,,,1
2288.4384,,,,146.5919,,,,,,,,,,,,146.5919,,,,,,,,,,,,,,,,,,,,,1
2288.5908,,,,140.6648,,,,,,,,,,,,140.6648,,,,,,,,,,,,,,,,,,,,,1
2288.7432,,,,144.2894,,,,,,,,,,,,144.2894,,,,,,,,,,,,,,,,,,,,,1
2288.8956,,,,149.2957,,,,,,,,,,,,149.2957,,,,,,,,,,,,,,,,,,,,,1
2289.048,,,,148.6033,,,,,,,,,,,,148.6033,,,,,,,,,,,,,,,,,,,,,1
2289.2004,,,,147.8615,,,,,,,,,,,,147.8615,,,,,,,,,,,,,,,,,,,,,1
2289.3528,,,,151.5964,,,,,,,,,,,,151.5964,,,,,,,,,,,,,,,,,,,,,1
2289.5052,,,,152.1386,,,,,,,,,,,,152.1386,,,,,,,,,,,,,,,,,,,,,1
2289.6576,,,,153.7115,,,,,,,,,,,,153.7115,,,,,,,,,,,,,,,,,,,,,1
2289.81,,,,145.1033,,,,,,,,,,,,145.1033,,,,,,,,,,,,,,,,,,,,,1
2289.9624,,,,131.3151,,,,,,,,,,,,131.3151,,,,,,,,,,,,,,,,,,,,,1
2290.1148,,,,119.517,,,,,,,,,,,,119.517,,,,,,,,,,,,,,,,,,,,,1
2290.2672,,,,122.782,,,,,,,,,,,,122.782,,,,,,,,,,,,,,,,,,,,,1
2290.4196,,,,132.0013,,,,,,,,,,,,132.0013,,,,,,,,,,,,,,,,,,,,,1
2290.572,,,,138.4281,,,,,,,,,,,,138.4281,,,,,,,,,,,,,,,,,,,,,1
2290.7244,,,,134.8745,,,,,,,,,,,,134.8745,,,,,,,,,,,,,,,,,,,,,1
2290.8768,,,,130.7979,,,,,,,,,,,,130.7979,,,,,,,,,,,,,,,,,,,,,1
2291.0292,,,,133.6963,,,,,,,,,,,,133.6963,,,,,,,,,,,,,,,,,,,,,1
2291.1816,,,,143.292,,,,,,,,,,,,143.292,,,,,,,,,,,,,,,,,,,,,1
2291.334,,,,144.6502,,,,,,,,,,,,144.6502,,,,,,,,,,,,,,,,,,,,,1
2291.4864,,,,139.1975,,,,,,,,,,,,139.1975,,,,,,,,,,,,,,,,,,,,,1
2291.6388,,,,135.9089,,,,,,,,,,,,135.9089,,,,,,,,,,,,,,,,,,,,,1
