DEPTH,CALI,DT,GR_CAL,HDRA,PEFZ,RHOZ,RLA3,RLA5,RXOZ,SP,TENS,TNPH
549.8592,328.8192,,,,,,,,,,857.0627,
550.0116,327.1411,,,,,,,,,,857.2896,
550.164,325.4634,,,,,,,,,,850.9393,
550.3164,324.9038,,,,,,,,,,839.8264,
550.4688,332.1754,,,,,,,,,,841.1871,
550.6212,335.8109,,,,,,,,,,855.4752,
550.7736,333.294,,,,,,,,,,852.5269,
550.926,333.294,,,,,,,,,,836.4244,
551.0784,333.8533,367.1721,77.2581,138.38,6.3058,2010.87,1.6445,1.1088,1.8896,-479.275,850.9393,0.52509
551.2308,336.0905,370.312,75.291,133.87,6.5685,2026.01,1.7621,1.2309,1.8898,-472.8921,853.2073,0.50454
551.3832,336.6498,411.2264,75.6518,124.26,7.0279,2051.26,1.5247,1.0963,0.8848,-475.9034,850.9393,0.5303
551.5356,341.1245,451.8203,77.1266,112.51,7.4571,2082.4001,1.1323,0.7951,0.3594,-478.9562,851.6198,0.6097
551.688,419.9905,506.6719,78.1265,108.49,7.6672,2133.6501,1.1336,0.7887,0.2806,-483.5114,842.0942,0.59857
551.8404,475.3645,547.8105,80.3227,105.01,7.585,2171.03,1.1682,0.8267,0.3128,-489.6079,851.393,0.53229
551.9928,480.9579,560.8185,85.4853,98.43,7.4639,2178.8,1.2075,0.8361,0.461,-488.9688,856.8359,0.47812
552.1452,491.5853,543.9017,82.5187,91.29,7.3772,2156.5,1.2389,0.8426,0.4211,-487.4602,861.3719,0.49329
552.2976,489.0684,487.3521,81.6991,94.59,7.2831,2150.95,1.3077,0.9178,0.3888,-485.9886,856.6093,0.49367
552.45,500.2548,468.3847,79.5358,102.41,7.1905,2153.5498,1.3432,1.0143,0.3833,-485.0625,853.6608,0.50796
552.6024,487.3902,509.235,82.8139,113.88,7.1557,2177.6199,1.369,1.1194,0.4081,-485.15,858.6503,0.53037
552.7548,484.5936,513.4002,86.0918,118.14,7.2352,2199.04,1.4915,1.2977,0.4663,-485.7841,852.527,0.501
552.9072,492.1446,484.9171,89.6971,116.7,7.4139,2221.3999,1.6909,1.5841,0.5535,-487.0284,834.8367,0.47389
553.0596,358.1842,460.3428,90.5167,106.16,7.7038,2222.97,1.7892,1.7628,0.7084,-487.0057,855.9288,0.44757
553.212,344.4807,446.2455,91.4999,94.88,8.0458,2210.8801,1.6675,1.711,0.6896,-485.3563,849.8053,0.46782
553.3644,346.7179,444.8678,88.796,86.86,8.3514,2192.8401,1.5139,1.7158,0.5512,-484.3636,859.1039,0.46406
553.5168,362.9386,449.4815,87.6486,85.87,8.5324,2181.1299,1.4631,1.7674,0.4911,-481.9886,848.6714,0.50064
553.6692,382.5151,445.1562,86.6652,87.5,8.6199,2147.1099,1.4894,1.8933,0.4837,-473.7375,845.4962,0.52074
553.8216,378.3203,461.7206,89.1897,79.21,8.6329,2063.8298,1.4542,1.8919,0.3075,-475.2273,839.8264,0.59521
553.974,367.4133,500.0397,89.5173,60.92,8.5518,1952.4,1.2182,1.5453,0.1681,-470.7216,845.0426,0.65155
554.1264,436.7705,518.8469,86.0757,47.03,8.3741,1900.04,1.2103,1.5334,0.1244,-470.6818,849.3517,0.69948
554.2788,483.1954,515.6109,83.0102,80.73,8.1859,1948.24,1.2237,1.5576,0.1247,-461.3625,842.5479,0.57927
554.4312,479.5596,513.7526,80.3878,118.82,8.0821,2049.3401,1.2838,1.5914,0.1573,-462.1079,839.5995,0.55428
554.5836,472.568,515.9633,81.8628,149.27,8.1028,2119.51,1.3591,1.6366,0.1932,-465.7329,843.0014,0.49276
554.736,472.568,495.4581,80.0602,143.09,8.2029,2145.74,1.3153,1.562,0.238,-470.65,835.5172,0.51711
554.8884,470.8901,472.4858,79.8962,136.6,8.3244,2132.54,1.3647,1.624,0.2493,-462.8977,832.7956,0.49945
555.0408,487.1105,457.235,77.9297,127.23,8.3692,2098.8,1.355,1.6123,0.2142,-454.8011,841.8674,0.49534
555.1932,492.1446,458.1321,77.52,109.28,8.3664,2046.9501,1.391,1.6291,0.1967,-454.6938,837.1047,0.45796
555.3456,473.9663,495.5862,81.4535,83.19,8.3314,1977.8301,1.2769,1.4896,0.1586,-452.8466,844.8158,0.48771
555.498,489.348,538.7434,83.7969,57.89,8.276,1923.48,1.0741,1.2114,0.1521,-453.0511,839.5995,0.47146
555.6504,524.0266,556.4291,86.0914,58.74,8.2051,1914.49,1.2633,1.4203,0.1384,-454.7437,830.0741,0.48055
555.8028,586.1126,541.627,82.322,76.23,8.1481,1943.26,1.1992,1.3402,0.1611,-454.3239,848.6714,0.58727
555.9552,579.96,514.4254,81.4206,105.12,8.148,1990.89,1.1732,1.2667,0.1716,-452.5938,844.3622,0.70995
556.1076,548.0779,497.8611,81.2567,118.02,8.1832,2016.2799,1.1976,1.3009,0.1871,-452.6932,841.8674,0.63472
556.26,535.7726,479.3423,85.9111,129.86,8.2478,2053.1299,1.1963,1.3245,0.2071,-452.3875,838.9191,0.52284
556.4124,564.2986,463.739,85.7801,138.95,8.3716,2090.99,1.16,1.2808,0.2384,-451.4602,851.6198,0.55178
556.5648,569.053,459.7021,82.6173,143.81,8.5578,2108.3501,1.3139,1.4731,0.3126,-461.8375,858.6503,0.51362
556.7172,558.7053,474.7286,79.4376,142.64,8.7625,2086.24,1.1413,1.2676,0.3095,-476.9063,844.1354,0.49197
556.8696,572.1294,479.983,79.7494,142.75,8.9034,2057.98,1.2319,1.3774,0.2396,-461.5398,861.3719,0.441
557.022,580.5193,461.9448,79.4707,158.19,8.9845,2059.76,1.1994,1.3472,0.1996,-452.5909,860.4647,0.49569
557.1744,590.3077,459.4137,78.8645,167.46,9.0692,2075.6099,1.3281,1.5023,0.2088,-454.2125,845.4962,0.45293
557.3268,563.18,469.8586,75.4388,156.61,9.1864,2080.0601,1.3076,1.4665,0.2014,-455.4546,859.5577,0.47967
557.4792,588.3499,474.6965,73.7997,139.58,9.3363,2098.6899,1.2653,1.3978,0.2234,-471.4688,868.1758,0.5186
557.6316,543.0441,471.1401,76.5367,129.6,9.5132,2107.3599,1.3401,1.4828,0.2793,-480.5625,853.6608,0.61426
557.784,558.4256,468.4488,83.0267,142.4,9.7059,2116.8899,1.2938,1.4254,0.3555,-480.325,850.0322,0.54572
557.9364,562.0614,475.9461,89.992,147.33,9.8759,2086.3499,1.2612,1.4001,0.2987,-479.6761,857.97,0.49156
558.0888,530.1793,485.0132,91.3033,146.54,9.9645,2070.6101,1.269,1.4226,0.2353,-469.9829,862.7327,0.53211
558.2412,552.5526,477.2597,89.1398,143.95,9.9978,2070.6001,1.2394,1.3775,0.208,-456.7437,848.4445,0.62188
558.3936,532.1368,467.5838,88.5663,133.6,10.0,2052.8201,1.295,1.4341,0.2273,-476.5625,841.4138,0.59354
558.546,511.1621,474.4082,87.5827,117.43,9.9902,2003.46,1.1504,1.2909,0.189,-480.0171,836.4244,0.50502
558.6984,482.3564,486.0705,87.6812,94.43,9.929,1954.11,1.1206,1.279,0.1639,-479.8693,840.9603,0.49161
558.8508,511.1621,484.2443,87.3537,100.1,9.8683,1994.28,1.2499,1.3895,0.1679,-479.85,840.053,0.48043
559.0032,508.9246,473.3188,87.3534,118.44,9.8661,2066.27,1.1953,1.3303,0.2459,-479.8977,829.6204,0.51856
559.1556,513.1196,470.8518,85.6329,136.55,9.9273,2114.45,1.1903,1.3181,0.4057,-480.1938,833.476,0.52548
559.308,456.3474,464.2196,85.452,134.69,9.988,2100.05,1.2553,1.3754,0.3404,-480.4091,841.4138,0.52697
559.4604,472.8477,449.7698,86.1077,131.89,9.9906,2085.47,1.2455,1.3597,0.302,-480.7125,848.4445,0.52744
559.6128,502.7719,445.9251,87.9924,130.43,9.9197,2081.97,1.171,1.321,0.251,-480.9034,842.7746,0.59796
559.7652,512.84,458.4525,95.5644,131.24,9.7725,2096.8398,1.2485,1.4115,0.2726,-481.0625,831.4348,0.64836
559.9176,502.7719,500.9048,96.3839,130.14,9.5559,2113.3298,1.3468,1.5031,0.3208,-481.225,845.9498,0.69509
560.07,508.3652,537.3977,93.7779,126.11,9.3005,2112.74,1.3577,1.4674,0.333,-481.7784,838.6923,0.65373
560.2224,501.6533,515.9313,87.2057,124.58,8.9996,2106.9299,1.2312,1.3372,0.3256,-482.5125,835.5172,0.58252
560.3748,497.1786,466.9109,86.4516,127.29,8.694,2106.4099,1.22,1.3179,0.2941,-483.0398,840.7335,0.48331
560.5272,512.5603,448.4562,87.0909,124.17,8.4242,2078.3201,1.2037,1.3064,0.308,-483.2954,833.7028,0.47941
560.6796,505.5687,482.6743,81.7649,117.14,8.2083,2020.4301,1.1081,1.2077,0.2534,-483.65,841.4138,0.60512
560.832,527.9418,512.3109,76.2909,98.62,8.0275,1955.3099,1.0838,1.1682,0.176,-484.25,833.2492,0.70026
560.9844,540.527,492.3182,74.9308,103.16,7.8617,1957.9299,1.1589,1.2285,0.1468,-484.4886,830.3009,0.64545
561.1368,560.3832,482.8666,72.8821,104.62,7.7451,1980.78,1.159,1.2229,0.1442,-484.2898,846.1766,0.4628
561.2892,542.7642,503.7883,77.8151,119.19,7.6603,2023.1801,1.191,1.2686,0.165,-484.2898,841.1871,0.47539
561.4416,523.4673,517.1168,78.5197,123.79,7.6199,2047.9801,1.2254,1.3198,0.1845,-484.3375,843.2282,0.5423
561.594,541.0863,503.7243,87.042,130.19,7.5992,2059.1199,1.2065,1.2926,0.187,-484.2784,815.559,0.90888
561.7464,521.5095,479.4704,87.3536,137.5,7.5962,2059.47,1.1426,1.2101,0.1865,-484.6079,833.9296,0.6901
561.8988,520.6708,480.7199,88.8123,143.65,7.6101,2056.1499,1.1737,1.2237,0.2053,-484.8523,858.4236,0.55782
562.0512,560.9425,493.6959,87.9928,152.21,7.629,2061.79,1.1531,1.2063,0.2323,-485.5796,846.8569,0.58287
562.2036,474.2459,478.9578,87.1732,156.19,7.6635,2058.6699,1.1747,1.2209,0.2337,-486.1875,820.095,0.67043
562.356,479.2799,462.3934,83.9115,147.54,7.7067,2036.16,1.1971,1.2631,0.1934,-486.75,855.4752,0.72517
562.5084,505.8484,476.9393,79.8799,134.17,7.7437,2013.17,1.1143,1.1784,0.1666,-487.3921,828.4865,0.61945
562.6608,534.654,502.6029,79.8801,130.13,7.7491,2021.9399,1.1152,1.2243,0.1668,-488.0909,820.095,0.53109
562.8132,564.2986,513.4963,83.6496,138.56,7.7249,2057.76,1.1659,1.2578,0.2008,-488.625,864.0934,0.52991
562.9656,564.2986,496.996,87.0258,145.1,7.6927,2086.95,1.2092,1.256,0.2402,-488.75,824.6309,0.51187
563.118,558.7053,458.6768,82.8465,144.01,7.647,2095.45,1.3251,1.3701,0.2422,-488.775,816.6931,0.53952
563.2704,510.8824,442.4648,85.3051,144.43,7.596,2106.1101,1.3947,1.4583,0.245,-489.1704,867.7222,0.55137
563.4228,462.2203,475.4334,81.6995,151.8,7.5716,2128.96,1.4576,1.5584,0.2932,-489.7046,850.4858,0.51112
563.5752,485.4326,501.2572,84.5677,163.55,7.6213,2157.79,1.5475,1.6245,0.341,-490.2159,838.6923,0.53729
563.7276,421.6687,486.7113,84.2397,159.61,7.7343,2135.8198,1.3656,1.5185,0.318,-491.2125,835.9707,0.52481
563.88,449.0758,463.4507,86.0916,145.05,7.8042,2078.9199,1.3081,1.4471,0.2213,-492.0568,825.7648,0.58567
564.0324,487.3902,448.3281,87.7304,133.59,7.7966,2035.3201,1.2813,1.467,0.1753,-492.5227,838.2386,0.58148
564.1848,509.7635,436.6977,86.7473,133.46,7.7501,2041.4801,1.4722,1.6781,0.1594,-493.1421,834.3832,0.57709
564.3372,479.8393,442.8173,86.9274,139.58,7.7705,2082.8098,1.5303,1.681,0.1771,-493.6313,820.095,0.50577
564.4896,464.7372,460.3108,87.2551,133.06,7.8702,2082.3801,1.3714,1.4424,0.1878,-493.8068,840.5067,0.47236
564.642,499.9754,464.1555,87.5828,119.42,7.958,2058.3301,1.2916,1.3602,0.1945,-494.4602,840.5067,0.43198
564.7944,527.9421,474.8888,90.1396,103.49,7.9491,2030.05,1.2158,1.308,0.1754,-495.325,823.4969,0.48752
564.9468,498.0176,493.1833,90.8934,95.51,7.8475,2043.83,1.2456,1.3126,0.1832,-496.1989,832.7956,0.61914
565.0992,485.9919,495.362,87.9432,95.49,7.7461,2076.3499,1.2659,1.295,0.1924,-496.7784,845.4962,0.7161
565.2516,470.0509,483.5394,88.9265,99.75,7.7457,2106.8101,1.3002,1.3434,0.2337,-497.2062,818.0539,0.55718
565.404,474.2459,480.6879,87.124,100.86,7.8688,2104.3601,1.2892,1.3673,0.2342,-497.0682,825.5381,0.48811
565.5564,474.5256,480.3675,90.0742,107.59,8.0211,2118.8401,1.3283,1.4434,0.2481,-496.85,859.5576,0.52449
565.7088,467.534,469.6984,86.1739,110.27,8.1924,2137.99,1.4321,1.5406,0.2986,-497.0227,824.8577,0.57035
565.8612,435.6519,464.8604,86.4029,81.53,8.5781,2121.5999,1.438,1.5483,0.2993,-484.8579,856.8361,0.53114
566.0136,447.9572,478.7014,87.3043,45.59,8.8474,2079.74,1.3766,1.5036,0.3072,-471.7954,917.6173,0.47837
566.166,445.4403,501.2572,88.0909,13.18,8.7057,2049.4202,1.4007,1.5457,0.3016,-470.5812,873.1653,0.4586
566.3184,458.8642,497.4125,90.2051,28.26,7.8158,2080.77,1.4262,1.6588,0.3967,-463.1989,848.2178,0.4676
566.4708,456.9066,477.1956,90.4509,69.83,6.6465,2140.51,1.4891,1.7274,0.6706,-457.2557,863.1863,0.49396
566.6232,464.7372,460.0865,95.2038,111.11,5.6599,2177.9302,1.5012,1.7151,0.7626,-456.5875,867.7222,0.49219
566.7756,470.8901,450.9232,94.7287,134.6,5.1824,2192.1201,1.4625,1.6624,0.6569,-456.4148,832.342,0.46994
566.928,437.3301,438.7483,94.843,134.9,5.1734,2175.23,1.4621,1.6303,0.5677,-455.9875,855.2484,0.47702
567.0804,443.2029,429.9695,90.4178,135.88,5.3829,2161.2,1.459,1.5924,0.3904,-456.2273,864.5471,0.47728
567.2328,439.2877,456.9787,91.0736,138.5,5.5799,2142.1599,1.3889,1.5427,0.3008,-456.8068,848.8983,0.57278
567.3852,450.4741,476.8111,87.0259,136.03,5.6845,2112.6699,1.3833,1.5594,0.2348,-454.1932,874.9796,0.55053
567.5376,464.4576,463.6429,86.6327,134.93,5.6964,2094.6902,1.3767,1.5151,0.2112,-453.1932,858.6503,0.50649
567.69,446.5589,475.7859,84.6657,133.87,5.6241,2093.3799,1.3414,1.4587,0.2096,-452.7938,871.351,0.44919
567.8424,463.3389,500.8727,84.0103,136.49,5.4966,2115.3801,1.326,1.4274,0.2227,-452.9091,887.2267,0.41247
567.9948,466.4154,484.1482,85.5506,143.95,5.4156,2145.54,1.3795,1.4837,0.3004,-453.0398,818.5074,0.44118
568.1472,442.9232,453.9029,88.9597,152.31,5.469,2173.6602,1.4713,1.5751,0.3302,-454.0909,852.3001,0.44556
568.2996,444.3217,442.9134,88.7955,158.73,5.7032,2192.0601,1.4088,1.4921,0.3653,-453.8409,911.9475,0.42722
568.452,458.5848,444.8998,86.1733,155.42,6.1023,2178.0701,1.4412,1.5363,0.3351,-453.1875,884.5051,0.44629
568.6044,448.5165,448.8087,78.6015,141.37,6.5512,2115.8701,1.4471,1.5448,0.2787,-452.9659,851.8465,0.43688
568.7568,451.0337,468.4168,77.4543,117.82,6.8792,2016.7401,1.4323,1.5012,0.188,-453.0171,889.9482,0.43285
568.9092,454.1101,494.6251,78.438,105.47,6.9948,1963.63,1.5196,1.5812,0.1408,-453.7062,831.6616,0.45681
569.0616,479.2799,462.9701,82.1092,110.19,6.9804,1973.5499,1.6289,1.6827,0.1385,-453.3466,849.5786,0.49815
569.214,481.2375,422.0877,81.2734,129.9,6.9696,2026.48,1.6281,1.6712,0.1532,-453.8182,882.0103,0.54601
569.3664,464.1779,425.0995,84.551,147.79,7.0219,2068.28,1.4207,1.4131,0.1727,-452.7102,844.3622,0.49742
569.5188,442.0842,459.4778,82.8628,154.2,7.1007,2084.4299,1.2535,1.2334,0.1779,-452.7727,837.785,0.53352
569.6712,445.4403,488.0249,85.6652,145.86,7.1928,2064.5498,1.1321,1.1188,0.1707,-453.3438,863.6399,0.62863
569.8236,485.4326,499.1426,83.0434,133.06,7.2667,2039.8199,1.0939,1.0912,0.1707,-453.2727,860.9184,0.63124
569.976,516.7551,511.638,84.2397,129.92,7.327,2043.9701,1.1045,1.1029,0.1835,-452.4829,850.4858,0.69685
570.1284,526.2642,508.9146,83.7809,133.06,7.3818,2071.4399,1.1452,1.1087,0.2374,-451.4034,851.1661,0.64178
570.2808,519.2723,493.728,80.3389,137.09,7.4578,2087.1602,1.2273,1.1163,0.2562,-451.6364,885.8659,0.58197
570.4332,483.1954,485.1093,83.9444,138.83,7.5623,2083.6301,1.2362,1.112,0.2685,-451.5568,884.0515,0.49375
570.5856,465.2968,496.2911,83.0921,148.82,7.698,2099.4402,1.2462,1.1156,0.2555,-450.5966,846.1765,0.48578
570.738,442.3641,494.8814,86.0422,150.3,7.8594,2098.1599,1.2634,1.1496,0.2284,-451.8977,857.0627,0.51541
570.8904,448.5165,484.4365,89.1729,143.25,7.9858,2073.4302,1.3029,1.2166,0.1928,-455.9148,858.6503,0.54424
571.0428,425.5839,497.1562,90.3199,126.62,8.0322,2028.61,1.271,1.1861,0.165,-456.5341,856.6093,0.58667
571.1952,437.0502,519.0391,88.8448,119.66,7.9755,2028.8701,1.2306,1.1503,0.1706,-460.125,849.1249,0.5229
571.3476,440.1266,517.7896,86.2061,118.47,7.8626,2074.4199,1.299,1.2323,0.2008,-462.5511,879.7424,0.52869
571.5,441.5249,503.3398,85.7148,118.65,7.7379,2143.1001,1.3505,1.2865,0.2634,-463.75,889.0411,0.50525
571.6524,408.5242,476.683,88.0091,113.19,7.6548,2196.96,1.477,1.4281,0.3559,-463.5625,858.1967,0.50487
571.8048,368.8116,447.9115,83.0925,101.9,7.6956,2214.99,1.6046,1.5983,0.4499,-462.1932,826.4453,0.53169
571.9572,342.2432,437.4026,85.223,97.29,7.8547,2223.1099,1.5744,1.6416,0.6373,-461.4716,855.0215,0.48561
572.1096,346.1586,435.9608,84.2398,94.68,8.1114,2227.77,1.2835,1.391,0.674,-463.8296,869.083,0.46445
572.262,350.074,416.0323,79.4868,97.51,8.3653,2240.8499,2.0719,2.4339,0.7194,-464.2671,834.8367,0.39193
572.4144,338.8873,387.5492,70.6366,92.45,8.5898,2220.5601,2.555,3.304,0.7804,-464.7671,827.3525,0.36892
572.5668,312.5985,386.1715,69.3256,67.96,8.667,2095.7998,1.8249,2.332,0.3035,-465.0852,869.7634,0.43205
572.7192,320.1495,447.1106,72.2757,39.47,8.523,1943.8401,1.2315,1.4864,0.149,-465.25,833.2492,0.54074
572.8716,381.9561,530.4772,77.848,25.37,8.2241,1866.26,1.1184,1.2787,0.1022,-465.3125,809.4357,0.77503
573.024,437.8894,556.6534,79.3229,50.05,7.9394,1911.99,1.1985,1.3093,0.1129,-465.7727,880.4228,0.75045
573.1764,480.6782,539.9609,81.4534,84.99,7.7736,1999.5499,1.2849,1.3427,0.1444,-465.2671,878.155,0.57619
573.3288,510.6028,511.8303,88.7466,116.61,7.755,2057.0,1.3789,1.3901,0.2119,-462.0284,820.095,0.49176
573.4812,473.1273,484.1802,91.6965,136.74,7.8608,2068.7302,1.5222,1.4643,0.2568,-457.9943,844.5891,0.46442
573.6336,485.153,484.4365,92.8437,139.53,8.0183,2045.58,1.3964,1.2744,0.2247,-456.9886,924.4213,0.50653
573.786,483.1954,515.8352,88.5003,135.84,8.0986,2021.1699,1.3877,1.3031,0.1699,-456.0739,857.7433,0.48913
573.9384,499.1364,524.3577,88.9923,128.06,8.0674,2043.2001,1.3678,1.3239,0.17,-456.7557,807.3943,0.48616
574.0908,465.856,483.6996,92.1062,125.41,8.0041,2074.04,1.4348,1.42,0.2078,-463.4261,893.1234,0.46848
574.2432,456.9066,462.3613,97.0229,115.55,7.9576,2045.6901,1.4376,1.4149,0.2056,-465.0511,895.845,0.48478
574.3956,439.008,471.4605,97.5146,110.96,7.9132,2008.8999,1.3976,1.399,0.1807,-466.0938,804.673,0.4383
574.548,461.1017,470.8518,95.8755,121.09,7.894,2011.8401,1.397,1.4214,0.1603,-466.1875,857.2896,0.44934
574.7004,467.534,473.6072,90.6313,135.59,7.9308,2054.1602,1.3871,1.434,0.1776,-466.1932,928.9572,0.49589
574.8528,458.3049,472.8382,90.1397,141.06,8.0043,2073.1399,1.3846,1.4247,0.1874,-466.4091,832.5688,0.53373
575.0052,457.4659,475.5295,92.7623,154.67,8.0466,2095.04,1.3921,1.4268,0.2097,-466.4829,856.3823,0.6382
575.1576,380.5575,477.5801,90.9429,153.67,8.0538,2101.8,1.3338,1.3775,0.2289,-466.2614,907.1848,0.5767
575.31,384.7526,481.553,88.1569,141.72,8.0183,2077.5298,1.3347,1.3852,0.2069,-466.3875,842.3211,0.60594
575.4624,425.8635,486.5511,83.24,117.08,7.9369,2032.9102,1.2768,1.3886,0.1814,-466.3352,833.9296,0.5344
575.6148,469.4915,483.9559,85.387,114.18,7.82,2019.01,1.2724,1.4149,0.1685,-466.1932,847.5374,0.56801
575.7672,477.8817,483.2831,86.6486,124.22,7.7029,2050.03,1.2552,1.3913,0.1834,-466.4188,839.5995,0.54865
575.9196,471.4494,480.6559,86.157,141.31,7.6572,2083.1201,1.3226,1.4038,0.2175,-466.5057,826.2186,0.54016
576.072,475.3645,481.8734,84.1902,139.87,7.6959,2084.8899,1.3307,1.3748,0.256,-466.4602,849.1249,0.53197
576.2244,485.7122,493.2794,84.3708,142.47,7.7905,2088.5898,1.3011,1.3404,0.263,-466.4432,843.4551,0.5331
576.3768,476.4834,492.8949,83.7151,141.21,7.8777,2102.0,1.3299,1.3526,0.2788,-466.2437,855.0215,0.54049
576.5292,459.7034,477.6442,85.8459,156.01,7.9002,2137.23,1.3523,1.3659,0.3321,-466.1875,875.8868,0.4928
576.6816,460.822,464.0594,82.0601,156.09,7.902,2132.9299,1.3595,1.3731,0.3086,-466.0682,852.9805,0.43759
576.834,468.6526,456.9787,85.3377,140.93,7.8741,2078.8201,1.3321,1.3643,0.2065,-465.7898,808.7552,0.43895
576.9864,461.1017,455.8894,84.0264,127.67,7.8301,2032.7001,1.3101,1.3485,0.1553,-465.8687,872.7118,0.48148
577.1388,456.3474,456.8185,87.9927,129.16,7.778,2022.6,1.3244,1.3433,0.1472,-465.8466,891.7626,0.52733
577.2912,455.788,463.7711,90.9426,135.22,7.754,2033.1099,1.2966,1.308,0.1619,-465.8864,862.5059,0.54114
577.4436,505.5687,481.2967,91.4343,133.16,7.7385,2025.22,1.3088,1.327,0.1714,-466.1136,841.1871,0.54385
577.596,491.3056,481.4248,90.1723,127.37,7.6929,2016.83,1.325,1.351,0.1599,-466.225,834.8367,0.53601
577.7484,470.3305,460.5351,88.6976,121.16,7.6096,2008.6,1.3764,1.3451,0.1448,-466.375,865.2274,0.49123
577.9008,440.6859,439.1968,89.189,96.42,7.5178,1977.58,1.3743,1.3311,0.1402,-466.6193,846.1766,0.46845
578.0532,411.0413,466.7507,90.09,69.66,7.4402,1920.38,1.3113,1.3041,0.1246,-466.8523,844.1354,0.54031
578.2056,421.6687,505.102,85.8287,37.97,7.3183,1856.8099,1.2407,1.2728,0.1061,-466.8062,878.8353,0.54202
578.358,437.3301,509.972,82.8789,29.77,7.1125,1861.2,1.2104,1.2644,0.095,-466.4886,884.9587,0.63866
578.5104,388.668,497.2523,80.1751,35.99,6.8321,1911.76,1.3123,1.3611,0.1068,-466.6818,843.9086,0.61275
578.6628,436.2112,463.8672,83.6166,43.31,6.5398,1955.5499,1.2964,1.347,0.124,-466.9829,857.2896,0.63805
578.8152,439.847,455.0884,85.4195,59.96,6.2433,2011.8799,1.2526,1.3117,0.1419,-467.3125,860.6916,0.79715
578.9676,418.8719,459.9263,86.5337,67.95,5.9653,2064.8601,1.2989,1.372,0.183,-467.2386,889.0411,0.59984
579.12,354.8281,445.5406,85.5506,79.97,5.7331,2132.0601,1.359,1.416,0.2466,-466.7625,881.7836,0.57776
579.2724,385.3119,448.7446,86.698,80.63,5.5733,2159.1499,1.3048,1.387,0.3358,-464.7273,828.7133,0.4561
579.4248,373.2863,482.8986,83.7481,59.3,5.4225,2149.54,1.4009,1.5204,0.3018,-460.2216,859.5576,0.5333
579.5772,361.2607,526.8568,80.7981,37.68,5.211,2153.26,1.3968,1.5278,0.4487,-459.0284,860.0111,0.56678
579.7296,332.455,522.6596,82.109,17.92,4.9951,2148.53,1.4233,1.5645,0.5477,-458.6023,833.476,0.55591
579.882,339.7263,483.4433,89.7138,15.81,4.8801,2153.03,1.43,1.5759,0.7602,-458.7614,859.3307,0.48328
580.0344,330.4972,475.914,92.3361,17.79,4.9157,2155.0,1.4595,1.6402,0.7028,-458.7062,839.5995,0.44661
580.1868,322.1073,471.1081,91.0249,45.26,4.9843,2190.1602,1.4459,1.6696,0.6785,-458.6989,831.6616,0.43811
580.3392,319.8698,447.3028,85.2556,70.07,5.1517,2225.46,1.4648,1.628,0.6694,-458.7102,858.1967,0.48042
580.4916,317.6326,444.227,85.7473,83.8,5.5651,2228.3298,1.424,1.5688,0.6644,-458.5909,859.3307,0.51942
580.644,317.0733,466.174,86.5667,73.61,6.1711,2204.2898,1.2687,1.4002,0.6694,-458.2784,864.0934,0.53367
580.7964,313.9968,487.3842,88.8283,64.42,6.7472,2192.0601,1.2812,1.4353,0.6675,-458.1818,857.2896,0.59747
580.9488,322.1073,499.5591,91.6146,61.38,7.1488,2205.53,1.2035,1.3247,0.6603,-457.9034,845.4962,0.68214
581.1012,333.8533,492.4784,93.7452,51.49,7.5026,2210.3601,1.2242,1.3366,0.6594,-457.8182,856.3823,0.75101
581.2536,336.3704,479.15,90.6314,36.94,7.8245,2200.1499,1.316,1.4249,0.68,-457.5852,803.9925,0.54576
581.406,336.6498,460.9196,86.8617,27.02,8.0453,2204.8499,1.4641,1.5917,0.7121,-457.125,874.5261,0.43125
581.5584,337.7687,443.9707,82.289,18.94,8.1563,2209.1201,1.5451,1.679,0.748,-456.9773,886.7731,0.39202
581.7108,334.4126,436.1531,82.289,16.8,8.2174,2223.01,1.5376,1.6655,0.7512,-457.0796,837.3315,0.4124
581.8632,335.5312,432.885,78.6836,15.26,8.2728,2219.1602,1.5751,1.702,0.7342,-456.8693,842.0942,0.43368
582.0156,336.3704,435.4482,77.1925,16.61,8.2678,2214.26,1.5338,1.7066,0.6227,-456.3523,907.6384,0.44632
582.168,336.9295,456.0496,75.7176,22.49,8.1752,2219.8401,1.5107,1.6773,0.4894,-456.3523,866.8151,0.47733
582.3204,357.3452,471.3965,72.1118,21.59,8.0239,2221.5801,1.5666,1.7126,0.4961,-456.6063,826.6721,0.47589
582.4728,331.0565,460.5671,71.4399,14.46,7.9294,2208.6899,1.623,1.7874,0.5258,-457.0852,879.9693,0.44357
582.6252,305.0477,456.5302,71.0027,-0.08,7.9919,2175.01,1.4464,1.6074,0.6152,-457.3693,845.0426,0.43121
582.7776,303.0898,451.4038,76.5588,-8.98,8.1836,2162.9199,1.4658,1.6351,0.6497,-457.7046,855.9288,0.4202
582.93,303.0898,441.2794,78.8693,-9.9,8.3963,2181.5901,1.5828,1.7185,0.7258,-458.2784,855.2484,0.45929
583.0824,305.8866,446.5979,82.2566,-4.74,8.5124,2204.3101,1.5076,1.6433,0.808,-458.9318,837.3315,0.43701
583.2348,310.9206,468.6731,85.8781,0.04,8.0574,2214.52,1.4519,1.5833,0.8245,-459.2671,856.3823,0.4868
583.3872,312.8782,494.4328,85.3865,5.56,6.9515,2195.5601,1.2085,1.3136,0.785,-459.8352,871.351,0.52039
583.5396,320.4294,505.0699,91.4504,8.69,5.6865,2164.27,1.1567,1.2485,0.7395,-460.1704,832.3419,0.62672
583.692,319.0309,503.2757,91.0738,20.46,4.8175,2138.3401,1.1565,1.2485,0.7211,-459.9318,795.601,0.58787
583.8444,316.7936,499.5591,99.2686,41.52,4.8266,2145.9099,1.2183,1.3079,0.7267,-460.1313,863.6399,0.54871
583.9968,315.675,492.3823,86.1571,54.78,5.2134,2165.53,1.2644,1.3645,0.7533,-460.0341,911.7207,0.53747
584.1492,314.8358,460.9516,81.7812,60.16,5.7981,2194.6001,1.3649,1.4695,0.7814,-459.4886,836.8779,0.48609
584.3016,312.3189,416.6731,74.0783,51.25,6.1805,2194.6299,1.4562,1.5678,0.8371,-459.3011,829.3937,0.49161
584.454,307.2849,420.2615,77.5202,37.02,6.3226,2133.48,1.3877,1.5099,0.4451,-459.8864,933.7199,0.47988
584.6064,310.641,477.0995,75.8812,25.55,6.1571,2074.7002,1.152,1.2493,0.2488,-459.7062,847.7642,0.53993
584.7588,319.3105,525.5752,76.6352,52.38,5.6121,2094.6199,1.1309,1.2164,0.2323,-460.0171,820.5486,0.59274
584.9112,350.074,530.7976,85.4852,55.63,4.9455,2126.28,1.1497,1.2145,0.321,-460.1023,876.794,0.55961
585.0636,402.9308,509.6836,90.0741,82.61,4.3855,2164.51,1.1711,1.2164,0.4968,-459.5796,859.1039,0.51923
585.216,404.3294,494.3687,92.057,77.96,4.1168,2141.48,1.2063,1.2363,0.531,-459.8409,844.5891,0.48071
585.3684,429.4993,488.922,91.5651,109.49,4.0183,2167.6399,1.2622,1.2773,0.6058,-459.8182,865.6812,0.51683
585.5208,334.4126,494.0483,95.6625,110.48,4.3346,2151.55,1.2794,1.2774,0.6474,-459.5938,907.4116,0.56219
585.6732,327.9803,501.5776,96.3672,102.52,4.9792,2106.9099,1.1022,1.105,0.4559,-459.5796,900.8345,0.57181
585.8256,374.6845,505.6466,94.4011,97.15,5.6363,2074.1702,1.0811,1.1057,0.2772,-459.7386,856.6093,0.63634
585.978,401.5326,512.343,92.9916,107.34,5.9049,2099.6799,1.0438,1.0774,0.2174,-460.6563,835.5172,0.7037
586.1304,336.9295,504.1728,94.4667,118.03,5.8445,2141.99,1.1042,1.1445,0.2406,-460.6136,851.6197,0.83011
586.2828,354.2688,488.6017,94.9581,124.9,5.7362,2178.6201,1.0804,1.1048,0.3131,-460.7727,862.7327,0.6255
586.4352,336.3704,485.4938,92.4342,127.42,5.7021,2201.7,1.0766,1.1236,0.3853,-460.55,829.6204,0.60464
586.5876,334.9719,493.0231,93.4173,121.86,5.5308,2218.79,1.0938,1.149,0.4678,-460.9659,863.1863,0.5186
586.74,324.3445,497.0921,95.3839,110.26,5.4559,2209.3699,1.1234,1.1875,0.5891,-461.5682,856.8359,0.5383
586.8924,323.2259,500.4242,99.891,65.45,5.8106,2132.3599,1.1328,1.204,0.598,-461.1534,806.7141,0.51907
587.0448,327.8871,496.0668,98.9079,33.21,6.4431,2078.1199,1.0893,1.1602,0.4561,-461.1313,849.5786,0.52416
587.1972,329.3786,491.4211,96.2856,7.3,6.7649,2057.1699,1.1004,1.1787,0.4663,-461.3409,895.1645,0.55081
587.3496,335.8109,492.8629,98.3342,8.25,6.4539,2076.6799,1.1364,1.2215,0.5306,-461.3977,893.3502,0.54319
587.502,322.1073,485.4938,98.4982,23.05,6.0532,2100.71,1.1959,1.2965,0.7151,-460.9148,864.0934,0.53195
587.6544,322.1073,472.3576,100.7925,58.11,6.0068,2139.6899,1.2977,1.4154,0.7384,-461.4562,845.9498,0.49471
587.8068,323.5056,438.9725,95.3186,94.69,6.2833,2189.8101,1.438,1.578,0.7991,-463.3409,869.5366,0.45848
587.9592,321.548,413.4051,93.5154,114.42,6.5934,2207.1799,1.4144,1.5602,0.7343,-463.7159,857.2896,0.43397
588.1116,325.7428,449.898,90.8935,88.36,6.715,2157.6599,1.3248,1.4618,0.4945,-467.9148,836.8779,0.44551
588.264,340.2856,499.9756,91.6145,101.45,6.578,2149.8201,1.1875,1.3255,0.4239,-468.1704,876.3405,0.52881
588.4164,329.0989,520.9935,90.4675,112.8,6.3601,2150.1602,1.2106,1.3487,0.4058,-468.1938,878.155,0.61769
588.5688,336.3704,520.7052,89.1564,141.83,6.256,2181.2798,1.2151,1.331,0.4511,-468.2954,829.6204,0.57737
588.7212,375.5235,502.9553,88.173,134.59,6.3789,2175.75,1.194,1.2932,0.4559,-468.3125,869.3099,0.5194
588.8736,400.414,481.585,92.434,134.37,6.5502,2182.1699,1.2742,1.3587,0.4575,-468.7102,913.3082,0.49733
589.026,406.0073,474.7926,95.8757,139.86,6.5126,2188.7,1.3109,1.3729,0.5614,-468.9886,874.0726,0.48698
589.1784,397.6172,476.4267,97.0231,136.46,6.3139,2179.24,1.3481,1.3926,0.5529,-468.8977,859.3307,0.48041
589.3308,380.8372,486.6152,95.7122,121.12,6.5164,2146.6899,1.3075,1.3361,0.5475,-469.1193,867.2686,0.57799
589.4832,370.2098,488.057,92.7619,107.29,7.1692,2101.9399,1.2735,1.3154,0.3652,-469.25,899.9272,0.54857
589.6356,389.7866,466.0138,94.0731,105.25,7.9065,2076.21,1.2292,1.2856,0.2597,-469.4886,849.8054,0.61797
589.788,360.1418,456.6583,96.3672,121.2,8.2511,2094.8,1.2588,1.3318,0.2472,-469.6761,856.8359,0.56044
589.9404,364.0572,465.9177,103.7426,132.01,8.3522,2117.6099,1.2954,1.3651,0.3231,-469.75,895.3914,0.57478
590.0928,375.2439,477.8044,103.3489,136.69,8.4168,2129.8899,1.2408,1.3054,0.4109,-469.9489,837.785,0.59083
590.2452,402.3716,483.8278,100.2355,129.06,8.3919,2108.3401,1.246,1.2982,0.3982,-470.1079,859.5577,0.50082
590.3976,389.2273,480.4957,92.0409,119.6,8.1975,2045.7399,1.2965,1.3448,0.2465,-470.0909,874.9796,0.49316
590.55,406.5666,474.9208,84.8954,106.48,7.8583,1986.65,1.2291,1.2531,0.1806,-470.0625,855.9288,0.48442
590.7024,441.2453,484.1802,83.0926,102.11,7.4812,1955.9301,1.2209,1.2392,0.1414,-470.1307,844.5891,0.54696
590.8548,466.4154,489.1143,83.2563,102.86,7.1483,1979.02,1.2263,1.238,0.147,-470.0852,915.803,0.513
591.0072,480.3986,487.2239,87.5178,107.45,6.9216,2002.0499,1.2062,1.1934,0.1541,-470.1704,873.6189,0.53186
591.1596,458.5846,486.6152,85.3869,98.66,6.7242,1994.29,1.3073,1.2646,0.1529,-470.4829,798.5494,0.52116
591.312,381.9561,489.3706,80.519,85.48,6.504,1990.86,1.2541,1.1895,0.1399,-470.6313,886.7731,0.60154
591.4644,430.6179,495.0095,79.208,77.64,6.2052,2013.16,1.2617,1.1981,0.1355,-470.6591,926.6892,0.54453
591.6168,423.9059,489.1463,81.1747,83.78,5.8654,2075.79,1.309,1.308,0.1604,-470.6364,840.9603,0.55662
591.7692,425.0245,470.4994,91.451,95.1,5.5782,2142.9299,1.2923,1.2903,0.239,-470.5966,868.8561,0.47604
591.9216,414.3972,459.0933,92.9258,97.09,5.3971,2174.04,1.2701,1.2489,0.3396,-470.5454,907.6384,0.47101
592.074,416.6347,466.2381,90.4836,92.72,5.3505,2171.9102,1.2425,1.2176,0.4091,-470.5,846.4034,0.46443
592.2264,431.7365,476.747,88.3529,85.08,5.4168,2138.0999,1.313,1.2874,0.3681,-470.4091,839.8264,0.50982
592.3788,423.9059,489.4667,91.3031,74.14,5.5005,2073.9199,1.2736,1.2443,0.2667,-470.3062,918.071,0.54968
592.5312,413.5582,502.0582,92.4342,64.16,5.4908,2028.23,1.2081,1.1716,0.1976,-470.2671,871.8046,0.62896
592.6836,421.9484,494.2726,92.1065,57.29,5.338,2019.5798,1.2474,1.2063,0.1844,-470.2386,872.0314,0.65103
592.836,425.3042,481.3928,88.9925,55.12,5.0991,2041.27,1.2512,1.2093,0.1957,-470.0796,907.8651,0.68841
592.9884,411.6006,490.5881,88.0418,54.93,4.7997,2064.7,1.207,1.1769,0.215,-470.0739,894.0306,0.69387
593.1408,359.8624,506.0311,87.0586,56.03,4.4314,2105.8198,1.1764,1.1574,0.2016,-469.9438,881.7836,0.72792
593.2932,326.582,509.203,90.0082,51.57,4.0688,2157.1602,1.1747,1.177,0.2726,-469.6421,868.8561,0.6103
593.4456,349.5147,498.4377,89.3202,34.47,3.8055,2181.4102,1.132,1.1645,0.4087,-469.2671,894.0306,0.542
593.598,358.4638,489.1783,95.6462,18.47,3.7097,2175.49,1.1302,1.179,0.6231,-469.0966,890.175,0.52952
593.7504,338.0481,491.0687,98.1049,22.6,3.7252,2175.8699,1.1412,1.2083,0.648,-468.5739,838.2386,0.53258
593.9028,326.582,492.0939,101.2184,40.58,3.7686,2192.55,1.1459,1.2228,0.6773,-467.9432,870.4438,0.53782
594.0552,327.1411,489.723,97.3503,59.15,3.7941,2219.1802,1.186,1.2901,0.7546,-467.5063,918.071,0.48237
594.2076,324.0649,478.9898,95.0066,59.52,3.8564,2233.45,1.2459,1.366,0.7717,-467.0284,861.3719,0.47958
594.36,320.9887,444.7396,95.3347,42.5,3.9793,2233.3501,1.4923,1.6699,0.7755,-466.2898,839.8264,0.48947
594.5124,321.548,413.9497,85.5016,19.32,4.1191,2218.53,1.6626,1.8819,0.7728,-465.9813,820.095,0.45897
594.6648,322.387,426.7975,76.209,-0.02,4.1749,2191.6299,1.6,1.8269,0.7299,-465.8807,872.4849,0.41507
594.8172,324.0649,445.1241,72.0132,0.42,4.121,2176.4099,1.6291,1.8715,0.7005,-465.9261,856.6093,0.36741
594.9696,323.7852,439.2929,71.1939,4.58,4.0602,2168.6201,1.6472,1.8985,0.6977,-466.1307,846.4034,0.35264
595.122,321.2681,427.3742,72.6689,6.89,4.0842,2170.75,1.6725,1.9295,0.707,-466.6023,852.3001,0.3285
595.2744,320.1495,420.1333,70.3256,2.7,4.2252,2173.8301,1.6165,1.8752,0.7318,-466.9813,836.4244,0.34402
595.4268,316.2343,417.2498,74.0949,-2.56,4.4137,2179.6101,1.601,1.8459,0.7484,-467.4204,849.5786,0.39007
595.5792,316.514,415.007,78.0283,-3.96,4.5745,2188.78,1.6096,1.8701,0.7636,-468.4204,843.6818,0.39316
595.7316,312.0393,425.9325,82.437,-3.88,4.6809,2196.5898,1.566,1.8024,0.7653,-469.3636,844.5891,0.42227
595.884,312.8782,443.8425,84.8954,-2.53,4.7402,2197.02,1.5268,1.7541,0.7855,-469.7,845.2695,0.39974
596.0364,313.4375,456.5302,87.3536,0.21,4.7923,2201.2,1.322,1.4882,0.7814,-469.6818,866.1346,0.44783
596.1888,314.2765,468.545,85.5506,1.35,4.8705,2200.75,1.2587,1.3997,0.7768,-470.1818,850.0322,0.43256
596.3412,314.5562,475.1451,85.5506,2.25,4.964,2200.0698,1.2534,1.3866,0.7527,-470.7727,845.4962,0.4845
596.4936,316.514,474.6324,85.5508,3.84,5.0467,2197.3101,1.2037,1.3184,0.7752,-471.0625,889.4947,0.47821
596.646,316.7936,475.4334,92.1064,6.01,5.1019,2192.4099,1.2117,1.3051,0.7801,-471.3807,884.5051,0.51468
596.7984,320.4294,482.2578,93.9093,7.38,5.1231,2185.6101,1.1995,1.2642,0.8141,-471.8977,849.1249,0.47573
596.9508,320.4294,487.0638,94.4335,6.15,5.1136,2178.27,1.122,1.171,0.807,-472.4716,886.9999,0.45452
597.1032,319.8698,487.4482,94.1057,2.6,5.061,2167.6899,1.1122,1.1557,0.813,-472.6079,878.6084,0.45369
597.2556,322.9463,489.4667,95.5805,0.53,4.9651,2167.25,1.1032,1.1348,0.7798,-472.5625,838.6923,0.46844
597.408,320.7088,495.5862,99.3666,-0.08,4.8202,2159.2,1.0903,1.1272,0.7905,-473.1563,845.723,0.47956
597.5604,319.5901,498.2455,99.3666,19.83,4.6361,2169.6899,1.0419,1.0787,0.7992,-473.6421,846.4034,0.49629
597.7128,320.9887,496.7076,100.5139,33.45,4.441,2164.8201,1.0106,1.0389,0.7955,-473.4204,848.6714,0.51763
597.8652,318.7512,499.9116,97.1868,59.39,4.2858,2172.0901,0.9489,0.9775,0.7662,-473.4659,833.0224,0.54337
598.0176,319.5901,496.3552,93.5813,70.9,4.2157,2180.6499,1.0408,1.0684,0.776,-473.625,820.5486,0.5
598.17,318.1919,484.7889,91.8604,87.98,4.2327,2201.0601,1.0811,1.1075,0.7813,-473.2046,857.7432,0.47891
598.3224,315.9547,481.553,93.8272,92.7,4.2992,2217.5801,1.0692,1.1037,0.8032,-472.6989,862.9595,0.47706
598.4748,316.514,489.4026,96.941,93.38,4.3908,2221.1899,1.0766,1.1165,0.8327,-472.3636,829.6204,0.46998
598.6272,321.2681,488.4414,95.3187,97.07,4.5095,2227.48,1.1098,1.1459,0.8631,-472.5114,848.2178,0.50182
598.7796,322.9463,472.2615,89.2546,104.7,4.6586,2235.71,1.0985,1.145,0.8522,-472.4546,836.4244,0.49656
598.932,320.9887,464.7322,86.6325,116.35,4.7794,2255.8301,1.1187,1.1757,0.8457,-472.3011,798.7762,0.5231
599.0844,324.0649,470.3071,87.5337,124.82,4.8402,2271.0801,1.1213,1.1883,0.8909,-472.0688,862.5059,0.4982
599.2368,328.8192,473.511,91.7951,130.14,4.7878,2274.3101,1.1581,1.2165,0.9074,-472.0511,902.6488,0.50032
599.3892,327.7006,474.9849,91.7951,136.53,4.6143,2262.76,1.1326,1.1871,0.8733,-471.9375,886.7731,0.5004
599.5416,330.2175,479.2461,94.401,142.16,4.395,2247.0801,1.1109,1.1668,0.8298,-471.5682,897.2056,0.47851
599.694,329.9379,482.1617,94.4007,131.52,4.3913,2223.51,1.1211,1.1785,0.8669,-471.4375,825.9918,0.5078
599.8464,330.4972,478.8617,94.8106,130.13,4.6111,2217.29,1.131,1.1996,0.8821,-471.2614,849.8054,0.51543
599.9988,332.7346,464.9886,96.4495,121.92,5.0493,2211.6699,1.1821,1.2385,0.8811,-470.9943,888.1339,0.50455
600.1512,331.0565,452.8777,96.7772,115.72,6.0178,2184.76,1.1413,1.2041,0.6816,-470.9034,863.8668,0.44693
600.3036,329.0989,467.2313,101.9397,102.19,7.3582,2123.8899,1.1228,1.1922,0.4604,-470.7938,888.1339,0.44344
600.456,332.1754,503.0194,95.5481,103.83,8.4645,2076.1799,1.0794,1.1521,0.2676,-470.7102,924.8748,0.46059
600.6084,340.2856,518.4304,96.04,126.93,8.8061,2096.6301,1.0419,1.1094,0.2546,-470.4829,850.9393,0.51344
600.7608,368.8116,504.3651,94.1222,137.94,8.6703,2124.27,1.1217,1.1925,0.2854,-469.9886,889.9482,0.46835
600.9132,375.2439,481.2646,96.5804,139.54,8.6689,2127.1401,1.1456,1.207,0.3731,-469.9034,882.6907,0.46473
601.0656,394.8206,462.8099,92.9746,131.1,8.8003,2085.97,1.1589,1.198,0.2626,-469.7898,886.7731,0.44947
601.218,419.7109,458.9651,92.4339,124.9,8.9278,2046.2401,1.1677,1.1924,0.2098,-469.5739,853.6608,0.42982
601.3704,461.3813,465.9818,91.4505,125.33,8.9782,2041.11,1.2409,1.2677,0.1862,-469.4432,849.5786,0.47718
601.5228,413.8379,467.9682,89.9756,128.42,8.9828,2059.8398,1.1971,1.2133,0.1796,-469.3523,907.1848,0.51524
601.6752,426.4228,455.3447,87.8123,127.86,9.0142,2075.02,1.2629,1.2597,0.2142,-469.425,864.0934,0.57094
601.8276,408.2446,456.0496,86.8288,117.86,9.0674,2054.9099,1.2678,1.2883,0.2578,-469.4063,871.351,0.51735
601.98,421.6687,470.211,87.3205,104.63,9.0991,2010.7701,1.1999,1.2336,0.2238,-469.4148,833.7027,0.52844
602.1324,408.8041,465.5973,92.2702,80.03,9.0498,1960.65,1.2346,1.2799,0.1567,-469.2437,825.9918,0.54742
602.2848,389.2273,464.7322,94.073,48.79,8.8847,1902.71,1.2629,1.3123,0.1233,-469.2727,894.0306,0.50504
602.4372,425.8635,473.447,97.187,43.49,8.6224,1915.12,1.1969,1.254,0.12,-469.2159,856.8361,0.5082
602.5896,419.9905,471.3644,89.9756,67.36,8.3524,1983.74,1.1855,1.2532,0.1414,-469.1818,840.2798,0.50024
602.742,402.0919,469.8586,88.2056,99.08,8.1805,2054.24,1.2276,1.287,0.1819,-469.3239,903.556,0.53424
602.8944,433.6943,466.3663,85.0916,105.42,8.0803,2060.1899,1.2174,1.266,0.1916,-469.25,907.6384,0.6134
603.0468,437.8894,460.1826,85.2555,109.76,8.0015,2069.3401,1.1631,1.2127,0.17,-468.9489,860.4647,0.60104
603.1992,435.9316,469.9867,83.2561,114.18,8.007,2094.45,1.207,1.2536,0.1983,-468.7841,894.4843,0.6213
603.3516,414.3972,478.9257,86.5339,108.6,8.1662,2084.1802,1.2465,1.2734,0.209,-468.8125,892.6699,0.53071
603.504,432.8553,468.7692,86.5339,84.68,8.3124,2000.2601,1.2493,1.2783,0.1706,-468.7,883.1444,0.46635
603.6564,451.8726,464.9886,89.1562,64.4,8.2761,1939.33,1.189,1.2294,0.1309,-468.5,882.6907,0.43891
603.8088,442.3641,471.9091,91.7784,62.19,8.0395,1944.27,1.2003,1.2335,0.1263,-468.3125,867.2686,0.44428
603.9612,441.2453,476.4587,95.8595,64.71,7.7669,1979.91,1.1838,1.1931,0.1358,-468.2563,880.8763,0.50351
604.1136,440.1266,481.3928,99.6289,64.73,7.489,2008.8699,1.1445,1.1455,0.158,-468.1364,915.803,0.58011
604.266,447.9572,485.5579,93.7288,58.07,7.1544,2030.4501,1.1781,1.1786,0.1631,-467.8296,874.7529,0.61381
604.4184,440.6859,480.4957,91.7456,60.15,6.7507,2086.8599,1.1995,1.1879,0.192,-467.7313,889.7215,0.59536
604.5708,459.9831,476.1703,85.8457,61.42,6.3562,2135.4001,1.1845,1.1666,0.2316,-467.625,919.8853,0.53018
604.7232,432.5757,469.8906,89.2875,56.77,6.0614,2156.6301,1.2315,1.2095,0.3479,-467.3864,806.2604,0.50727
604.8756,403.2105,461.9769,88.2053,48.27,5.9097,2148.0898,1.2183,1.1856,0.363,-467.3563,862.7327,0.51565
605.028,410.4818,461.0797,88.5332,46.65,5.8595,2147.95,1.1562,1.1543,0.4108,-467.2443,1000.8516,0.49671
605.1804,359.8624,457.235,83.9113,51.14,5.8556,2162.75,1.1432,1.1718,0.3789,-467.3296,933.7199,0.48235
605.3328,338.328,479.3423,88.6316,55.56,5.8711,2181.5901,1.1292,1.1704,0.483,-467.4125,861.3719,0.49876
605.4852,357.9045,496.5795,91.7455,53.82,5.8822,2180.9399,1.1237,1.1879,0.4555,-467.4375,866.8151,0.53987
605.6376,346.7179,478.1248,94.8104,54.27,5.8068,2187.6599,1.2009,1.2852,0.4637,-467.1591,884.9587,0.57827
605.79,341.9635,470.8198,90.2214,58.08,5.5499,2220.0698,1.2713,1.3622,0.5093,-466.9546,951.1832,0.56193
605.9424,346.9975,457.3632,84.4853,52.39,5.1436,2247.54,1.3609,1.4649,0.6247,-466.9375,911.4938,0.49227
606.0948,350.6333,434.0064,82.6827,35.79,4.6725,2255.5798,1.4189,1.5367,0.7846,-466.7329,830.0741,0.47784
606.2472,371.049,433.0452,84.4855,13.31,4.2716,2230.1899,1.5077,1.6476,0.8918,-466.625,900.3809,0.46538
606.3996,332.1754,438.3318,89.7299,5.61,3.9951,2227.98,1.542,1.6959,0.9228,-466.3636,923.514,0.44608
606.552,331.8957,431.3471,94.0564,5.76,3.9427,2228.27,1.5701,1.7349,0.9403,-465.925,889.0411,0.40173
606.7044,327.421,416.7372,93.8925,7.42,4.0549,2228.97,1.6091,1.8048,0.9579,-465.9659,877.0209,0.39709
606.8568,327.7006,420.9984,96.056,5.44,4.2048,2221.5,1.5771,1.7841,0.9478,-465.7687,927.1428,0.39435
607.0092,327.1411,431.8598,95.8761,3.34,4.1835,2228.97,1.5867,1.7944,0.9061,-465.6187,929.6377,0.42478
607.1616,328.2599,427.2461,93.9095,-0.35,4.0166,2234.48,1.6126,1.827,0.9259,-465.4489,881.7836,0.41414
607.314,327.7006,425.3878,90.6643,-2.79,3.8386,2238.8401,1.621,1.8442,0.9522,-465.45,884.5051,0.42215
607.4664,326.582,425.9645,89.8774,-4.55,3.7397,2234.6001,1.6004,1.8252,0.9765,-465.5625,843.0014,0.41043
607.6188,328.2599,424.5868,88.091,-2.5,3.7126,2240.3101,1.6084,1.8316,1.0042,-465.4602,848.6714,0.37094
607.7712,326.0227,423.4334,90.6148,-2.12,3.7222,2238.47,1.6389,1.8724,0.9967,-465.5187,895.6182,0.33432
607.9236,326.0227,418.0508,89.1399,-2.53,3.7752,2233.1499,1.5346,1.7464,0.951,-465.5625,855.0216,0.329
608.076,327.7006,417.41,92.7453,-1.31,3.7981,2236.73,1.5627,1.7794,0.8868,-465.6193,869.5366,0.34126
608.2284,325.4634,423.7858,88.0255,1.06,3.7432,2247.23,1.5987,1.823,0.8929,-465.6932,909.9064,0.3821
608.3808,326.0227,425.4198,88.8448,1.38,3.6423,2251.29,1.653,1.8576,0.939,-465.9063,848.8983,0.38836
608.5332,324.0649,422.2479,89.8119,-1.26,3.6289,2241.1799,1.6671,1.8693,0.9554,-465.95,859.7844,0.39803
608.6856,323.5056,421.5751,95.7937,-4.61,3.7211,2223.78,1.5824,1.7543,0.9405,-466.0,872.0314,0.40033
608.838,322.6666,423.946,98.8585,-6.21,3.867,2220.23,1.5777,1.7376,0.912,-466.0511,839.5995,0.38354
608.9904,322.1073,422.9208,97.7114,-7.22,3.9737,2224.1899,1.5876,1.7381,0.9081,-466.0688,871.5778,0.39359
609.1428,322.6666,419.7809,95.1878,-6.64,4.0198,2241.49,1.5718,1.705,0.9224,-466.0966,859.7844,0.4065
609.2952,322.9463,420.2295,89.8285,-6.22,4.0383,2250.8198,1.5784,1.7035,0.9669,-465.8466,844.1354,0.37396
609.4476,324.3445,420.8382,82.7972,-5.76,4.0781,2253.52,1.608,1.7259,0.9696,-465.6989,830.9812,0.38348
609.6,324.9038,419.3003,79.3391,-4.45,4.2269,2249.29,1.7009,1.8043,0.9955,-465.6063,862.7327,0.35756
609.7524,325.4634,422.6965,78.5199,-1.72,4.5182,2244.4202,1.6942,1.7841,0.9738,-465.6818,843.6818,0.38097
609.9048,326.0227,424.8752,82.3058,1.04,4.9313,2241.0801,1.6911,1.7659,0.9564,-465.7557,831.208,0.36744
610.0572,330.2175,422.4081,83.7806,2.21,5.3481,2243.55,1.6908,1.7522,0.9218,-465.7954,872.0314,0.38045
610.2096,329.3786,421.2227,85.5835,-0.02,5.7083,2246.29,1.6356,1.6937,0.8773,-465.9188,888.5875,0.37356
610.362,327.421,419.1721,87.3864,-3.02,5.933,2252.3799,1.6171,1.6634,0.8471,-465.8523,876.1136,0.36845
610.5144,324.9038,419.877,87.0588,-6.21,5.8197,2250.8699,1.6249,1.675,0.8497,-465.8937,855.2484,0.37163
610.6668,324.3445,424.3305,83.7807,-7.3,5.3735,2246.2102,1.6384,1.6864,0.9223,-465.8125,865.9078,0.37721
610.8192,326.582,424.5868,81.0764,-3.41,4.8206,2246.5601,1.7325,1.8054,1.003,-465.8239,870.8974,0.38998
610.9716,327.9803,413.6934,77.3067,11.08,4.4891,2264.8201,1.844,1.9429,1.1206,-465.7727,852.7537,0.38461
611.124,327.9803,390.4969,79.9127,37.08,4.3789,2318.9099,1.9317,2.0553,1.3552,-465.5227,831.4348,0.38256
611.2764,323.2259,354.9971,79.4703,56.66,4.2492,2371.6699,2.7727,3.0237,1.7155,-465.1187,854.568,0.35283
611.4288,319.8698,342.1173,84.0594,73.34,4.0761,2409.6101,2.66,2.922,2.0371,-464.4261,859.1039,0.32558
611.5812,318.7512,339.7143,75.8811,87.6,3.9596,2446.8,3.3471,3.7366,2.2916,-464.0313,831.4348,0.28961
611.7336,319.3105,291.0143,70.5549,108.5,3.9999,2508.6602,5.5332,6.3504,3.8957,-463.6364,837.3315,0.26348
611.886,315.675,249.7475,61.8686,120.28,4.1307,2560.25,8.1514,9.8613,6.8833,-463.1421,852.7537,0.24245
612.0384,313.9968,254.9059,64.6385,107.85,4.2812,2549.95,6.991,8.4726,8.0522,-462.7813,834.8367,0.25037
612.1908,318.4716,266.6964,64.7203,68.79,4.4353,2462.8899,6.1832,7.5426,5.9238,-462.6534,815.1055,0.25215
612.3432,318.7512,302.6126,67.8672,52.91,4.5782,2358.1499,4.0025,4.8483,1.8956,-462.275,848.6714,0.27609
612.4956,319.8698,406.901,64.4417,44.69,4.6882,2256.1899,2.1451,2.5134,0.8732,-461.9318,861.3719,0.29553
612.648,317.3529,492.7668,63.7863,49.25,4.7248,2189.1301,1.6944,1.9205,0.603,-461.5682,840.053,0.33074
612.8004,322.387,500.9368,57.6566,26.57,4.6901,2142.97,1.7565,1.9463,0.58,-461.5625,836.4244,0.371
612.9528,323.5056,489.8192,59.1317,10.79,4.6031,2124.49,1.787,1.9411,0.6201,-461.6136,860.0111,0.41506
613.1052,320.1495,483.3472,58.2629,4.35,4.4903,2117.53,1.7797,1.9078,0.6424,-461.7062,840.5067,0.44242
613.2576,319.0309,480.0792,68.4569,6.35,4.3469,2122.75,1.7883,1.8947,0.6588,-461.9204,850.4858,0.40174
613.41,315.3951,468.6411,73.2916,19.35,4.2124,2147.49,1.8511,1.9491,0.6938,-462.0562,849.5786,0.37707
613.5624,315.3951,454.4476,83.9936,34.05,4.1975,2173.9099,1.9008,2.0051,0.7504,-462.1307,834.1564,0.35475
613.7148,312.3189,454.7359,80.2241,47.08,4.319,2202.01,1.9159,2.0696,0.7658,-462.2625,875.4333,0.37235
613.8672,310.641,450.8912,81.8467,53.34,4.511,2230.6799,1.7033,1.888,0.7281,-462.3563,854.7949,0.38724
614.0196,311.4799,423.8499,75.2913,45.01,4.7086,2273.9202,1.9734,2.2374,0.8574,-462.5398,847.7642,0.36794
614.172,314.2765,381.4617,74.4719,38.81,4.8268,2305.3999,3.3062,3.8798,1.2665,-462.7313,873.8457,0.32612
614.3244,318.4716,371.8499,67.6212,43.37,4.9995,2301.1101,2.7319,3.1455,1.5656,-462.9318,871.351,0.3147
614.4768,318.7512,423.6577,66.8998,59.15,5.172,2262.8701,1.8601,2.0915,1.0911,-463.0057,848.6714,0.3632
614.6292,320.9887,461.4322,66.8999,72.31,5.41,2222.1401,1.7475,1.9457,0.7731,-463.5875,855.0216,0.40428
614.7816,323.2259,467.3915,70.866,70.35,5.6369,2181.4001,1.6328,1.8077,0.7074,-464.3523,903.556,0.3848
614.934,325.1835,481.2646,72.7344,69.96,5.897,2151.5601,1.5728,1.735,0.6618,-464.9562,880.4228,0.34911
615.0864,322.387,481.585,75.7826,72.89,6.1858,2143.3401,1.396,1.5215,0.6728,-465.9261,860.9184,0.4042
615.2388,320.1495,468.3847,82.8629,72.06,6.4254,2160.79,1.3626,1.4797,0.7205,-467.025,937.1218,0.43981
615.3912,320.7088,475.2092,92.3519,80.07,6.5337,2188.4402,1.2771,1.3762,0.7721,-467.7216,902.8757,0.54149
615.5436,326.582,495.5862,96.6788,80.92,6.6824,2195.7,1.2212,1.3123,0.8085,-467.7727,845.2695,0.54463
615.696,328.8192,491.9978,99.514,83.69,6.794,2195.3699,1.2116,1.3089,0.8092,-467.8375,922.1533,0.52714
615.8484,329.0989,455.2165,92.6471,90.3,6.9636,2210.01,1.2984,1.4171,0.8445,-467.9034,901.7416,0.49472
616.0008,322.1073,412.0914,92.2865,74.26,7.2392,2210.3101,1.6446,1.8112,0.9063,-467.9937,838.6923,0.42194
616.1532,318.1919,395.527,85.8458,70.16,7.2285,2220.9102,1.7901,1.9726,1.0151,-467.8807,893.1234,0.41559
616.3056,323.7852,398.3465,88.2057,74.75,7.0036,2232.0801,1.8245,2.0207,1.0498,-467.8563,906.2775,0.37766
616.458,325.7428,400.7174,85.2883,102.49,6.7191,2250.6101,1.832,2.0474,1.0656,-467.8563,837.5583,0.36946
616.6104,327.1411,404.6583,83.0756,131.16,6.7467,2271.3599,1.7744,1.9862,1.0449,-467.8693,833.9296,0.36201
616.7628,332.455,410.105,80.0601,136.36,7.0874,2251.1201,1.7556,1.9806,0.8791,-467.8466,942.5649,0.35263
616.9152,353.4298,416.3527,80.4535,148.22,7.3039,2237.79,1.7967,2.0408,0.6279,-467.925,928.2767,0.38414
617.0676,355.108,421.0945,82.2564,152.68,7.4924,2216.6199,1.7248,1.9573,0.4321,-467.7125,865.9078,0.39467
617.22,391.7442,421.8955,82.7482,154.31,7.5678,2207.8701,1.8105,2.0226,0.436,-467.3239,901.2881,0.44431
617.3724,408.2446,425.4198,87.9766,146.5,7.6131,2184.9202,1.8289,2.0189,0.3672,-467.2375,903.3292,0.37513
617.5248,419.4312,428.6879,89.2056,141.85,7.6682,2166.8501,1.8063,1.96,0.3187,-467.4489,902.6488,0.39916
617.6772,392.3035,420.6139,89.7466,137.75,7.7488,2136.26,1.8659,1.9938,0.2402,-467.5625,882.0103,0.39148
617.8296,401.5326,415.4876,85.272,140.45,7.8293,2125.52,1.7715,1.8899,0.21,-467.6,853.2073,0.46419
617.982,415.7957,433.9744,84.9442,147.15,7.9124,2138.0999,1.7258,1.8426,0.2055,-467.4829,911.2672,0.47198
618.1344,432.2961,443.1056,89.0905,150.73,7.9669,2153.22,1.7895,1.9048,0.2196,-467.35,937.5756,0.48718
618.2868,452.7115,429.9054,89.2545,155.55,7.9854,2172.01,1.8001,1.9014,0.2473,-467.4312,865.0007,0.47566
618.4392,425.5839,420.2615,90.4022,153.62,8.0073,2166.21,1.8258,1.8854,0.2296,-467.5284,894.4841,0.52845
618.5916,427.8214,411.6429,88.5991,141.17,8.0164,2123.0801,1.7928,1.8072,0.2006,-467.4829,959.5746,0.54996
618.744,446.8386,427.5345,90.2053,130.73,7.9897,2081.9099,1.7082,1.7344,0.174,-467.5,904.0096,0.54863
618.8964,436.2112,444.4513,89.0577,116.55,7.9151,2027.77,1.7147,1.7536,0.1667,-467.5682,870.4438,0.50481
619.0488,462.5,440.3823,90.3199,115.08,7.8006,2018.0399,1.725,1.7569,0.1535,-467.7813,899.0201,0.41895
619.2012,426.1434,452.0767,88.8779,119.84,7.7054,2048.4399,1.5857,1.6143,0.1572,-467.7784,887.4534,0.42227
619.3536,428.101,456.434,93.0242,130.48,7.6633,2100.4199,1.7134,1.7204,0.1843,-467.7784,880.6497,0.4117
619.506,423.3466,444.1309,92.3195,139.61,7.7178,2132.2898,1.6517,1.6913,0.2075,-467.8239,857.7433,0.41359
619.6584,421.3888,439.8376,91.7785,132.28,7.811,2096.4102,1.6382,1.7145,0.1962,-467.8875,863.6399,0.43041
619.8108,424.7449,430.0015,88.124,121.4,7.8216,2057.6201,1.6288,1.7228,0.1536,-467.6136,883.8247,0.46314
619.9632,405.7277,430.9947,89.5499,125.11,7.7117,2079.2698,1.6057,1.7053,0.165,-467.375,877.2476,0.47347
620.1156,404.0495,459.4137,88.6158,130.95,7.6115,2103.05,1.6193,1.7267,0.2052,-467.2954,843.4551,0.44106
620.268,412.16,462.2332,89.9269,137.45,7.5801,2104.0,1.5134,1.6174,0.2183,-467.1079,889.0411,0.41436
620.4204,422.5076,436.5696,87.3538,134.82,7.588,2071.0601,1.5792,1.705,0.1851,-467.2687,879.062,0.40671
620.5728,437.0502,434.8715,90.7953,136.07,7.5537,2069.51,1.5027,1.6093,0.1607,-467.3125,841.6407,0.43637
620.7252,424.7449,445.8931,89.1727,122.08,7.4746,2038.27,1.5599,1.6587,0.1611,-467.2614,866.3615,0.40902
620.8776,435.0926,441.5357,93.1059,109.59,7.3393,2007.83,1.554,1.6333,0.1538,-467.4438,853.2073,0.41753
621.03,452.9912,445.3484,92.9418,90.49,7.1843,1968.45,1.5187,1.5873,0.1424,-467.4148,862.9595,0.43899
621.1824,462.7796,459.6059,91.6802,61.15,7.0174,1934.24,1.5076,1.5662,0.1326,-467.2216,878.6084,0.46184
621.3348,466.1357,465.6614,87.583,63.99,6.874,1951.89,1.543,1.5681,0.1349,-467.1187,867.7222,0.46691
621.4872,414.3972,459.7021,83.9776,77.89,6.7628,1975.74,1.6673,1.672,0.1322,-467.1079,860.6915,0.48794
621.6396,420.5498,450.9554,86.6979,112.17,6.6697,2020.3199,1.5792,1.5847,0.1428,-467.1648,880.4228,0.4818
621.792,442.9232,445.1241,91.4508,115.06,6.5939,2024.1399,1.5182,1.5805,0.1357,-467.125,855.0215,0.45813
621.9444,445.4403,438.8764,99.2026,117.16,6.5121,2036.8099,1.475,1.5492,0.1407,-467.2954,858.8771,0.50612
622.0968,431.7365,439.5813,102.4806,120.39,6.4519,2054.2,1.4925,1.5352,0.155,-467.4562,865.9078,0.58576
622.2492,429.7789,451.1796,99.7436,103.82,6.4183,2015.5399,1.4179,1.4334,0.1566,-467.5454,869.9902,0.68984
622.4016,492.4242,463.7711,95.1057,64.14,6.3422,1932.65,1.3904,1.4078,0.1401,-467.5341,837.785,0.56469
622.554,472.568,465.5012,96.138,23.66,6.1977,1869.26,1.3726,1.3852,0.1222,-467.4875,850.0322,0.5194
622.7064,465.856,460.9836,92.6471,18.09,5.9928,1887.62,1.3963,1.3305,0.1214,-467.4034,873.1653,0.5052
622.8588,478.1614,461.272,89.697,46.77,5.7868,1967.53,1.4242,1.3373,0.1344,-467.1648,865.9078,0.49416
623.0112,491.3056,457.9719,88.255,77.6,5.5966,2031.1899,1.4977,1.4282,0.1635,-466.85,867.2686,0.57707
623.1636,452.7115,448.4242,88.9103,87.89,5.407,2050.03,1.5145,1.4298,0.1684,-466.7216,828.7133,0.52366
623.316,451.5929,435.9608,89.4676,87.05,5.2079,2066.6299,1.6136,1.5004,0.1764,-466.3687,842.7746,0.47311
623.4684,442.6435,438.9084,84.7966,85.97,4.9855,2088.5898,1.6037,1.538,0.1797,-465.9602,880.8763,0.37362
623.6208,460.822,450.699,89.5498,87.69,4.7635,2111.8801,1.6397,1.603,0.2124,-465.5625,855.0215,0.38339
623.7732,419.7109,452.1087,92.4342,82.4,4.5352,2103.3599,1.6288,1.6115,0.194,-465.0454,820.5486,0.39492
623.9256,437.3301,463.9953,93.745,85.19,4.2913,2135.8899,1.6145,1.6103,0.2116,-464.5438,852.7537,0.45895
624.078,395.6596,453.999,91.1064,85.55,4.0694,2194.1499,1.7993,1.8521,0.3035,-463.9773,869.9902,0.47644
624.2304,385.5916,426.0606,93.9906,67.23,3.989,2237.3501,1.7736,1.8768,0.5165,-463.575,863.8668,0.46389
624.3828,340.8449,409.5603,91.5324,37.65,4.0466,2234.74,1.723,1.8909,0.7106,-463.1648,838.4656,0.41071
624.5352,321.8276,408.8234,82.6988,17.75,4.1541,2216.3899,1.6379,1.8468,0.7,-462.9034,855.4752,0.3686
624.6876,318.1919,422.4722,75.3896,15.74,4.2075,2219.79,1.63,1.8786,0.7476,-462.8375,848.6714,0.34273
624.84,320.7088,421.511,71.8335,21.98,4.201,2252.48,1.841,2.1496,0.8693,-463.0114,845.0426,0.328
624.9924,320.9887,373.548,71.6693,33.38,4.2398,2310.26,3.3509,4.0905,1.2514,-463.3312,850.0322,0.30338
625.1448,322.387,342.6299,67.8013,43.65,4.3686,2332.8901,2.7021,3.2484,1.5659,-463.8977,851.393,0.29961
625.2972,322.1073,387.0045,70.5382,45.83,4.5503,2310.8799,1.6579,1.9381,1.1314,-464.2938,863.1863,0.33621
625.4496,319.8698,422.8246,72.8328,34.71,4.6983,2257.99,1.5029,1.7459,0.8191,-464.6023,832.342,0.37152
625.602,315.9547,418.7877,76.4383,29.25,4.7851,2235.5,1.4855,1.7145,0.7686,-464.9813,846.1766,0.41375
625.7544,310.0817,410.2972,73.7012,30.11,4.892,2231.1599,1.5382,1.7596,0.8246,-465.5454,859.5576,0.41575
625.9068,310.9206,405.7797,75.1765,34.97,5.0333,2223.1299,1.5833,1.7955,0.8536,-465.9937,882.4641,0.44275
626.0592,310.9206,408.8234,80.585,37.99,5.136,2179.78,1.5338,1.7105,0.5104,-466.2216,870.8974,0.46816
626.2116,317.6326,426.5412,86.436,44.53,5.1003,2142.1199,1.4638,1.6086,0.2847,-466.5187,863.6399,0.49167
626.364,335.5312,446.5659,93.1061,58.07,4.9043,2152.02,1.4391,1.5416,0.2224,-466.7898,890.4018,0.55263
626.5164,324.6242,446.3096,93.0401,68.81,4.6192,2193.7202,1.4416,1.5303,0.271,-466.9937,909.4528,0.50005
626.6688,358.7435,438.2036,90.254,69.08,4.3585,2215.4399,1.3911,1.467,0.4107,-467.1648,887.6803,0.51668
626.8212,333.8533,459.2535,90.1394,61.65,4.1769,2191.9602,1.2531,1.3083,0.5559,-467.3062,846.4034,0.56286
626.9736,354.2688,491.7095,84.9771,62.14,4.08,2181.21,1.1941,1.2302,0.5091,-467.3352,891.3091,0.66317
627.126,364.8961,495.9707,87.1078,65.13,4.0531,2183.3899,1.1719,1.1988,0.4808,-467.4261,869.9902,0.67148
627.2784,341.4042,486.5511,84.5182,63.12,4.0469,2191.22,1.1524,1.1689,0.4832,-467.4625,847.7642,0.59898
627.4308,376.0828,489.4347,86.6815,57.78,4.0284,2198.6001,1.1629,1.1842,0.442,-467.0562,868.6295,0.5877
627.5832,340.0059,484.853,88.6482,54.24,3.9947,2215.48,1.2012,1.2302,0.5446,-466.5511,875.8868,0.48444
627.7356,331.6158,460.1506,93.3355,53.16,3.9711,2233.6599,1.3185,1.354,0.5955,-466.1563,858.4236,0.47428
627.888,333.294,440.5425,91.2544,47.61,4.0064,2238.2,1.3592,1.4113,0.8329,-465.75,852.3001,0.44975
628.0404,319.3105,435.6084,94.0075,32.58,4.103,2219.5,1.3638,1.4279,0.8322,-465.3864,872.9386,0.41027
628.1928,319.5901,436.5055,90.4345,21.09,4.2171,2213.0598,1.3904,1.4668,0.825,-464.9,864.5471,0.37424
628.3452,320.4294,434.1025,90.8933,10.56,4.2899,2210.6699,1.428,1.5208,0.833,-464.6079,864.3203,0.36815
628.4976,319.3105,435.6084,85.8455,5.44,4.2709,2217.1299,1.4424,1.5583,0.8568,-464.3239,874.0726,0.4215
628.65,317.6326,441.8881,81.6666,-1.98,4.2072,2216.96,1.4353,1.5725,0.8829,-464.0375,879.2888,0.44597
628.8024,315.675,443.5542,86.3537,-5.39,4.1396,2218.54,1.4294,1.578,0.8904,-463.9489,882.6907,0.40912
628.9548,318.1919,440.6386,86.6816,-5.51,4.1012,2223.6399,1.4293,1.5923,0.8779,-463.5511,869.9902,0.38936
629.1072,318.4716,435.0958,90.6965,-4.45,4.0901,2220.5701,1.4799,1.6586,0.9046,-463.1079,869.7634,0.39328
629.2596,319.3105,430.0015,90.1561,-2.82,4.0957,2221.29,1.5095,1.7054,0.8975,-462.5688,856.8361,0.4163
629.412,319.8698,424.3305,87.8614,-1.08,4.1482,2222.25,1.5846,1.7973,0.9064,-461.8807,854.3413,0.41727
629.5644,320.7088,416.609,85.4687,0.49,4.2478,2228.95,1.6148,1.8372,0.873,-461.3466,861.5986,0.42346
629.7168,318.1919,410.8419,82.3383,1.65,4.3795,2231.3899,1.6214,1.8535,0.8664,-460.8937,854.568,0.39841
629.8692,317.9122,406.7729,83.8134,2.96,4.477,2231.3499,1.6227,1.8647,0.8535,-460.5227,875.8868,0.38269
630.0216,318.7512,404.1777,83.5842,6.39,4.515,2233.8701,1.5972,1.8358,0.8394,-460.2841,854.1145,0.37431
630.174,321.2681,402.7359,84.5507,13.44,4.5034,2241.1799,1.6071,1.852,0.7947,-460.1938,853.6608,0.37115
630.3264,321.8276,401.7427,84.7148,12.72,4.4879,2236.0598,1.5853,1.8207,0.7764,-460.1818,855.9288,0.37142
630.4788,320.1495,404.4981,84.7142,8.56,4.4651,2228.98,1.5955,1.8287,0.7763,-460.2614,872.9387,0.38077
630.6312,317.6326,409.1118,82.1908,-1.3,4.4228,2216.75,1.6504,1.877,0.8436,-460.3125,856.3823,0.38384
630.7836,313.9968,409.336,80.7158,-3.44,4.3332,2220.7898,1.6431,1.8585,0.8519,-460.5398,863.413,0.38691
630.936,313.1579,405.6515,78.2578,-3.25,4.242,2224.9399,1.6288,1.8377,0.8465,-460.9148,875.8868,0.38714
631.0884,313.1579,403.1845,77.8969,-1.47,4.1979,2225.73,1.6356,1.8443,0.8222,-461.2313,870.8974,0.3956
631.2408,313.4375,405.1709,75.9301,-0.43,4.2034,2222.5801,1.6092,1.8084,0.8254,-461.3921,860.0111,0.38747
631.3932,313.9968,411.6429,82.0431,-1.49,4.2136,2217.9102,1.6269,1.8241,0.8223,-461.7386,863.6399,0.43292
631.5456,314.8358,424.715,87.5666,-4.58,4.1966,2212.1799,1.6146,1.8047,0.8344,-462.1193,899.9272,0.41584
631.698,313.7172,437.6909,92.1556,-7.14,4.1764,2210.3901,1.5287,1.6976,0.8782,-462.4602,882.6907,0.42934
631.8504,313.7172,444.2911,90.7133,-8.67,4.1775,2211.1699,1.4831,1.6349,0.9204,-462.8875,854.568,0.4356
632.0028,314.2765,446.4377,88.091,-8.8,4.1916,2214.6201,1.4584,1.607,0.9342,-463.3125,862.2792,0.49037
632.1552,314.5562,444.5474,85.4685,-8.38,4.1981,2217.9402,1.4409,1.5766,0.935,-463.6704,886.7731,0.48456
632.3076,315.9547,444.259,85.2884,-7.96,4.1959,2217.55,1.4357,1.56,0.9214,-463.8375,889.0411,0.47029
632.46,315.9547,445.6688,85.2881,-6.53,4.1833,2220.45,1.4388,1.5619,0.9188,-463.8579,878.6084,0.44295
632.6124,315.9547,445.9251,90.2048,-3.66,4.1781,2228.5901,1.4619,1.5802,0.9087,-463.725,884.0515,0.44356
632.7648,315.1157,446.9503,87.5006,-0.8,4.194,2236.8201,1.4621,1.5729,0.9146,-463.6761,868.8561,0.44094
632.9172,314.2765,447.1746,88.3203,-1.88,4.2459,2228.9399,1.4859,1.5998,0.924,-463.5,867.2686,0.44785
633.0696,313.4375,442.5609,88.4518,-2.94,4.3055,2221.6499,1.5189,1.6354,0.9184,-463.5063,893.1234,0.41706
633.222,313.1579,439.8376,89.7792,-4.02,4.3522,2209.75,1.5273,1.6482,0.8794,-463.5909,859.5576,0.42731
633.3744,312.8782,441.6318,91.2541,-1.36,4.3626,2207.48,1.5236,1.6473,0.8702,-463.725,864.7739,0.43947
633.5268,313.7172,445.06,90.172,0.01,4.3554,2199.23,1.5222,1.648,0.8597,-463.6534,896.2986,0.42713
633.6792,313.1579,450.2825,89.5165,1.29,4.3489,2200.29,1.4675,1.5947,0.861,-463.6761,856.3823,0.40863
633.8316,313.1579,452.8136,92.0732,-0.09,4.3411,2202.0801,1.4902,1.6257,0.8559,-463.8438,847.3105,0.36082
633.984,312.0393,449.8659,91.5489,-1.87,4.3087,2209.3201,1.5054,1.643,0.88,-464.2216,873.6189,0.39266
634.1364,312.3189,446.7902,94.122,-4.64,4.2457,2213.3801,1.4707,1.6083,0.9212,-464.475,883.1444,0.39534
634.2888,313.7172,446.3096,91.5655,-4.74,4.1724,2226.4099,1.4475,1.5797,0.9212,-464.7625,870.4438,0.44602
634.4412,315.675,442.8813,92.8112,-4.3,4.1167,2235.3,1.4551,1.5886,0.934,-465.0511,851.393,0.44993
634.5936,317.0733,437.8832,91.7131,-1.07,4.0801,2246.51,1.4763,1.6112,0.9375,-465.1364,866.8151,0.45278
634.746,318.7512,435.2239,85.7965,2.81,4.0845,2252.8999,1.5,1.6369,0.9391,-465.2813,872.2582,0.47101
634.8984,320.4294,433.5899,81.6009,5.94,4.1228,2254.5,1.5071,1.644,0.9207,-465.3977,879.2888,0.47332
635.0508,321.2681,434.9996,81.0763,6.69,4.1648,2251.0901,1.5078,1.6443,0.92,-465.4813,850.0322,0.47811
635.2032,318.7512,433.6219,85.0261,4.49,4.1765,2241.21,1.4931,1.6287,0.9348,-465.5227,860.4647,0.43613
635.3556,317.6326,430.1937,90.4834,3.02,4.1505,2236.23,1.5077,1.6477,0.9445,-465.7563,925.782,0.43046
635.508,316.2343,431.8918,93.1388,4.05,4.115,2238.02,1.4943,1.6394,0.9245,-465.8864,891.7626,0.42065
635.6604,315.675,434.9996,90.4507,5.48,4.1053,2240.22,1.4876,1.6372,0.8861,-466.0187,879.7424,0.41125
635.8128,314.8358,438.0754,83.0267,4.65,4.1285,2238.3899,1.4544,1.6016,0.8865,-466.0625,901.7416,0.41795
635.9652,312.8782,440.991,78.749,2.48,4.1697,2240.48,1.4361,1.5834,0.9088,-466.1375,903.556,0.42722
636.1176,313.1579,439.8056,85.2392,1.22,4.1942,2250.4399,1.4431,1.5897,0.922,-466.1193,855.4752,0.40031
636.27,314.2765,436.121,91.1396,1.93,4.1942,2264.24,1.4631,1.6114,0.9505,-466.0812,875.6601,0.40235
636.4224,314.8358,434.0705,91.4999,1.69,4.2094,2266.6099,1.4731,1.6217,0.8978,-466.2841,875.8868,0.39852
636.5748,315.1157,435.0958,89.0089,0.72,4.2676,2264.0801,1.4562,1.6043,0.8923,-466.5063,878.3815,0.40256
636.7272,316.514,437.2104,86.5667,-0.91,4.3733,2263.51,1.4803,1.6278,0.906,-466.6932,886.3195,0.41783
636.8796,318.7512,434.1346,89.1728,-2.1,4.4932,2267.05,1.4615,1.6061,0.968,-467.0125,876.1136,0.41523
637.032,319.3105,434.9996,91.1233,-2.38,4.6114,2267.52,1.4249,1.5642,0.9648,-467.1818,873.6189,0.42729
637.1844,321.2681,444.1629,91.4344,-1.78,4.7229,2261.73,1.4082,1.5451,0.9307,-467.4034,863.8668,0.47239
637.3368,319.3105,444.9639,97.482,0.31,4.811,2257.4602,1.3959,1.5309,0.894,-467.4562,853.6608,0.46307
637.4892,319.0309,437.5308,95.3184,2.08,4.8753,2253.3601,1.3926,1.5286,0.8546,-467.6364,894.7109,0.47125
637.6416,320.9887,432.5005,94.9909,2.0,4.9469,2242.8401,1.4359,1.5774,0.8228,-468.1563,881.33,0.45478
637.794,319.0309,429.649,90.6641,2.89,5.0301,2235.3699,1.4409,1.5812,0.8149,-468.4659,853.6608,0.43961
637.9464,318.1919,428.6238,92.8438,10.14,5.1047,2245.25,1.4506,1.592,0.8152,-468.775,894.2574,0.43175
638.0988,317.9122,432.02,95.5644,15.06,5.1377,2257.8999,1.4425,1.5894,0.8252,-469.4091,902.4219,0.40575
638.2512,320.7088,432.9491,92.2047,14.37,5.104,2260.72,1.4154,1.555,0.8393,-469.8523,860.4647,0.39957
638.4036,324.3445,428.1111,91.6479,7.08,4.9896,2251.3999,1.4412,1.5808,0.8731,-470.3693,863.1863,0.4007
638.556,328.8192,429.8733,86.7966,3.91,4.8252,2251.21,1.4994,1.6414,0.9574,-470.8182,884.7319,0.43505
638.7084,330.2175,434.6152,90.0742,0.96,4.678,2242.26,1.4872,1.6263,0.9818,-470.5313,865.0007,0.46233
638.8608,329.6582,434.1346,89.7132,-1.43,4.5972,2231.6201,1.4688,1.6002,1.0108,-470.5,862.9595,0.4747
639.0132,334.4126,431.9879,90.0411,-3.79,4.6019,2214.75,1.5083,1.64,1.006,-470.8125,878.8353,0.46036
639.1656,331.6158,426.4131,89.7134,-1.04,4.6649,2210.1799,1.5078,1.6376,1.0176,-470.9886,860.4647,0.42039
639.318,329.6582,426.8936,88.4518,7.35,4.74,2217.98,1.4136,1.5304,0.9313,-470.9875,834.1564,0.4319
639.4704,332.455,445.9571,94.5157,10.57,4.7621,2225.6101,1.3361,1.4481,0.8623,-471.1932,883.3712,0.43119
639.6228,337.489,466.11,95.8269,10.84,4.7255,2236.3301,1.2809,1.38,0.8565,-471.4773,906.2775,0.4837
639.7752,341.4042,455.7932,95.1057,4.57,4.7059,2232.8999,1.3428,1.4435,0.8737,-471.4438,853.434,0.46323
639.9276,328.8192,435.3841,94.6139,8.32,4.6995,2251.4902,1.3768,1.4716,0.9251,-471.0454,852.7537,0.45014
640.08,322.6666,428.752,93.4668,7.6,4.7074,2255.28,1.3781,1.4687,0.9301,-470.4829,845.9498,0.44638
640.2324,323.5056,440.6386,92.0246,6.54,4.667,2256.75,1.3301,1.4158,0.9647,-470.2329,860.9184,0.42002
640.3848,326.582,456.5622,84.6494,1.52,4.5921,2244.1899,1.3543,1.4396,0.9165,-469.9659,858.1967,0.45773
640.5372,327.9803,455.569,84.4854,1.82,4.4713,2243.26,1.3513,1.4308,0.904,-469.5063,850.0322,0.46412
640.6896,327.9803,452.2369,85.0586,0.5,4.3217,2235.2,1.3624,1.4419,0.8953,-469.4148,897.2056,0.50244
640.842,329.9379,450.1223,82.9122,-0.57,4.162,2229.5,1.3279,1.4038,0.8963,-469.5,886.3195,0.50887
640.9944,331.6158,451.8844,76.8482,-1.78,4.0194,2226.6699,1.3081,1.3803,0.8985,-469.45,847.3105,0.49442
641.1468,333.0143,452.2048,77.0126,0.25,3.9384,2238.4399,1.3249,1.3904,0.8646,-469.3636,888.1339,0.50453
641.2992,332.1754,447.1746,90.1725,1.24,3.9716,2244.52,1.3694,1.4372,0.885,-469.3182,860.238,0.44793
641.4516,334.1329,447.1426,93.4504,0.79,4.0947,2238.27,1.3235,1.3853,0.8441,-469.2159,863.1863,0.40723
641.604,334.4126,446.8542,95.4168,-0.83,4.2196,2221.5,1.3204,1.3822,0.8739,-469.1437,889.7216,0.42743
641.7564,331.8957,445.5406,87.4844,-3.03,4.2727,2203.28,1.3358,1.3987,0.8987,-469.0796,849.5786,0.47844
641.9088,331.3364,455.7932,87.4845,-3.41,4.2386,2200.8701,1.3308,1.3901,0.9293,-468.9489,857.7432,0.51464
642.0612,331.0565,460.3108,85.3541,-3.07,4.1999,2205.3899,1.3713,1.4343,0.9015,-468.9148,885.1855,0.53153
642.2136,327.9803,450.5067,86.7962,-2.4,4.2356,2206.76,1.369,1.4342,0.9169,-468.9688,860.9184,0.53876
642.366,325.4634,445.8931,85.485,-2.5,4.3893,2198.8699,1.3586,1.4219,0.9577,-468.9943,856.8359,0.56222
642.5184,326.3021,444.0348,88.435,-0.77,4.5955,2202.22,1.354,1.4209,0.9558,-469.1563,863.1863,0.54166
642.6708,322.9463,443.7784,86.2721,3.09,4.7601,2213.04,1.3003,1.3653,0.928,-469.6648,863.6399,0.53409
642.8232,320.9887,447.463,90.6972,17.96,4.9224,2233.8301,1.309,1.3729,0.9148,-470.3466,865.9078,0.51371
642.9756,323.2259,449.9621,92.0081,28.41,5.2047,2238.04,1.3548,1.4262,0.9295,-470.3062,869.7634,0.47836
643.128,322.9463,450.3465,97.9572,36.81,5.602,2235.3201,1.3267,1.3937,0.9282,-470.6023,860.9184,0.46743
643.2804,320.9887,447.3348,98.7767,34.96,5.9556,2230.9502,1.3345,1.4038,0.8879,-470.5875,866.3615,0.43839
643.4328,318.7512,444.9639,98.0883,34.6,6.1254,2233.3901,1.3405,1.4085,0.8328,-470.4375,860.0111,0.46415
643.5852,318.7512,443.9707,95.0237,30.97,6.1096,2242.1101,1.2957,1.3591,0.8151,-470.2813,859.5576,0.4811
643.7376,316.2343,441.792,97.1704,28.29,5.9837,2259.23,1.2899,1.357,0.8518,-470.375,869.9902,0.50595
643.89,315.1157,449.6737,95.2367,24.3,5.787,2272.7102,1.3096,1.3765,0.8888,-470.5227,848.4445,0.47625
644.0424,318.7512,452.3971,94.4171,25.19,5.5507,2288.9399,1.2962,1.36,0.8997,-470.325,862.5059,0.47078
644.1948,319.3105,441.5998,89.0088,24.02,5.3361,2291.52,1.2973,1.3584,0.9286,-470.6932,887.6803,0.46296
644.3472,318.1919,440.0619,88.599,18.3,5.1598,2283.1399,1.3259,1.3833,0.9387,-471.1625,866.8151,0.49239
644.4996,319.3105,446.3737,88.7633,7.97,5.0235,2261.72,1.3345,1.3936,0.947,-471.2329,862.2791,0.4952
644.652,318.1919,448.8727,90.9264,-0.96,4.8761,2246.3701,1.3204,1.3724,0.9364,-471.3188,857.97,0.47596
644.8044,316.7936,444.3552,91.8276,-2.31,4.7035,2247.3901,1.365,1.414,0.9786,-471.5171,869.5366,0.49136
644.9568,317.9122,439.6133,95.9083,-2.15,4.5258,2249.78,1.3224,1.3734,0.9924,-471.575,868.1758,0.47063
645.1092,318.1919,439.2289,96.3511,-1.34,4.3763,2252.1501,1.3139,1.3621,1.01,-471.4375,861.8255,0.49679
645.2616,322.6666,443.2658,99.5961,-1.68,4.3071,2247.72,1.3526,1.4044,0.992,-471.3921,871.8046,0.47507
645.414,324.3445,445.7328,97.3182,-1.23,4.3042,2242.5999,1.3222,1.3685,0.9629,-471.625,879.9692,0.50392
645.5664,325.1835,448.9688,94.8924,0.48,4.3245,2237.6599,1.3087,1.3505,0.9748,-471.5852,858.1967,0.46601
645.7188,325.4634,452.4932,95.0892,4.23,4.324,2241.8799,1.3429,1.3835,0.9771,-471.4063,862.5059,0.44707
645.8712,327.7006,453.7747,93.7615,7.18,4.2897,2252.6199,1.2924,1.3291,0.9996,-471.7159,876.794,0.43891
646.0236,327.1411,454.8961,93.8928,7.7,4.2089,2258.9099,1.3074,1.3443,0.9605,-471.8937,858.8771,0.51316
646.176,327.421,455.1525,90.4511,7.17,4.0896,2259.04,1.3266,1.3639,0.9603,-471.9261,867.2686,0.54187
646.3284,326.582,455.6651,91.451,5.53,3.9872,2248.73,1.3271,1.364,1.0016,-471.7625,890.175,0.51858
646.4808,327.7006,447.0144,90.2382,3.75,3.9561,2234.6899,1.3534,1.3884,0.9907,-471.5625,879.062,0.45837
646.6332,327.7006,438.4279,94.0074,2.08,3.9566,2223.23,1.3468,1.3854,0.986,-471.4312,872.0314,0.50677
646.7856,325.4634,441.76,98.0557,3.92,3.9839,2224.24,1.3595,1.4038,0.9788,-471.3296,876.3405,0.51482
646.938,324.3445,447.2708,101.235,14.07,4.0488,2231.76,1.3477,1.398,0.9944,-470.8296,863.413,0.52385
647.0904,323.7852,449.8659,95.8433,31.69,4.1974,2242.5498,1.3393,1.3971,0.9763,-470.6437,871.351,0.49433
647.2428,323.5056,450.8912,92.2868,43.92,4.3973,2245.9199,1.3039,1.3678,0.9417,-470.2614,865.2274,0.49653
647.3952,323.2259,447.7834,94.1552,48.32,4.6029,2251.5601,1.3002,1.3683,0.8866,-469.6818,878.155,0.49753
647.5476,319.8698,439.9337,95.9417,43.79,4.7553,2264.8599,1.3045,1.379,0.861,-469.1023,884.0515,0.5342
647.7,319.3105,434.6152,93.1553,38.85,4.8229,2280.0801,1.3546,1.4393,0.7778,-468.6812,864.5471,0.49562
647.8524,322.387,430.8345,88.1076,32.24,4.8039,2296.75,1.4474,1.5419,0.7655,-468.1591,872.7118,0.47783
648.0048,322.9463,418.211,85.485,24.76,4.7079,2300.05,1.5132,1.6152,0.7791,-467.75,862.0524,0.40891
648.1572,323.5056,403.4088,84.0759,19.84,4.5764,2302.8301,1.576,1.6852,0.8781,-467.625,862.2791,0.40151
648.3096,324.3445,399.6281,88.4025,16.14,4.4358,2295.0999,1.5417,1.6525,0.9015,-467.675,874.9796,0.39236
648.462,324.3445,402.5437,92.6637,17.89,4.341,2294.6899,1.537,1.6542,0.9267,-467.7898,875.4333,0.41972
648.6144,325.1835,403.3767,95.5479,20.02,4.3097,2295.8,1.5771,1.7059,0.9434,-467.9091,864.0934,0.41502
648.7668,324.9038,406.0039,90.7952,19.51,4.3364,2297.3599,1.4857,1.6124,0.942,-467.875,865.4542,0.40703
648.9192,324.3445,411.0021,92.2701,13.16,4.3645,2289.3,1.4766,1.6049,0.9368,-467.8296,855.9288,0.4246
649.0716,323.7852,412.6682,88.304,9.0,4.3399,2286.04,1.4932,1.6209,0.9105,-467.7898,872.0314,0.44499
649.224,320.7088,412.7002,90.4346,11.31,4.2798,2294.5601,1.5005,1.6269,0.9292,-468.2329,861.5986,0.44675
649.3764,322.387,412.54,90.2709,15.74,4.2263,2304.6501,1.4986,1.6226,0.8873,-468.4562,872.7118,0.42422
649.5288,326.582,408.8554,94.5975,19.89,4.2087,2313.8999,1.5267,1.6498,0.9003,-468.3352,890.4018,0.43578
649.6812,327.1411,404.3379,95.5808,16.76,4.2354,2307.1499,1.561,1.6829,0.8956,-468.3182,878.8353,0.4568
649.8336,328.8192,404.3379,90.6639,12.06,4.2813,2298.99,1.5399,1.6549,0.9173,-468.5966,849.5786,0.45352
649.986,328.2599,407.5098,89.5821,11.22,4.3349,2299.75,1.5416,1.6518,0.9209,-468.4813,862.2791,0.41762
650.1384,327.7006,413.8536,86.6323,9.27,4.3914,2298.4199,1.5182,1.6199,0.9115,-468.2614,857.2896,0.40444
650.2908,329.9379,417.0896,83.8462,7.59,4.4303,2298.0298,1.518,1.6167,0.9195,-468.2614,870.2171,0.4122
650.4432,332.1754,417.0896,82.9451,3.61,4.415,2296.74,1.5163,1.6057,0.9661,-467.9886,879.7424,0.4144
650.5956,333.5736,420.3896,88.1896,2.63,4.3368,2296.02,1.5366,1.6285,1.026,-467.5568,870.4438,0.38473
650.748,335.8109,422.4081,88.6814,3.47,4.2628,2294.8401,1.5011,1.5867,1.013,-467.2687,873.6189,0.42025
650.9004,334.1329,420.3576,92.7617,1.41,4.2596,2276.0601,1.4333,1.5059,0.9678,-467.2329,864.7739,0.40466
651.0528,329.9379,418.6916,89.4019,2.76,4.3006,2272.3201,1.4479,1.5192,0.926,-467.1761,872.2582,0.43486
651.2052,326.3021,421.8955,94.4825,3.86,4.3103,2277.2998,1.4918,1.5628,0.9464,-466.9375,867.2686,0.39394
651.3576,324.9038,421.8955,92.5162,4.85,4.2366,2290.77,1.5495,1.6232,0.9453,-466.7329,879.062,0.40656
651.51,327.1411,415.3274,96.1216,1.43,4.1236,2286.48,1.546,1.619,0.9446,-466.9091,875.8868,0.40835
651.6624,327.7006,410.3933,95.7937,-0.65,4.1043,2273.3701,1.5205,1.5893,0.9398,-467.125,880.4228,0.40602
651.8148,327.421,410.8419,94.3188,3.93,4.2186,2268.48,1.503,1.568,0.9261,-467.0909,867.949,0.41578
651.9672,328.8192,418.6275,91.7949,17.11,4.3762,2285.29,1.4737,1.5389,0.896,-467.1193,874.0726,0.4064
652.1196,329.0989,427.7587,90.9756,25.07,4.4082,2305.5898,1.454,1.52,0.8894,-467.125,898.1129,0.40943
652.272,327.7006,433.5258,91.9585,20.15,4.2878,2302.2002,1.4513,1.5211,0.9373,-467.2046,857.7432,0.4175
652.4244,329.6582,437.8191,96.8264,8.58,4.1412,2283.49,1.4326,1.5065,0.9863,-467.1625,851.393,0.4427
652.5768,332.7346,436.89,95.1872,1.4,4.0647,2267.3398,1.4466,1.5138,0.9511,-467.2329,904.4632,0.4633
652.7292,333.294,429.2966,97.1542,1.22,4.0673,2265.5999,1.4701,1.5365,1.0146,-467.3693,906.2775,0.44918
652.8816,332.1754,424.3625,89.5821,1.39,4.0745,2266.45,1.5459,1.6131,1.0666,-467.4375,891.7626,0.44625
653.034,338.328,425.9966,91.7457,0.35,4.0672,2258.9399,1.5347,1.5966,1.099,-467.5227,873.3921,0.4321
653.1864,329.9379,426.7655,92.5651,0.82,4.0755,2256.24,1.5266,1.5931,1.056,-467.575,877.7012,0.43847
653.3388,327.421,429.8093,98.3669,-0.06,4.142,2250.3801,1.4973,1.5664,1.0011,-467.5171,880.4228,0.43377
653.4912,327.1411,436.7939,100.3499,-0.46,4.1888,2252.79,1.4939,1.5653,1.0204,-467.2938,885.1855,0.48243
653.6436,327.9803,432.6928,93.7944,-0.63,4.1398,2259.5999,1.4662,1.5394,1.045,-466.8409,882.4641,0.47704
653.796,328.2599,425.7723,90.6969,1.73,3.9999,2273.97,1.4526,1.524,1.0866,-466.675,899.4736,0.45873
653.9484,328.5396,428.5277,90.3199,3.08,3.9069,2277.8499,1.4518,1.5239,1.0703,-466.7557,903.556,0.43472
654.1008,328.2599,433.2375,92.1064,1.65,3.9543,2266.4299,1.4167,1.4867,1.0132,-466.6477,889.4947,0.44474
654.2532,328.2599,432.5646,94.3844,0.58,4.1459,2260.5,1.3913,1.4586,0.9621,-466.3125,886.7731,0.43766
654.4056,325.7428,429.1044,94.7614,0.54,4.3962,2264.6201,1.3681,1.438,0.9401,-466.3409,868.6295,0.44958
654.558,322.9463,430.6743,99.8581,1.51,4.5968,2272.3301,1.3813,1.4539,0.9291,-466.5688,882.2372,0.46483
654.7104,326.582,431.3792,95.5971,3.4,4.6894,2273.3601,1.4156,1.4922,0.9291,-466.5796,881.1031,0.49426
654.8628,326.0227,422.3441,90.3035,14.37,4.695,2283.2,1.4168,1.4905,0.9254,-466.55,870.8974,0.48231
655.0152,324.9038,414.8468,89.7138,21.0,4.7178,2292.46,1.3999,1.4703,0.9201,-466.8068,871.8046,0.45863
655.1676,321.548,418.243,93.647,20.33,4.743,2295.3899,1.402,1.4747,0.9093,-467.0875,880.8763,0.46061
655.32,320.9887,421.479,103.4476,10.63,4.7163,2289.6399,1.4019,1.4813,0.8935,-467.2841,884.0515,0.49702
655.4724,319.8698,420.8702,100.9237,6.89,4.5964,2288.5898,1.4233,1.5112,0.9236,-467.1875,894.0306,0.45267
655.6248,320.9887,424.4586,98.7931,7.22,4.5712,2283.0601,1.4334,1.5314,0.9514,-467.3182,880.6497,0.42852
655.7772,325.7428,429.4889,99.1533,4.97,4.6943,2257.8101,1.4131,1.519,0.9492,-467.675,887.6803,0.42149
655.9296,328.2599,429.1364,97.3503,5.99,4.9393,2243.7898,1.3768,1.4778,0.9952,-467.7614,884.0515,0.43959
656.082,333.294,430.5141,93.9253,18.93,5.0677,2252.1902,1.3512,1.4545,0.9784,-467.875,898.5666,0.48056
656.2344,333.0143,435.8647,90.1563,36.39,5.0991,2273.8699,1.3459,1.4428,0.9674,-468.0682,901.288,0.52569
656.3868,333.8533,442.6891,93.5982,52.36,5.097,2281.1301,1.3644,1.4726,0.7327,-468.4312,885.8659,0.52212
656.5392,334.4126,449.3853,95.5814,60.8,5.1259,2279.24,1.3402,1.4478,0.7215,-468.3352,886.3195,0.47503
656.6916,337.7687,441.2153,91.7788,64.86,5.1236,2277.5601,1.4222,1.5313,0.737,-468.4875,895.845,0.45159
656.844,337.4888,428.1752,91.4509,61.92,5.0381,2271.6101,1.4363,1.5486,0.8262,-468.5682,863.6399,0.42842
656.9964,334.1329,439.1327,91.6311,57.54,4.8824,2271.0701,1.3549,1.4484,0.6995,-468.4886,877.0209,0.44138
657.1488,333.294,445.1241,95.9251,57.68,4.6734,2283.1799,1.3662,1.4644,0.6781,-468.5,909.9064,0.47678
657.3012,360.7013,430.7064,95.6956,58.79,4.4581,2297.03,1.4447,1.56,0.7938,-468.4034,888.1339,0.52202
657.4536,331.6158,429.4248,98.3998,56.12,4.344,2292.1802,1.4363,1.5478,0.9941,-468.4318,869.9902,0.53848
657.606,334.1329,444.1629,95.1219,51.63,4.3346,2280.49,1.3557,1.4619,0.7064,-468.5284,889.9482,0.46343
657.7584,339.4466,442.2406,97.8264,51.86,4.4074,2278.3501,1.3911,1.5173,0.7245,-468.6125,924.4213,0.4297
657.9108,332.1754,429.7772,97.8593,45.89,4.4842,2265.97,1.447,1.5772,0.7336,-468.7046,884.0515,0.4267
658.0632,333.294,440.6065,96.6627,42.19,4.5614,2262.25,1.3407,1.449,0.7806,-468.95,868.1758,0.45089
658.2156,355.108,449.2572,91.4014,37.95,4.5761,2273.49,1.4366,1.5473,0.7793,-468.9773,884.5051,0.47646
658.368,369.0912,441.0871,90.7457,30.39,4.5125,2284.1899,1.4264,1.5371,0.8122,-468.9716,908.7723,0.45109
658.5204,359.5827,433.654,91.1229,17.67,4.403,2280.3599,1.4006,1.5071,1.0554,-469.1364,864.0934,0.43357
658.6728,335.2516,429.1364,92.4182,3.74,4.2527,2260.2798,1.4925,1.5968,1.0352,-469.3296,870.2171,0.45396
658.8252,336.6498,435.9288,92.254,-0.44,4.0783,2251.6101,1.4478,1.5485,1.0368,-469.2563,875.8868,0.44515
658.9776,333.294,439.5813,88.6324,-0.32,3.9246,2253.3301,1.4157,1.524,0.9423,-469.1079,852.3001,0.45108
659.13,349.5147,428.0471,89.4678,0.11,3.903,2252.1401,1.4627,1.5722,0.9831,-469.4546,871.8046,0.44162
659.2824,337.7687,426.2849,87.5011,0.26,3.9983,2250.21,1.4379,1.5417,0.9858,-469.6648,881.5568,0.44066
659.4348,355.947,432.2443,89.9757,2.11,4.1693,2247.6201,1.4104,1.5095,1.0261,-469.7813,857.0627,0.42769
659.5872,341.4042,420.6139,88.6648,17.48,4.3185,2268.6802,1.4448,1.5458,0.9966,-469.9318,885.4124,0.42663
659.7396,332.1754,416.1925,91.7791,27.34,4.4831,2285.1001,1.4683,1.5688,0.9773,-470.2102,916.7102,0.44521
659.892,335.5312,439.7094,90.7956,27.29,4.6023,2288.1702,1.386,1.48,0.9209,-470.1818,882.6907,0.41583
660.0444,337.2091,457.3311,91.6313,12.23,4.5887,2272.3801,1.3693,1.4628,0.8329,-469.9625,881.7836,0.42144
660.1968,344.201,440.0298,88.8449,6.4,4.3616,2281.1799,1.4277,1.518,0.8885,-469.7102,893.8038,0.4668
660.3492,359.0234,418.8197,89.8283,3.43,4.0352,2283.1199,1.4325,1.522,0.993,-469.8011,881.33,0.51743
660.5016,360.981,420.9984,89.6478,1.17,3.8732,2272.1401,1.4972,1.5745,1.1034,-469.6307,868.6295,0.48295
660.654,341.6838,428.015,92.2537,-1.72,3.9299,2250.5601,1.4425,1.5064,1.0506,-469.4688,876.794,0.4294
660.8064,340.8449,431.3792,94.3842,4.23,4.0252,2253.8098,1.4459,1.5108,1.0432,-469.4261,897.4326,0.45135
660.9588,342.8027,428.752,94.0567,22.75,4.0265,2272.3601,1.4106,1.4777,1.0386,-469.2784,889.4947,0.46594
661.1112,330.4972,430.6102,90.0906,31.43,4.0377,2272.8101,1.3544,1.4234,0.9413,-469.1313,872.2582,0.4814
661.2636,326.582,442.2406,88.7795,44.7,4.0838,2275.5999,1.3388,1.4021,0.9373,-468.8579,879.9692,0.49985
661.416,329.3786,445.5086,88.9433,50.83,4.1144,2281.76,1.3948,1.4697,0.9377,-468.6818,906.2775,0.52066
661.5684,333.8533,441.6638,87.3207,60.28,4.034,2296.8298,1.3646,1.437,1.0503,-468.7062,879.062,0.53429
661.7208,333.5736,438.3638,83.2235,58.57,3.9934,2300.9099,1.3774,1.4487,1.0661,-468.8921,870.8974,0.47928
661.8732,336.0905,422.6645,82.7318,47.31,4.0367,2288.1401,1.444,1.5228,1.0766,-468.875,863.6399,0.46159
662.0256,344.4807,427.8869,86.6979,32.65,4.1004,2270.2898,1.325,1.3988,1.0108,-468.8807,880.196,0.48726
662.178,348.3958,452.7495,90.7951,18.39,4.0998,2251.8899,1.3483,1.4223,0.9478,-469.2687,861.1451,0.50669
662.3304,352.3112,455.3127,90.0084,6.59,4.0528,2235.8601,1.3771,1.4511,0.9584,-469.3239,868.1758,0.55275
662.4828,339.4466,437.5628,90.3365,4.13,4.0632,2236.2002,1.4059,1.4858,1.0759,-469.1,877.7012,0.51253
662.6352,338.328,424.4586,87.042,3.42,4.2076,2235.26,1.4187,1.5229,1.1413,-468.875,863.1863,0.48903
662.7876,338.0481,428.4315,87.3372,5.12,4.4855,2232.3501,1.3706,1.4808,1.1758,-468.7437,875.8868,0.48105
662.94,340.2856,433.0452,84.4854,5.9,4.7486,2221.8298,1.3493,1.4727,1.1359,-468.3125,887.2267,0.4656
663.0924,338.8873,435.5443,89.9103,6.22,4.9291,2208.4099,1.3172,1.4386,0.987,-467.8523,881.33,0.48273
663.2448,339.4466,441.5037,93.7616,7.78,4.9767,2199.8601,1.2764,1.3954,0.9805,-467.3438,865.9078,0.49913
663.3972,349.5147,452.4612,92.6799,24.03,4.9355,2217.22,1.2666,1.3875,0.9401,-466.9773,889.9482,0.49359
663.5496,342.5228,456.5622,91.9422,39.16,4.8501,2250.1399,1.3365,1.4704,1.0447,-466.25,900.3809,0.51402
663.702,339.7263,429.5529,86.8949,45.52,4.8075,2286.7898,1.6042,1.7796,1.0502,-465.7046,881.7836,0.46593
663.8544,338.328,400.8456,90.5002,27.37,4.8547,2286.6899,1.5106,1.6698,0.9748,-465.0625,908.3187,0.40881
664.0068,332.455,401.7107,91.0741,7.92,4.9803,2264.2,1.3755,1.5248,0.879,-464.5057,888.5875,0.39261
664.1592,323.5056,421.2867,87.8286,-2.76,5.1463,2241.71,1.2982,1.437,0.7814,-464.0,870.4438,0.40574
664.3116,324.3445,440.959,87.3372,-4.12,5.3482,2225.76,1.2858,1.4375,0.7313,-463.3296,884.5051,0.45371
664.464,325.4634,446.8863,86.5834,-2.72,5.5764,2215.6899,1.2271,1.3712,0.6787,-463.4659,901.5148,0.45665
664.6164,322.6666,450.3465,92.4997,-1.71,5.8376,2201.3298,1.207,1.3512,0.6365,-464.525,887.6803,0.45418
664.7688,320.4294,453.967,91.7293,1.24,6.1196,2196.3999,1.2003,1.3418,0.6179,-465.6989,849.1249,0.42768
664.9212,319.5901,451.2116,90.3526,6.34,6.424,2203.77,1.202,1.3393,0.6184,-466.8625,904.4632,0.4053
665.0736,320.7088,438.556,91.2868,12.77,6.7223,2205.75,1.1551,1.278,0.6231,-467.4602,899.9272,0.39757
665.226,319.8698,425.7082,89.9266,28.16,6.8944,2219.75,1.1993,1.3265,0.646,-467.9,861.5986,0.40615
665.3784,322.387,444.6115,90.2214,49.35,6.8085,2247.2898,1.1715,1.3039,0.7228,-468.8352,872.2582,0.45153
665.5308,338.6076,471.1401,92.729,51.14,6.5385,2252.9199,1.1233,1.2578,0.8249,-469.4,889.0411,0.45639
665.6832,343.362,468.9935,94.4497,35.39,6.2374,2227.5,1.1136,1.2487,0.9321,-469.3977,871.351,0.51186
665.8356,348.9554,456.6903,98.5801,23.4,5.9194,2188.6599,1.1041,1.2413,0.785,-469.1932,871.1243,0.47676
665.988,353.7095,455.8253,95.5314,38.8,5.654,2181.98,1.0349,1.1584,0.6724,-468.8625,882.6907,0.46907
666.1404,352.8705,466.4304,94.4663,58.72,5.5982,2178.9702,1.0286,1.1422,0.5857,-468.5796,878.155,0.48746
666.2928,376.3627,482.8025,87.8121,71.73,5.7781,2177.9399,0.9911,1.0889,0.3673,-468.5313,862.7327,0.60614
666.4452,350.074,481.9695,85.6164,77.14,5.9882,2198.5801,1.0719,1.155,0.3932,-468.5511,869.5366,0.71303
666.5976,381.9561,456.5302,83.7971,74.13,6.0068,2208.26,1.1635,1.2467,0.3995,-468.7563,891.3091,0.76067
666.75,357.9045,456.6583,80.9455,67.33,5.9319,2205.0801,1.0679,1.1275,0.5676,-468.8409,880.6497,0.59695
666.9024,382.795,476.0742,78.6347,59.03,5.7841,2185.8101,1.1269,1.1893,0.3858,-468.825,866.5126,0.57165
667.0548,385.8712,475.9461,78.6513,66.39,5.5767,2214.05,1.1125,1.1753,0.4182,-468.6875,892.2162,0.55879
667.2072,360.1418,461.9769,85.2888,69.84,5.2979,2252.8801,1.138,1.2006,0.447,-468.7046,916.2567,0.53527
667.3596,369.0912,455.0243,87.6322,65.92,5.0038,2275.8101,1.1643,1.2383,0.6864,-468.8636,897.2056,0.53262
667.512,374.9642,451.7242,90.0903,54.21,4.7863,2271.55,1.1473,1.2473,0.8551,-468.7954,873.6189,0.50534
667.6644,362.9386,453.166,85.4197,37.84,4.743,2246.45,1.1153,1.218,0.8223,-468.7159,875.4332,0.57413
667.8168,360.4217,464.1876,86.6812,22.18,4.8664,2212.1201,1.1156,1.2115,0.8013,-468.9937,906.5043,0.60684
667.9692,363.4979,468.8654,85.3702,17.87,5.035,2189.04,1.1158,1.2326,0.8353,-469.2614,894.7109,0.56062
668.1216,366.854,468.8974,88.484,36.96,5.1773,2197.73,1.0507,1.1552,0.8184,-468.8921,878.155,0.58575
668.274,375.2439,466.6546,85.2394,58.39,5.3148,2211.4402,1.0734,1.1805,0.853,-468.7557,901.2881,0.63175
668.4264,354.8281,462.8419,90.9753,72.14,5.4736,2223.01,1.0888,1.2028,0.5998,-469.575,898.1129,0.68763
668.5788,352.3112,468.7692,89.0085,70.51,5.6068,2216.6699,1.0498,1.1524,0.524,-470.0398,878.8353,0.68272
668.7312,352.0316,473.2868,93.0896,68.31,5.6577,2213.5601,1.0648,1.1695,0.4266,-469.5114,874.0726,0.62941
668.8836,350.9129,474.6965,91.5983,66.64,5.6559,2209.3799,1.0411,1.1401,0.4805,-469.5909,892.6699,0.68027
669.036,352.8705,474.28,93.8925,63.81,5.6068,2216.8801,1.0845,1.1809,0.523,-470.0,909.4528,0.68259
669.1884,340.5652,466.5905,89.4673,56.34,5.4984,2213.3301,1.0749,1.1651,0.6076,-470.0739,889.0411,0.59993
669.3408,354.2688,469.9547,84.4196,53.67,5.2889,2217.2598,1.0451,1.1301,0.5904,-470.2188,881.7836,0.52355
669.4932,359.5827,476.9073,82.1254,53.54,5.0182,2213.46,1.0937,1.1928,0.4502,-470.4432,893.8038,0.49508
669.6456,340.0059,467.5517,82.4531,64.54,4.8157,2233.4001,1.1065,1.1986,0.5399,-470.6364,902.6488,0.53007
669.798,364.0572,460.471,87.3535,69.77,4.7713,2251.4399,1.144,1.2368,0.6779,-470.6938,909.6794,0.54258
669.9504,381.3965,468.0323,88.5008,65.16,4.8452,2254.1499,1.1073,1.1914,0.8127,-470.7727,918.9781,0.52824
670.1028,370.4895,471.6528,90.8608,46.18,4.8996,2239.25,1.1361,1.2183,0.818,-471.2329,884.7319,0.5278
670.2552,356.2266,463.9953,88.2385,27.08,4.9055,2212.1899,1.1585,1.2282,0.8293,-471.3188,861.3719,0.51006
670.4076,360.981,462.906,91.5163,22.09,4.9364,2195.25,1.1355,1.2007,0.7719,-471.1193,907.6384,0.47366
670.56,373.0066,462.3613,95.8759,45.56,5.0533,2216.0798,1.1367,1.2103,0.742,-470.9489,904.2364,0.46983
670.7124,360.1418,456.2097,95.2203,65.3,5.2518,2232.6401,1.1665,1.245,0.7383,-470.75,855.2484,0.46299
670.8648,343.362,462.1691,92.5161,78.39,5.4911,2245.3899,1.1269,1.202,0.7433,-470.6375,904.4632,0.48688
671.0172,357.3452,465.4691,84.9771,76.7,5.7163,2242.8801,1.1847,1.2768,0.7645,-470.8296,921.0192,0.53378
671.1696,350.3536,457.3632,86.7799,71.15,5.8799,2219.3501,1.1761,1.2724,0.8012,-471.1187,880.4228,0.55835
671.322,333.0143,456.9787,88.501,71.76,5.8606,2212.6001,1.159,1.266,0.4713,-471.4773,886.9999,0.53266
671.4744,351.7519,474.7926,92.5818,79.63,5.6378,2231.1699,1.0911,1.1919,0.4858,-472.1477,901.288,0.45761
671.6268,338.8873,477.7723,90.1235,85.83,5.3499,2272.8501,1.2238,1.3522,0.5082,-473.0187,895.3914,0.4736
671.7792,354.5487,461.4001,88.4024,79.79,5.2123,2289.8,1.2389,1.3573,0.8822,-473.2046,882.6907,0.45365
671.9316,348.3958,450.1863,89.0744,69.11,5.3073,2288.0901,1.3995,1.5499,1.0099,-473.2875,881.7836,0.45171
672.084,348.3958,423.081,90.451,64.71,5.4651,2294.27,1.6949,1.8819,1.1475,-473.5852,904.6901,0.45381
672.2364,339.4466,407.3176,95.2857,66.76,5.5347,2312.29,1.6215,1.7982,1.2615,-473.875,890.4018,0.40927
672.3888,340.8449,420.5178,98.8916,64.95,5.5047,2305.6399,1.5344,1.6972,1.0144,-474.4148,871.351,0.43619
672.5412,360.1418,437.5308,99.6126,66.17,5.5329,2279.9102,1.4041,1.5608,0.9724,-474.6875,891.9894,0.43249
672.6936,337.7687,454.3515,93.3848,68.05,5.7507,2250.3401,1.3173,1.4576,0.8007,-474.875,888.5875,0.53704
672.846,354.2688,466.0459,89.107,70.98,6.1615,2227.0701,1.2571,1.3866,0.7498,-474.8977,885.8659,0.54868
672.9984,363.2182,469.2819,92.1717,74.83,6.5232,2231.72,1.2684,1.4032,0.6636,-474.7188,899.4736,0.58043
673.1508,341.1245,467.1032,96.9246,75.29,6.6905,2236.9299,1.2641,1.3827,0.5957,-474.6818,874.2993,0.53411
673.3032,342.2434,460.2788,100.5301,80.14,6.646,2260.49,1.3149,1.4319,0.6259,-474.425,891.7626,0.51608
673.4556,338.8873,456.3059,94.876,80.8,6.5167,2261.1201,1.2796,1.3928,0.663,-473.9943,877.4744,0.48802
673.608,334.6922,459.1253,97.9898,81.06,6.5118,2256.4199,1.2657,1.3725,0.8205,-473.6313,888.5875,0.49863
673.7604,334.1329,458.6447,94.2042,73.74,6.773,2226.3401,1.2773,1.3792,0.6794,-473.2784,899.4736,0.49373
673.9128,331.0565,462.7778,106.4963,71.52,7.2594,2208.4099,1.2881,1.3826,0.5343,-472.8693,877.7012,0.49459
674.0652,342.5228,462.073,103.2678,74.45,7.7797,2200.8401,1.2846,1.3725,0.4964,-472.2875,868.6295,0.50575
674.2176,377.761,463.9953,102.7268,78.53,8.1168,2203.3401,1.2681,1.3401,0.4402,-471.6761,883.598,0.48141
674.37,381.9558,474.9208,95.3516,79.77,8.2176,2208.51,1.2387,1.2975,0.4866,-471.0688,882.2372,0.49048
674.5224,385.3119,472.678,94.4829,71.46,8.0266,2208.1499,1.2932,1.3456,0.395,-471.0,899.7004,0.45945
674.6748,344.201,469.5061,97.7278,61.9,7.6209,2211.6899,1.2821,1.3289,0.3752,-471.2125,913.9887,0.47257
674.8272,366.015,465.6614,100.3502,55.78,7.1515,2223.72,1.2686,1.3254,0.3826,-471.2102,868.1758,0.45411
674.9796,362.3793,452.5573,105.5456,50.38,6.8515,2222.6501,1.2475,1.3191,0.4597,-471.2313,870.8974,0.49541
675.132,337.2091,454.6719,106.9878,43.15,6.6953,2215.4399,1.222,1.3032,0.467,-471.4091,895.3914,0.50914
675.2844,341.6838,472.0052,102.0709,28.15,6.523,2193.0498,1.212,1.2809,0.3652,-471.625,899.4736,0.56691
675.4368,358.7435,479.3423,91.6148,22.81,6.0938,2201.27,1.254,1.3318,0.377,-471.4602,889.0411,0.54284
675.5892,374.1252,478.8296,87.5013,31.44,5.4514,2227.52,1.1585,1.2402,0.4812,-471.4489,860.9184,0.48774
675.7416,338.328,473.3829,92.1558,53.59,4.827,2286.53,1.1989,1.2787,0.6827,-471.5562,935.3075,0.48949
675.894,337.489,463.0982,100.6941,58.66,4.4288,2309.1799,1.3082,1.4008,0.8598,-471.5796,932.5859,0.47923
676.0464,342.2432,455.0243,101.022,51.63,4.3076,2316.3501,1.311,1.4159,0.9815,-471.2557,857.2896,0.5147
676.1988,346.1586,453.6786,95.712,37.31,4.372,2299.45,1.2907,1.3994,1.0161,-471.4375,848.6714,0.50412
676.3512,338.328,454.7039,96.1873,32.68,4.5053,2294.8501,1.2616,1.3731,0.9917,-471.9659,946.8741,0.54321
676.5036,346.4382,455.1204,97.3343,26.22,4.6178,2283.74,1.2562,1.3685,0.9493,-472.2062,927.1428,0.55004
676.656,356.2266,458.9972,99.4649,16.07,4.6758,2262.79,1.2885,1.4125,0.9126,-472.4091,833.0224,0.51064
676.8084,341.6838,462.6497,94.7779,7.74,4.7066,2245.1401,1.2657,1.3872,0.8496,-472.8182,861.372,0.45792
676.9608,348.6757,464.6041,92.3195,3.52,4.6663,2238.22,1.3065,1.4433,0.8205,-473.2,976.5844,0.44524
677.1132,343.9211,457.8117,91.3524,12.29,4.4797,2258.0701,1.383,1.5261,0.8573,-473.1761,920.1122,0.50391
677.2656,343.0821,442.8813,93.2699,15.14,4.2078,2274.29,1.3925,1.5481,0.9969,-473.0398,868.6295,0.58884
677.418,341.9635,435.3841,94.761,16.68,3.9868,2284.3398,1.4102,1.5681,1.131,-472.9829,920.5657,0.60592
677.5704,337.2091,430.9306,95.2366,8.3,3.996,2269.0498,1.4252,1.5705,1.1528,-472.85,921.2461,0.66806
677.7228,335.8109,425.9005,90.1561,17.12,4.1461,2272.9001,1.424,1.568,1.082,-472.8011,870.2171,0.65268
677.8752,333.294,432.4365,87.4521,20.64,4.3678,2267.54,1.4117,1.5535,1.0364,-472.7329,891.3091,0.58541
678.0276,338.6076,444.5154,85.8129,21.94,4.5598,2260.4202,1.3722,1.5015,0.9941,-472.725,907.1848,0.52067
678.18,341.6838,455.3127,85.8128,14.77,4.7001,2245.3,1.3495,1.4703,0.9958,-472.625,872.7118,0.48512
678.3324,331.6158,468.4809,89.9591,18.93,4.7659,2250.02,1.2691,1.3745,0.9421,-472.3636,881.33,0.50699
678.4848,340.2856,474.9849,88.812,17.08,4.785,2245.6802,1.2363,1.3243,0.9192,-472.2938,886.7731,0.52733
678.6372,360.4217,473.1266,93.8928,15.99,4.7901,2241.45,1.2046,1.28,0.9338,-472.3352,886.7731,0.47755
678.7896,332.1754,471.7169,92.4507,15.4,4.8147,2236.5601,1.1865,1.2495,0.8906,-472.5682,884.5051,0.48001
678.942,354.5487,469.5702,99.0066,21.73,4.7837,2254.3599,1.2167,1.2691,0.8494,-472.5852,879.2888,0.4649
679.0944,354.5487,463.707,95.4664,19.18,4.6625,2260.05,1.2142,1.2597,0.8629,-472.5625,863.413,0.487
679.2468,339.7263,459.9904,98.072,9.27,4.4838,2253.3401,1.2408,1.2786,0.8928,-472.5625,880.8763,0.46211
679.3992,334.1329,463.9633,96.105,1.07,4.3938,2238.23,1.2001,1.2289,0.8717,-472.5852,891.7626,0.45127
679.5516,335.8109,467.8721,100.9726,0.26,4.4109,2232.3101,1.1736,1.2012,0.9007,-472.5375,866.3615,0.43014
679.704,344.4807,472.614,99.3337,0.18,4.4814,2223.79,1.1747,1.2014,0.9076,-472.4091,869.5366,0.43205
679.8564,330.7768,476.1703,98.8421,1.55,4.5272,2219.77,1.1964,1.2213,0.946,-472.6307,918.9781,0.43333
680.0088,332.1754,473.8315,98.6617,3.0,4.5171,2215.72,1.1929,1.214,0.9409,-472.7,889.2678,0.49593
680.1612,334.1329,469.8265,98.3342,4.17,4.4907,2214.2998,1.1739,1.193,0.9788,-472.6023,876.3406,0.49653
680.3136,336.0905,467.3275,98.5309,3.03,4.4475,2204.45,1.1621,1.1855,0.9369,-472.3409,908.092,0.48505
680.466,332.7346,473.9276,98.2032,11.14,4.443,2207.6799,1.1547,1.1778,0.9049,-472.425,916.2567,0.44948
680.6184,330.7768,480.3675,98.8588,26.73,4.467,2229.0298,1.1871,1.2139,0.8926,-472.5511,871.8046,0.47662
680.7708,330.2175,470.4673,97.7768,41.79,4.5609,2269.0598,1.2227,1.2614,0.8889,-472.2898,878.1548,0.46872
680.9232,326.582,447.3989,91.3852,44.78,4.7028,2305.1199,1.2232,1.2692,0.8811,-472.1313,929.184,0.50759
681.0756,319.8698,447.495,95.1543,36.42,4.8667,2316.4102,1.2273,1.2735,0.8518,-471.9318,922.1533,0.4588
681.228,321.548,462.1371,94.6138,23.9,4.9801,2291.77,1.2359,1.2969,0.8409,-471.5284,900.8345,0.4747
681.3804,321.2681,461.5603,97.4,15.52,5.0244,2264.01,1.3145,1.391,0.8123,-471.275,889.4947,0.4556
681.5328,319.8698,445.8931,90.8446,7.84,5.0133,2241.3699,1.3767,1.4592,0.7882,-471.3125,904.0096,0.43327
681.6852,315.675,434.3589,89.2221,2.89,4.9538,2239.1401,1.4232,1.519,0.7814,-471.6313,920.7925,0.41411
681.8376,314.8358,435.2239,87.7467,-3.67,4.8986,2236.2102,1.4136,1.509,0.8085,-471.7386,895.1645,0.4206
681.99,313.7172,437.5628,86.3536,-6.42,4.8881,2239.53,1.4438,1.5427,0.8185,-471.8687,911.7207,0.4183
682.1424,312.8782,440.8949,86.7797,-5.66,4.9602,2248.76,1.495,1.5945,0.8504,-471.9886,940.9774,0.42558
682.2948,313.7172,438.0754,87.6814,-3.96,5.0908,2254.97,1.4477,1.5389,0.8593,-472.2875,911.2672,0.42767
682.4472,313.7172,437.6909,88.4188,-0.99,5.2169,2263.5,1.3864,1.4695,0.8706,-472.5568,894.0306,0.44463
682.5996,313.9968,444.0988,84.2069,1.48,5.2866,2271.1501,1.3534,1.4326,0.8732,-472.7386,880.8763,0.46272
682.752,315.9547,449.6737,84.7805,3.98,5.2848,2282.53,1.3363,1.4084,0.8919,-473.0187,888.5875,0.45871
682.9044,315.9547,445.9251,88.5503,4.02,5.1849,2281.6401,1.2933,1.3556,0.8889,-473.1136,901.7416,0.43692
683.0568,316.514,444.6115,97.8428,6.86,4.931,2291.5701,1.2597,1.3125,0.9159,-473.4188,870.8974,0.44036
683.2092,317.9122,454.1272,95.1058,7.11,4.5608,2293.4502,1.2723,1.3168,0.9303,-473.8409,860.6915,0.44276
683.3616,325.1835,459.67,97.3999,7.83,4.1745,2301.76,1.2727,1.3042,0.9939,-474.1938,918.071,0.48328
683.514,326.582,456.2738,95.4989,4.77,3.8981,2293.98,1.2679,1.2881,1.0368,-474.5171,965.9249,0.53802
683.6664,327.7006,454.8,100.0384,2.17,3.7621,2283.21,1.275,1.2931,1.0584,-474.8188,880.6497,0.53285
683.8188,325.1835,457.203,97.3836,-0.35,3.6998,2268.79,1.2403,1.2554,1.0611,-474.8296,872.7118,0.5322
683.9712,324.9038,458.7088,94.204,-1.09,3.6897,2254.4302,1.2449,1.2624,1.0385,-474.8813,949.8224,0.5111
684.1236,324.3445,457.203,95.794,-1.08,3.7387,2244.8999,1.2507,1.269,1.0254,-474.7046,971.1412,0.52668
684.276,323.7852,453.6146,96.3185,-1.34,3.8872,2238.8999,1.2521,1.2787,1.0012,-474.4829,926.916,0.50136
684.4284,322.6666,451.9165,98.957,-2.44,4.0912,2240.27,1.222,1.2534,0.9916,-473.8125,910.3599,0.46478
684.5808,322.1073,450.4106,98.842,1.39,4.2583,2260.8398,1.2557,1.296,0.9955,-473.0454,926.4623,0.47742
684.7332,324.3445,450.1543,98.8585,9.28,4.3942,2286.1399,1.2986,1.3427,1.0315,-472.7437,929.8644,0.43406
684.8856,323.2259,453.6146,95.0727,9.89,4.575,2279.4001,1.3071,1.3626,0.9939,-472.4034,930.9984,0.47414
685.038,324.6242,459.7341,91.7625,7.1,4.765,2253.5601,1.359,1.4241,0.9423,-471.9875,917.6174,0.46118
685.1904,324.3445,453.6466,87.4848,4.42,4.9356,2236.3901,1.4361,1.5173,0.9054,-471.8579,899.9272,0.45217
685.3428,322.6666,440.2541,87.6652,10.35,5.0428,2253.9402,1.4272,1.5189,0.8813,-471.7102,952.9976,0.3715
685.4952,317.3529,436.2171,80.3226,10.9,5.15,2266.8601,1.4339,1.5361,0.8549,-471.3563,979.3059,0.37363
685.6476,314.8358,440.5745,80.9946,5.78,5.2451,2262.4099,1.4444,1.5548,0.8457,-470.9261,906.7311,0.37531
685.8,314.2765,444.6756,77.8642,-2.32,5.3178,2248.24,1.4452,1.5613,0.8165,-470.925,899.4736,0.35581
685.9524,314.2765,443.9066,84.125,-6.42,5.3866,2237.9202,1.4392,1.5637,0.8096,-471.0398,964.791,0.36176
686.1048,313.7172,443.1697,84.7642,-7.93,5.4756,2230.4102,1.4383,1.5647,0.8183,-471.0966,951.1832,0.35532
686.2572,311.7596,441.8881,90.4184,-6.2,5.5811,2229.95,1.4163,1.5482,0.8518,-471.1375,881.5568,0.40685
686.4096,312.5985,442.2085,92.5162,-2.45,5.6569,2238.46,1.3976,1.525,0.8661,-471.1136,917.1639,0.39534
686.562,313.1579,444.3231,92.598,0.07,5.6505,2250.52,1.3964,1.5253,0.8783,-471.2273,970.2341,0.4062
686.7144,313.9968,442.625,89.73,-0.85,5.5446,2258.7,1.3811,1.5055,0.8826,-471.1591,911.7207,0.41408
686.8668,317.0733,439.1968,85.4687,-4.37,5.3671,2258.23,1.3552,1.4757,0.8838,-471.175,918.071,0.41734
687.0192,318.4716,437.6589,88.1729,-6.48,5.1719,2256.3401,1.3724,1.495,0.8907,-471.5966,957.9872,0.4215
687.1716,320.9887,438.3318,86.534,-6.15,5.0163,2252.3301,1.4008,1.5173,0.9322,-472.0625,918.9783,0.41425
687.324,320.1495,439.8056,91.0412,-4.95,4.9526,2239.9299,1.4362,1.5512,0.9759,-472.4546,902.6488,0.43755
687.4764,323.2259,441.2794,88.7466,-2.49,4.9729,2229.4299,1.4973,1.6128,1.013,-472.7687,937.1218,0.43644
687.6288,322.387,444.6115,93.3352,-0.81,4.9882,2222.5801,1.463,1.5767,0.986,-472.9716,925.1016,0.44446
687.7812,322.387,442.3687,92.2535,-0.07,4.8822,2228.6101,1.4119,1.5183,0.9403,-472.7614,894.4843,0.40225
687.9336,319.8698,435.8968,90.2869,-0.64,4.6781,2239.96,1.3865,1.4899,0.8969,-472.6989,938.0291,0.4007
688.086,320.1495,433.5579,86.8454,-1.5,4.4614,2250.05,1.4533,1.5663,0.9079,-472.9562,959.3478,0.39014
688.2384,320.4294,434.9676,84.6821,-1.69,4.2857,2254.74,1.4053,1.5128,0.9315,-473.1421,931.9055,0.38761
688.3908,319.3105,434.3268,84.6822,-2.25,4.1223,2252.3701,1.431,1.5411,0.9854,-473.0739,935.3074,0.39077
688.5432,320.4294,433.654,82.5516,-3.56,3.9882,2244.22,1.4482,1.559,1.0053,-473.2614,979.3059,0.41412
688.6956,321.548,445.8931,83.912,-4.07,3.9179,2237.9202,1.3782,1.4775,0.9876,-473.5313,927.1428,0.43223
688.848,322.1073,449.7698,86.6981,-4.73,3.8837,2232.02,1.3607,1.4561,0.9486,-473.5171,881.5568,0.48852
689.0004,323.2259,440.4464,89.1236,-3.72,3.852,2233.45,1.4041,1.5003,0.9644,-473.5114,935.3075,0.45936
689.1528,325.1835,436.89,88.9596,-1.36,3.8531,2242.3601,1.4037,1.4981,0.9795,-473.4943,978.8524,0.47964
689.3052,326.8617,436.7298,90.615,1.83,3.9213,2255.0601,1.3826,1.4738,0.9847,-473.5562,888.1339,0.4113
689.4576,325.7428,438.9725,93.434,1.29,4.0336,2253.9502,1.3659,1.4563,0.9538,-473.5568,879.062,0.40536
689.61,327.1411,440.7668,91.1394,-1.13,4.1523,2246.99,1.3175,1.4004,0.9448,-473.375,1013.7789,0.42176
689.7624,325.7428,441.792,89.6477,-4.43,4.251,2237.21,1.3193,1.4004,0.9155,-473.1023,977.4916,0.43388
689.9148,322.6666,441.4716,87.55,-3.63,4.2792,2244.22,1.3493,1.4356,0.8862,-472.8,894.0306,0.42732
690.0672,323.2259,436.6977,93.4504,-1.85,4.2087,2252.0801,1.3804,1.472,0.8883,-472.6534,934.4003,0.40331
690.2196,322.6666,429.7131,93.9421,1.3,4.1101,2261.78,1.4169,1.5078,0.916,-472.4659,946.6473,0.43153
690.372,322.6666,436.2171,95.0237,0.98,4.0802,2256.9102,1.3577,1.4401,0.9437,-472.3875,923.7409,0.47839
690.5244,324.0649,449.2252,88.1402,1.29,4.0566,2260.03,1.3232,1.4076,0.9578,-472.4204,912.1743,0.49705
690.6768,323.7852,448.6164,87.6977,0.03,3.9308,2262.0398,1.3271,1.415,0.9271,-472.3352,959.3478,0.50198
690.8292,322.387,444.9639,91.6639,-0.88,3.6739,2264.3398,1.3184,1.4048,0.8978,-472.3625,923.0605,0.44668
690.9816,322.6666,436.5375,96.253,-2.53,3.4234,2260.3901,1.331,1.4226,0.8788,-472.3352,910.1331,0.40596
691.134,324.6242,427.7908,94.8926,-3.97,3.307,2252.54,1.3583,1.4533,0.9182,-472.2687,939.8434,0.40045
691.2864,326.3021,433.3656,93.2701,-3.49,3.3119,2253.48,1.3286,1.4224,0.9784,-472.2102,939.8434,0.4296
691.4388,327.9803,438.524,92.9419,-2.82,3.3863,2245.5698,1.3384,1.4311,0.9803,-472.2159,915.3495,0.46237
691.5912,329.0989,451.4359,96.6461,-1.79,3.5106,2241.0701,1.2773,1.3599,0.9196,-472.2375,916.2567,0.48229
691.7436,328.2599,452.8456,95.3187,0.46,3.7454,2236.1802,1.3114,1.3987,0.8958,-472.2273,926.6892,0.46317
691.896,329.3786,433.4938,93.6801,6.57,4.0687,2243.3801,1.3247,1.4116,0.8736,-472.2813,897.6592,0.44493
692.0484,326.582,436.1531,92.7784,20.16,4.4452,2264.5701,1.3366,1.4213,0.9061,-472.3068,906.2775,0.46603
692.2008,327.9803,429.1685,90.3199,39.63,4.7266,2306.0601,1.4839,1.5801,1.0001,-472.1187,927.1428,0.4524
692.3532,330.7768,416.0323,94.2859,47.43,4.8497,2320.29,1.4016,1.4866,0.9792,-472.1307,928.5037,0.46349
692.5056,334.1329,455.2165,92.9587,38.59,4.7581,2296.8298,1.2209,1.2898,0.9011,-471.9829,907.6384,0.44907
692.658,332.1754,488.0249,93.4997,19.65,4.5604,2251.96,1.1862,1.252,0.7972,-471.7062,919.4318,0.48091
692.8104,328.2599,467.2954,92.8116,9.31,4.3334,2241.03,1.2248,1.2888,0.8231,-471.8011,923.0605,0.52098
692.9628,327.1411,443.2338,95.4012,7.22,4.1375,2252.4399,1.2697,1.3369,0.8548,-471.9875,927.1428,0.51705
693.1152,326.582,433.9424,95.0404,8.66,4.0757,2260.5601,1.2516,1.3157,0.8718,-471.8579,919.6586,0.54805
693.2676,333.5736,437.3706,94.2209,7.46,4.2321,2242.24,1.2657,1.3279,0.8711,-471.3563,909.4528,0.51112
693.42,334.4126,450.6669,89.7138,19.65,4.4636,2241.6602,1.2684,1.3309,0.8741,-470.9148,950.5028,0.50083
693.5724,334.9719,447.8795,85.2722,37.99,4.6116,2257.1699,1.3028,1.368,0.9061,-470.6812,927.1428,0.48681
693.7248,328.8192,440.7668,84.9771,50.16,4.6032,2278.96,1.334,1.4152,0.9803,-470.4034,920.3389,0.46508
693.8772,327.7006,451.4359,85.5834,40.76,4.624,2263.27,1.2194,1.2907,0.9466,-470.2614,944.8329,0.41472
694.0296,328.2599,453.8068,90.5006,35.51,4.682,2246.1299,1.2938,1.3796,0.8924,-470.4125,919.8854,0.44753
694.182,329.0989,455.2165,86.5342,38.09,4.7872,2238.4399,1.293,1.3757,0.7966,-470.5057,937.1218,0.47073
694.3344,329.3786,459.9904,86.8292,51.06,4.908,2258.1201,1.2937,1.3712,0.847,-470.1187,960.9354,0.49461
694.4868,330.2175,434.2948,85.19,54.96,5.1198,2270.05,1.4541,1.5462,0.8899,-469.8352,962.0694,0.4733
694.6392,329.9379,407.702,84.469,53.02,5.3847,2258.3599,1.5152,1.6205,0.9017,-469.7841,940.9774,0.48553
694.7916,330.4972,427.6946,83.8461,47.29,5.5273,2230.3,1.3389,1.4275,0.4535,-469.8125,928.2767,0.50716
694.944,326.582,463.1303,88.7957,49.85,5.4554,2230.29,1.1624,1.2334,0.4328,-469.8807,914.8958,0.50088
695.0964,347.2772,464.4119,90.3363,49.85,5.2861,2246.6199,1.2316,1.3109,0.4581,-469.9063,907.1848,0.53197
695.2488,359.0234,448.3921,88.6975,48.06,5.2639,2260.79,1.2312,1.3092,0.785,-469.6421,912.1743,0.54468
695.4012,342.2432,445.5727,90.8606,40.29,5.4055,2257.75,1.2764,1.3554,0.7844,-469.5341,928.7304,0.5448
695.5536,331.6158,458.1962,92.1718,41.02,5.5518,2265.4399,1.2742,1.3429,0.8163,-469.6625,886.3195,0.50265
695.706,334.1329,461.4963,96.2365,45.51,5.4845,2287.4299,1.3439,1.4249,0.8098,-469.6932,885.1855,0.46325
695.8584,334.4126,448.5523,89.7793,39.38,5.2787,2287.5701,1.3619,1.4451,0.9104,-469.6023,954.5853,0.47424
696.0108,329.9379,428.4315,89.271,27.5,5.1239,2270.49,1.4376,1.523,1.0961,-469.7062,938.029,0.43055
696.1632,336.3704,415.4556,84.5512,17.6,5.2371,2248.3799,1.5002,1.5958,1.0501,-469.9602,899.9272,0.42193
696.3156,333.5736,435.8647,87.9436,11.82,5.6066,2237.0601,1.4037,1.486,1.0259,-470.0227,945.2865,0.43735
696.468,336.0905,453.6786,87.9603,9.36,5.9836,2244.1499,1.3022,1.3761,0.9424,-469.8579,943.0186,0.45225
696.6204,335.2516,446.0533,94.8432,6.2,6.1736,2260.79,1.3226,1.3962,1.022,-469.9063,908.5455,0.42754
696.7728,337.2091,436.7939,91.2869,6.35,6.0475,2277.73,1.3426,1.4139,1.0285,-469.7614,900.3809,0.40434
696.9252,324.3445,437.3706,90.3036,7.14,5.6595,2284.21,1.3458,1.4175,1.0465,-469.3352,928.2767,0.42735
697.0776,323.2259,445.7008,87.6811,5.16,5.1539,2275.8,1.3361,1.3981,1.0997,-469.3125,943.0186,0.47592
697.23,322.9463,452.8136,91.0573,3.12,4.7133,2266.5,1.3377,1.393,1.1459,-469.3188,909.6794,0.51185
697.3824,321.8276,447.6232,96.9574,0.78,4.6204,2246.8701,1.3482,1.3987,1.1114,-469.2954,890.4018,0.53611
697.5348,321.548,435.1278,96.9575,13.56,4.9192,2257.0901,1.3249,1.3671,1.0632,-469.3182,930.7715,0.50397
697.6872,320.4294,442.4328,99.9734,20.41,5.339,2258.6001,1.2553,1.2937,0.9909,-469.375,950.276,0.52754
697.8396,326.3021,457.2671,105.857,24.19,5.4996,2267.0601,1.2146,1.2505,1.0015,-469.3,923.514,0.478
697.992,328.8192,457.4913,107.004,19.69,5.4107,2247.3901,1.2105,1.2414,1.0163,-469.0454,935.3075,0.49669
698.1444,330.7768,451.8524,106.1843,26.68,5.482,2230.24,1.2127,1.2428,0.9725,-468.7216,930.0911,0.48213
698.2968,330.4972,452.7175,100.055,42.36,5.8652,2228.95,1.1829,1.2103,0.8238,-468.6079,923.9676,0.52582
698.4492,328.8192,464.3478,102.5137,55.33,6.3356,2242.8601,1.1445,1.1683,0.7197,-468.7898,929.4108,0.53647
698.6016,333.294,469.5382,96.4497,56.75,6.5501,2254.24,1.1568,1.1802,0.6837,-468.7188,923.7408,0.50338
698.754,329.0989,462.105,95.3842,51.04,6.491,2250.3401,1.1552,1.1771,0.7529,-468.6591,939.163,0.48387
698.9064,333.8533,458.6127,88.4516,43.14,6.4389,2237.04,1.1495,1.1604,0.7912,-468.6761,927.1428,0.50151
699.0588,337.2091,455.0243,93.6959,39.61,6.6195,2234.23,1.2252,1.2371,0.7422,-468.7954,893.5769,0.52953
699.2112,345.0399,452.333,93.6797,39.01,6.868,2246.1199,1.2586,1.2653,0.7829,-469.0562,912.6279,0.56281
699.3636,334.9719,456.8506,95.0402,38.05,6.8163,2264.4199,1.3644,1.3752,0.777,-469.25,915.803,0.51711
699.516,331.8957,453.0699,91.9264,29.89,6.2984,2267.78,1.414,1.435,0.9066,-469.3296,917.6174,0.5216
699.6684,330.2175,441.1833,92.9259,22.7,5.7055,2269.5701,1.399,1.4334,0.9419,-469.2727,909.9064,0.47692
699.8208,331.3364,440.158,94.6302,11.63,5.3271,2258.79,1.3196,1.3646,0.9898,-469.1688,917.3906,0.46765
699.9732,330.2175,447.5591,100.3664,6.67,5.1427,2257.5,1.3314,1.3919,0.9665,-469.0341,918.071,0.47376
700.1256,329.9379,450.1543,97.2528,4.48,4.9752,2264.3799,1.3571,1.425,0.9276,-468.9261,921.2461,0.47417
700.278,329.0989,447.9436,97.1874,12.66,4.7788,2289.3301,1.4695,1.549,0.961,-468.8011,908.5455,0.47851
700.4304,329.9379,431.219,87.0589,18.42,4.64,2309.6399,1.6784,1.7804,0.9893,-468.8062,913.5351,0.43896
700.5828,329.6582,405.8117,92.3032,16.87,4.523,2310.3298,1.7541,1.8632,1.105,-468.6818,914.4422,0.40684
700.7352,331.8957,396.5523,89.8447,6.92,4.4465,2293.27,1.7815,1.9007,1.1244,-468.5938,932.8127,0.37015
700.8876,326.582,399.4999,95.8759,3.6,4.481,2294.6899,1.7962,1.9218,1.1432,-468.5739,931.452,0.37935
701.04,326.0227,403.2806,96.8919,2.81,4.557,2301.1602,1.7754,1.9062,1.1407,-468.5938,914.8958,0.40007
701.1924,324.9038,395.3348,100.858,2.32,4.5703,2309.3901,1.7619,1.9019,1.0596,-468.6136,924.1945,0.39429
701.3448,325.1835,386.3637,98.8914,-0.47,4.3735,2309.6599,1.8028,1.9504,1.0825,-468.2443,949.3688,0.37682
701.4972,325.1835,392.0988,93.1223,-1.75,4.0903,2313.1699,1.8452,2.0004,1.1298,-467.9375,921.473,0.36572
701.6496,325.7428,395.9756,89.5167,-2.8,3.9238,2311.8301,1.8661,2.0251,1.2227,-467.8011,937.3486,0.39523
701.802,327.421,392.7716,90.1723,-3.71,3.9639,2305.1702,1.886,2.0391,1.2565,-467.8062,952.5441,0.40133
701.9544,328.2599,387.1647,90.5331,-5.46,4.1431,2291.3201,1.8752,2.0178,1.2485,-467.7614,917.6173,0.39594
702.1068,327.7006,384.3453,93.2864,-5.24,4.2352,2289.4001,1.8057,1.939,1.176,-467.8011,915.3495,0.39347
702.2592,327.1411,387.1006,97.7605,-4.44,4.1815,2297.8599,1.8376,1.9709,1.1187,-467.825,922.8337,0.3734
702.4116,327.7006,388.8628,97.2359,-4.61,4.0386,2304.95,1.908,2.0443,1.1466,-467.6477,921.2461,0.37356
702.564,326.582,383.288,97.0067,-4.9,3.8876,2306.5901,1.8879,2.0189,1.1277,-467.525,898.5665,0.36316
702.7164,327.7006,376.5276,94.6631,-4.17,3.7164,2306.5601,1.8495,1.97,1.1292,-467.5454,909.9064,0.37717
702.8688,324.3445,376.9442,97.1706,-1.9,3.5023,2313.8899,1.9423,2.0704,1.1412,-467.5682,929.4108,0.38832
703.0212,324.3445,378.5782,94.45,0.77,3.2524,2326.8198,2.007,2.1427,1.2384,-467.6313,917.6174,0.42238
703.1736,325.4634,375.7587,94.2698,1.13,3.1436,2323.3999,1.9792,2.1129,1.1952,-467.7727,889.4947,0.41491
703.326,324.3445,372.9713,90.451,1.57,3.1426,2319.1599,1.891,2.0182,1.1155,-467.825,908.092,0.41671
703.4784,322.6666,371.3052,87.7631,1.01,3.1755,2312.99,1.8905,2.0161,1.0886,-467.8011,907.8651,0.42181
703.6308,321.548,371.7217,83.5184,-0.1,3.1252,2313.5901,1.9719,2.103,1.1721,-467.9688,895.3914,0.40746
703.7832,323.2259,373.4839,84.8296,-1.73,3.0386,2312.3401,2.0638,2.1985,1.3202,-468.1079,906.7311,0.39531
703.9356,324.9038,372.8111,91.5,-2.39,2.9913,2309.8098,2.0435,2.178,1.3718,-468.1364,909.4528,0.36458
704.088,326.582,369.8955,89.3695,-1.61,2.9813,2309.4399,1.9979,2.1247,1.3097,-468.125,911.2672,0.35679
704.2404,325.4634,367.4925,87.5506,-1.27,3.0157,2307.1799,1.9934,2.1196,1.2625,-468.1079,926.2357,0.35771
704.3928,324.7174,367.6527,84.3054,-0.21,3.0178,2311.6902,2.0476,2.1749,1.2882,-468.0812,921.2461,0.36507
704.5452,324.0649,367.7488,88.4028,0.0,3.0052,2311.48,2.05,2.1824,1.3543,-467.8523,924.648,0.34203
704.6976,326.0227,365.474,85.3049,1.35,2.9802,2310.96,2.0546,2.1856,1.4127,-467.8409,934.4003,0.33882
704.85,325.7428,363.1992,81.3389,1.46,2.993,2303.1299,2.018,2.143,1.3587,-467.825,919.4318,0.33929
705.0024,326.8617,363.5837,80.3553,2.0,3.0045,2303.75,2.0254,2.1491,1.3797,-467.5341,922.1533,0.37841
705.1548,325.1835,366.4032,86.3374,0.39,2.9996,2305.28,2.0763,2.2031,1.4351,-467.4562,921.6996,0.36587
705.3072,323.7852,370.9528,89.73,-1.19,2.9709,2308.52,2.0923,2.2201,1.5823,-467.4602,912.4011,0.37805
705.4596,322.6666,374.4451,94.2534,-3.02,2.9789,2305.01,2.067,2.1961,1.6379,-467.3921,946.874,0.36747
705.612,322.6666,375.5985,91.7131,-2.63,2.9742,2306.3901,2.0556,2.1864,1.6699,-467.2437,912.1743,0.35628
705.7644,321.548,375.5344,92.6474,-0.83,2.9539,2313.5901,2.0559,2.1866,1.6683,-467.2159,889.4947,0.3585
705.9168,321.548,375.3102,91.5656,0.72,2.925,2320.74,2.0475,2.1751,1.687,-467.2102,932.8127,0.34657
706.0692,322.6666,373.3557,89.2382,4.03,2.8911,2336.1599,2.0871,2.2162,1.7012,-467.1875,924.648,0.36145
706.2216,323.2259,369.2227,89.2873,4.52,2.8907,2340.0801,2.117,2.2444,1.6295,-467.1136,879.2888,0.33448
706.374,324.6242,365.1857,85.5018,4.15,2.8671,2342.3601,2.1229,2.2512,1.5433,-467.2875,908.5455,0.32788
706.5264,323.7852,361.8215,89.14,0.59,2.8888,2327.3899,2.1742,2.3043,1.5038,-467.4943,948.6884,0.33115
706.6788,324.3445,358.97,91.4347,0.12,2.8641,2325.1902,2.1924,2.3241,1.4597,-467.5114,952.5441,0.34665
706.8312,324.6242,356.9515,96.8592,0.56,2.8747,2323.77,2.1003,2.2283,1.3876,-467.5909,920.1122,0.35358
706.9836,324.9038,363.1992,95.3843,1.05,2.8808,2327.9199,2.0904,2.2172,1.3975,-467.5796,921.2461,0.35094
707.136,326.3021,370.9528,93.5812,-0.5,2.9051,2326.99,2.1301,2.2624,1.5022,-467.5057,935.7612,0.36263
707.2884,327.7006,369.3828,88.8285,-1.35,2.8965,2329.6001,2.1492,2.2829,1.5598,-467.3375,924.648,0.38215
707.4408,326.582,365.9226,90.1398,-0.41,2.8523,2333.75,2.1663,2.3032,1.5435,-467.1477,902.1953,0.40274
707.5932,324.3445,365.0896,92.1228,0.56,3.0081,2326.8799,2.2428,2.395,1.4902,-467.1307,914.4422,0.41094
707.7456,321.8276,365.0255,92.833,0.22,3.1715,2312.73,2.1114,2.2605,1.4415,-467.1761,939.8434,0.39047
707.898,321.548,367.5246,96.5696,-1.32,3.3145,2300.4302,2.0895,2.2484,1.4388,-467.1563,929.4108,0.37668
708.0504,321.548,372.4586,99.8309,-0.98,3.2642,2309.05,2.1827,2.3658,1.5268,-467.0,926.916,0.35892
708.2028,322.387,372.0421,101.2515,-0.48,3.1983,2323.6301,2.1703,2.3671,1.6529,-466.8125,923.9676,0.37571
708.3552,322.387,371.1771,98.7275,1.25,3.1302,2339.76,2.1643,2.379,1.686,-466.7841,924.4213,0.38479
708.5076,322.9463,373.7082,99.2194,2.55,3.0783,2344.53,2.1506,2.3864,1.6625,-466.5625,907.6384,0.38448
708.66,322.1073,371.914,92.4998,2.72,3.0383,2340.2,2.1609,2.3999,1.6678,-466.35,919.4318,0.38275
708.8124,323.2259,366.7236,91.287,2.81,3.0138,2336.76,2.2329,2.4829,1.6614,-466.2102,952.5441,0.38223
708.9648,325.7428,364.4167,84.6496,0.82,2.9813,2329.52,2.2364,2.4925,1.632,-466.3523,917.6173,0.38111
709.1172,328.8192,365.1536,85.4687,-0.7,2.9872,2322.7798,2.1896,2.4338,1.5795,-466.1761,909.4528,0.38609
709.2696,331.0565,367.076,87.7632,-1.59,3.0304,2316.3198,2.1763,2.4187,1.5741,-466.1125,970.0072,0.37574
709.422,331.3364,369.4469,91.4508,-1.06,3.0689,2314.8701,2.1444,2.3724,1.6447,-465.9318,952.0904,0.36859
709.5744,328.8192,371.1771,99.0555,1.04,3.0723,2322.8401,2.2021,2.4221,1.7343,-465.3693,925.3284,0.37241
709.7268,328.2599,372.9392,99.711,1.18,3.0771,2323.8201,2.2553,2.4754,1.7475,-464.8563,941.2042,0.40775
709.8792,326.0227,373.6441,94.6305,0.22,3.1387,2318.21,2.1831,2.3824,1.6717,-464.4886,947.7813,0.39211
710.0316,322.1073,374.2849,95.1714,0.54,3.1632,2316.24,2.1688,2.3493,1.6416,-464.0739,960.7087,0.37207
710.184,323.2259,376.784,93.0409,1.54,3.1768,2312.03,2.2442,2.4122,1.678,-463.375,938.0291,0.33965
710.3364,323.7852,381.654,93.6962,3.4,3.1789,2303.8398,2.2243,2.3719,1.8092,-462.7159,936.895,0.37561
710.4888,322.9463,386.4919,91.8933,3.75,3.3284,2278.3999,2.2081,2.3415,1.7824,-462.2614,933.0395,0.41385
710.6412,321.8276,401.6786,98.285,6.15,3.7871,2256.0898,1.9601,2.0242,1.5004,-461.75,951.1832,0.46246
710.7936,321.548,429.1044,98.1212,7.57,4.3933,2234.25,1.9542,1.9612,1.2744,-461.0909,952.5441,0.43757
710.946,318.4716,426.2208,95.0565,7.14,4.929,2223.1099,2.0075,1.9863,0.9818,-460.475,947.1009,0.42311
711.0984,320.9887,406.3884,84.3709,1.65,5.2138,2205.03,1.7815,1.7405,0.7732,-460.0796,932.3591,0.41094
711.2508,318.1919,418.6275,76.6681,-1.24,5.3871,2200.8701,1.6977,1.6592,0.6208,-459.8312,954.812,0.4176
711.4032,319.8698,441.824,70.1125,-5.47,5.5509,2183.48,1.6941,1.6602,0.5664,-459.5511,934.1736,0.39599
711.5556,322.6666,451.564,65.4251,-9.06,5.6283,2167.52,1.6749,1.6551,0.5095,-459.4,919.4318,0.39317
711.708,319.8698,449.0329,67.0639,-15.06,5.5906,2159.9299,1.5852,1.5892,0.479,-459.5,922.1533,0.3735
711.8604,319.5901,424.4586,66.2281,-11.33,5.4221,2225.1201,1.6278,1.6707,0.5044,-459.5875,916.937,0.36104
712.0128,316.7936,359.2904,63.1633,6.87,5.135,2367.3799,2.5802,2.7498,0.8124,-459.6989,916.2567,0.3348
712.1652,315.675,278.2947,57.755,18.48,4.7544,2504.73,6.1369,6.8996,1.8857,-459.8239,924.4213,0.2536
712.3176,318.1919,233.1511,53.7888,28.48,4.3597,2602.04,12.0248,14.6137,11.3624,-459.8563,906.7311,0.19047
712.47,316.514,218.8295,51.4123,16.07,4.0677,2611.3901,18.3728,24.2653,21.6131,-459.9943,917.1639,0.15013
712.6224,315.9547,214.2799,50.4453,9.11,3.8742,2603.79,19.7965,26.3777,27.4271,-459.9688,935.7612,0.14519
712.7748,315.3951,215.177,54.7559,-0.84,3.7495,2573.2998,18.584,24.38,25.5531,-459.875,936.6683,0.14975
712.9272,314.5562,217.7401,57.2143,13.56,3.6204,2556.77,13.5396,17.0041,18.944,-459.7125,921.2461,0.16398
713.0796,315.675,238.9823,61.9017,14.36,3.5345,2515.22,6.9612,8.2681,8.5332,-459.5625,941.6578,0.18927
713.232,317.0733,271.7586,62.6391,12.57,3.4704,2441.9302,4.0967,4.7594,3.858,-459.4716,915.803,0.21518
713.3844,318.7512,318.8887,67.0641,-4.28,3.4727,2349.2,1.818,2.0223,1.2905,-459.525,919.4318,0.25657
713.5368,317.0733,377.0403,70.6696,-6.04,3.527,2273.55,1.5322,1.6645,0.7965,-459.6193,944.8329,0.31129
713.6892,317.0733,405.7797,69.9321,-5.74,3.6243,2233.0598,1.525,1.6376,0.6379,-459.5313,943.4721,0.35669
713.8416,318.1919,410.2652,71.571,-3.26,3.6911,2217.0701,1.5005,1.5882,0.6412,-459.6307,921.9266,0.36488
713.994,315.3951,409.5603,70.4892,0.13,3.7059,2219.6299,1.5963,1.6698,0.651,-459.975,889.0411,0.35764
714.1464,313.7172,407.4778,74.4226,0.5,3.7076,2219.5698,1.7131,1.7882,0.6765,-460.2727,918.071,0.38947
714.2988,313.7172,409.9448,74.0456,-0.75,3.7146,2216.3301,1.6613,1.7378,0.685,-460.6023,947.5544,0.38274
714.4512,313.1579,414.8148,74.1933,-1.97,3.737,2212.6001,1.5877,1.674,0.7043,-461.1375,913.0814,0.406
714.6036,312.0393,411.5788,71.8989,-0.92,3.7595,2218.74,1.6162,1.7534,0.6919,-461.6136,923.0605,0.3666
714.756,309.2427,405.1709,72.9312,-0.62,3.7726,2223.8601,1.5919,1.769,0.7092,-461.9375,969.5537,0.3805
714.9084,308.6831,404.434,73.6849,-2.55,3.756,2219.6602,1.5415,1.7465,0.6679,-462.2046,940.7505,0.33824
715.0608,307.5645,404.2418,74.3406,-3.73,3.7073,2218.05,1.5355,1.7694,0.6712,-462.5227,899.2469,0.34677
715.2132,308.1238,401.0699,74.0296,-2.67,3.6628,2226.2002,1.5779,1.8363,0.6668,-462.8875,918.9781,0.33194
715.3656,308.6831,396.2319,74.423,-1.6,3.6463,2232.45,1.5623,1.8319,0.6691,-463.2329,964.3374,0.33324
715.518,309.802,394.9183,80.6506,0.95,3.6869,2237.1899,1.5313,1.808,0.6453,-463.6193,923.7409,0.3514
715.6704,312.0393,399.4038,82.2732,2.63,3.8005,2231.6301,1.5275,1.814,0.6394,-464.0739,889.0411,0.34961
715.8228,313.1579,403.5369,81.2898,5.61,3.9449,2236.7,1.5096,1.801,0.6441,-464.5438,908.5455,0.34836
715.9752,311.7596,407.5739,79.8147,3.62,4.0812,2235.6401,1.4797,1.7668,0.6591,-465.0909,919.4318,0.33659
716.1276,313.1579,409.7846,79.159,0.3,4.1779,2237.9099,1.4644,1.748,0.6796,-465.5909,914.2155,0.38813
716.28,311.4799,406.6127,88.6649,-3.59,4.2823,2235.5801,1.4644,1.7424,0.7144,-465.8375,923.0605,0.43679
716.4324,313.1579,396.8086,86.5016,-3.8,4.3969,2242.4199,1.4065,1.6694,0.7424,-466.1932,913.9887,0.43106
716.5848,311.4799,387.6133,94.2042,6.7,4.4886,2273.4202,1.5475,1.8301,0.7907,-466.6761,915.1226,0.40823
716.7372,311.4799,395.3348,92.1393,20.18,4.5795,2312.2,1.5836,1.8595,0.8304,-467.1989,921.6996,0.39559
716.8896,312.0393,406.068,96.925,25.46,4.6846,2327.3699,1.474,1.7009,0.8389,-467.625,914.4422,0.39384
717.042,310.9206,412.0273,94.303,31.58,4.7896,2333.21,1.444,1.6363,0.8356,-468.0852,906.7311,0.41358
717.1944,310.3611,420.1013,93.942,32.57,4.9126,2329.5901,1.4789,1.6495,0.8623,-468.6761,919.4318,0.43459
717.3468,312.8782,421.2227,94.7616,31.39,5.1004,2326.3198,1.4822,1.6338,0.8656,-468.9773,924.4213,0.42869
717.4992,313.9968,414.4944,91.9755,18.24,5.3801,2302.8301,1.4147,1.5402,0.8683,-469.0187,913.5351,0.42743
717.6516,313.9968,408.1185,91.4346,14.03,5.677,2293.1199,1.3787,1.4803,0.8771,-469.4489,906.5043,0.38697
717.804,313.7172,409.9448,90.7792,19.98,5.959,2300.27,1.4074,1.4981,0.8926,-470.2954,932.3591,0.40719
717.9564,315.1157,420.3896,91.1068,27.15,6.2441,2310.02,1.4221,1.5009,0.8867,-470.5739,922.1533,0.41451
718.1088,315.3951,428.3354,90.5661,27.64,6.5548,2308.1401,1.3905,1.4561,0.8772,-470.9312,918.9783,0.44877
718.2612,316.2343,426.9257,93.9393,26.53,6.8933,2307.8201,1.3955,1.4561,0.8421,-471.6534,923.514,0.4259
718.4136,313.7172,421.7994,97.7417,21.44,7.2968,2308.3501,1.4251,1.4817,0.8664,-472.0511,942.7917,0.45569
718.566,314.2765,422.5042,101.9046,17.46,7.7493,2308.54,1.494,1.5505,0.9117,-472.0341,911.2672,0.44098
718.7184,318.7512,425.0674,99.3505,13.06,7.8591,2308.76,1.4504,1.5032,0.9496,-472.1364,888.1339,0.46524
718.8708,315.9547,425.1315,99.6455,12.28,7.6505,2312.5,1.3957,1.4463,0.9287,-472.4063,918.5245,0.46694
719.0232,315.3951,418.7556,99.8093,9.25,7.3076,2312.6599,1.3616,1.4132,0.8828,-472.6364,931.2252,0.502
719.1756,311.4799,411.4186,102.8739,7.09,7.2093,2313.74,1.3677,1.4231,0.871,-472.8068,933.4931,0.44565
719.328,312.5985,413.9818,100.4156,3.7,7.1551,2308.52,1.4262,1.4888,0.8825,-473.0114,884.5051,0.43691
719.4804,315.9547,418.8838,99.9241,3.26,6.8275,2314.9399,1.4511,1.5186,0.9404,-473.275,898.5665,0.40987
719.6328,319.3105,420.9343,97.3509,4.48,6.2137,2320.8899,1.4248,1.494,0.9263,-473.5284,948.0081,0.48242
719.7852,319.0309,419.9091,97.1709,9.13,5.5001,2334.3999,1.4419,1.5093,0.9287,-473.8813,926.0089,0.45457
719.9376,319.3105,417.6342,93.8928,11.23,4.8903,2340.0901,1.5495,1.6227,0.9529,-474.0568,899.4736,0.44351
720.09,321.2681,417.5061,94.7125,8.57,4.4785,2332.0798,1.5191,1.5946,1.0363,-474.2273,930.3179,0.43747
720.2424,322.1073,419.4926,96.515,3.7,4.3105,2313.4001,1.5255,1.6069,1.0587,-474.3188,909.4528,0.45565
720.3948,322.387,418.8197,100.9403,0.18,4.2895,2297.1399,1.5289,1.6193,1.0286,-474.1421,893.8038,0.45706
720.5472,322.1073,419.877,101.0714,-0.76,4.4174,2289.76,1.5061,1.5932,0.9923,-474.1313,911.2672,0.4669
720.6996,327.1411,417.9867,100.9236,-1.16,4.5956,2295.27,1.5281,1.6202,0.977,-474.2671,910.3599,0.48009
720.852,321.548,415.3915,100.088,-2.01,4.8218,2300.72,1.4914,1.5846,0.982,-474.4602,917.6174,0.48365
721.0044,319.3105,413.5973,93.4012,-2.08,4.8848,2314.3599,1.485,1.5764,1.0148,-474.4625,919.4318,0.46036
721.1568,319.0309,409.1758,95.6957,-1.76,4.8604,2324.22,1.6264,1.7285,1.0998,-474.3011,914.2155,0.42645
721.3092,318.4716,408.6953,93.8926,-1.61,4.8941,2326.0701,1.5366,1.6224,1.0984,-474.2437,928.5037,0.42799
721.4616,318.4716,410.938,97.0067,-0.11,4.9769,2323.3899,1.4484,1.5274,1.0411,-474.4602,928.2767,0.3911
721.614,318.1919,415.4235,94.8596,1.04,4.9339,2307.21,1.4053,1.4801,0.938,-474.6648,912.1743,0.41554
721.7664,318.1919,427.3422,92.4177,10.63,4.6132,2304.05,1.3542,1.4307,0.8781,-474.5562,931.452,0.44173
721.9188,320.9887,440.7027,97.0721,11.07,4.242,2275.4299,1.267,1.3429,0.8235,-474.3807,929.4108,0.51894
722.0712,325.1835,444.8358,96.9249,10.73,4.0526,2252.8401,1.2458,1.3232,0.8164,-474.15,921.0193,0.5893
722.2236,325.4634,445.1882,93.057,3.53,4.0389,2229.3701,1.2068,1.2748,0.8026,-474.0,948.6884,0.5547
722.376,327.7006,443.1697,88.4024,4.63,4.1042,2229.5,1.2776,1.3465,0.8136,-473.7671,952.5441,0.57481
722.5284,326.8617,437.7871,92.172,7.03,4.0677,2231.0901,1.2961,1.3656,0.8519,-473.7062,917.8442,0.53368
722.6808,326.8617,433.9424,100.1045,27.49,4.0052,2237.71,1.3107,1.3825,0.9129,-473.6364,912.6279,0.51608
722.8332,327.1411,432.3083,99.449,52.47,4.1783,2241.3,1.288,1.3625,0.9376,-473.4375,906.5043,0.47656
722.9856,329.6582,429.3927,94.0244,67.43,4.8065,2223.1499,1.2955,1.3708,0.851,-473.3409,930.7715,0.47343
723.138,335.8109,438.9405,85.6985,73.17,5.6859,2207.6799,1.2896,1.3779,0.4154,-473.2102,895.845,0.48955
723.2904,326.8617,454.768,85.7805,80.55,6.3882,2219.27,1.2515,1.3351,0.3586,-473.0625,885.639,0.47891
723.4428,326.0227,432.821,84.1576,92.11,6.6521,2247.4001,1.3249,1.4203,0.379,-472.8182,940.7505,0.49025
723.5952,324.3445,418.1469,86.8947,91.53,6.5875,2263.8198,1.3475,1.4413,0.4038,-472.7159,925.1016,0.5219
723.7476,325.4634,427.182,89.1071,78.79,6.3142,2265.78,1.3988,1.4939,0.4253,-472.65,916.2567,0.52298
723.9,327.421,418.9479,86.7636,55.68,5.9151,2257.78,1.4027,1.4971,0.4349,-472.3296,914.669,0.48673
724.0524,342.2434,424.1383,87.1405,31.59,5.4472,2253.8501,1.415,1.5023,0.6434,-472.0938,893.577,0.50805
724.2048,338.328,420.2615,82.7156,11.02,4.949,2236.6199,1.5529,1.6513,0.7745,-472.0796,907.6384,0.48434
724.3572,353.9891,409.5283,86.5013,10.35,4.4747,2236.77,1.5475,1.6491,0.7887,-471.8807,923.0605,0.46084
724.5096,326.0227,417.6663,86.0096,43.6,4.1114,2266.1699,1.5107,1.6088,0.8718,-471.6125,912.1743,0.43417
724.662,331.3362,423.914,89.3038,69.93,4.0428,2284.3999,1.5418,1.6358,0.9047,-471.3409,907.1848,0.45924
724.8144,329.9379,427.3422,88.5173,89.89,4.2405,2306.03,1.4934,1.5831,0.8646,-471.0812,914.8958,0.50007
724.9668,332.455,428.5277,87.911,70.55,4.5512,2274.76,1.5084,1.5995,0.8026,-471.0227,915.803,0.51082
725.1192,334.4126,431.3792,81.6667,57.99,4.6743,2267.6799,1.3966,1.4711,0.6109,-471.0909,927.1428,0.5023
725.2716,329.3786,432.6928,82.4532,46.0,4.5808,2282.1401,1.3544,1.4249,0.632,-471.2687,915.803,0.47777
725.424,331.0565,426.5092,81.0928,30.86,4.4055,2301.8,1.4657,1.5296,0.68,-471.2898,916.2567,0.42953
725.5764,315.3951,413.0526,88.7795,15.89,4.3245,2312.1599,1.4112,1.4657,1.0585,-471.125,913.5351,0.39977
725.7288,315.675,405.0748,87.3371,2.39,4.3527,2300.8499,1.4002,1.4492,1.086,-471.0739,904.4632,0.39755
725.8812,313.9968,412.8283,94.2207,1.77,4.4302,2303.6001,1.4321,1.4734,1.0732,-471.4091,918.9783,0.41353
726.0336,314.2765,425.1315,94.2206,2.58,4.5178,2302.7598,1.4304,1.4757,1.0825,-471.5812,917.1639,0.43971
726.186,314.2765,430.0976,95.6958,4.26,4.6262,2304.22,1.4011,1.4372,1.0655,-471.3239,892.4431,0.43116
726.3384,315.9547,431.4753,93.2375,4.63,4.7613,2306.52,1.4013,1.4405,1.0908,-471.3239,901.5149,0.49619
726.4908,316.7936,430.6102,90.3529,7.11,4.8487,2317.7,1.3964,1.4299,1.0907,-471.5313,929.8644,0.46738
726.6432,316.514,422.8887,89.5335,8.51,4.8682,2319.9302,1.3816,1.4128,1.0631,-471.6023,933.0395,0.46982
726.7956,315.675,423.4014,87.8943,18.3,4.8227,2334.3899,1.3614,1.3958,1.0382,-471.6818,934.4003,0.43151
726.948,316.514,431.6035,86.862,18.86,4.8082,2328.2002,1.3593,1.3896,1.0476,-472.0568,933.0395,0.41414
727.1004,317.0733,427.4704,91.6146,20.62,4.8206,2332.25,1.3779,1.4074,1.0572,-472.4148,926.4623,0.37776
727.2528,315.675,416.7051,93.9093,16.04,4.8428,2328.24,1.3615,1.3862,1.0588,-472.25,932.1324,0.40953
727.4052,314.8358,419.7168,95.3844,14.38,4.8665,2326.5701,1.352,1.3738,1.0463,-471.7329,936.4415,0.41294
727.5576,322.387,428.0471,89.6482,12.87,4.9217,2319.4001,1.3892,1.4141,1.0302,-471.6125,946.1937,0.45931
727.71,322.1073,431.5074,85.3868,8.3,5.0306,2300.72,1.3937,1.4197,1.0508,-471.5796,906.2775,0.4693
727.8624,324.0649,431.6355,87.1896,10.43,5.1465,2298.1602,1.3953,1.4225,1.0539,-471.3523,899.4736,0.52407
728.0148,323.2259,429.4568,88.5008,14.16,5.2621,2303.5,1.4032,1.4288,1.0819,-471.0739,918.9783,0.50533
728.1672,323.7852,423.0489,96.2038,13.17,5.3423,2305.1199,1.397,1.4254,1.1048,-470.7841,911.7207,0.51339
728.3196,323.2259,417.0255,93.7455,8.01,5.3692,2299.4001,1.4299,1.4591,1.1243,-470.7784,922.1533,0.48672
728.472,321.2681,421.0625,94.5651,0.99,5.2426,2290.03,1.4523,1.4876,1.1716,-470.4438,923.7409,0.50511
728.6244,322.387,426.6373,93.4178,-0.02,5.1546,2286.5801,1.437,1.4752,1.188,-470.125,916.2567,0.5053
728.7768,326.3021,427.3422,98.3344,0.67,5.2117,2284.0701,1.4151,1.4545,1.1951,-470.0114,917.6174,0.53064
728.9292,325.1835,428.5277,101.1204,3.0,5.3729,2285.1001,1.3559,1.3896,1.1505,-469.7954,940.297,0.48751
729.0816,325.4634,430.5782,97.8099,7.52,5.3148,2291.5701,1.3647,1.398,1.1391,-469.4688,937.5756,0.48633
729.234,322.387,431.9239,95.8434,8.8,4.9762,2284.21,1.3865,1.4229,1.0567,-469.2443,930.3179,0.5362
729.3864,323.7852,435.0637,92.893,8.28,4.4924,2262.01,1.3413,1.3781,1.0565,-469.0568,928.5037,0.56809
729.5388,330.4972,436.2812,93.7453,10.82,4.1572,2242.46,1.3877,1.4255,1.0338,-468.8062,938.7094,0.51175
729.6912,329.3786,433.7821,91.3687,28.11,3.9749,2250.23,1.3974,1.4354,1.0774,-468.3693,924.8748,0.45002
729.8436,324.9038,429.617,93.9912,64.74,4.0029,2278.77,1.4052,1.4386,1.106,-468.2437,926.0089,0.45802
729.996,336.6498,431.5394,95.8432,93.48,4.1581,2298.72,1.3971,1.4297,1.1306,-468.3807,933.9468,0.47037
730.1484,329.0989,436.5375,98.7114,115.24,4.363,2315.8901,1.3681,1.4011,1.1077,-468.5938,922.1533,0.45336
730.3008,334.1329,433.8462,98.5477,120.55,4.5091,2321.5798,1.379,1.417,1.0992,-468.375,887.9072,0.43089
730.4532,329.6582,428.4956,94.0406,128.37,4.5463,2325.54,1.3818,1.4182,1.1082,-468.3693,919.8853,0.422
730.6056,332.1754,429.2005,94.5977,128.48,4.5541,2312.5898,1.381,1.4181,1.0176,-468.5313,929.8644,0.44875
730.758,332.1754,430.45,97.5477,130.04,4.6577,2303.9602,1.4207,1.4631,1.0151,-468.5909,904.0096,0.47405
730.9104,329.9379,431.6355,100.0385,126.52,4.9556,2291.6802,1.3713,1.4144,0.9872,-468.75,905.3703,0.47021
731.0628,328.8192,438.2997,100.3991,93.77,5.5944,2253.48,1.3566,1.3992,1.0181,-469.0171,922.6069,0.46162
731.2152,340.8449,438.9405,96.1379,51.89,6.2795,2206.9299,1.403,1.4481,0.9266,-468.9886,935.9879,0.47546
731.3676,336.9295,435.1278,97.7938,15.53,6.7662,2172.1399,1.4227,1.4776,0.8894,-468.9312,924.4213,0.46281
731.52,327.7006,435.1919,97.6954,19.37,6.7086,2181.0,1.3682,1.417,0.8788,-468.9375,908.092,0.49623
731.6724,327.1411,434.0385,97.0727,27.4,6.4611,2192.5901,1.3881,1.4476,0.925,-468.8687,922.8336,0.48739
731.8248,322.9463,431.6996,93.1228,33.39,6.1886,2197.46,1.3946,1.4573,0.9329,-468.5171,935.7612,0.52762
731.9772,325.4634,428.0791,93.041,86.73,5.7835,2240.6399,1.3941,1.4601,0.9284,-468.1591,908.5455,0.49424
732.1296,327.1411,423.882,95.3024,127.53,5.3729,2251.47,1.3832,1.4467,0.9717,-467.9625,925.3284,0.50385
732.282,328.8192,427.9189,97.99,165.29,5.3601,2256.9302,1.362,1.4262,0.7809,-467.6136,943.4721,0.49391
732.4344,335.2516,439.7735,98.5633,153.86,5.9866,2231.6201,1.2917,1.3505,0.5074,-467.0938,943.9257,0.49471
732.5868,343.6417,441.0231,95.4006,151.22,6.7756,2236.3101,1.344,1.405,0.3652,-466.6534,926.916,0.5125
732.7392,327.9803,437.0822,94.0238,152.56,7.1106,2251.1499,1.3082,1.3751,0.3145,-466.2671,922.8336,0.51508
732.8916,323.5056,439.357,92.9096,138.21,7.3144,2239.78,1.3508,1.4135,0.3647,-465.8813,928.5037,0.51759
733.044,351.1926,433.9744,92.303,119.13,8.0234,2190.47,1.4325,1.4914,0.4983,-465.4091,940.297,0.50381
733.1964,397.0579,429.4889,94.27,102.58,8.9997,2126.4299,1.3672,1.4206,0.3554,-464.6875,924.4213,0.52261
733.3488,375.5235,447.9756,91.205,102.84,9.7201,2104.3701,1.3104,1.3483,0.2166,-464.2841,916.4834,0.62859
733.5012,369.6505,443.2658,92.6801,124.05,9.7685,2141.01,1.4376,1.4722,0.1875,-463.5,943.9257,0.60086
733.6536,344.4807,417.0255,93.1713,123.73,9.6765,2155.4302,1.4467,1.4981,0.2098,-462.6648,930.9984,0.56743
733.806,348.9554,413.7254,95.3841,105.23,9.6097,2086.0601,1.4159,1.5048,0.2076,-461.8352,941.2042,0.54562
733.9584,328.5396,430.0015,96.3186,56.72,9.4861,1981.88,1.2673,1.36,0.16,-460.6688,933.493,0.61859
734.1108,364.3369,458.9011,90.4188,27.29,9.252,1919.88,1.2277,1.2989,0.1328,-459.4034,920.5657,0.53696
734.2632,410.7617,466.174,90.0088,30.89,9.0081,1933.96,1.3068,1.3482,0.1277,-458.2125,927.5964,0.49841
734.4156,449.3557,452.4932,85.3047,44.67,8.8349,1952.75,1.3339,1.3551,0.1285,-458.2329,928.9572,0.47379
734.568,465.856,449.129,90.6641,69.04,8.6717,1994.24,1.3097,1.2982,0.1376,-458.6313,920.7925,0.49845
734.7204,485.4326,448.6805,88.7794,78.51,8.537,2039.08,1.3618,1.3081,0.1645,-458.7102,928.9572,0.4543
734.8728,485.153,438.3958,92.7621,87.69,8.464,2064.98,1.4645,1.3634,0.2034,-458.7898,925.782,0.48666
735.0252,458.8642,439.1007,85.7639,67.13,8.4066,2006.03,1.4727,1.3425,0.1756,-459.5625,918.9781,0.52078
735.1776,444.0418,448.6805,83.6825,53.02,8.3035,1949.75,1.4537,1.3205,0.1405,-459.7,951.1832,0.60794
735.33,437.8894,432.4044,83.3055,59.59,8.1584,1950.12,1.5151,1.4187,0.1283,-459.4546,929.4108,0.57614
735.4824,408.5242,428.4956,92.4832,54.51,8.0134,1970.77,1.4286,1.3704,0.1303,-459.25,919.4318,0.58026
735.6348,412.7193,444.8358,95.548,66.02,7.8621,2049.0601,1.4272,1.3748,0.1427,-459.0739,931.452,0.57665
735.7872,393.7018,449.065,93.2538,44.89,7.6638,2102.8699,1.4432,1.4161,0.1917,-458.4261,926.2357,0.5005
735.9396,394.8206,450.0902,91.2872,48.01,7.3492,2182.26,1.4037,1.3833,0.3332,-458.5454,947.1009,0.50964
736.092,380.2779,443.7464,91.2873,26.64,7.0575,2172.23,1.4143,1.4031,0.6751,-458.5187,928.05,0.48176
736.2444,404.3294,442.9134,99.1539,22.11,7.0133,2155.8499,1.3836,1.3823,0.703,-458.4034,931.6787,0.51169
736.3968,362.3793,452.8136,99.1538,44.61,6.8722,2168.8198,1.3295,1.338,0.7677,-458.8864,963.4302,0.54194
736.5492,369.6505,453.4864,99.9733,79.64,6.5857,2200.4299,1.368,1.3704,0.8096,-458.8636,953.4512,0.55613
736.7016,376.3627,447.9756,95.8593,123.52,5.8579,2245.52,1.3311,1.3464,0.8941,-458.4438,928.9572,0.5591
736.854,400.6936,440.991,97.1707,136.89,5.5025,2257.0601,1.351,1.3742,0.8661,-458.4546,935.3075,0.50571
737.0064,394.541,433.8462,99.4651,126.18,5.5918,2216.6499,1.4036,1.419,0.5351,-458.4091,934.4003,0.46999
737.1588,387.5494,436.5375,95.2208,113.12,6.0128,2159.55,1.3691,1.3694,0.325,-458.4546,952.5441,0.4498
737.3112,413.5582,438.9725,91.8934,116.09,6.2964,2132.21,1.4074,1.4095,0.2427,-458.125,980.2131,0.42925
737.4636,388.668,421.3188,84.6824,132.68,6.305,2175.75,1.4572,1.461,0.2208,-457.5562,918.071,0.41885
737.616,390.3459,395.1105,82.7157,147.31,6.2352,2258.8999,1.7417,1.7418,0.2678,-457.6989,929.6377,0.40597
737.7684,343.9211,392.9959,83.6172,147.05,6.2021,2308.54,1.613,1.6254,0.3851,-458.4261,946.6473,0.43062
737.9208,360.981,405.5554,87.5506,133.7,6.2516,2304.1602,1.5801,1.6114,0.6476,-459.2062,948.9152,0.45075
738.0732,366.2947,413.5652,92.6311,115.84,6.388,2254.1599,1.5574,1.6166,0.7057,-459.0057,908.7723,0.42987
738.2256,342.5228,417.3139,94.8928,108.79,6.513,2210.5701,1.4353,1.4965,0.3999,-459.1421,925.782,0.41665
738.378,357.9045,420.7101,91.8114,112.27,6.541,2184.8701,1.4009,1.4591,0.3167,-459.4432,1031.4695,0.42018
738.5304,375.5235,421.7994,95.4171,123.95,6.4294,2194.0,1.3994,1.4559,0.2361,-459.5125,978.8524,0.46816
738.6828,383.634,419.9091,95.2533,138.58,6.2687,2243.46,1.4108,1.4665,0.2747,-459.2216,895.1646,0.50147
738.8352,380.8372,418.9158,101.9233,143.2,6.152,2292.25,1.4797,1.5137,0.3323,-459.0625,976.3576,0.4849
738.9876,374.1252,420.0692,103.2347,138.05,6.125,2305.8301,1.5114,1.5396,0.5579,-458.95,1018.7684,0.47388
739.14,389.7866,419.877,100.7764,129.77,6.1574,2289.0999,1.4937,1.5243,0.7617,-458.9489,969.3269,0.47613
739.2924,363.4979,415.7119,98.4984,128.61,6.1849,2271.22,1.5744,1.6074,0.6496,-458.6648,975.6772,0.45204
739.4448,374.1252,415.0391,94.5648,133.61,6.2001,2265.4099,1.5905,1.6119,0.5496,-458.4438,975.4503,0.43064
739.5972,378.5999,414.7187,91.7788,138.55,6.2229,2259.75,1.5649,1.595,0.4132,-458.5057,963.8838,0.45018
739.7496,399.8547,412.1235,89.9104,142.8,6.2693,2263.72,1.5451,1.5735,0.3889,-458.5938,968.8733,0.44364
739.902,377.4811,412.4118,87.1241,143.72,6.3432,2269.02,1.4849,1.5094,0.4054,-459.1421,942.1113,0.4512
740.0544,383.9136,417.7624,93.8763,142.74,6.4371,2272.54,1.4911,1.5103,0.4676,-459.3579,928.2767,0.45695
740.2068,398.1765,428.8801,96.5642,146.34,6.5586,2282.78,1.4735,1.4983,0.5354,-458.9438,960.2552,0.46832
740.3592,388.668,433.3977,96.6136,144.84,6.7843,2272.23,1.4748,1.4964,0.5683,-458.6648,942.7917,0.47345
740.5116,385.3119,429.617,95.7613,134.73,7.1022,2218.3999,1.5479,1.5684,0.6726,-458.4937,945.9669,0.46988
740.664,399.2954,427.4063,94.696,122.6,7.3577,2158.1799,1.4601,1.4868,0.3605,-458.2784,951.6368,0.46796
740.8164,372.1677,424.747,93.6634,127.86,7.415,2154.9202,1.5128,1.5499,0.2824,-458.0057,918.9781,0.50584
740.9688,351.7519,412.6041,90.189,139.4,7.342,2192.53,1.5735,1.6182,0.2746,-457.7375,918.5245,0.52158
741.1212,358.7435,407.1573,89.4513,146.34,7.2681,2212.45,1.5191,1.5941,0.435,-457.4886,936.6683,0.5093
741.2736,328.8192,424.2985,92.2376,147.81,7.1798,2214.9302,1.402,1.4862,0.4452,-457.175,936.2147,0.48774
741.426,373.0066,423.2411,97.4656,160.22,7.0266,2248.8101,1.4711,1.5668,0.4521,-456.9546,939.8434,0.46259
741.5784,390.3459,413.9818,96.8102,159.54,7.0218,2262.6902,1.4452,1.5467,0.5619,-456.875,919.8853,0.46567
741.7308,368.5319,427.3102,95.2367,144.51,7.4411,2217.4001,1.4619,1.5508,0.6062,-456.8068,942.7917,0.49265
741.8832,398.1765,438.7803,92.4997,120.92,8.0602,2117.1001,1.462,1.525,0.3043,-456.9829,929.4108,0.48288
742.0356,414.1176,432.885,92.0899,113.47,8.5254,2046.4,1.4798,1.5371,0.1833,-456.8875,935.0808,0.4627
742.188,411.0413,409.7846,91.0409,137.64,8.624,2053.04,1.61,1.6594,0.1566,-456.5909,950.276,0.48319
742.3404,406.8463,393.7969,85.8457,164.25,8.6127,2089.27,1.5823,1.6182,0.1721,-455.8687,928.7304,0.48269
742.4928,454.9488,409.272,85.436,168.78,8.6237,2093.8899,1.5048,1.5275,0.1805,-456.4034,921.2461,0.47684
742.6452,466.4154,437.6909,83.9611,162.75,8.604,2076.1199,1.4149,1.4389,0.1722,-456.5398,963.8838,0.47867
742.7976,481.2375,453.8068,86.8618,158.54,8.5475,2094.1702,1.4573,1.4485,0.1598,-455.9659,966.1517,0.51087
742.95,479.2799,444.6756,83.8463,173.36,8.55,2141.3901,1.5669,1.505,0.1641,-455.8188,939.6166,0.50947
743.1024,472.0087,425.7402,88.9271,178.12,8.6822,2176.6101,1.5725,1.4919,0.1774,-455.7102,944.8329,0.50657
743.2548,443.4825,420.4537,87.6159,179.38,8.8906,2175.21,1.6114,1.5249,0.1921,-455.8625,952.0904,0.47465
743.4072,457.4659,419.3003,92.1227,175.15,9.0417,2162.4802,1.6863,1.6121,0.2029,-456.0284,943.9257,0.45169
743.5596,470.3305,415.5837,87.5338,171.45,9.0619,2159.96,1.6009,1.5811,0.1997,-455.2443,927.1428,0.43298
743.712,490.187,414.3662,88.2879,170.75,9.0015,2148.3201,1.584,1.5764,0.2166,-455.0938,927.1428,0.40463
743.8644,488.7887,416.1284,87.78,153.98,8.9342,2109.1599,1.5234,1.4916,0.202,-455.1932,938.4826,0.44565
744.0168,459.1441,426.9898,89.6317,101.38,8.8725,2009.98,1.4731,1.4072,0.158,-454.6193,943.0187,0.42227
744.1692,454.1098,433.1734,91.8279,47.8,8.7856,1934.9399,1.5135,1.4216,0.1262,-454.1704,937.5756,0.44829
744.3216,473.6866,425.7723,87.4029,13.74,8.6898,1894.6101,1.5772,1.5248,0.122,-454.0438,941.6578,0.41375
744.474,535.2133,418.8838,86.3211,17.0,8.6127,1905.7699,1.454,1.4176,0.131,-453.1421,932.5859,0.46177
744.6264,505.8484,432.9812,86.3212,44.72,8.5431,1941.1799,1.4911,1.4301,0.1364,-452.3864,923.514,0.47716
744.7788,470.0509,446.2134,92.0571,97.43,8.508,2005.3599,1.568,1.3991,0.1441,-451.5227,938.4826,0.50003
744.9312,489.9073,436.1531,94.0406,129.61,8.5159,2039.11,1.573,1.4027,0.1466,-450.8438,928.05,0.45989
745.0836,464.7372,423.0169,93.2206,135.69,8.5563,2039.3601,1.5874,1.4929,0.1352,-450.6421,912.1743,0.46952
745.236,455.788,413.1167,90.6151,122.72,8.5975,2035.9199,1.6483,1.5568,0.1368,-450.0796,902.6488,0.43416
745.3884,428.9399,414.0779,87.5337,106.56,8.6487,2018.0099,1.6051,1.5406,0.1367,-449.6136,928.9572,0.50454
745.5408,443.2029,434.6152,90.1563,67.5,8.6959,1960.62,1.4666,1.4358,0.1332,-449.5688,951.1832,0.48121
745.6932,423.9059,457.7797,88.6648,25.59,8.7041,1900.6799,1.4433,1.4318,0.1191,-449.3352,941.2042,0.50203
745.8456,431.7365,438.8444,90.3038,9.73,8.6422,1891.61,1.5739,1.5529,0.1174,-448.6932,935.3075,0.45281
745.998,435.3723,413.5652,86.3047,37.28,8.5265,1964.98,1.6015,1.5878,0.1248,-447.8579,959.3478,0.4484
746.1504,419.4312,408.5991,87.1241,70.59,8.3863,2046.2799,1.6574,1.6358,0.1368,-447.8438,936.6683,0.48063
746.3028,431.7365,406.8049,91.2703,91.9,8.2591,2098.55,1.7121,1.6803,0.1457,-447.9375,928.05,0.45572
746.4552,418.3126,409.0157,92.3197,82.13,8.1426,2086.53,1.6444,1.6273,0.1453,-446.8296,954.5853,0.49875
746.6076,416.0754,406.4204,92.4835,57.93,7.961,2048.52,1.6864,1.6532,0.1353,-447.4204,992.4601,0.4748
746.76,444.881,411.3545,88.3372,45.84,7.6319,2077.46,1.6904,1.6511,0.1479,-447.4688,939.3899,0.46734
746.9124,448.5165,422.2479,88.1892,49.2,7.1802,2171.5901,1.696,1.6595,0.206,-446.7841,907.1848,0.43536
747.0648,414.9565,411.1302,91.3032,58.47,6.5405,2273.8398,1.8019,1.7295,0.4026,-445.5454,984.9758,0.45652
747.2172,388.3884,386.8123,90.8117,42.01,5.6803,2293.6299,1.8189,1.7496,0.8508,-445.1063,1002.4391,0.42016
747.3696,344.4807,391.8425,87.3864,20.09,4.9394,2257.3801,1.6459,1.6406,0.7582,-444.2216,944.1526,0.41984
747.522,332.1751,414.6546,80.1754,5.73,4.4594,2231.27,1.6095,1.6504,0.6112,-442.8807,965.0934,0.4283
747.6744,326.3021,402.1272,81.8142,18.04,4.2863,2254.1899,1.7232,1.7991,0.6091,-441.4148,984.749,0.45533
747.8268,338.0481,382.1986,82.8961,18.86,4.2214,2258.55,1.7476,1.8593,1.2118,-439.9625,959.8016,0.44789
747.9792,324.0649,387.5812,89.1237,14.42,4.2831,2245.3401,1.8633,1.9841,1.3434,-438.7557,898.5665,0.47101
748.1316,323.2259,376.1432,88.632,3.51,4.531,2222.45,1.8408,1.9809,1.2328,-437.7954,916.937,0.46578
748.284,324.0649,346.3144,90.9756,11.33,4.9634,2237.53,1.7505,1.9092,1.1638,-438.1812,1000.1712,0.50942
748.4364,323.2259,332.0569,88.6815,14.08,5.6698,2230.1099,2.391,2.669,1.0597,-439.6648,1000.6248,0.43551
748.5888,324.0649,354.7088,85.7316,11.03,6.1879,2230.1299,1.7554,1.9577,0.4238,-441.4602,941.6578,0.42887
748.7412,326.582,392.8678,81.585,26.4,6.2252,2314.95,1.567,1.7571,0.4409,-443.0187,932.8127,0.44063
748.8936,360.7011,327.8918,72.5707,24.16,5.7569,2421.9202,3.5683,4.1627,0.5958,-444.5739,962.0694,0.43117
749.046,326.582,242.1221,68.3751,26.13,5.3836,2521.1001,6.11,7.4135,4.4563,-446.4375,963.657,0.35158
749.1984,324.0649,241.8979,62.1799,2.7,5.4061,2504.3298,5.9802,7.2914,6.6817,-448.2159,931.452,0.27889
749.3508,321.2681,265.3507,65.13,10.37,5.5608,2483.04,5.092,6.3249,5.2823,-449.175,938.0291,0.28178
749.5032,322.1073,295.1795,69.0961,21.94,5.8064,2453.97,2.9976,3.665,2.7954,-449.6193,980.8935,0.32452
749.6556,320.9887,319.6576,73.8493,28.86,6.0042,2413.46,2.0733,2.4841,1.5554,-450.2062,966.1517,0.41553
749.808,319.5901,345.3212,79.323,22.11,6.2276,2361.1099,1.504,1.7615,0.8656,-450.7784,947.1009,0.4511
749.9604,315.1157,362.0779,81.3552,14.63,6.3169,2316.1899,1.1744,1.327,0.6522,-451.525,953.9047,0.4726
750.1128,315.3951,359.6749,78.6511,13.73,6.275,2300.98,1.4048,1.5947,0.6464,-452.6591,954.3585,0.45553
750.2652,315.1157,359.4506,72.5217,10.92,6.2144,2266.6899,1.1902,1.3049,0.6237,-453.5812,955.2655,0.42441
750.4176,314.5562,374.2849,70.5548,4.7,6.1698,2216.5999,1.1516,1.2223,0.5252,-454.0,948.9152,0.40725
750.57,314.8358,382.6472,74.3406,-2.44,6.1426,2169.95,1.1623,1.2237,0.4408,-454.5,993.1405,0.41774
750.7224,315.1157,381.0452,74.6684,-2.56,6.1465,2158.1599,1.158,1.2054,0.4173,-454.9773,983.3882,0.40819
750.8748,314.8358,378.0655,73.8818,-1.18,6.1891,2163.0701,1.1797,1.227,0.4191,-455.0625,928.2767,0.43019
751.0272,316.2343,376.015,70.9976,-1.12,6.2242,2173.2,1.1793,1.242,0.4355,-455.4602,969.3269,0.40915
751.1796,317.0733,369.4469,72.6528,-1.6,6.1994,2196.96,1.1773,1.2523,0.4656,-455.5812,974.7701,0.45646
751.332,317.3529,362.8468,75.0785,-2.86,6.1068,2228.3101,1.2012,1.3068,0.5041,-456.125,955.2655,0.42952
751.4844,318.0055,369.1586,77.4218,-2.43,5.9679,2260.8098,1.4828,1.6546,0.6317,-457.3687,942.5649,0.45268
751.6368,318.4716,390.2085,85.4362,-0.31,5.8014,2284.0901,1.5141,1.6915,0.8475,-458.6648,1006.5215,0.42382
751.7892,321.2681,414.7827,85.1739,-0.18,5.6299,2284.1401,1.4748,1.6419,1.1066,-459.8864,968.4197,0.42936
751.9416,330.2175,426.1247,88.0586,-0.92,5.444,2276.96,1.4327,1.5801,1.1329,-460.55,928.5037,0.41212
752.094,328.8192,427.5024,90.0252,-0.46,5.2509,2264.54,1.4184,1.5587,1.1346,-460.5398,931.9055,0.42494
752.2464,326.8617,428.3034,92.09,2.81,5.0754,2259.4199,1.4256,1.5569,1.1367,-460.2,977.9451,0.42738
752.3988,328.8192,427.5665,97.4983,7.41,4.9812,2247.1399,1.3904,1.5037,1.1292,-460.0739,959.3478,0.41614
752.5512,328.2599,425.9325,95.6954,8.83,5.017,2230.48,1.3956,1.4987,1.1522,-459.5375,944.1526,0.41937
752.7036,330.2175,426.0927,94.7124,7.75,5.1931,2215.96,1.3967,1.4872,1.1571,-458.8125,971.5948,0.43067
752.856,328.2599,426.6053,91.287,5.76,5.384,2212.1799,1.3827,1.4553,1.1297,-458.4188,991.5529,0.4612
753.0084,325.1835,423.2091,90.3039,5.36,5.5087,2221.95,1.3849,1.4414,1.1095,-458.0966,951.6368,0.45005
753.1608,324.3445,420.2935,93.3686,7.38,5.5847,2236.6899,1.3825,1.4273,1.131,-457.4375,926.916,0.44696
753.3132,329.3786,422.8246,96.9742,6.64,5.6895,2232.1401,1.3595,1.3956,1.1719,-456.9716,977.9451,0.46923
753.4656,326.582,425.0033,91.5821,21.94,5.7871,2244.5801,1.346,1.3718,1.1452,-456.5313,1006.2947,0.50995
753.618,328.5396,430.9627,92.1229,43.59,5.8334,2270.27,1.3256,1.3404,1.141,-455.9659,970.0072,0.51411
753.7704,333.294,432.4044,89.4186,44.29,5.8018,2277.0,1.3316,1.3367,1.1049,-455.225,930.7715,0.51658
753.9228,332.455,422.9208,93.3849,32.31,5.6899,2266.24,1.3625,1.3613,1.1351,-454.3977,951.1832,0.52514
754.0752,329.0989,417.9867,93.3849,10.19,5.4903,2238.6301,1.4307,1.4296,1.1317,-453.8239,987.9242,0.52257
754.2276,327.7006,422.4402,94.8272,17.36,5.3019,2244.8398,1.4438,1.4302,1.1766,-453.525,960.9354,0.50299
754.38,327.7006,420.9343,92.1555,28.84,5.2384,2250.05,1.445,1.4333,1.178,-453.1591,959.8016,0.44926
754.5324,327.7006,415.9682,89.6317,37.17,5.306,2249.3201,1.4308,1.4235,1.1531,-452.8977,942.7917,0.4608
754.6848,324.3445,415.7119,87.7796,30.55,5.3796,2242.6702,1.434,1.4272,1.145,-452.6,916.2567,0.4697
754.8372,326.3021,414.2381,90.2707,30.46,5.3834,2242.8101,1.4272,1.4322,1.1765,-451.9489,949.142,0.47487
754.9896,326.0227,409.7205,87.878,62.37,5.3505,2272.6199,1.3705,1.3778,1.1137,-451.5625,980.6668,0.48657
755.142,323.2259,410.2972,89.1892,100.87,5.386,2305.3,1.3784,1.394,1.1154,-451.3937,961.1622,0.48517
755.2944,322.387,423.914,90.0909,129.25,5.4919,2331.3799,1.3724,1.3935,1.1146,-451.3579,939.3899,0.45921
755.4468,332.7346,429.9374,93.8603,136.99,5.4717,2338.3901,1.3849,1.4121,1.1741,-451.875,950.7296,0.44029
755.5992,339.7263,426.4131,94.4013,144.69,5.4337,2340.6602,1.3992,1.4252,1.1612,-452.0375,986.5634,0.41861
755.7516,335.5312,425.3878,95.7613,118.76,5.7762,2305.03,1.4018,1.4258,1.1525,-452.7329,956.1729,0.43286
755.904,335.8109,423.4654,98.5475,72.24,6.6083,2251.5,1.4011,1.426,1.1437,-453.5398,936.6683,0.42509
756.0564,332.1754,417.6663,99.2685,30.43,7.1816,2210.6499,1.4128,1.4432,1.1262,-453.8875,947.1009,0.44291
756.2088,328.8192,411.707,97.7933,42.41,6.9046,2229.29,1.444,1.4813,1.1421,-453.6364,972.502,0.4271
756.3612,328.8192,402.9602,94.5155,83.54,6.2846,2273.25,1.5015,1.5489,1.1847,-453.1534,973.8628,0.43329
756.5136,328.2599,407.9904,91.4508,118.64,6.0641,2304.6301,1.4737,1.5296,1.2263,-452.5171,946.6473,0.38441
756.666,322.387,422.0557,91.779,128.27,6.4238,2310.5,1.4157,1.4731,1.1725,-452.3563,929.8644,0.42636
756.8184,324.3445,417.1216,92.9262,125.9,6.9041,2298.21,1.4198,1.4836,1.1194,-452.2159,994.9548,0.40009
756.9708,334.4126,408.471,94.7289,127.3,7.3387,2282.78,1.4552,1.5312,0.8021,-451.8068,1002.8928,0.44528
757.1232,328.2599,408.5671,89.3205,135.76,7.7285,2261.49,1.4428,1.5327,0.4991,-451.35,950.0493,0.42211
757.2756,328.5396,415.5837,86.2065,146.44,8.0746,2236.96,1.4442,1.5443,0.4128,-451.2443,968.8733,0.4544
757.428,329.3786,430.5461,88.1732,151.88,8.3785,2185.99,1.3793,1.4771,0.3695,-450.8977,988.8314,0.44087
757.5804,362.3793,437.755,88.501,154.23,8.6319,2128.5999,1.3249,1.4141,0.2647,-450.3693,937.5756,0.44521
757.7328,382.5151,434.3268,90.3037,147.35,8.8241,2066.2,1.3551,1.4069,0.1734,-449.8813,958.8943,0.46507
757.8852,464.4576,436.8259,83.912,117.56,8.9286,2008.7,1.3596,1.3991,0.1422,-449.5682,996.7692,0.44935
758.0376,499.9754,439.7094,86.0427,121.57,8.9897,2031.3499,1.3702,1.4045,0.1495,-449.2727,970.2341,0.44262
758.19,476.2036,438.3318,84.9611,127.7,9.0596,2061.8999,1.4577,1.4261,0.1785,-448.9659,932.5859,0.49607
758.3424,508.9246,435.1599,88.239,162.34,9.1391,2108.49,1.5014,1.3836,0.1939,-448.7875,957.9872,0.50796
758.4948,515.3569,429.9374,90.5333,156.46,9.2433,2122.9602,1.4603,1.3519,0.1781,-448.5375,968.8733,0.53237
758.6472,513.1196,427.5665,91.9424,149.09,9.3971,2138.8098,1.5941,1.4512,0.1811,-448.5284,939.8434,0.53482
758.7996,526.8232,436.5696,90.205,126.54,9.5575,2116.1001,1.4626,1.3239,0.1764,-448.5562,964.791,0.4667
758.952,531.8572,440.4464,91.1885,111.39,9.6393,2057.0601,1.4497,1.3211,0.1733,-448.5966,969.7805,0.47166
759.1044,520.1112,428.3354,91.0412,82.88,9.6023,1980.1,1.489,1.3517,0.1493,-448.675,944.6061,0.48351
759.2568,515.3569,422.3761,89.8285,54.48,9.5026,1928.5901,1.4812,1.3454,0.1378,-448.6364,987.6973,0.54786
759.4092,521.5095,433.1734,86.944,25.1,9.4075,1895.8,1.4196,1.297,0.1295,-448.0313,967.059,0.55147
759.5616,527.6624,444.195,85.7804,19.67,9.3034,1890.38,1.4056,1.2856,0.1291,-446.9943,932.1324,0.48805
759.714,478.7206,432.7249,82.8466,54.33,9.2301,1951.89,1.5254,1.4014,0.1354,-445.7813,977.4916,0.48368
759.8664,443.4825,412.6682,84.2889,85.11,9.2096,1997.04,1.5523,1.417,0.1387,-444.9943,987.6973,0.45262
760.0188,468.0933,417.0896,82.3222,108.1,9.2439,2031.22,1.4545,1.3774,0.1506,-444.4625,943.0186,0.4508
760.1712,487.6701,435.7365,86.8292,90.63,9.3022,1992.9,1.4032,1.415,0.1467,-443.675,946.6473,0.45463
760.3236,456.9066,442.2406,85.5673,72.25,9.3204,1936.91,1.356,1.3595,0.1337,-441.7159,1045.5303,0.50957
760.476,461.1017,437.3706,89.1728,47.0,9.2836,1891.52,1.4232,1.3918,0.1157,-441.7813,1006.5215,0.51967
760.6284,444.3217,424.9072,91.5165,50.16,9.2074,1886.5,1.43,1.4219,0.1097,-441.3977,969.7805,0.52932
760.7808,472.8477,427.182,91.9262,51.13,9.1304,1889.7001,1.3899,1.3954,0.1093,-441.1313,1000.8517,0.49259
760.9332,480.119,442.7852,93.254,49.81,9.0357,1893.63,1.3117,1.3467,0.1093,-440.7386,1009.0161,0.50621
761.0856,473.407,445.4445,90.7299,41.03,8.9426,1908.99,1.336,1.3511,0.1157,-441.0125,976.1308,0.47683
761.238,451.0337,435.7686,91.0577,57.32,8.8621,1959.89,1.3693,1.355,0.1242,-441.5227,957.0799,0.49644
761.3904,473.6866,424.8752,86.3704,86.98,8.8255,2011.73,1.3794,1.3791,0.1381,-441.6,965.0178,0.4702
761.5428,466.9747,423.5616,87.2719,112.43,8.8506,2049.05,1.3922,1.417,0.1562,-441.1079,937.3486,0.51245
761.6952,464.1779,430.1937,90.5005,106.84,8.9348,2024.9301,1.375,1.3941,0.1533,-440.8188,925.782,0.56429
761.8476,459.1439,438.9405,96.1544,94.41,8.9757,1992.33,1.3185,1.3351,0.1341,-440.2329,954.812,0.52855
762.0,465.2968,432.3724,98.3179,87.8,8.9363,1981.5,1.3451,1.3675,0.1286,-440.025,964.3374,0.48085
762.1524,463.0593,421.9276,96.0726,90.92,8.8266,2008.0499,1.3488,1.3789,0.1286,-439.9204,931.6787,0.46476
762.3048,477.3224,425.9325,94.7454,116.34,8.7184,2066.6899,1.3495,1.3785,0.1623,-439.65,952.0904,0.45389
762.4572,465.2968,421.9276,91.8605,137.92,8.6985,2102.21,1.4395,1.4647,0.1611,-439.7898,949.3688,0.46786
762.6096,498.8565,419.6207,95.3022,143.81,8.808,2097.04,1.4544,1.4624,0.1884,-439.7437,946.6473,0.45857
762.762,485.7122,431.0268,93.3189,140.08,9.0154,2078.8101,1.3366,1.3497,0.1553,-439.7159,928.9572,0.47095
762.9144,502.7719,433.8462,95.1219,138.7,9.2747,2076.28,1.4475,1.4281,0.178,-439.5125,954.812,0.46272
763.0668,466.9747,428.3995,92.9916,142.56,9.4955,2072.5601,1.3758,1.3495,0.1808,-439.3182,995.6353,0.43089
763.2192,467.534,436.7939,90.6479,131.35,9.6564,2046.55,1.3638,1.3343,0.1524,-438.8,985.4294,0.45048
763.3716,489.348,434.0705,87.7634,110.04,9.6941,2022.47,1.4293,1.4426,0.1434,-439.0171,971.1412,0.46325
763.524,474.2459,427.8869,88.5172,98.74,9.6403,2044.4701,1.3431,1.3693,0.1398,-439.0688,953.4512,0.50391
763.6764,437.8894,443.5862,93.385,97.47,9.5669,2089.23,1.3706,1.3589,0.163,-439.0739,976.1308,0.52612
763.8288,428.9399,436.8259,100.2685,99.09,9.546,2105.1599,1.4251,1.4062,0.2004,-438.875,1008.3358,0.50663
763.9812,473.1273,428.1111,100.0878,100.68,9.597,2093.4802,1.3907,1.4145,0.1949,-439.1477,985.8829,0.52206
764.1336,451.3133,432.5005,100.0551,100.28,9.6658,2059.0,1.4096,1.4593,0.1655,-439.4375,955.2655,0.51026
764.286,460.2628,423.7538,97.3182,112.71,9.7049,2062.05,1.4658,1.4833,0.1438,-439.4716,962.7499,0.56028
764.4384,446.2793,417.442,98.5478,129.69,9.7524,2089.0701,1.4707,1.4779,0.1503,-439.4546,970.461,0.51576
764.5908,480.9579,423.2732,100.0227,141.49,9.8497,2107.21,1.4557,1.4697,0.1614,-439.175,949.3688,0.51888
764.7432,455.788,429.2325,97.0235,136.06,9.9489,2092.46,1.4283,1.4523,0.1514,-438.8579,962.5231,0.52983
764.8956,463.0593,427.0859,92.3688,128.57,9.997,2088.1802,1.475,1.4582,0.1514,-438.8011,978.3987,0.52292
765.048,436.2112,418.4352,88.927,121.56,9.9987,2100.4099,1.5092,1.4948,0.1611,-438.7898,969.7805,0.51815
765.2004,397.8969,421.447,92.0411,111.46,9.9956,2106.8999,1.4441,1.4254,0.177,-438.575,946.874,0.50088
765.3528,426.4228,429.4889,94.7452,97.43,9.9924,2100.9299,1.4249,1.4229,0.1699,-438.6193,943.9257,0.51437
765.5052,428.9399,426.9257,90.9759,80.96,9.9918,2071.52,1.4572,1.4879,0.167,-438.7313,959.5746,0.53144
765.6576,409.9228,431.2831,90.4842,65.24,9.964,2031.8301,1.3935,1.4164,0.1461,-438.8693,959.3478,0.57185
765.81,432.0164,429.1685,88.5013,50.37,9.8643,2000.34,1.3936,1.4024,0.1265,-438.9602,941.2042,0.59741
765.9624,432.5757,426.2849,89.4846,42.85,9.684,2010.83,1.3469,1.3647,0.1409,-439.1932,938.0291,0.51543
766.1148,449.6354,432.5646,87.5178,47.12,9.4741,2052.01,1.3929,1.3983,0.1443,-439.175,951.1832,0.54374
766.2672,472.8477,431.3151,91.451,53.45,9.2963,2085.46,1.405,1.3908,0.1849,-439.375,956.3996,0.55173
766.4196,464.7372,422.1839,92.9914,56.55,9.1221,2109.2898,1.4313,1.3935,0.1705,-439.8312,966.1517,0.55978
766.572,479.2799,416.2566,90.0414,62.25,8.8306,2142.3098,1.4918,1.4155,0.2449,-439.8125,931.9055,0.56038
766.7244,452.1523,421.6392,87.9112,66.88,8.3693,2171.8198,1.4653,1.3791,0.2578,-439.8693,944.3793,0.47888
766.8768,379.7186,426.8296,85.387,75.31,7.8552,2205.1499,1.465,1.3758,0.3294,-439.4375,969.7805,0.47141
767.0292,338.0481,426.2849,89.812,73.3,7.4264,2226.6799,1.3775,1.3439,0.3689,-439.3182,967.059,0.46531
767.1816,353.4298,423.946,89.6315,65.38,7.0741,2251.6501,1.3314,1.3775,0.3043,-438.7443,975.904,0.51093
767.334,363.7775,418.1148,89.9595,55.41,6.7905,2270.9099,1.3667,1.4452,0.4054,-438.7437,953.4512,0.50498
767.4864,335.5312,419.845,84.5184,40.83,6.6194,2271.1001,1.3152,1.3893,0.4011,-438.2557,969.3269,0.54347
767.6388,373.8456,430.8025,83.0598,34.35,6.4358,2276.95,1.3268,1.4078,0.6633,-437.4091,992.0065,0.53353
767.7912,334.4126,432.5005,81.257,27.59,5.98,2286.8501,1.4497,1.5522,0.6756,-437.2813,958.4407,0.52634
767.9436,331.6158,404.7864,83.7808,23.56,5.1011,2307.4099,1.6517,1.7641,0.7865,-437.2784,950.276,0.46094
768.096,361.2607,364.0323,80.9946,14.69,4.2106,2313.4502,1.814,1.9582,1.1874,-436.8864,1003.3464,0.39184
768.2484,327.7006,353.6515,80.5028,6.41,3.5364,2311.4199,1.8686,2.0216,1.131,-436.3,968.8733,0.3877
768.4008,327.421,358.0729,76.7172,1.11,3.2279,2300.71,1.9907,2.1434,1.1862,-435.9091,940.297,0.37159
768.5532,326.3021,357.6884,80.6506,0.2,3.0697,2302.9001,1.9881,2.1608,1.2161,-435.325,973.6359,0.37234
768.7056,328.2599,358.9059,83.1089,-0.72,3.0462,2300.5901,1.9871,2.1748,1.2233,-435.1,970.2341,0.35946
768.858,330.2175,360.3798,84.01,0.51,3.1074,2304.0,1.9833,2.1716,1.235,-435.2159,950.5028,0.35452
769.0104,332.7346,362.0458,79.0936,-0.7,3.213,2295.8301,1.916,2.0799,1.2028,-435.1063,954.812,0.35286
769.1628,332.1754,363.4235,82.3877,-2.7,3.3398,2288.3601,1.8407,2.0117,1.212,-435.0625,972.502,0.37278
769.3152,333.294,365.0896,84.7476,-3.57,3.4523,2292.02,1.7044,1.8535,1.0461,-434.95,969.3269,0.38582
769.4676,333.8533,367.4605,83.4855,-4.73,3.514,2295.0798,1.7823,1.9344,1.0758,-434.7329,942.5649,0.39048
769.62,332.7346,366.4673,81.3225,-3.92,3.4482,2294.9199,1.8997,2.0423,1.1197,-434.3813,965.2444,0.37051
769.7724,334.4126,363.5837,85.7477,-2.56,3.2958,2290.6499,2.0258,2.1775,1.3741,-434.2273,986.1098,0.36441
769.9248,331.6158,362.8788,88.8124,0.04,3.1269,2293.8999,1.9908,2.138,1.4337,-434.0812,962.9766,0.32713
770.0772,329.3786,362.7186,85.7477,2.32,3.0507,2297.9299,1.9006,2.0462,1.3798,-433.6688,928.9572,0.3166
770.2296,327.9803,364.0963,76.8978,2.75,3.0677,2295.7202,1.9309,2.0855,1.2615,-433.5739,942.5649,0.32518
770.382,327.7006,364.8333,74.1937,2.67,3.131,2293.01,1.9578,2.117,1.2551,-433.7188,1008.7894,0.38125
770.5344,326.0227,364.1284,75.8162,1.56,3.205,2297.22,1.9604,2.1296,1.3359,-433.6136,994.7281,0.41172
770.6868,325.4634,364.9294,85.1578,0.59,3.2438,2306.6101,1.9607,2.1464,1.5096,-433.7188,967.9661,0.402
770.8392,327.7006,366.3071,89.3044,-0.57,3.2386,2313.3098,1.9801,2.1627,1.5908,-434.4432,937.5756,0.37474
770.9916,328.8192,366.6915,89.2878,-2.96,3.2085,2307.98,2.0041,2.1973,1.6529,-434.7938,955.0386,0.38894
771.144,329.9379,367.5246,84.8954,-4.25,3.0985,2305.79,1.9425,2.1226,1.6314,-434.9204,966.1517,0.37908
771.2964,330.4972,369.9916,86.3376,-5.1,2.956,2305.7,1.8807,2.0505,1.6447,-434.9188,950.7296,0.37614
771.4488,330.4972,372.0101,89.7794,-2.83,2.8,2309.04,1.869,2.0292,1.6567,-434.7671,920.7925,0.35769
771.6012,333.0143,373.9324,90.1401,17.8,2.7871,2311.8999,1.8543,2.0073,1.6831,-434.2125,921.2461,0.38535
771.7536,332.7346,381.3656,89.386,45.06,2.8939,2307.9399,1.793,1.9313,1.7012,-433.2557,997.4497,0.43092
771.906,334.1329,390.7531,86.6817,73.58,3.1344,2305.53,1.7245,1.8561,1.6675,-432.4312,1006.2947,0.43801
772.0584,334.1329,398.0261,88.0912,62.93,3.539,2281.0801,1.6578,1.7794,1.6072,-432.6875,973.4092,0.40122
772.2108,332.1754,397.8979,88.1238,54.27,4.1843,2273.1099,1.6886,1.8122,1.451,-431.9625,978.8524,0.39201
772.3632,329.0989,381.4937,86.8949,38.14,4.864,2264.4199,1.5508,1.6671,1.0552,-429.8011,1000.1712,0.39387
772.5156,326.0227,367.5246,76.1109,37.44,5.3741,2277.5601,1.3441,1.4263,0.7637,-426.425,962.523,0.39876
772.668,319.3105,368.0052,71.9645,24.28,5.5951,2273.6499,1.3381,1.4022,0.6297,-424.1761,961.1621,0.40094
772.8204,321.8276,372.2984,66.2281,14.2,5.6582,2265.05,1.4327,1.4858,0.6188,-423.6,1011.9646,0.41352
772.9728,324.3445,375.182,69.6532,8.57,5.6474,2251.99,1.4666,1.5041,0.6207,-422.5682,960.7087,0.42603
773.1252,325.4634,374.6693,67.5391,5.76,5.6104,2239.4199,1.408,1.4216,0.5952,-421.25,963.4301,0.42024
773.2776,324.9038,374.1247,69.2763,3.82,5.5709,2237.46,1.3266,1.3285,0.5359,-420.3239,956.8531,0.39902
773.43,320.9887,375.4703,67.949,0.46,5.5467,2231.5601,1.2785,1.2864,0.5108,-419.6187,979.7595,0.38899
773.5824,322.6666,376.015,65.9168,0.16,5.5432,2228.3699,1.262,1.2855,0.5032,-419.0852,1004.4803,0.39437
773.7348,323.2259,375.182,61.4097,1.26,5.544,2228.74,1.2436,1.2908,0.5287,-419.0682,931.6787,0.39045
773.8872,324.6242,373.9004,59.6067,4.16,5.512,2242.21,1.2027,1.2854,0.537,-418.85,950.9564,0.41773
774.0396,323.7852,367.909,59.7873,3.21,5.4127,2267.9902,1.2154,1.3373,0.5595,-419.1307,1020.5829,0.4317
774.192,321.8276,350.6398,62.7209,4.46,5.2182,2323.1699,1.7208,1.9568,0.6867,-419.4204,1003.3464,0.40976
774.3444,322.1073,325.9694,63.5406,10.28,4.9379,2395.6299,2.79,3.2881,1.1135,-420.0938,951.6368,0.31707
774.4968,322.6666,292.36,62.8189,20.13,4.5723,2453.8501,4.6779,5.6988,2.4846,-420.1989,972.7288,0.26528
774.6492,320.9887,256.604,62.6553,17.87,4.2555,2482.6401,8.0333,10.4412,5.2402,-420.1591,1012.1913,0.22995
774.8016,317.9122,237.7648,60.2789,10.92,4.0398,2482.48,9.9375,13.4403,9.295,-419.9091,980.2131,0.21134
774.954,317.9122,235.9385,59.4106,4.57,4.0404,2472.6802,8.7311,11.7147,9.5297,-419.75,953.9047,0.19993
775.1064,316.514,257.405,59.1647,19.74,4.2441,2451.1099,5.9554,7.7458,5.5145,-419.2329,979.3059,0.21814
775.2588,318.7512,301.2029,61.8687,29.35,4.6459,2387.54,2.3899,2.9717,1.9822,-418.25,998.1301,0.2541
775.4112,320.9887,342.9182,64.6549,29.55,5.0776,2308.6299,1.1683,1.4012,0.8184,-417.3466,980.2131,0.31587
775.5636,318.7512,371.8178,67.359,14.36,5.3953,2220.1099,1.0449,1.2305,0.535,-416.3864,983.8417,0.34162
775.716,325.4634,382.7112,69.9811,2.55,5.5353,2175.4099,1.028,1.1809,0.453,-415.3438,977.4916,0.40249
775.8684,326.582,382.4229,71.6201,0.86,5.5641,2165.47,1.0339,1.1597,0.4517,-414.8636,940.297,0.42274
776.0208,325.4634,382.8074,71.6202,1.04,5.5365,2174.4202,1.0641,1.1719,0.436,-414.7273,933.4931,0.4457
776.1732,324.9038,382.9996,70.8009,1.23,5.4779,2184.8501,1.0969,1.1805,0.443,-414.9063,977.4916,0.46382
776.3256,322.1073,382.6472,70.85,-3.65,5.3981,2182.3699,1.1922,1.2681,0.4393,-414.1136,1001.3052,0.4493
776.478,320.4294,382.8394,73.3083,-7.04,5.323,2165.9099,1.1044,1.1632,0.4304,-413.6307,970.9145,0.45958
776.6304,317.3529,385.4346,71.8659,-5.03,5.2915,2154.8501,0.9982,1.0532,0.3644,-413.8636,953.9047,0.45148
776.7828,313.4375,387.0045,69.0305,-0.68,5.3833,2158.49,0.9498,1.0108,0.3533,-413.8813,983.8419,0.42358
776.9352,310.9206,384.6977,66.5723,1.38,5.5762,2178.9702,1.0539,1.1399,0.3918,-414.1193,977.4916,0.41315
777.0876,310.3611,378.5782,68.1949,0.22,5.7853,2203.6099,1.2581,1.3764,0.5106,-414.8352,930.5446,0.391
777.24,311.4799,373.548,68.8507,-2.38,5.9366,2217.04,1.233,1.3484,0.5874,-415.5171,930.7715,0.43233
777.3924,314.5562,373.2917,68.195,-6.9,6.0463,2211.8298,1.1118,1.2137,0.5327,-416.3937,1025.7988,0.41798
777.5448,315.9547,377.4888,65.4906,-11.94,6.1576,2200.55,0.9524,1.0388,0.469,-417.5966,1042.8087,0.40474
777.6972,316.7936,391.426,72.2102,-5.65,6.2655,2231.1899,0.9991,1.1072,0.5157,-419.4562,952.3172,0.40245
777.8496,321.548,417.5381,85.3215,8.35,6.147,2280.9099,1.1906,1.3299,0.7025,-422.7216,952.9976,0.45622
778.002,334.6922,436.089,92.9263,16.13,5.8349,2305.4399,1.1918,1.3179,1.0269,-425.1421,1021.9433,0.5445
778.1544,346.1586,442.1444,96.3185,13.25,5.4211,2291.24,1.1918,1.3072,0.9718,-426.4312,1000.1712,0.55711
778.3068,335.5312,446.8222,96.1547,5.95,5.1837,2270.5601,1.2159,1.3054,0.9419,-427.2216,961.6158,0.54413
778.4592,334.9719,445.4445,101.2352,3.67,5.1102,2261.1001,1.2085,1.2853,0.9159,-428.0063,971.1412,0.56018
778.6116,342.8027,440.5425,99.072,3.19,5.1415,2254.05,1.2077,1.2888,0.9458,-428.3636,985.6561,0.62415
778.764,334.4126,437.4346,97.7772,6.99,5.2631,2242.97,1.2045,1.2896,0.9147,-428.2125,985.6561,0.59197
778.9164,333.0143,442.3687,96.7938,24.21,5.5549,2257.02,1.2396,1.3365,0.9144,-427.7313,986.7901,0.56985
779.0688,340.5652,440.5425,95.7123,31.62,5.772,2270.9602,1.3124,1.4168,0.909,-426.6932,968.8733,0.53437
779.2212,333.294,403.4728,85.043,27.22,5.8696,2289.3701,1.6301,1.7562,1.0075,-424.7784,940.9774,0.49305
779.3736,325.4634,365.8905,76.947,16.8,5.6675,2324.04,1.6711,1.7991,0.9058,-423.0438,961.6158,0.50504
779.526,321.548,347.596,72.8004,41.02,5.3703,2407.6599,2.2412,2.4157,1.2589,-421.7813,964.791,0.51495
779.6784,323.2259,308.2516,68.2115,67.38,5.1199,2472.51,4.7636,5.3597,1.833,-421.2614,969.5537,0.45455
779.8308,324.3445,288.0988,64.2452,82.06,5.0562,2479.9399,4.3255,5.0016,3.321,-420.0063,953.678,0.38019
779.9832,323.5056,308.0914,65.2942,63.03,5.2192,2403.7002,3.0478,3.554,2.7532,-418.6023,945.9669,0.35488
780.1356,320.9887,337.824,69.0144,40.44,5.3921,2310.95,1.4783,1.6984,0.9871,-417.1063,975.6772,0.38513
780.288,317.0733,380.6287,71.4073,20.34,5.4671,2231.8201,1.0237,1.1648,0.6172,-415.0739,965.6982,0.43734
780.4404,313.9968,404.7224,69.4568,10.21,5.4287,2186.95,1.01,1.1447,0.4542,-413.7062,972.2753,0.48067
780.5928,314.5562,402.2874,70.5386,14.05,5.3784,2182.76,0.9965,1.1192,0.4524,-413.0114,983.8417,0.44354
780.7452,313.9968,396.7445,69.8828,18.67,5.4036,2180.0698,1.0233,1.1406,0.4438,-412.1938,976.1308,0.38768
780.8976,314.8358,394.2775,67.5394,19.28,5.4702,2169.74,1.007,1.1106,0.4343,-411.2898,958.8943,0.37509
781.05,314.8358,397.5135,64.7041,15.64,5.5068,2152.1001,1.0395,1.1335,0.4536,-410.9813,936.4415,0.38745
781.2024,314.8358,401.8708,66.212,13.18,5.4636,2142.97,1.0174,1.1045,0.4479,-411.0171,952.9976,0.44503
781.3548,314.8358,401.8388,60.0168,10.95,5.3703,2142.5601,1.0011,1.0827,0.4407,-410.7437,978.3987,0.46905
781.5072,314.2765,398.0261,58.1647,7.51,5.3018,2147.9299,1.0549,1.1587,0.4248,-410.0454,1001.9855,0.45854
781.6596,318.1919,392.5474,53.2154,4.98,5.2785,2158.4001,1.029,1.1486,0.4311,-411.1063,986.1098,0.44383
781.812,321.8276,387.4851,59.4105,4.15,5.2845,2167.3101,1.074,1.2192,0.4383,-411.4261,970.2341,0.43243
781.9644,320.9887,385.9152,60.3119,3.72,5.2791,2168.04,0.968,1.1019,0.4238,-411.0625,957.9872,0.42227
782.1168,319.3105,387.1327,63.9173,3.89,5.2503,2168.55,0.9495,1.0849,0.4429,-410.7375,972.7288,0.4186
782.2692,316.7936,390.3046,65.5398,1.61,5.2084,2167.03,1.0358,1.1958,0.4604,-411.0375,983.3882,0.4306
782.4216,320.1495,391.6823,68.1293,-2.27,5.1388,2170.46,0.9889,1.1457,0.5093,-411.8693,960.0283,0.41796
782.574,319.5901,384.8899,64.4255,2.22,5.0427,2208.4502,1.0323,1.2052,0.5427,-412.7671,953.9047,0.40746
782.7264,320.4294,354.068,62.6718,15.11,5.0074,2271.79,1.4519,1.707,0.7766,-413.5187,950.276,0.39943
782.8788,322.6666,309.9176,61.1637,20.95,5.2011,2306.24,2.2341,2.6545,1.3015,-414.8807,945.7401,0.39164
783.0312,320.4294,293.193,63.7205,17.31,5.6282,2283.8999,1.9126,2.2629,1.1035,-415.4312,952.7708,0.38749
783.1836,321.548,312.0322,62.0488,6.77,6.1455,2228.96,1.4044,1.6482,0.7128,-414.9943,966.1517,0.37921
783.336,319.8698,331.6724,61.0984,5.88,6.5614,2207.7798,1.4221,1.6723,0.5503,-415.2875,954.812,0.36868
783.4884,317.3529,346.5707,61.7868,5.23,6.888,2209.5798,1.3841,1.625,0.5527,-416.0909,970.2341,0.34698
783.6408,316.2343,348.8135,64.3108,4.67,7.1748,2229.1702,1.3696,1.5993,0.5703,-416.4318,969.5537,0.3631
783.7932,322.1073,326.5461,66.6053,3.18,7.4599,2248.24,1.3678,1.5711,0.5752,-417.2875,941.6578,0.35269
783.9456,328.8192,317.7993,65.7529,1.22,7.7074,2270.99,1.3394,1.4991,0.6317,-418.7046,941.4308,0.37251
784.098,330.2175,336.7026,70.9809,3.01,7.5374,2303.5601,1.4825,1.6293,0.7552,-420.25,954.3585,0.3876
784.2504,329.0989,359.2584,78.5199,7.58,6.6248,2335.96,1.6039,1.7343,0.9931,-421.2046,979.9863,0.4448
784.4028,330.2175,371.8819,83.158,8.17,5.3494,2343.5601,1.6335,1.7476,1.2653,-422.9312,973.4092,0.4842
784.5552,333.0143,377.9694,87.0752,4.78,4.3877,2328.46,1.6506,1.7534,1.3355,-424.8864,955.7191,0.48601
784.7076,332.455,390.1124,87.7309,-0.16,4.0894,2317.6101,1.6165,1.7066,1.2732,-426.1079,952.9976,0.42041
784.86,331.0565,394.5018,90.7958,3.92,4.0443,2339.6101,1.6732,1.76,1.3458,-426.8937,967.059,0.3947
785.0124,330.2175,378.6422,89.1568,5.41,3.8732,2355.51,1.8941,1.9864,1.4748,-427.4489,979.7595,0.3915
785.1648,329.0989,368.0052,88.6319,7.9,3.6043,2363.55,1.9435,2.0282,1.7136,-427.7727,976.1308,0.39377
785.3172,327.1411,366.5313,89.1237,5.23,3.3931,2348.72,1.9634,2.0487,1.7398,-428.1648,967.9662,0.41629
785.4696,329.3786,365.6022,85.4034,4.19,3.3728,2335.74,2.0262,2.1077,1.7898,-428.55,955.0386,0.39891
785.622,327.421,367.2042,84.125,1.27,3.5046,2325.1499,2.0726,2.1571,1.8135,-428.8523,947.1009,0.41249
785.7744,330.7768,368.8702,81.9945,-0.73,3.8035,2323.71,2.037,2.1233,1.8837,-428.7046,947.5544,0.3828
785.9268,331.3364,368.8702,82.4368,-1.85,4.1716,2330.3699,1.794,1.8687,1.5681,-428.4318,979.7595,0.41337
786.0792,333.0143,366.1469,75.9634,-0.49,4.3907,2344.1101,1.6966,1.7672,1.2746,-428.675,999.2641,0.41592
786.2316,322.9463,352.8185,78.2579,14.26,4.2827,2378.99,1.8248,1.9016,1.35,-428.4546,957.5335,0.39941
786.384,325.4634,325.5849,80.7162,30.58,3.9483,2410.8401,2.223,2.3308,1.9252,-428.0796,945.9669,0.33212
786.5364,327.421,319.5935,85.8786,40.79,3.6544,2413.3501,2.1368,2.245,2.178,-428.0511,945.7401,0.3107
786.6888,329.9379,340.259,83.961,27.15,3.5122,2367.73,1.9562,2.0491,1.5365,-429.1563,958.214,0.31216
786.8412,330.2175,353.6515,81.6666,15.72,3.4634,2322.1099,1.9378,2.0288,1.2639,-429.5454,965.9249,0.34735
786.9936,329.0989,358.938,84.1252,23.39,3.3774,2304.1699,1.9978,2.0922,1.2467,-428.7671,944.8329,0.38124
787.146,326.3021,359.8992,83.7646,53.11,3.2688,2313.75,1.9584,2.0587,1.2838,-429.05,965.6982,0.38959
787.2984,328.2599,360.6681,82.7813,89.26,3.1675,2325.73,1.9754,2.0813,1.348,-429.875,969.7805,0.39275
787.4508,324.9038,363.7759,79.0118,116.39,3.1397,2327.8899,2.0103,2.1182,1.4618,-430.9438,959.3478,0.34923
787.6032,325.7428,365.9546,80.6343,139.4,3.147,2325.4001,2.0299,2.1384,1.6301,-431.3239,948.4617,0.35921
787.7556,324.9038,366.8197,82.9287,154.25,3.1472,2329.1499,2.0157,2.1215,1.7001,-430.9688,951.1832,0.35457
787.908,323.7852,367.909,86.2885,166.15,3.2071,2332.46,2.029,2.1317,1.833,-430.7784,983.3882,0.39775
788.0604,321.548,369.4469,87.7633,156.43,3.6311,2315.49,2.0082,2.1115,1.5695,-431.0125,977.9451,0.40017
788.2128,321.548,371.113,91.7951,153.0,4.1984,2300.49,1.9877,2.0984,1.2225,-431.4829,945.7401,0.39548
788.3652,329.9379,373.0674,91.7131,145.78,5.1065,2283.6799,1.9538,2.0579,0.875,-431.9546,951.6368,0.41283
788.5176,345.0399,375.4383,92.582,144.79,5.935,2271.75,1.949,2.0448,0.8548,-431.9813,959.1211,0.42266
788.67,357.9045,376.7199,90.8448,131.05,6.9478,2211.1199,1.9686,2.0551,0.4663,-431.95,933.9468,0.46654
788.8224,352.8705,378.3539,92.549,123.2,7.5426,2151.03,1.9534,2.0228,0.2701,-432.7386,969.3269,0.44007
788.9748,367.6929,383.5443,89.0581,126.66,7.7338,2124.99,1.8722,1.9144,0.1888,-432.7938,983.6151,0.46678
789.1272,394.541,384.8899,90.6148,136.61,7.5273,2154.9102,1.8837,1.914,0.1931,-432.7671,959.8016,0.42206
789.2796,393.1427,382.5831,86.1247,136.53,7.2944,2174.1899,1.9041,1.931,0.1912,-433.3312,967.9661,0.45486
789.432,378.0406,384.2171,87.0914,138.97,7.134,2190.1299,1.911,1.9236,0.2054,-433.3466,990.6458,0.44023
789.5844,352.3112,385.2744,85.207,131.86,7.0489,2164.6299,1.9287,1.9367,0.2356,-433.2687,970.2341,0.44486
789.7368,390.3459,385.3385,88.9763,125.9,6.9404,2140.3501,1.8839,1.9083,0.2139,-433.6932,952.9976,0.40814
789.8892,381.3965,386.1715,87.8949,126.36,6.7601,2143.6201,1.9319,1.9787,0.2142,-434.1313,955.9459,0.38771
790.0416,384.7526,386.0113,87.2394,138.26,6.537,2185.0901,1.9897,2.0222,0.2285,-433.9943,971.5948,0.38855
790.194,387.2695,382.519,88.8618,161.57,6.4128,2257.6399,1.9498,1.9768,0.3442,-433.3625,975.4503,0.42611
790.3464,405.7277,382.0384,89.796,161.2,6.5314,2251.6101,2.0001,2.0253,0.495,-433.7784,953.4512,0.46753
790.4988,399.8547,384.6336,87.108,148.48,6.7555,2193.3101,2.0271,2.054,0.3772,-432.9188,959.8016,0.49249
790.6512,394.8206,385.1142,85.1576,129.46,6.9307,2113.3599,1.9121,1.9206,0.233,-432.4562,970.9145,0.45567
790.8036,406.0073,387.9337,82.4206,119.07,6.9173,2076.5601,1.915,1.9133,0.167,-433.3011,952.5441,0.43973
790.956,411.321,382.2627,88.3702,141.64,6.8003,2134.3101,1.9127,1.9229,0.1715,-432.7159,958.8943,0.39866
791.1084,389.2273,361.6293,85.42,163.74,6.7623,2232.1001,2.1623,2.2153,0.2446,-432.6812,963.657,0.39759
791.2608,340.8449,369.4149,86.3212,173.64,6.9415,2275.3501,1.9119,1.9497,0.3877,-432.8062,950.276,0.4107
791.4132,357.9045,418.4993,82.7321,153.66,7.3003,2229.0598,1.5641,1.6078,0.3103,-431.3807,977.0381,0.42446
791.5656,382.2357,437.3065,86.5507,132.04,7.6316,2131.8601,1.4838,1.5247,0.2273,-432.0187,980.2131,0.42062
791.718,399.8547,416.8653,94.6636,121.19,7.7595,2064.72,1.5579,1.5793,0.1631,-431.8125,967.9661,0.43771
791.8704,425.5839,423.946,97.7772,127.3,7.715,2066.5701,1.4591,1.4634,0.1485,-431.8937,957.9872,0.45923
792.0228,438.4487,440.3182,98.4981,134.88,7.6632,2082.7998,1.5056,1.49,0.1505,-430.9318,965.4713,0.49684
792.1752,421.1094,423.2091,95.335,141.25,7.6709,2098.72,1.6076,1.5627,0.1574,-431.8188,998.8104,0.57718
792.3276,408.2446,410.4254,96.5314,139.59,7.72,2099.03,1.5644,1.5092,0.1548,-431.2216,987.6973,0.54315
792.48,421.1094,417.2818,95.9908,140.54,7.7444,2127.0601,1.5143,1.4641,0.1722,-431.4688,961.1622,0.49608
792.6324,420.2702,420.3896,96.4824,146.7,7.7359,2186.9299,1.5555,1.5224,0.2232,-431.9432,965.9249,0.47211
792.7848,423.6263,425.2276,94.1389,152.34,7.71,2243.5701,1.5253,1.4869,0.3367,-431.725,987.4706,0.47778
792.9372,430.6179,432.885,96.3679,147.12,7.7459,2254.3,1.5578,1.5217,0.5186,-432.2954,962.7498,0.49346
793.0896,427.2617,437.9473,90.7463,129.51,7.8955,2195.6699,1.5096,1.4799,0.3731,-431.3625,956.1729,0.52747
793.242,436.7705,436.8259,91.287,109.87,8.0034,2094.6602,1.5353,1.5041,0.224,-431.4886,950.9564,0.51854
793.3944,430.6179,428.8481,90.7952,101.93,7.9629,2011.27,1.5416,1.5111,0.1462,-430.8579,987.9242,0.50669
793.5468,410.2024,425.58,94.2206,108.27,7.7514,1991.5399,1.5458,1.5078,0.128,-430.9875,999.9444,0.50552
793.6992,412.16,422.2159,95.1549,119.88,7.5552,2031.58,1.5415,1.5324,0.1313,-432.2727,936.2148,0.52851
793.8516,415.7957,416.0964,91.2542,129.36,7.4682,2102.8198,1.5793,1.6262,0.1605,-431.2841,955.4924,0.52364
794.004,316.514,411.1623,92.1393,129.07,7.4709,2156.6401,1.5178,1.5979,0.2321,-431.2813,987.4706,0.4766
794.1564,308.4035,421.1586,90.484,124.71,7.572,2180.78,1.4308,1.508,0.2819,-430.9943,983.1616,0.49738
794.3088,350.074,431.5714,92.9098,116.13,7.7591,2157.5,1.3915,1.4741,0.3484,-430.9148,970.461,0.46428
794.4612,396.4986,429.4889,94.8764,118.53,7.9641,2143.8201,1.3713,1.4534,0.2474,-430.5688,974.9969,0.53578
794.6136,431.7365,430.9306,96.1385,134.01,8.0972,2167.1802,1.4134,1.4707,0.2738,-430.2954,975.9041,0.5028
794.766,432.0164,432.9812,92.6965,151.44,8.1644,2217.47,1.4811,1.5175,0.2855,-431.3466,995.8619,0.45474
794.9184,434.5333,437.6909,92.7296,159.46,8.2841,2255.3899,1.5119,1.5101,0.5269,-430.8011,972.9557,0.47707
795.0708,431.1772,436.5055,89.6808,147.24,8.6034,2235.22,1.484,1.4677,0.5248,-430.6421,961.1621,0.47327
795.2232,435.0926,433.3656,93.7781,132.54,8.9688,2190.2002,1.5387,1.5314,0.3979,-431.1938,947.1009,0.50893
795.3756,404.8887,428.9442,89.1563,124.12,9.2677,2149.01,1.4585,1.446,0.2557,-432.0057,957.7603,0.46407
795.528,427.2617,422.0237,92.0246,128.53,9.3929,2145.79,1.4842,1.4728,0.2077,-431.9829,996.996,0.47739
795.6804,428.9399,425.2596,89.4025,126.38,9.5553,2124.0999,1.4651,1.4746,0.2452,-431.3864,974.9969,0.44776
795.8328,436.2112,429.0724,90.222,106.09,9.7523,2052.71,1.4141,1.4132,0.2002,-430.4063,941.6578,0.45301
795.9852,425.8635,429.5209,90.2217,61.24,9.9203,1946.03,1.397,1.3907,0.147,-431.5398,955.2655,0.46689
796.1376,427.8214,436.5696,92.5163,28.76,9.9253,1887.86,1.4087,1.3938,0.1154,-431.1704,982.7079,0.54257
796.29,426.7025,440.991,91.533,38.52,9.8322,1912.7001,1.4305,1.4232,0.1127,-431.5125,951.1832,0.60828
796.4424,445.1607,441.5677,91.9428,43.86,9.7571,1924.7001,1.3845,1.3691,0.1198,-431.7216,939.8434,0.62577
796.5948,444.6013,434.6472,91.1725,40.28,9.6996,1916.4099,1.4374,1.424,0.1179,-431.7563,974.7701,0.6844
796.7472,450.1947,426.6053,94.2863,35.0,9.6285,1925.39,1.4056,1.3704,0.1199,-432.1307,991.5529,0.59823
796.8996,411.6006,434.9996,97.482,63.44,9.4919,1990.5699,1.4418,1.3998,0.1424,-432.2557,959.1211,0.54904
797.052,418.5922,435.32,97.5965,102.97,9.3388,2072.6199,1.4541,1.4103,0.1603,-431.9,952.0904,0.49246
797.2044,421.1094,424.0101,95.3023,121.67,9.262,2126.0,1.4712,1.4566,0.2277,-431.5796,1003.1195,0.51634
797.3568,426.4228,427.9189,90.9594,118.28,9.2396,2135.8799,1.3741,1.369,0.2691,-431.5375,1010.1502,0.56367
797.5092,427.8214,440.2862,88.501,113.37,9.172,2145.1699,1.425,1.4158,0.2976,-432.0966,954.5853,0.5482
797.6616,423.6263,422.8887,85.2557,109.82,8.9647,2136.25,1.5471,1.5339,0.2845,-431.5438,959.8016,0.51702
797.814,426.1434,413.3089,86.0753,126.04,8.7016,2155.26,1.427,1.4212,0.2934,-431.6932,968.8733,0.4692
797.9664,423.9059,428.6238,85.5344,139.71,8.5682,2150.9199,1.4434,1.44,0.2847,-430.2563,959.3478,0.48534
798.1188,380.8372,426.7014,86.8128,140.13,8.5835,2113.1699,1.4384,1.4292,0.2135,-430.0284,972.502,0.47923
798.2712,424.7449,433.8783,85.1084,136.28,8.6318,2090.6899,1.3803,1.3727,0.1643,-431.8875,972.9557,0.52118
798.4236,473.1273,445.9251,90.0743,132.14,8.6727,2095.75,1.4319,1.4467,0.1887,-431.2727,989.7385,0.52168
798.576,432.8553,432.4044,92.9424,140.48,8.7529,2109.24,1.4981,1.4999,0.2383,-430.9034,998.5836,0.57152
798.7284,401.5326,424.1062,94.3847,129.79,8.8933,2067.22,1.4915,1.439,0.2201,-431.725,989.7385,0.65018
798.8808,395.6596,445.1241,92.7461,128.34,8.9855,2048.3899,1.42,1.3788,0.1578,-431.7443,985.6561,0.70054
799.0332,417.194,446.1814,95.4503,124.71,9.0362,2073.99,1.4556,1.4563,0.1894,-431.2375,988.8314,0.75188
799.1856,406.5666,428.4956,96.7122,135.32,9.0783,2135.8499,1.4492,1.4602,0.2135,-431.3864,956.1729,0.5828
799.338,400.414,423.113,98.8428,128.32,9.1381,2136.48,1.4129,1.4021,0.2591,-431.0688,974.3164,0.50437
799.4904,429.4993,431.1229,101.0062,119.44,9.0808,2109.5601,1.4342,1.4203,0.1807,-431.4438,999.0373,0.49337
799.6428,424.7449,440.19,98.3018,123.63,8.8973,2120.1101,1.4383,1.4208,0.2133,-430.8466,989.285,0.5163
799.7952,433.4147,434.1666,93.7125,136.18,8.6917,2165.23,1.4903,1.4573,0.2142,-430.0,976.3576,0.50443
799.9476,439.2877,424.8752,88.4844,143.77,8.6161,2205.53,1.5526,1.5134,0.3209,-431.05,965.2444,0.46941
800.1,439.2877,426.7655,90.8443,135.49,8.7202,2185.8699,1.4764,1.4454,0.2711,-431.0682,978.8524,0.44798
800.2524,407.6852,427.7267,92.5001,124.34,8.9132,2130.9099,1.4527,1.4105,0.331,-431.1875,976.1308,0.50272
800.4048,402.0919,430.45,91.9592,120.19,9.0334,2098.0999,1.4864,1.4432,0.2002,-431.6989,962.9766,0.50771
800.5572,423.6263,447.5271,90.3205,128.07,9.0348,2124.6399,1.3969,1.3732,0.2204,-431.1563,965.2444,0.55576
800.7096,427.5417,458.2603,89.1568,133.79,9.016,2168.2898,1.4386,1.4321,0.2433,-430.6932,982.4812,0.54141
800.862,428.101,436.3773,89.8777,130.81,9.1673,2178.0801,1.4979,1.4741,0.5124,-430.7625,987.4706,0.54588
801.0144,408.2446,419.6527,91.8608,120.09,9.4438,2141.5801,1.4389,1.4095,0.3263,-429.9886,976.5844,0.55536
801.1668,411.0413,433.0452,93.008,115.17,9.6802,2126.73,1.4337,1.404,0.2828,-430.1875,964.5641,0.57503
801.3192,419.7109,437.5628,101.4809,112.31,9.8095,2113.8999,1.4592,1.4414,0.2096,-429.8977,985.6561,0.66442
801.4716,410.7617,432.6928,102.1199,109.27,9.8056,2095.96,1.4335,1.4197,0.2205,-430.4125,1009.0162,0.57315
801.624,406.0073,431.0268,100.3336,105.18,9.6997,2067.5701,1.3977,1.3777,0.1679,-430.3579,949.3688,0.58751
801.7764,426.4228,438.3638,90.6479,104.82,9.463,2064.4399,1.3819,1.3632,0.1852,-429.525,963.4302,0.49299
801.9288,437.0502,437.8191,86.223,106.06,9.1758,2074.9399,1.462,1.4545,0.1675,-429.4375,1025.5725,0.51195
802.0812,407.4056,429.5209,92.2704,117.85,8.9179,2113.3699,1.4614,1.4326,0.2003,-429.2062,1017.8614,0.54605
802.2336,410.2024,429.649,94.5648,130.42,8.728,2152.48,1.4724,1.4355,0.2137,-429.6307,958.214,0.55115
802.386,424.7449,441.2153,98.351,143.28,8.6191,2196.52,1.4902,1.4624,0.3202,-429.5875,948.6884,0.52859
802.5384,415.5158,439.9337,94.2534,141.49,8.6214,2204.49,1.5859,1.5774,0.3633,-429.3296,1012.4183,0.4437
802.6908,407.4056,427.3422,96.7775,129.27,8.7677,2167.46,1.4318,1.4135,0.2831,-429.0562,1054.3754,0.4655
802.8432,426.9824,426.9898,100.6943,99.56,8.9027,2070.1699,1.4917,1.4806,0.193,-428.6477,982.7079,0.47279
802.9956,415.2364,431.187,98.0231,58.47,8.8772,1942.2999,1.4059,1.4014,0.1334,-428.4375,955.4924,0.53264
803.148,419.9905,435.7686,93.3686,29.8,8.6414,1885.92,1.4159,1.3991,0.1198,-428.0682,1000.8516,0.50617
803.3004,417.194,434.6472,91.4346,46.07,8.3697,1932.33,1.4462,1.4327,0.1183,-428.1704,1009.4699,0.60699
803.4528,436.2112,429.617,92.6311,99.56,8.1339,2056.9302,1.5115,1.5026,0.1378,-427.9886,967.9662,0.66892
803.6052,407.6852,426.6694,99.8094,147.84,7.9756,2171.5801,1.5126,1.5079,0.1963,-428.8625,982.0275,0.65169
803.7576,410.7617,428.3675,98.3017,158.31,7.9587,2209.22,1.4759,1.4587,0.2724,-429.3636,1003.5731,0.61943
803.91,439.2877,434.6793,98.728,137.73,8.1136,2167.6799,1.4972,1.4969,0.3231,-429.3239,962.0694,0.58073
804.0624,402.9308,452.1728,97.4498,119.01,8.2618,2090.3398,1.3618,1.3795,0.2074,-428.625,973.1824,0.59161
804.2148,428.6603,453.9029,100.0718,122.38,8.2475,2064.2,1.431,1.421,0.1908,-428.2102,973.6359,0.52187
804.3672,429.4993,432.1481,100.432,130.49,8.0776,2097.1602,1.4529,1.4683,0.1681,-428.2727,988.3777,0.53482
804.5196,413.8379,425.2276,98.1378,131.58,7.884,2117.5398,1.4745,1.4677,0.199,-428.65,968.8733,0.57992
804.672,405.1684,432.5967,91.6149,123.49,7.7071,2119.8398,1.4162,1.4081,0.1656,-428.2841,977.4916,0.64258
804.8244,434.5333,438.1715,93.7784,130.37,7.5746,2123.0901,1.406,1.4021,0.1713,-428.4148,1000.1712,0.67289
804.9768,422.5076,436.6657,96.4004,147.66,7.6084,2154.79,1.4608,1.4638,0.1829,-427.9813,1017.8614,0.636
805.1292,429.4993,435.1278,96.9414,150.73,7.8875,2148.24,1.4874,1.4717,0.1773,-428.6079,987.017,0.58236
805.2816,435.9316,436.2171,99.5634,139.29,8.244,2113.1699,1.5025,1.4989,0.1675,-428.3693,967.5125,0.51375
805.434,416.9143,433.0452,97.5969,121.1,8.4717,2077.47,1.5354,1.5405,0.1453,-428.8068,1001.7587,0.50187
805.5864,375.5235,437.0181,102.104,106.36,8.4899,2068.6399,1.4809,1.4824,0.1599,-429.525,1054.6027,0.4829
805.7388,388.668,445.2523,102.5958,101.1,8.4106,2085.5999,1.4179,1.4229,0.1815,-429.7954,992.9137,0.50414
805.8912,425.3042,445.3804,99.9733,103.33,8.3417,2102.7998,1.4768,1.523,0.2078,-429.5568,986.7902,0.47805
806.0436,428.9399,437.3065,99.6129,110.99,8.3496,2106.3499,1.4272,1.4651,0.2434,-428.5313,1015.5933,0.54552
806.196,402.9308,431.4433,94.2043,109.9,8.407,2070.1001,1.428,1.449,0.1943,-426.3239,1008.3358,0.59382
806.3484,425.3042,434.8715,96.8267,111.25,8.4276,2054.6301,1.4334,1.4342,0.1587,-426.0227,975.6772,0.54831
806.5008,420.5498,437.755,95.3844,110.63,8.4032,2058.8601,1.4496,1.4636,0.1565,-425.8375,998.8104,0.4912
806.6532,449.915,442.8813,98.3344,107.65,8.3454,2058.5798,1.4756,1.4843,0.148,-425.375,1011.9646,0.46562
806.8056,423.9059,443.0415,96.5645,104.36,8.2977,2046.9698,1.3904,1.3738,0.1587,-425.1307,980.44,0.47146
806.958,456.0677,436.3453,98.3672,99.11,8.2431,2020.9501,1.4849,1.4487,0.1387,-425.4063,996.24,0.4261
807.1104,436.7705,443.8746,96.4496,101.89,8.1707,2030.1899,1.4049,1.3799,0.1372,-425.8182,1030.5619,0.42364
807.2628,409.0835,451.9806,97.5637,112.43,8.0852,2092.7898,1.4463,1.3975,0.1528,-426.1421,1025.1187,0.48953
807.4152,419.4312,434.9996,93.1387,126.19,8.0096,2176.0,1.5307,1.4885,0.1883,-426.2563,963.4302,0.57735
807.5676,422.228,422.6004,94.2205,134.77,8.0153,2237.8098,1.4938,1.4763,0.3059,-426.7614,948.9152,0.6071
807.72,414.6768,425.7723,95.8596,125.43,8.1761,2217.03,1.551,1.54,0.3242,-426.3438,1024.4385,0.55593
807.8724,396.2189,434.1025,97.4986,111.37,8.4125,2155.2,1.4684,1.449,0.2542,-426.5909,1046.4379,0.53404
808.0248,411.8803,439.0046,95.6957,95.33,8.5746,2085.6099,1.4649,1.4382,0.1755,-426.65,997.2228,0.50251
808.1772,435.0926,434.7754,89.9597,90.68,8.5552,2068.76,1.4483,1.4312,0.1492,-426.9943,936.4415,0.55095
808.3296,431.7365,431.9879,92.2046,95.65,8.4209,2108.3601,1.4993,1.4719,0.192,-426.9063,992.0065,0.55551
808.482,439.008,435.7045,92.877,98.55,8.3092,2128.8601,1.5159,1.4588,0.2342,-426.3921,1065.942,0.52444
808.6344,409.0835,435.3841,98.5639,98.64,8.2187,2106.26,1.5384,1.4685,0.2312,-426.4125,1036.9117,0.52404
808.7868,405.448,430.6102,95.6635,91.22,8.0865,2057.74,1.5339,1.4537,0.1622,-426.6421,1006.7483,0.50543
808.9392,432.2958,429.7131,95.7124,97.28,7.8772,2085.8501,1.528,1.4534,0.1565,-426.45,1003.8,0.48783
809.0916,435.3723,424.3305,95.106,88.88,7.6411,2088.6299,1.5453,1.4921,0.1887,-426.5114,1002.8928,0.46957
809.244,404.8887,436.1531,97.4658,77.82,7.3723,2059.98,1.4922,1.4246,0.1825,-426.2938,984.9758,0.51582
809.3964,416.6347,436.3453,96.7447,69.08,7.0894,2022.84,1.5199,1.4383,0.1464,-426.3296,960.9354,0.49633
809.5488,419.9905,415.4876,94.9418,73.2,6.7988,2034.25,1.591,1.5236,0.1355,-426.5063,973.8628,0.47587
809.7012,428.6603,413.5332,91.8772,74.65,6.5356,2077.6802,1.6193,1.573,0.152,-425.8693,1009.243,0.46357
809.8536,417.4736,415.6798,93.0408,80.21,6.2905,2148.1499,1.8022,1.7375,0.1797,-425.1812,1012.4182,0.5065
810.006,399.8547,382.6472,87.6981,89.13,6.1314,2226.0,2.1753,2.1062,0.2573,-424.8977,971.1412,0.56518
810.1584,412.9989,369.4149,88.5992,90.15,6.0771,2231.9199,2.1574,2.0928,0.2516,-425.5438,985.2026,0.53571
810.3108,397.6172,397.129,92.6969,74.13,6.0252,2157.52,1.7924,1.7365,0.1955,-426.2443,1019.222,0.50384
810.4632,424.7449,410.2011,97.0237,58.09,5.7996,2097.3499,1.8329,1.7721,0.1572,-426.2188,1016.5005,0.49727
810.6156,439.847,407.5098,97.3186,65.93,5.383,2154.3901,1.8394,1.789,0.2022,-425.7727,1001.3052,0.49419
810.768,425.3042,411.3866,87.1899,76.16,4.9029,2247.23,1.8296,1.7669,0.3458,-425.8188,965.6982,0.47975
810.9204,374.9642,422.8887,89.517,78.31,4.5254,2308.99,1.8048,1.7431,0.6241,-425.4602,982.0275,0.49561
811.0728,351.1926,408.4069,91.746,66.24,4.3073,2308.0698,1.6851,1.6731,0.81,-425.1375,1018.3149,0.49562
811.2252,361.8199,400.4611,97.4493,62.21,4.1805,2315.28,1.5945,1.6473,0.7565,-424.7159,1008.1091,0.49985
811.3776,337.2091,406.6127,98.5473,58.06,4.0383,2319.5701,1.6578,1.7476,1.0001,-424.225,977.4916,0.45661
811.53,328.8192,409.6885,99.4325,43.67,3.8446,2318.6699,1.7234,1.8132,0.9822,-423.3011,974.3164,0.49905
811.6824,324.3445,407.9904,102.3826,21.89,3.654,2288.78,1.7743,1.9028,1.2748,-423.1688,1005.6143,0.50451
811.8348,318.7512,390.625,97.1873,20.93,3.5652,2290.02,1.6681,1.7924,1.1468,-422.6136,1021.7169,0.50784
811.9872,314.5562,376.4315,96.3024,25.57,3.6611,2301.1101,1.5814,1.7026,0.9977,-422.2273,976.3576,0.47264
812.1396,314.8358,373.9645,92.2052,26.88,3.9155,2312.5898,1.5521,1.678,0.9357,-421.7313,944.8329,0.43836
812.292,314.5562,375.0859,92.1723,15.58,4.231,2305.4399,1.555,1.6867,0.9529,-421.0909,1035.0975,0.43467
812.4444,315.1157,381.5258,89.1071,11.82,4.4754,2304.9299,1.5607,1.6979,0.9975,-421.4562,1061.8601,0.43216
812.5968,315.675,391.2658,90.4184,11.64,4.6179,2308.3601,1.6243,1.7746,1.0583,-421.1648,1016.2737,0.44888
812.7492,317.6326,396.9368,91.6803,8.16,4.6334,2305.29,1.6631,1.8123,1.1359,-421.0438,995.1816,0.46572
812.9016,318.7512,407.2855,93.1719,8.32,4.5874,2311.53,1.6716,1.8159,1.1906,-420.875,1014.0059,0.48517
813.054,315.1157,396.2639,86.7634,6.75,4.5585,2311.51,1.6357,1.7689,1.0746,-420.8188,1031.4695,0.51669
813.2064,316.514,371.1771,82.0927,9.26,4.6305,2319.74,1.5146,1.6295,0.8939,-420.3921,1005.3875,0.46819
813.3588,315.9547,365.9867,73.9312,8.12,4.7849,2314.45,1.4836,1.5972,0.7655,-419.7954,987.4706,0.42768
813.5112,317.6326,368.1653,72.8003,7.06,4.95,2310.1399,1.5273,1.6368,0.7641,-419.7437,1028.5205,0.38991
813.6636,317.0733,373.3557,71.7023,2.78,5.0965,2298.74,1.5225,1.634,0.8205,-419.0511,998.8104,0.37833
813.816,315.1157,377.5529,71.0138,-0.21,5.2156,2290.8499,1.4543,1.5586,0.8187,-418.4546,958.8943,0.37268
813.9684,316.7936,376.2713,70.3421,2.31,5.306,2305.9199,1.4186,1.5125,0.7506,-419.4,1015.5933,0.40069
814.1208,318.7512,365.1536,72.7512,6.49,5.3451,2328.8,1.8287,1.9666,0.9267,-421.3977,1036.0052,0.3795
814.2732,317.0733,364.7051,79.7495,8.74,5.3063,2341.29,1.5052,1.5974,1.0158,-422.8813,1008.1091,0.37282
814.4256,313.7172,388.7347,88.7796,7.67,5.1982,2339.8699,1.5366,1.6343,1.236,-423.6591,987.9242,0.37758
814.578,311.4799,407.0612,91.5659,4.95,5.049,2332.7798,1.5806,1.6848,1.0675,-424.8239,984.749,0.42398
814.7304,314.2765,403.9854,92.467,5.4,4.9234,2338.51,1.5154,1.6046,1.1439,-426.2813,1006.975,0.41796
814.8828,317.6326,398.4747,88.0422,3.53,4.8476,2330.28,1.5716,1.657,1.1503,-427.1818,985.6561,0.44576
815.0352,318.7512,399.9485,91.5002,2.55,4.8238,2322.48,1.5921,1.678,1.1609,-427.9204,970.9145,0.46657
815.1876,318.1919,406.1001,93.4341,2.46,4.82,2318.97,1.6023,1.6904,1.1835,-428.8563,1006.0679,0.4892
815.34,318.4716,410.3933,103.6118,2.88,4.8365,2317.8101,1.5749,1.6462,1.1951,-429.8011,1030.5619,0.47508
815.4924,320.4294,408.7593,108.3481,3.34,4.8546,2314.3201,1.553,1.621,1.2384,-430.2614,994.7281,0.42701
815.6448,322.1073,410.3933,110.6427,3.79,4.8626,2309.72,1.5191,1.5771,1.2555,-430.0875,958.214,0.40092
815.7972,321.548,414.6226,103.2511,5.07,4.7923,2311.53,1.519,1.5718,1.2776,-430.6421,1014.6862,0.41511
815.9496,326.0227,418.4673,102.7594,4.78,4.6021,2311.8101,1.5218,1.5722,1.2641,-431.0852,1051.4274,0.45807
816.102,328.2599,417.9547,99.4324,2.77,4.3243,2309.1799,1.5328,1.5837,1.275,-430.4063,989.285,0.43111
816.2544,330.4972,417.442,104.0215,1.58,4.0651,2309.6001,1.5483,1.6015,1.2713,-430.1364,972.502,0.45275
816.4068,330.4972,420.0692,99.5968,0.96,3.8761,2311.8401,1.5535,1.6078,1.2868,-431.0375,1012.4182,0.46708
816.5592,327.1411,420.4537,103.2023,0.5,3.7562,2310.49,1.5132,1.5588,1.2822,-431.5454,1019.222,0.46291
816.7116,328.2599,422.7926,97.3018,-1.09,3.7056,2295.6599,1.4627,1.5172,1.2523,-430.8579,989.285,0.49183
816.864,331.0565,427.182,99.9237,-2.4,3.7562,2276.23,1.45,1.5039,1.2313,-429.8062,1006.0679,0.49832
817.0164,334.4126,426.8296,94.8762,-2.66,3.925,2257.6301,1.4199,1.4632,1.1841,-429.5114,979.3059,0.53858
817.1688,333.0143,430.0015,99.7933,-0.55,4.1889,2250.3,1.3858,1.4245,1.0593,-430.1187,984.749,0.55891
817.3212,329.9379,438.1075,94.549,1.44,4.5143,2242.4299,1.4087,1.443,0.997,-430.2386,997.6764,0.53429
817.4736,331.8957,433.718,97.5151,4.0,4.7731,2246.8601,1.4331,1.4623,0.9257,-429.9875,979.3059,0.51929
817.626,332.1754,416.609,98.4163,3.79,4.8819,2249.71,1.4498,1.4851,0.9578,-430.0909,958.6675,0.53344
817.7784,332.1754,404.2738,100.2192,12.39,4.8265,2268.47,1.5243,1.5675,0.9499,-429.7313,1022.8508,0.55035
817.9308,330.4972,404.8185,99.2356,17.08,4.8901,2258.2,1.5416,1.6106,1.0709,-429.3409,1030.5619,0.54578
818.0832,331.8957,424.3625,92.4343,28.21,5.0186,2263.22,1.3373,1.4083,0.845,-428.8937,968.4197,0.49856
818.2356,346.9975,446.7902,91.8113,32.81,5.1453,2268.7,1.2485,1.3088,0.686,-428.3182,961.1622,0.50311
818.388,336.0905,449.065,92.959,37.59,4.991,2298.8901,1.3409,1.4073,0.58,-427.775,998.3568,0.51494
818.5404,333.5736,438.6201,98.6789,38.05,4.7002,2314.24,1.3109,1.3763,0.7048,-427.7898,1027.614,0.50814
818.6928,329.6582,423.6256,97.7775,37.2,4.3952,2325.8801,1.3851,1.4689,0.806,-427.4688,1017.4077,0.51919
818.8452,329.6582,417.5702,100.3995,34.0,4.2279,2324.6501,1.3843,1.4688,1.0592,-426.6421,1019.222,0.51447
818.9976,333.294,422.312,96.7938,29.44,4.1947,2323.1799,1.3788,1.4631,1.0191,-426.6437,974.3164,0.54539
819.15,345.0399,427.182,97.9904,25.22,4.2295,2316.8198,1.3284,1.4091,0.941,-426.8352,1018.9952,0.55908
819.3024,331.6158,422.4081,94.942,27.25,4.2335,2331.99,1.367,1.4516,0.952,-426.9438,1059.1384,0.6539
819.4548,338.8873,415.808,94.4013,31.67,4.247,2340.8899,1.3817,1.4705,1.0786,-427.0511,1013.0987,0.61609
819.6072,336.6498,416.4488,92.7621,39.96,4.3004,2347.3499,1.3894,1.4851,1.0792,-427.075,948.0081,0.57656
819.7596,339.4466,416.7372,90.9592,47.9,4.4034,2337.3301,1.3736,1.4675,1.1329,-426.5562,1012.1913,0.51153
819.912,337.489,420.2295,92.8276,56.85,4.4574,2339.74,1.3884,1.4952,0.9413,-427.2386,1076.8285,0.47667
820.0644,332.455,423.5295,93.09,72.31,4.4784,2369.28,1.3349,1.432,1.0067,-427.2875,1005.3875,0.44211
820.2168,332.7346,425.3878,90.7301,77.53,4.5669,2385.1499,1.3733,1.4781,0.98,-427.1136,991.0993,0.44544
820.3692,333.8533,431.2831,91.5661,77.05,4.813,2383.8201,1.3084,1.4071,1.0683,-427.3563,988.3777,0.52994
820.5216,332.7346,424.1703,94.2701,58.32,5.2178,2337.8999,1.3611,1.4582,1.0126,-427.3125,1022.8508,0.56674
820.674,334.4126,426.0286,97.3841,46.16,5.5139,2305.9199,1.3704,1.4741,0.8117,-426.9625,1016.5005,0.6683
820.8264,332.1754,438.9405,98.105,41.07,5.4923,2304.8301,1.2941,1.3869,0.7347,-426.375,1000.6248,0.57283
820.9788,329.9379,436.3453,101.0386,40.24,5.1556,2317.3,1.4556,1.5667,0.7192,-426.3937,992.4601,0.56148
821.1312,331.0565,427.5345,99.9244,42.65,4.876,2327.6201,1.3223,1.4228,0.9166,-426.0454,1005.1607,0.5041
821.2836,331.8957,421.447,98.1215,44.19,4.8607,2329.8398,1.3455,1.4468,1.0497,-425.6938,1017.8614,0.48528
821.436,334.4126,419.1401,91.2382,46.66,5.0333,2329.1499,1.3638,1.471,0.9842,-425.9886,1006.5215,0.49355
821.5884,332.7346,417.9867,90.697,47.88,5.1521,2334.6802,1.3715,1.485,1.034,-426.4375,995.1816,0.51009
821.7408,329.0989,419.012,92.4179,45.47,5.1468,2328.8801,1.3558,1.4722,0.9794,-426.4773,1003.3464,0.53758
821.8932,327.421,422.7926,99.2522,41.03,5.0804,2335.1599,1.399,1.5281,0.9647,-426.85,1016.9541,0.51824
822.0456,329.6582,428.3354,97.7937,27.57,4.974,2321.3,1.3465,1.477,0.9524,-426.5284,988.8314,0.48001
822.198,329.9379,423.113,97.335,22.35,4.8178,2321.4099,1.3979,1.5285,0.9778,-426.6,1013.7789,0.4332
822.3504,325.4634,417.41,89.4027,25.43,4.6441,2321.1101,1.35,1.4698,1.0278,-426.8125,1044.6228,0.45591
822.5028,328.2599,416.8333,91.8609,34.32,4.4823,2338.3901,1.4244,1.5555,1.1757,-426.9,1018.3149,0.53561
822.6552,335.5312,409.1118,89.3369,25.97,4.3483,2328.76,1.5011,1.6386,1.2565,-427.2216,985.2026,0.52715
822.8076,330.2175,404.4981,93.2214,19.92,4.2216,2317.0601,1.4833,1.6204,1.2892,-427.5187,976.1308,0.49282
822.96,332.7346,410.4574,95.2864,13.92,4.5006,2285.95,1.4334,1.5639,1.2436,-427.8125,1010.6038,0.44593
823.1124,328.5396,406.1321,98.1709,16.15,5.2417,2251.3799,1.498,1.6468,0.5866,-427.5227,1040.9946,0.46145
823.2648,329.0989,415.5517,98.0067,8.02,5.8703,2205.47,1.5203,1.6729,0.2676,-427.375,1002.8928,0.46943
823.4172,355.108,439.1007,95.8434,18.77,5.9055,2224.6101,1.236,1.3491,0.2275,-427.4773,963.4302,0.49132
823.5696,364.8961,432.885,94.6305,41.12,5.3538,2277.8699,1.3693,1.505,0.2905,-427.5,978.8524,0.49067
823.722,331.0565,421.1266,92.5327,64.26,4.8621,2322.6199,1.3527,1.4795,0.6769,-427.5966,1010.1502,0.51671
823.8744,330.4972,420.6139,90.6644,70.19,4.6017,2322.28,1.2901,1.3973,0.6277,-427.8068,1032.376,0.5148
824.0268,329.6582,421.1586,92.0574,63.33,4.5124,2303.6399,1.3573,1.4828,0.7337,-427.75,1007.2017,0.49361
824.1792,347.5568,416.7692,92.6802,60.66,4.4889,2300.6899,1.3161,1.4422,0.5433,-427.8352,987.2439,0.50789
824.3316,333.0143,416.3847,95.4662,66.55,4.4864,2311.45,1.3266,1.4442,0.6595,-427.8409,998.3568,0.51873
824.484,342.2432,420.6139,91.6806,74.19,4.5456,2337.21,1.3085,1.416,0.6334,-427.8813,1014.6862,0.53702
824.6364,360.1418,419.2683,91.3529,69.93,4.6881,2352.54,1.3537,1.48,1.0451,-427.9489,1017.8614,0.47299
824.7888,331.0565,420.0052,88.8945,51.89,4.8838,2337.1301,1.3042,1.4233,0.8794,-428.0438,1012.1913,0.48047
824.9412,332.1754,427.118,87.4523,41.61,5.1721,2307.8,1.2882,1.4014,0.9218,-428.3864,973.4092,0.45261
825.0936,329.0989,425.3878,88.9274,43.06,5.5765,2289.49,1.2865,1.4026,0.8982,-428.6023,965.0178,0.53059
825.246,330.4972,417.8265,92.8112,54.17,6.021,2295.54,1.292,1.4127,0.8601,-428.9773,996.996,0.50247
825.3984,332.455,417.1857,95.1711,58.43,6.2842,2301.8899,1.2854,1.4034,0.879,-428.8937,1025.1187,0.5432
825.5508,348.9554,426.7655,95.7445,60.78,6.2556,2320.46,1.2543,1.3703,0.6873,-428.9034,1025.1187,0.47428
825.7032,337.7687,439.5493,96.1218,54.88,5.9888,2322.3801,1.2507,1.3606,0.7888,-429.025,966.6053,0.50663
825.8556,346.9975,431.4433,100.3831,44.52,5.722,2317.5901,1.3484,1.4629,0.7804,-429.1932,945.0596,0.46141
826.008,339.167,418.1469,103.2676,32.9,5.662,2297.4802,1.3338,1.4583,1.033,-429.1932,1005.1607,0.47838
826.1604,331.3364,422.2159,101.6288,28.35,5.8795,2288.3101,1.2223,1.3227,0.944,-429.1307,1053.2413,0.50882
826.3128,342.2432,427.8228,97.7115,28.03,6.155,2287.6001,1.2176,1.3159,0.8827,-429.1375,1019.4489,0.57468
826.4652,360.1418,427.15,98.6787,30.31,6.2674,2291.79,1.2415,1.3447,0.7407,-429.4886,985.6561,0.55726
826.6176,344.7603,423.882,96.0565,33.66,6.2223,2302.6899,1.2923,1.3912,0.7625,-429.5511,962.0694,0.56624
826.77,336.6498,424.9713,95.1552,38.41,6.1321,2321.6099,1.2947,1.3855,0.7567,-429.6063,994.7281,0.52464
826.9224,336.3704,426.0606,86.9605,40.46,6.0828,2327.6702,1.324,1.4224,0.9034,-429.7557,1008.3358,0.48764
827.0748,331.6158,420.0372,85.9771,39.18,6.0638,2318.1602,1.3875,1.4992,0.7115,-429.8466,997.4497,0.48893
827.2272,332.455,421.479,89.4025,35.04,6.1216,2292.98,1.2879,1.3884,0.7776,-429.875,985.2026,0.50756
827.3796,332.455,437.1463,97.4332,34.48,6.2356,2288.95,1.3259,1.4346,0.7,-429.9659,977.4916,0.48676
827.532,335.2516,428.9762,99.8916,35.87,6.2643,2299.21,1.3281,1.4386,0.8327,-430.175,979.7595,0.48443
827.6844,327.7006,410.137,100.6128,35.85,6.3577,2304.9399,1.3186,1.4259,0.834,-430.1761,979.5328,0.52864
827.8368,339.167,417.0255,100.7111,26.22,6.6567,2285.53,1.3517,1.4599,0.9374,-430.1125,965.6982,0.53962
827.9892,345.8789,433.1734,104.6443,13.46,7.0215,2256.2002,1.1839,1.2567,0.7043,-430.3068,964.5641,0.58897
828.1416,344.7603,447.6552,98.4327,10.67,6.9789,2256.46,1.3362,1.4185,0.6305,-430.375,966.3785,0.56874
828.294,343.6417,434.4229,93.5652,18.49,6.5048,2275.7102,1.3188,1.3949,0.708,-430.4937,983.8417,0.63931
828.4464,329.9379,416.8653,88.6488,29.69,6.0862,2301.9299,1.2825,1.3571,1.0174,-430.5057,988.8314,0.5419
828.5988,332.1754,424.4907,92.5165,30.42,5.9821,2309.6299,1.32,1.3929,0.922,-430.4125,987.017,0.46881
828.7512,339.4466,423.6256,95.4009,33.68,5.8928,2327.3699,1.3985,1.4854,0.8888,-430.1704,953.4512,0.41781
828.9036,344.4807,406.901,101.1368,36.3,5.6681,2338.6299,1.3629,1.4486,0.9852,-430.1187,977.4916,0.40854
829.056,330.4972,405.0428,100.7759,38.45,5.6027,2330.52,1.3209,1.3978,0.7309,-430.1079,979.7595,0.42684
829.2084,340.0059,419.2042,98.2523,35.07,6.0955,2300.6899,1.3075,1.3822,0.6725,-430.075,976.1308,0.44649
829.3608,341.4042,427.7267,90.7133,31.55,6.7679,2281.3599,1.3366,1.4185,0.6163,-430.0562,994.2745,0.52138
829.5132,343.362,433.6219,89.8123,32.23,7.0786,2288.53,1.2391,1.3091,0.7606,-430.1307,978.8524,0.57439
829.6656,333.8533,430.0335,93.8927,31.43,6.687,2317.3999,1.3893,1.4716,0.8424,-429.8466,962.7499,0.55707
829.818,332.7346,417.4741,99.449,27.06,5.9676,2331.3,1.3335,1.4128,1.0911,-430.1375,993.3673,0.50433
829.9704,332.1754,414.9429,99.2688,30.19,5.3856,2346.6899,1.3771,1.4569,1.2165,-430.1761,1004.0267,0.42976
830.1228,331.6158,412.0273,98.6133,32.54,5.146,2337.1101,1.4656,1.5556,1.2322,-430.4562,1011.511,0.43348
830.2752,332.7346,412.3157,96.0892,38.45,5.1054,2339.22,1.3587,1.449,1.1204,-430.3,961.8426,0.43305
830.4276,329.9379,413.6614,98.5801,37.57,5.0883,2335.8201,1.4302,1.5225,1.144,-430.4489,947.5544,0.4437
830.58,337.2091,406.5486,97.4988,34.39,5.0334,2341.8501,1.4798,1.5851,1.0958,-430.4,985.883,0.46182
830.7324,341.6838,410.5535,99.4818,30.31,5.0012,2341.1802,1.362,1.4589,1.085,-430.7329,992.0065,0.48366
830.8848,328.2599,411.2904,102.432,24.25,4.9715,2342.74,1.4459,1.5465,1.1033,-430.6079,975.9041,0.48318
831.0372,332.1751,407.5418,99.7277,17.73,4.8504,2337.27,1.3886,1.4846,0.9987,-430.3438,1005.1607,0.47646
831.1896,327.9803,408.7914,96.3514,18.37,4.6308,2349.8298,1.4359,1.5424,1.0776,-430.3062,1012.4182,0.44068
831.342,327.7006,406.5166,90.3693,12.79,4.2715,2345.29,1.4598,1.5588,1.0522,-430.5114,993.8209,0.44884
831.4944,331.0565,410.4254,90.058,11.5,3.9632,2348.74,1.4864,1.5931,1.3137,-430.275,982.0275,0.49537
831.6468,326.582,410.1691,90.7301,3.85,3.778,2339.6499,1.4981,1.6079,1.3223,-430.1534,980.44,0.47221
831.7992,334.1329,404.9466,86.9443,2.25,3.7723,2339.79,1.5019,1.6183,1.3517,-430.4125,994.7281,0.45947
831.9516,329.0989,402.6078,88.9108,1.78,3.8203,2339.3301,1.4854,1.5992,1.4461,-430.3523,989.7385,0.43297
832.104,328.8192,400.4932,90.1726,3.35,3.944,2337.95,1.4656,1.5806,1.4864,-430.3375,952.5441,0.45797
832.2564,326.582,403.8893,97.8099,3.67,4.0813,2328.3101,1.426,1.5319,1.2131,-430.4125,959.1212,0.45299
832.4088,336.3704,410.2332,97.9573,4.53,4.2667,2322.5701,1.4222,1.5266,1.2125,-430.1023,996.0889,0.47064
832.5612,337.489,418.1469,95.9741,4.47,4.3607,2317.22,1.3584,1.457,1.1997,-430.0,1005.1608,0.50839
832.7136,328.2599,411.8672,97.6133,6.16,4.4717,2317.6001,1.4031,1.4933,1.3575,-430.1,1007.8823,0.51963
832.866,338.8873,408.3748,101.0389,4.74,4.5199,2306.75,1.4322,1.5249,1.0697,-430.075,996.5424,0.51772
833.0184,335.8109,421.2867,103.7432,11.59,4.5542,2321.54,1.4259,1.5238,1.0815,-429.8523,1017.8614,0.49218
833.1708,325.1835,417.3139,104.0707,13.87,4.4471,2338.1399,1.3888,1.4834,1.0447,-429.9602,1009.0161,0.50958
833.3232,329.9379,405.1709,92.9587,14.46,4.2643,2355.29,1.4159,1.513,1.3017,-430.1648,1003.3464,0.51441
833.4756,329.6582,402.6078,96.925,7.06,4.043,2348.71,1.4753,1.5808,1.4284,-430.1563,1001.532,0.56416
833.628,326.0227,400.8456,91.1069,3.29,3.8723,2337.8301,1.4356,1.5339,1.5211,-430.4432,981.1204,0.51887
833.7804,326.582,398.1222,95.6958,8.43,3.9179,2341.1001,1.437,1.5331,1.5725,-430.6688,992.0065,0.4814
833.9328,325.4634,400.8776,90.5495,19.79,4.1749,2354.1802,1.4606,1.5662,1.398,-430.8011,1032.376,0.48969
834.0852,326.0227,400.5893,90.5497,34.27,4.4539,2385.6001,1.5128,1.6166,1.3672,-430.7443,1021.4906,0.50427
834.2376,325.4634,397.0009,96.9415,37.9,4.457,2402.26,1.511,1.6156,1.3637,-430.8636,988.8314,0.52223
834.39,325.4634,397.8979,97.9412,29.06,4.2276,2385.1199,1.5089,1.6154,1.4519,-430.8937,973.4092,0.50322
834.5424,329.9379,403.1845,100.3176,15.38,4.0642,2347.04,1.4567,1.5589,1.2334,-430.5796,1008.7894,0.50641
834.6948,325.4634,409.8487,96.5483,12.33,4.0475,2330.1101,1.4526,1.5522,1.1451,-430.7386,970.461,0.50125
834.8472,326.3021,409.7205,99.2525,10.25,3.9849,2332.47,1.4672,1.5732,1.1637,-430.9937,954.812,0.47131
834.9996,326.582,402.832,101.2191,10.01,3.7815,2345.23,1.499,1.6142,1.4057,-430.8352,1010.377,0.4554
835.152,325.7428,395.9756,99.1702,4.24,3.5884,2340.4399,1.5011,1.616,1.5344,-430.8011,1016.9541,0.44162
835.3044,326.3021,393.5085,91.8607,7.77,3.6079,2345.21,1.4806,1.5899,1.5452,-430.9432,988.3777,0.48288
835.4568,328.2599,395.1105,84.1577,12.08,3.8174,2344.1001,1.4833,1.5929,1.3839,-430.8687,986.7901,0.52737
835.6092,326.8617,397.8018,88.3045,18.54,4.0977,2353.3398,1.4874,1.5958,1.3075,-430.7614,1023.7584,0.57723
835.7616,332.7346,403.3767,92.4018,20.02,4.2491,2359.72,1.4271,1.5253,1.3097,-430.6193,1014.4592,0.51476
835.914,331.8957,402.9602,98.3018,21.29,4.213,2376.1599,1.4921,1.5967,1.3914,-430.8813,988.3777,0.5075
836.0664,325.4634,392.9639,94.5157,15.25,3.9698,2377.53,1.515,1.6209,1.4962,-430.7954,994.7281,0.46438
836.2188,326.3021,388.2861,93.0407,9.9,3.7398,2373.0901,1.5539,1.6707,1.563,-430.4773,993.3673,0.45645
836.3712,325.7428,389.1191,93.6963,5.94,3.6863,2358.4001,1.6027,1.7274,1.6034,-430.5812,1024.4385,0.41203
836.5236,326.0227,390.4969,93.1555,13.57,3.8483,2363.48,1.6041,1.7358,1.4055,-430.75,1022.8508,0.41459
836.676,326.8617,391.5221,94.6305,17.18,3.9891,2366.55,1.5521,1.6743,1.4415,-430.1932,958.214,0.3994
836.8284,327.1411,388.4143,93.0572,14.52,3.9321,2370.76,1.5812,1.705,1.4546,-430.2687,988.3779,0.38284
836.9808,326.3021,387.7415,98.5641,6.04,3.7183,2358.9302,1.5501,1.6685,1.651,-430.5511,1069.5712,0.39115
837.1332,326.582,389.4395,94.7947,1.08,3.5441,2350.8999,1.5411,1.6635,1.6148,-430.7125,1018.9952,0.37735
837.2856,327.7006,384.3453,96.3679,1.14,3.4583,2347.0,1.5585,1.6806,1.6004,-430.6307,925.782,0.39389
837.438,326.582,383.9608,94.8273,1.17,3.4645,2349.8799,1.554,1.673,1.548,-430.6375,947.5546,0.39984
837.5904,326.582,387.2609,99.4162,1.33,3.524,2353.0801,1.556,1.6753,1.6015,-430.5625,1094.9723,0.45333
837.7428,324.3445,385.723,99.4653,4.6,3.6015,2364.6799,1.5642,1.6796,1.6108,-430.425,1090.663,0.49142
837.8952,325.4634,383.7686,100.3505,5.48,3.6492,2364.78,1.5755,1.6903,1.6197,-430.3579,987.017,0.46728
838.0476,325.1835,381.5578,101.6615,5.39,3.6549,2362.2,1.6235,1.738,1.5707,-430.25,1006.9752,0.4605
838.2,325.4634,380.2762,103.743,2.45,3.6094,2353.8599,1.6574,1.7741,1.6038,-430.6704,991.5529,0.44689
838.3524,325.4634,379.4112,101.055,1.68,3.4826,2358.5601,1.6806,1.8088,1.7132,-430.8125,947.3276,0.44415
838.5048,324.3445,375.5985,95.6465,1.33,3.2871,2365.54,1.739,1.8648,1.7829,-430.7375,996.0889,0.46105
838.6572,325.4634,373.0353,92.8603,0.59,3.1713,2363.6501,1.7621,1.8898,1.7886,-430.6079,1036.4589,0.43717
838.8096,327.1411,375.5665,94.4829,-0.16,3.221,2353.0801,1.7557,1.8844,1.7744,-430.4438,996.5423,0.43096
838.962,327.9803,376.3995,97.2692,-0.06,3.4115,2341.5,1.7169,1.8409,1.7098,-430.3466,966.1517,0.41564
839.1144,328.8192,375.3742,92.746,8.09,3.6988,2351.4299,1.7109,1.8361,1.7308,-430.5,994.0475,0.42521
839.2668,327.9803,374.9257,88.4028,16.97,3.8941,2370.1602,1.6832,1.7998,1.722,-430.8296,1024.2112,0.40161
839.4192,327.421,370.9528,86.8786,26.55,3.9132,2395.4202,1.724,1.844,1.8052,-430.9375,990.8726,0.39214
839.5716,328.5396,370.4081,90.5823,20.88,3.7174,2395.6299,1.7309,1.8457,1.7993,-430.9148,966.6053,0.36073
839.724,329.9379,377.4247,93.3028,13.35,3.5419,2383.73,1.6899,1.8007,1.8288,-431.0812,1032.8297,0.37457
839.8764,328.2599,376.8801,94.4993,4.41,3.5124,2363.0901,1.6617,1.7664,1.7645,-431.1932,1051.8811,0.37449
840.0288,326.582,342.7581,95.1223,15.24,3.6726,2371.9202,1.6672,1.7652,1.848,-431.4312,1010.377,0.38634
840.1812,324.6242,315.0119,90.9268,27.08,3.946,2391.1299,1.9849,2.1158,1.8364,-431.2046,985.6561,0.36862
840.3336,323.5056,309.4691,92.9753,34.8,4.1685,2412.78,1.7278,1.8276,1.7886,-430.675,986.7902,0.34724
840.486,322.387,339.9706,90.058,25.83,4.1563,2405.04,1.6363,1.7254,1.7306,-430.5227,1007.6556,0.36161
840.6384,322.9463,381.0452,94.0735,12.74,3.8847,2386.8101,1.6808,1.7731,1.7892,-430.9813,995.8619,0.39349
840.7908,322.9463,382.9035,89.7468,3.82,3.4951,2371.95,1.7099,1.8007,1.9269,-431.3921,991.0993,0.41903
840.9432,323.7852,380.5326,93.6801,-1.13,3.2386,2362.9099,1.7315,1.8217,1.8512,-431.2125,1006.0679,0.42717
841.0956,323.2259,375.6946,94.2208,-0.54,3.1079,2370.3999,1.7536,1.8479,1.848,-430.6875,1038.7268,0.39595
841.248,324.3445,369.7032,93.8768,-2.26,3.1529,2365.28,1.7918,1.8962,1.8571,-430.8563,989.7385,0.39251
841.4004,325.1835,369.7673,93.4014,-3.02,3.1971,2363.6301,1.7584,1.8605,1.8832,-430.9773,964.791,0.43053
841.5528,326.8617,373.58,92.6802,-5.29,3.2586,2347.9199,1.7098,1.8059,1.8173,-431.3375,983.3882,0.44163
841.7052,326.8617,373.8363,96.2857,-4.2,3.2826,2343.9399,1.6637,1.7569,1.7733,-431.0796,1030.5619,0.44389
841.8576,325.7428,374.5092,91.5165,-1.63,3.397,2348.0898,1.6729,1.7739,1.6977,-431.075,1025.1187,0.41648
842.01,326.8617,378.2898,94.7617,0.81,3.545,2358.1599,1.6668,1.7664,1.561,-431.1023,977.4916,0.40817
842.1624,326.8617,378.1296,91.6805,1.97,3.603,2366.79,1.6576,1.7565,1.548,-430.5938,996.5424,0.43746
842.3148,326.8617,375.9509,94.303,2.32,3.482,2368.7898,1.6446,1.7445,1.5838,-430.0909,1026.48,0.44747
842.4672,326.582,375.6626,93.9424,1.57,3.3131,2360.1501,1.6557,1.7565,1.7246,-430.1063,1016.9541,0.43752
842.6196,324.9038,376.5917,97.8431,2.84,3.2653,2361.3999,1.6568,1.7598,1.7024,-430.6136,936.2148,0.41845
842.772,322.387,377.7772,96.7448,2.46,3.3516,2361.98,1.6521,1.7531,1.6945,-431.0125,958.4408,0.40981
842.9244,323.5056,379.6034,94.401,4.1,3.4752,2372.4302,1.6671,1.7786,1.6972,-430.8125,1052.3339,0.39042
843.0768,323.7852,380.5326,93.5818,4.65,3.5479,2375.24,1.6607,1.7823,1.6825,-431.0227,1053.9215,0.40794
843.2292,324.3445,378.0015,96.8269,6.22,3.5658,2376.0801,1.6553,1.7848,1.6508,-430.9375,961.6157,0.41652
843.3816,325.7428,377.9374,92.9428,5.36,3.5449,2372.21,1.6167,1.744,1.6556,-430.6938,961.1622,0.45754
843.534,326.3021,381.3015,86.2561,4.25,3.4717,2372.5901,1.6118,1.7343,1.692,-430.8182,1078.1887,0.42665
843.6864,337.489,381.2054,79.8477,4.04,3.3941,2378.1399,1.6291,1.7552,1.7181,-430.3296,1065.942,0.4438
843.8388,330.7768,379.3471,80.6673,4.48,3.3226,2379.04,1.5973,1.7231,1.7127,-430.0625,1016.047,0.40617
843.9912,331.6158,379.6675,81.6175,5.55,3.2422,2374.76,1.583,1.7074,1.6973,-430.6307,1007.4286,0.42458
844.1436,328.8192,383.8967,81.8966,3.53,3.1619,2355.8198,1.5311,1.655,1.6979,-430.7898,1033.2836,0.42903
844.296,325.4634,386.1715,81.2408,1.14,3.1035,2339.5701,1.4995,1.6222,1.6682,-431.0938,997.4497,0.46651
844.4484,320.7088,384.9861,84.7972,-0.29,3.0929,2330.1301,1.5553,1.6829,1.6556,-431.1704,993.3673,0.48061
844.6008,320.9887,383.8967,89.2712,1.28,3.0921,2336.0,1.5567,1.6837,1.6394,-431.4773,1015.3665,0.47281
844.7532,322.387,382.2947,90.6479,2.47,3.1184,2337.8699,1.5652,1.6842,1.6854,-431.7,1015.1397,0.4478
844.9056,321.8276,376.2393,89.7138,1.61,3.1915,2331.48,1.5155,1.6266,1.6418,-431.7614,1021.7169,0.41237
845.058,325.1835,383.2239,86.9276,1.08,3.3219,2326.73,1.4779,1.583,1.6098,-431.6932,996.996,0.40249
845.2104,323.2259,395.7513,85.3052,2.8,3.4372,2329.7,1.4205,1.5171,1.4943,-431.7938,1003.1195,0.41646
845.3628,323.7852,387.8376,84.8136,3.57,3.5691,2323.24,1.3752,1.4648,1.4311,-432.3068,996.0889,0.42392
845.5152,324.3445,387.1006,84.6499,3.76,3.748,2286.5801,1.2963,1.3778,1.3471,-432.8182,1001.3052,0.45242
845.6676,325.4634,419.5246,81.9455,7.19,3.9344,2254.6599,0.9914,1.0472,0.8459,-433.0812,988.6044,0.46837
845.82,325.7428,437.6909,84.2402,17.76,3.9763,2262.0,0.8958,0.9488,0.7459,-433.375,982.0275,0.50712
845.9724,326.3021,409.4322,83.5841,19.18,3.8696,2295.1501,1.1107,1.1849,0.7994,-433.1477,1014.2325,0.48216
846.1248,327.9803,389.3114,86.649,13.11,3.7303,2327.26,1.1832,1.2604,1.2166,-432.625,1000.1712,0.48389
846.2772,326.582,390.593,84.0266,2.55,3.6716,2326.8298,1.2941,1.3679,1.3131,-432.1534,967.059,0.44364
846.4296,324.6242,392.1629,90.1891,-0.55,3.6494,2318.6499,1.335,1.405,1.2778,-431.5454,989.7385,0.42829
846.582,324.9038,397.4494,91.3856,-1.45,3.6161,2294.1301,1.387,1.4655,1.0794,-430.8375,1021.4906,0.38367
846.7344,324.3445,401.5184,88.5992,-2.48,3.5566,2270.6201,1.4646,1.5531,0.9888,-429.7386,1010.8305,0.37391
846.8868,324.9038,393.9891,83.5516,-0.95,3.4406,2258.74,1.5658,1.6762,0.9524,-429.0812,996.0889,0.38694
847.0392,326.582,393.1241,81.4212,0.82,3.4325,2251.1699,1.4257,1.5335,1.0791,-429.3068,988.151,0.38775
847.1916,326.0227,409.5283,83.0765,2.43,3.5808,2228.4199,1.15,1.238,0.9771,-430.3813,1005.1607,0.39722
847.344,326.582,423.7217,82.1259,1.16,3.8847,2215.9399,0.888,0.952,0.9518,-431.3921,1031.2421,0.45314
847.4964,321.2681,412.3798,81.7979,0.61,4.1499,2229.73,1.124,1.2043,1.1997,-430.5438,1002.666,0.48009
847.6488,319.3105,372.6188,78.3397,2.16,4.3205,2273.98,1.8554,1.9993,1.7998,-427.9148,977.9451,0.40263
847.8012,320.4294,353.7155,78.2085,1.82,4.5174,2283.52,1.7028,1.8262,1.5732,-426.1187,990.1921,0.34219
847.9536,321.2681,364.673,76.2419,1.8,4.8519,2266.6599,1.4532,1.5481,1.015,-424.8466,989.7385,0.31428
848.106,318.7512,371.2732,80.6015,0.74,5.4555,2235.3201,1.3427,1.4276,0.8731,-422.8312,996.3157,0.32505
848.2584,319.8698,376.1432,77.4548,2.27,6.1297,2219.4299,1.0717,1.1326,0.659,-421.2273,972.502,0.34949
848.4108,319.8698,382.2307,77.2582,4.13,6.6124,2229.77,1.0059,1.0626,0.6045,-421.1375,971.5948,0.37354
848.5632,319.5901,376.6878,74.9144,3.48,6.6809,2258.49,1.2252,1.306,0.6138,-421.7046,1013.3254,0.38391
848.7156,322.1073,367.5566,75.4062,3.58,6.3682,2289.3501,1.532,1.6457,0.9025,-422.5313,1010.6038,0.38465
848.868,323.5056,363.6798,79.5526,2.62,5.7475,2305.55,1.6571,1.7652,1.0322,-422.7898,973.8628,0.40738
849.0204,326.582,360.572,81.3063,3.01,4.9639,2312.76,1.7096,1.8152,1.134,-423.3563,967.9661,0.39451
849.1728,324.6242,360.3477,85.4035,0.52,4.1387,2316.8499,1.7434,1.8556,1.1761,-424.0739,997.4497,0.38597
849.3252,326.3021,360.7963,83.0926,-1.8,3.5454,2316.8,1.7568,1.8764,1.3552,-424.8563,1011.0574,0.36245
849.4776,324.6242,359.8671,85.3053,-4.62,3.2199,2313.1299,1.746,1.8769,1.3591,-425.3921,1007.4286,0.36307
849.63,322.9463,357.5283,83.6826,-4.16,3.1488,2317.8799,1.8991,2.0594,1.5029,-426.275,987.017,0.36448
849.7824,319.3105,353.4592,82.044,-2.3,3.1816,2330.45,2.0842,2.2605,1.6434,-426.9829,1001.532,0.37143
849.9348,320.9887,348.9417,80.2409,-1.22,3.2755,2337.5701,2.2287,2.4053,1.9209,-427.3875,1011.9646,0.34224
850.0872,323.2259,345.6096,75.7996,-0.07,3.3452,2344.0601,2.2689,2.4338,2.0933,-427.875,1017.8614,0.34424
850.2396,325.1835,345.7698,74.8818,0.98,3.3563,2344.9299,2.2108,2.3536,2.0567,-428.0875,1014.4592,0.34485
850.392,327.421,351.5048,74.9638,0.68,3.3177,2337.6702,1.9799,2.0912,1.9605,-428.0398,1007.2018,0.37731
850.5444,327.7006,357.8486,80.6672,-0.39,3.2539,2330.8401,1.8998,1.9967,1.7414,-428.075,999.0372,0.35899
850.6968,327.421,355.8942,84.9937,-0.9,3.1981,2333.9199,1.9021,1.9923,1.6707,-428.35,1009.6966,0.36346
850.8492,327.7006,346.8271,86.7965,0.53,3.1587,2349.9299,1.9477,2.0307,1.7827,-428.2159,1019.449,0.35959
851.0016,324.3445,339.9706,86.0099,2.45,3.1608,2363.45,2.1232,2.1996,1.8856,-428.0812,999.7177,0.37689
851.154,322.9463,341.7328,82.4044,2.23,3.1335,2366.95,2.0544,2.1166,1.8414,-428.1421,997.6764,0.3902
851.3064,324.3445,346.9873,81.2409,1.16,3.0851,2365.8701,2.0572,2.1139,1.7414,-428.2159,1007.4286,0.38034
851.4588,324.9038,350.1592,81.2408,-0.74,3.0688,2361.0999,2.0995,2.1585,1.6813,-428.0875,1016.047,0.37486
851.6112,324.0649,349.0057,82.8635,-0.71,3.1075,2361.03,2.2176,2.2815,1.8316,-428.3813,987.017,0.36203
851.7636,326.0227,343.2066,81.2409,-0.12,3.1213,2361.7,2.2764,2.3402,1.9106,-428.3807,983.1616,0.35374
851.916,323.5056,343.6552,76.6192,1.52,3.0886,2363.1201,2.2006,2.2642,1.8455,-428.2159,1005.1607,0.33678
852.0684,322.9463,349.2621,77.3402,1.85,3.0282,2357.95,2.0804,2.1385,1.6661,-427.925,995.6353,0.32086
852.2208,322.6666,350.9601,74.8818,1.52,3.0222,2347.74,1.9658,2.0167,1.6365,-427.9546,1002.8928,0.32669
852.3732,326.0227,351.8573,83.5351,0.86,3.0231,2341.7202,1.9343,1.9876,1.609,-428.05,1013.3254,0.34449
852.5256,326.582,353.3631,84.3381,2.0,3.0653,2346.0601,1.9286,1.9788,1.6688,-428.125,995.4086,0.36528
852.678,327.7006,353.2029,87.5175,4.07,3.0744,2361.0698,1.9341,1.9852,1.6843,-427.9318,985.4294,0.35616
852.8304,327.9803,350.5757,86.272,2.94,3.1082,2361.75,1.9816,2.029,1.646,-428.35,992.4601,0.36219
852.9828,326.8617,346.1863,84.3874,1.47,3.1638,2359.03,2.1368,2.2083,1.6397,-428.2841,1018.0881,0.37311
853.1352,326.8617,339.2017,82.3552,0.9,3.2695,2356.25,2.187,2.2678,1.7761,-427.8239,1013.7789,0.39692
853.2876,328.2599,331.0637,83.2403,4.91,3.3532,2371.0698,2.1678,2.2543,1.9217,-427.7188,1011.2843,0.41125
853.44,328.5396,333.787,84.3057,7.91,3.3792,2379.76,2.0937,2.1884,2.0188,-428.0568,1013.0987,0.37834
853.5924,329.3786,341.7328,86.1577,8.93,3.3422,2379.04,1.9801,2.0688,1.9332,-428.4602,1017.1809,0.36591
853.7448,329.9379,344.296,84.2891,6.3,3.3264,2366.3899,1.9863,2.0744,1.9172,-428.5313,990.1921,0.34948
853.8972,327.1411,345.962,87.2391,3.73,3.4128,2356.1399,1.9493,2.0417,1.9734,-428.6648,1005.1607,0.35519
854.0496,324.6242,343.7513,86.8784,1.51,3.5459,2351.53,2.0227,2.1239,1.9984,-428.9489,1043.4888,0.35347
854.202,321.8276,345.7377,86.0591,0.47,3.6132,2352.7998,1.9985,2.1043,2.0041,-428.9688,1017.4077,0.35429
854.3544,322.387,354.7408,83.6664,-0.33,3.5341,2356.28,1.9414,2.0438,1.8609,-428.9659,976.1308,0.38899
854.5068,323.7852,363.808,84.7973,-0.87,3.4298,2354.22,1.9178,2.0163,1.8867,-428.7875,993.8209,0.39057
854.6592,325.4634,364.8333,84.1416,-0.97,3.3416,2351.5999,1.9828,2.0892,1.8901,-429.0114,1039.1805,0.39719
854.8116,327.421,360.4438,81.4371,0.89,3.3198,2355.9502,1.9959,2.1047,1.9423,-429.4943,1040.9946,0.3751
854.964,328.5396,360.3157,83.7317,0.98,3.3028,2358.71,2.0786,2.2042,1.9766,-429.925,987.9242,0.39124
855.1164,328.2599,360.4118,85.4528,1.32,3.3223,2362.6101,2.0649,2.191,1.9942,-429.8409,996.5424,0.39655
855.2688,326.0227,359.8351,90.2222,0.56,3.3146,2362.75,2.0426,2.164,2.0365,-429.9318,1013.7789,0.45418
855.4212,326.582,360.5399,88.419,1.09,3.2923,2364.02,2.0534,2.1785,2.011,-429.9562,1005.3875,0.42611
855.5736,326.0227,363.039,84.994,3.83,3.2559,2370.6001,2.0516,2.1815,1.9824,-429.8636,991.0993,0.42516
855.726,325.4634,365.9226,84.0104,6.72,3.2351,2375.79,2.0445,2.1748,1.8832,-429.4562,1001.7589,0.39273
855.8784,326.582,367.4284,83.4699,8.23,3.2013,2381.54,2.0107,2.1428,1.8479,-428.7614,1013.7789,0.39518
856.0308,325.7428,366.4032,89.2713,6.06,3.1642,2377.6199,1.9737,2.0968,1.8514,-428.4034,1000.1711,0.3803
856.1832,322.9463,364.9294,87.9605,5.01,3.1583,2377.1501,1.9889,2.1052,1.8357,-428.275,986.1098,0.39264
856.3356,322.387,364.9934,82.1912,4.73,3.1794,2375.78,1.9935,2.1019,1.8564,-428.1421,1014.2325,0.39654
856.488,322.1073,366.243,80.5523,6.06,3.2016,2379.6899,1.9657,2.0668,1.8428,-428.1375,1047.3445,0.40646
856.6404,323.2259,367.5566,82.4044,6.22,3.1971,2379.8799,1.9488,2.0484,1.8499,-428.5284,1019.222,0.38394
856.7928,326.582,368.8702,85.2726,7.72,3.1839,2386.1101,1.9647,2.0607,1.8381,-428.8239,987.9242,0.35812
856.9452,326.8617,369.1265,83.6337,6.29,3.178,2378.9502,2.0317,2.1248,1.8836,-428.7,1037.8192,0.36487
857.0976,328.2599,368.678,84.2398,4.16,3.2179,2369.25,2.0307,2.12,1.9296,-428.6591,1036.4589,0.36488
857.25,326.582,369.2227,90.2056,2.58,3.3028,2360.29,1.9908,2.0762,1.9307,-428.9188,998.8104,0.36479
857.4024,326.0227,369.6712,87.2556,4.02,3.3602,2367.48,2.0123,2.1055,1.8883,-429.0398,955.9459,0.35421
857.5548,325.4634,369.9596,88.6324,5.71,3.3381,2375.3701,2.0116,2.1074,1.8496,-428.8062,1028.2941,0.35735
857.7072,324.3445,371.6897,90.5333,5.42,3.2788,2379.77,1.9668,2.0557,1.845,-429.5227,1103.5898,0.36124
857.8596,324.3445,372.779,94.0241,1.76,3.2917,2368.76,1.9676,2.0427,1.798,-441.8068,1047.3445,0.36738
858.012,325.7428,371.0168,90.5167,-2.38,3.3021,2360.76,1.9789,2.0415,1.7871,-431.7014,996.0889,0.37256
858.1644,326.8617,370.3761,86.8129,-5.23,3.2763,2353.3101,1.9587,2.0166,1.8288,-430.5739,1021.0367,0.39399
858.3168,325.7428,371.5936,89.2221,-3.46,3.2389,2355.3801,1.9081,1.9712,1.8438,-449.2954,1021.7169,0.39796
858.4692,326.3021,372.747,93.8112,-0.89,3.3297,2352.3501,1.8348,1.9048,1.8487,-441.1437,1042.355,0.43016
858.6216,326.3021,376.9762,86.0589,4.9,3.4978,2358.71,1.7652,1.8456,1.7146,-429.9688,1036.2316,0.47159
858.774,324.9038,376.784,81.6338,11.39,3.5995,2373.6401,1.8019,1.8941,1.7143,-432.0511,1011.0574,0.47764
858.9264,325.4634,377.7772,77.3727,10.32,3.5898,2378.5901,1.7574,1.864,1.7871,-431.7375,1019.222,0.45196
859.0788,325.7428,369.1265,88.1896,6.03,3.6329,2391.8901,1.7992,1.902,1.8117,-431.2687,1021.4906,0.46781
859.2312,326.0227,341.1561,87.5015,4.54,3.7897,2429.6201,2.6604,2.8303,2.4482,-431.0284,1017.4077,0.38951
859.3836,334.4126,291.3668,83.83,10.24,3.9346,2485.05,4.0963,4.4902,3.397,-431.1125,1028.9741,0.31039
859.536,320.1495,280.6656,78.8969,9.85,3.9648,2488.55,3.728,4.1355,4.6364,-431.5114,1020.5829,0.26464
859.6884,321.548,321.9004,83.4039,8.52,4.0214,2453.5698,2.6382,2.9065,3.2401,-432.2125,979.7595,0.29653
859.8408,320.4294,348.8135,94.2866,6.98,4.1454,2404.96,2.0337,2.2194,2.2524,-433.6761,989.285,0.33315
859.9932,323.7852,365.0575,99.0394,9.55,4.2506,2379.4199,1.8457,2.0014,1.9052,-447.7046,1025.1187,0.37788
860.1456,327.7006,369.7673,97.9576,8.11,4.252,2356.71,1.7422,1.8716,1.6791,-452.5313,1008.3358,0.39718
860.298,327.7006,385.5628,93.0407,5.67,4.289,2336.6699,1.5799,1.691,1.4714,-432.0187,978.3987,0.44076
860.4504,328.2599,405.1709,94.4831,4.75,4.409,2330.0,1.5195,1.6065,1.3381,-431.5227,996.5424,0.44969
860.6028,328.5396,392.291,96.8267,2.79,4.4526,2327.6201,1.6435,1.7157,1.3551,-431.5,1041.2211,0.46293
860.7552,324.0649,385.4987,100.1047,1.54,4.358,2330.9099,1.6004,1.6526,1.3747,-431.2727,1012.8718,0.48448
860.9076,325.1835,390.4007,98.262,3.85,4.2103,2344.77,1.6345,1.6899,1.4263,-431.025,963.4301,0.5067
861.06,323.7852,386.6521,95.6396,6.27,4.0782,2355.6599,1.6048,1.6642,1.408,-431.1307,1005.6143,0.4496
861.2124,324.9038,394.7581,92.7058,9.68,4.0041,2366.1799,1.5476,1.6099,1.485,-431.1761,1083.6321,0.41095
861.3648,325.4634,397.7698,93.2701,7.14,3.9337,2356.6599,1.6204,1.6966,1.4592,-431.2614,1053.2413,0.39638
861.5172,326.3021,392.0988,93.549,5.02,3.8768,2354.75,1.5891,1.6738,1.5452,-431.3375,992.9137,0.41688
861.6696,323.7852,391.0095,94.8435,1.63,3.8132,2350.8301,1.5914,1.6759,1.6329,-431.4204,982.9348,0.45303
861.822,331.3362,385.8831,94.1391,3.46,3.7996,2362.5701,1.6454,1.7419,1.6597,-431.5568,1093.611,0.52244
861.9744,323.7852,388.7987,95.1715,4.9,3.8569,2366.9399,1.6188,1.7172,1.5902,-431.6704,1086.8074,0.52279
862.1268,326.3021,392.4513,96.4827,8.05,3.934,2379.8599,1.7118,1.8328,1.4491,-431.5812,1006.5215,0.51271
862.2792,327.7006,379.3151,94.4995,7.37,3.8844,2385.53,1.7703,1.9023,1.5225,-431.3296,996.3157,0.46964
862.4316,326.582,365.7303,91.0576,7.05,3.7125,2391.6499,1.8826,2.03,1.6924,-431.3921,1032.6034,0.43125
862.584,325.1835,361.405,86.2889,7.39,3.5334,2389.77,1.9037,2.0603,1.9622,-431.4432,1033.2836,0.40459
862.7364,325.1835,367.044,85.371,6.48,3.4725,2387.5598,1.7929,1.952,1.8722,-431.5966,1014.2325,0.408
862.8888,325.1835,376.2393,87.338,2.24,3.5222,2385.6799,1.7942,1.96,1.7395,-432.3239,980.8935,0.43252
863.0412,325.4634,379.1228,86.0426,0.3,3.5781,2380.6401,1.7554,1.9213,1.7245,-434.3636,1026.9327,0.43259
863.1936,325.4634,378.0335,86.6982,0.86,3.5582,2376.9099,1.7287,1.8855,1.7673,-453.0938,1051.4274,0.41053
863.346,325.4634,377.4888,87.0259,4.61,3.5392,2369.6599,1.6977,1.8551,1.7724,-439.6927,1025.5725,0.38804
863.4984,325.4634,381.2054,89.7632,4.47,3.5789,2366.1899,1.6406,1.7841,1.6698,-431.5682,1006.5215,0.40138
863.6508,324.9038,388.6385,90.9107,4.55,3.6843,2363.71,1.6254,1.7626,1.5927,-431.5812,1032.8297,0.44176
863.8032,324.9038,381.9423,92.3852,5.32,3.6968,2372.4202,1.695,1.8322,1.6806,-431.8125,1059.3649,0.46962
863.9556,324.9038,369.7993,91.7788,3.6,3.5871,2374.99,1.7731,1.9091,1.8036,-432.0057,1017.1809,0.47176
864.108,329.3786,370.2799,90.1396,2.29,3.4201,2377.6702,1.811,1.9509,1.9251,-432.1761,1002.4391,0.45741
864.2604,325.4634,372.8111,91.7788,0.92,3.3695,2373.2,1.8609,1.996,1.8534,-432.3523,1043.4888,0.45601
864.4128,326.582,373.3237,93.09,2.74,3.3733,2381.73,1.8759,2.0079,1.8703,-432.5852,1070.0239,0.41054
864.5652,326.8617,374.1888,92.5818,2.3,3.3721,2379.5901,1.8137,1.9425,1.9248,-432.5966,1047.7981,0.4265
864.7176,327.1411,371.2091,88.4848,1.65,3.3384,2374.6599,1.8128,1.946,1.9873,-432.7727,1025.1187,0.41089
864.87,324.9038,369.0624,88.9216,2.37,3.3797,2367.8999,1.8422,1.9783,1.9277,-433.1364,987.9242,0.43024
865.0224,323.7852,377.617,90.0032,2.07,3.5455,2358.05,1.7417,1.8635,1.8325,-433.5,989.7385,0.39534
865.1748,324.9038,383.6084,90.3311,2.8,3.6818,2362.72,1.7931,1.9262,1.8225,-433.5454,997.6764,0.42696
865.3272,324.6242,375.6946,88.7468,2.55,3.6721,2372.1899,1.8285,1.9583,1.9575,-433.5057,1012.6448,0.40285
865.4796,324.0649,367.6527,92.107,3.71,3.48,2389.1699,1.8687,1.9986,2.0844,-433.3693,1009.4699,0.39625
865.632,325.4634,365.5381,93.5979,4.4,3.299,2394.8901,1.9639,2.1046,2.0815,-433.2898,1006.5215,0.37687
865.7844,323.5056,364.609,93.5981,2.8,3.2197,2385.5,1.9042,2.0375,2.0646,-433.1688,1014.0059,0.3789
865.9368,323.7852,367.044,90.9757,1.51,3.2503,2374.1902,1.8738,2.008,2.0185,-432.9489,1015.5933,0.38345
866.0892,324.3445,370.0236,92.2708,0.19,3.2419,2369.1699,1.8377,1.9616,1.9615,-433.0057,1026.2527,0.39474
866.2416,325.7428,373.8363,92.1724,-0.61,3.2593,2363.3799,1.8093,1.9375,1.8928,-433.5966,1014.6862,0.43719
866.394,325.1835,380.8209,94.7947,0.26,3.2785,2367.8201,1.7781,1.9127,1.7953,-434.0511,1031.0156,0.43779
866.5464,327.1411,386.0754,94.139,0.34,3.3674,2368.05,1.7226,1.8567,1.7073,-434.4375,1033.2836,0.44142
866.6988,325.4634,380.9811,98.0068,0.94,3.4037,2381.7698,1.7219,1.8524,1.6779,-434.4204,1010.377,0.41561
866.8512,325.7428,369.6392,91.4018,-1.82,3.4764,2377.79,1.7462,1.8759,1.7553,-434.5063,998.5836,0.44829
867.0036,325.7428,364.8973,90.0907,-3.6,3.4975,2372.4001,1.7808,1.9117,1.8039,-434.5057,1011.511,0.44918
867.156,324.9038,369.543,85.8294,-4.24,3.5677,2360.76,1.7297,1.8553,1.751,-434.7614,1020.3566,0.43541
867.3084,325.4634,377.9374,89.7959,-1.09,3.6379,2362.72,1.6885,1.8042,1.8067,-435.1125,1015.5933,0.41476
867.4608,326.582,377.0723,90.2878,3.74,3.759,2370.0,1.7667,1.8915,1.8119,-434.9318,1018.7684,0.405
867.6132,327.421,375.214,92.7461,6.7,3.8386,2372.0701,1.6978,1.8229,1.7925,-435.0398,1012.4182,0.40784
867.7656,326.8617,379.7316,95.2697,15.86,3.8463,2385.48,1.6617,1.7803,1.6932,-435.3864,1022.6245,0.41756
867.918,327.1411,375.5985,96.2528,17.51,3.8466,2379.95,1.6976,1.8205,1.7244,-435.65,1022.8508,0.41999
868.0704,326.582,372.0101,99.0555,20.54,3.9914,2374.47,1.7368,1.8701,1.8017,-435.7102,1018.0881,0.43342
868.2228,328.2599,386.3637,94.0899,14.57,4.2916,2357.1602,1.5616,1.6721,1.4969,-435.7813,1001.0785,0.42781
868.3752,332.1754,392.227,96.0563,12.62,4.5831,2353.0901,1.6056,1.7177,1.3873,-436.3579,1006.975,0.41867
868.5276,333.294,382.8715,94.4337,13.62,4.5991,2366.3499,1.6358,1.7507,1.3488,-436.7443,1048.9321,0.44516
868.68,332.455,384.6336,97.5477,10.29,4.3448,2365.1299,1.6223,1.7257,1.4588,-436.6421,1040.9946,0.41489
868.8324,326.582,389.0871,94.9587,7.32,4.0155,2362.47,1.6897,1.7989,1.5407,-436.4813,1011.511,0.43252
868.9848,327.7006,385.2424,93.287,1.28,3.7657,2350.01,1.7084,1.8311,1.5614,-436.2841,1014.6862,0.40851
869.1372,322.6666,379.0908,93.9423,1.54,3.6274,2354.3899,1.6993,1.8251,1.6969,-436.1648,1018.7684,0.45392
869.2896,323.5056,377.8733,94.6634,1.32,3.5175,2356.8201,1.7111,1.8449,1.7642,-436.3409,1004.7071,0.43091
869.442,323.7852,378.3539,96.6301,2.11,3.471,2361.8301,1.6835,1.8176,1.719,-436.5125,1010.8305,0.41373
869.5944,324.0649,378.3859,97.4496,2.52,3.5221,2363.21,1.6446,1.7758,1.6316,-436.4773,1037.8192,0.42687
869.7468,327.1411,388.4463,96.204,2.92,3.6672,2362.98,1.5912,1.7175,1.3607,-436.6421,1064.8081,0.46271
869.8992,326.582,390.0483,95.7287,2.44,3.7981,2361.27,1.67,1.8021,1.3988,-436.55,1035.0975,0.51529
870.0516,326.8617,379.0267,90.976,6.3,3.7859,2370.2,1.6833,1.8114,1.4312,-436.3579,1018.5417,0.48599
870.204,326.582,377.4888,93.7622,8.19,3.7918,2372.8298,1.7086,1.8388,1.7345,-436.2386,1024.6649,0.52059
870.3564,325.4634,383.6404,91.2381,10.89,3.8556,2374.8601,1.6437,1.7718,1.5456,-436.2437,1031.0156,0.487
870.5088,326.582,389.5036,95.8271,11.57,3.9639,2374.8,1.5945,1.7131,1.5091,-436.1875,1044.6228,0.49888
870.6612,329.0989,386.0434,93.0246,13.19,3.9564,2379.98,1.5794,1.6922,1.4579,-436.2102,1055.0555,0.44008
870.8136,326.0227,382.2627,97.6627,12.73,3.8876,2376.9299,1.571,1.6857,1.5251,-436.2898,1027.3865,0.44572
870.966,324.6242,385.5628,99.4654,13.85,3.8443,2371.8101,1.5555,1.6699,1.4805,-436.1812,1035.0975,0.41328
871.1184,325.4634,391.426,102.268,14.79,3.8558,2366.23,1.5245,1.6412,1.4966,-436.1079,1060.4988,0.42027
871.2708,331.6158,393.9891,98.6625,18.76,3.8775,2369.0801,1.4992,1.6034,1.4538,-436.1875,1043.9426,0.38895
871.4232,325.1835,388.8308,94.3359,18.41,3.8913,2365.8198,1.5525,1.6557,1.3738,-436.4125,1032.8297,0.37232
871.5756,327.7006,388.0939,91.7133,20.66,3.8732,2372.8599,1.5281,1.6227,1.2421,-436.3409,1053.6952,0.38918
871.728,325.4634,387.6453,92.6968,21.68,3.8467,2380.21,1.571,1.6696,1.3294,-436.25,1027.8403,0.42637
871.8804,325.1835,384.121,91.7954,22.28,3.8637,2382.3098,1.6286,1.7353,1.3874,-436.0852,1031.0156,0.45708
872.0328,324.9038,384.922,96.548,20.93,3.9702,2373.1001,1.5137,1.6058,1.4252,-436.1125,1000.1712,0.42331
872.1852,324.9038,385.3065,92.4507,21.29,4.1766,2363.1001,1.4789,1.5743,1.3038,-436.1136,1020.8093,0.44425
872.3376,325.7428,392.8037,94.0733,23.63,4.4061,2357.6401,1.4067,1.4918,1.1686,-435.75,1046.4379,0.45955
872.49,324.3445,401.4543,88.8291,28.55,4.5396,2366.0601,1.3825,1.4642,1.0924,-435.7375,1013.7789,0.50676
872.6424,326.582,391.2338,90.3041,29.51,4.4809,2373.0601,1.4714,1.559,1.1788,-435.8807,1017.8614,0.47518
872.7948,324.9038,379.251,87.8456,21.77,4.3413,2362.0,1.4874,1.569,1.1798,-435.8579,1042.8087,0.44974
872.9472,327.1411,390.7531,86.8621,14.75,4.2812,2345.7,1.4133,1.492,1.3194,-435.875,1030.1082,0.46176
873.0996,327.1411,411.2264,88.9107,13.72,4.296,2346.3398,1.3708,1.4492,1.2615,-436.0568,1032.376,0.4658
873.252,324.9038,408.0224,94.3189,18.55,4.2322,2371.95,1.461,1.5462,1.3043,-436.3807,1016.5005,0.48487
873.4044,336.0905,386.0434,95.4663,17.37,4.0191,2379.8599,1.5062,1.5951,1.3581,-436.7102,1007.4286,0.46604
873.5568,323.2259,382.2947,100.1371,16.71,3.8757,2370.52,1.5094,1.5995,1.5055,-436.7813,1019.449,0.44857
873.7092,330.2175,398.6669,99.9734,21.73,3.9265,2361.79,1.4556,1.5429,1.3656,-436.75,1016.9541,0.46704
873.8616,338.8873,404.6583,96.3352,28.44,4.1276,2373.3499,1.4831,1.5768,1.363,-436.9034,1033.7373,0.47801
874.014,327.421,397.129,87.9767,22.24,4.2388,2377.1101,1.5226,1.6149,1.4262,-437.125,1051.2,0.47793
874.1664,329.3786,396.2319,87.1571,13.02,4.194,2376.99,1.4679,1.5488,1.4983,-437.3466,1038.7268,0.47326
874.3188,328.2599,392.227,94.2372,5.73,4.0711,2368.02,1.4899,1.5823,1.536,-437.2671,1034.6439,0.47637
874.4712,329.9379,385.0181,99.5474,5.87,4.0363,2361.8601,1.4876,1.5834,1.4816,-436.8182,1029.2017,0.45316
874.6236,326.8617,396.1999,100.3668,5.37,4.2227,2353.4902,1.4534,1.5403,1.4233,-436.8636,1035.5514,0.46946
874.776,330.7768,405.9398,98.7279,5.21,4.5061,2357.0901,1.4979,1.5894,1.3003,-437.475,1046.8916,0.47014
874.9284,326.582,392.4192,99.8094,5.04,4.6706,2362.71,1.5944,1.6986,1.3731,-437.6704,1027.8403,0.52163
875.0808,326.582,382.2307,99.4819,2.61,4.5894,2358.0598,1.5422,1.6396,1.3896,-437.6136,1021.4894,0.47344
875.2332,324.6242,393.1882,100.1374,5.54,4.3771,2359.74,1.4297,1.518,1.3533,-437.9261,1043.2625,0.46089
875.3856,325.4634,399.9485,99.1542,8.81,4.2143,2368.75,1.4387,1.527,1.3945,-438.125,1020.5829,0.42668
875.538,325.4634,393.7328,101.5633,9.92,4.1586,2376.0801,1.5177,1.614,1.3682,-437.8125,1025.1187,0.41138
875.6904,324.0649,395.5591,104.1857,7.92,4.2035,2368.1399,1.4341,1.5277,1.3526,-437.9034,1028.5205,0.45351
875.8428,324.0649,391.3299,99.9245,10.65,4.2113,2371.28,1.4914,1.5865,1.3652,-438.1421,1025.4215,0.45195
875.9952,325.4634,378.0976,98.8264,15.49,4.2034,2374.5898,1.5627,1.6647,1.4912,-438.2046,1025.7988,0.47158
876.1476,324.6242,392.4833,91.7298,18.62,4.2292,2381.03,1.4315,1.5145,1.2841,-437.9546,1036.0052,0.46158
876.3,326.0227,403.4408,92.7131,18.04,4.34,2377.7202,1.4751,1.56,1.2327,-437.85,1033.2836,0.46693
876.4524,326.8617,388.8308,88.452,18.09,4.3384,2387.3401,1.5499,1.6423,1.235,-438.2671,1031.4695,0.45985
876.6048,326.0227,382.7112,89.8124,18.57,4.1411,2395.9402,1.544,1.6382,1.4874,-438.5227,1029.6543,0.45424
876.7572,324.9038,380.853,90.8287,13.79,3.8684,2385.1799,1.5703,1.6726,1.5371,-438.2938,1036.9117,0.46898
876.9096,324.0649,375.0538,92.3035,9.99,3.715,2368.0,1.5919,1.6986,1.5377,-437.8921,1034.6439,0.48108
877.062,322.6666,385.9152,96.0731,5.68,3.7488,2347.6802,1.5178,1.6275,1.4195,-438.2386,1023.7584,0.48392
877.2144,327.1411,399.2436,98.056,6.86,3.9032,2343.29,1.4813,1.5837,1.3686,-438.5187,1037.5929,0.48769
877.3668,326.0227,390.7211,95.4337,6.47,4.0661,2339.3401,1.6119,1.73,1.404,-438.2727,1035.5514,0.49575
877.5192,328.5396,387.5812,93.9586,5.71,4.1313,2342.1099,1.4864,1.5871,1.1928,-437.9261,1026.7063,0.53784
877.6716,334.6922,395.5911,91.7955,2.67,4.0816,2345.1799,1.4901,1.5919,1.2009,-437.8807,1042.355,0.57291
877.824,327.7006,390.6891,93.2707,0.85,3.9743,2355.4399,1.5653,1.6661,1.3183,-437.8875,1043.2625,0.59065
877.9764,328.8192,385.4987,97.1875,1.41,3.9559,2370.97,1.5523,1.6472,1.6822,-438.0171,1034.6439,0.53226
878.1288,323.7852,384.2812,98.482,9.4,4.1311,2392.27,1.569,1.6624,1.7564,-438.1193,1043.2625,0.44914
878.2812,323.7852,377.3286,97.4985,13.59,4.3793,2398.45,1.6239,1.726,1.6186,-438.1437,1027.3865,0.42266
878.4336,326.0227,388.3822,95.8763,15.29,4.4909,2391.6299,1.5189,1.6104,1.5209,-438.2671,1031.4695,0.41064
878.586,328.2599,394.2134,92.959,10.72,4.3131,2379.6799,1.5968,1.6886,1.4358,-438.375,1061.8601,0.43205
878.7384,325.1835,385.5628,95.4176,8.27,3.9861,2376.0601,1.6352,1.7305,1.5113,-438.4489,1041.4484,0.43341
878.8908,324.9038,387.1327,93.6146,5.54,3.7144,2374.1702,1.5976,1.6882,1.565,-438.4312,1037.3655,0.45395
879.0432,326.0227,383.7045,101.1208,2.4,3.6265,2365.8701,1.6584,1.7586,1.5959,-438.5,1025.5725,0.43251
879.1956,325.7428,381.2054,100.4651,3.92,3.7133,2369.4102,1.6919,1.7977,1.6323,-438.5,1011.0574,0.43982
879.348,326.0227,390.3687,99.6455,5.08,3.8286,2374.0698,1.6127,1.7041,1.5788,-438.2273,1016.9541,0.41216
879.5004,325.7428,388.7667,98.9902,6.66,3.8172,2387.2002,1.6331,1.7338,1.5529,-437.9937,1045.5303,0.41412
879.6528,326.582,380.5326,98.4985,5.83,3.6729,2391.7998,1.6327,1.7329,1.5799,-438.1477,1049.8396,0.42009
879.8052,325.4634,384.0569,96.8596,5.68,3.5225,2394.5701,1.5768,1.6739,1.6303,-438.1932,1024.2112,0.43532
879.9576,327.421,382.6151,90.0089,3.67,3.4802,2385.6499,1.5635,1.6574,1.6536,-437.8807,1043.4888,0.41699
880.11,324.3445,381.5578,88.2062,3.8,3.601,2380.03,1.5282,1.6162,1.6742,-437.9125,1046.8916,0.43077
880.2624,326.0227,387.4851,89.3536,10.64,3.8091,2384.1802,1.511,1.5967,1.5888,-437.8523,1043.4888,0.43313
880.4148,324.0649,387.2929,91.5167,15.01,4.0635,2377.9199,1.516,1.5983,1.5698,-437.8352,1012.4182,0.43094
880.5672,325.4634,384.2491,96.9252,21.46,4.2273,2386.6301,1.6423,1.7364,1.4261,-438.0966,1029.428,0.40929
880.7196,325.4634,386.9725,94.4503,18.88,4.3222,2386.3799,1.6692,1.7645,1.5011,-438.2625,1044.6228,0.42004
880.872,324.0649,383.5443,95.2044,10.59,4.2927,2393.8999,1.6667,1.7669,1.5348,-438.2841,1045.0765,0.44432
881.0244,323.7852,380.5646,91.5988,1.98,4.1868,2378.4102,1.5574,1.6425,1.5567,-438.4489,1045.5303,0.41517
881.1768,321.548,382.2307,95.7453,-3.06,4.0318,2369.49,1.6967,1.7919,1.5144,-438.3807,1058.2308,0.43134
881.3292,329.9379,373.3878,92.3034,1.69,3.9288,2365.51,1.7343,1.8346,1.4367,-438.55,1026.0261,0.38933
881.4816,323.2259,380.8209,93.6145,4.48,3.9176,2368.4299,1.5366,1.6259,1.3904,-439.0568,1017.8614,0.39665
881.634,324.6242,394.7581,92.7621,12.12,3.9075,2382.6201,1.5836,1.6693,1.3472,-439.25,1031.9222,0.39074
881.7864,326.0227,381.9743,96.5319,15.8,3.8187,2400.49,1.7098,1.8041,1.432,-438.9204,1054.149,0.40902
881.9388,326.3021,374.1888,95.7124,18.08,3.684,2416.25,1.6015,1.693,1.5263,-438.5511,1030.5619,0.40794
882.0912,328.2599,378.0015,95.5488,14.1,3.581,2416.2,1.6638,1.7589,1.5726,-438.4091,998.8104,0.415
882.2436,325.1835,375.5985,93.2051,11.52,3.5386,2406.0601,1.7082,1.8132,1.6326,-438.3864,1010.6038,0.42744
882.396,324.9038,374.7334,96.9744,7.31,3.4772,2394.1399,1.6744,1.7744,1.651,-438.4716,1046.4379,0.45873
882.5484,323.7852,376.2713,96.3188,3.02,3.4451,2376.01,1.7225,1.8223,1.6659,-438.25,1034.191,0.47212
882.7008,326.0227,378.9947,102.7597,2.95,3.5143,2370.4399,1.6635,1.7622,1.6492,-438.0796,1011.7378,0.49436
882.8532,326.3021,385.9472,101.1206,2.12,3.6877,2361.01,1.5845,1.6725,1.6114,-438.1875,1006.5215,0.48052
883.0056,325.1835,384.8259,96.6957,1.73,3.8308,2362.6299,1.6998,1.7908,1.6079,-438.4034,1029.6543,0.46136
883.158,326.0227,377.7772,93.4178,-0.03,3.8041,2364.46,1.679,1.7687,1.6523,-438.2188,1035.5514,0.44298
883.3104,326.0227,376.2713,93.5818,2.02,3.689,2372.0801,1.671,1.7647,1.7476,-437.9204,1000.3979,0.42906
883.4628,326.8617,375.5665,100.2194,7.66,3.61,2375.3201,1.6728,1.7634,1.7523,-437.8125,1018.0881,0.45111
883.6152,327.1411,381.3976,100.2194,17.99,3.6765,2383.5,1.5999,1.6838,1.6399,-437.7102,1058.911,0.43407
883.7676,326.8617,391.5541,97.2695,26.48,3.8365,2393.25,1.6315,1.7189,1.5814,-437.5,1031.4695,0.44678
883.92,325.1835,385.1783,95.8764,25.04,3.9339,2399.79,1.6785,1.7728,1.5619,-437.4375,1026.48,0.45676
884.0724,325.4634,378.0976,94.4011,14.76,3.9135,2384.4299,1.6523,1.744,1.5795,-437.7159,1036.4589,0.46925
884.2248,325.4634,383.8967,95.2206,5.47,3.8034,2372.21,1.6351,1.7232,1.5988,-437.8182,1040.087,0.45618
884.3772,325.7428,380.7568,95.0566,3.17,3.7095,2365.2598,1.7346,1.8335,1.5583,-437.6534,1040.087,0.42062
884.5296,323.5056,378.4821,97.335,4.49,3.6979,2372.2898,1.6619,1.7536,1.5404,-437.7102,1019.6758,0.42575
884.682,323.2259,379.0587,100.2849,5.6,3.7364,2374.74,1.6159,1.701,1.5463,-437.8807,1026.48,0.41898
884.8344,324.0649,374.7655,103.5628,7.37,3.8365,2372.3398,1.6108,1.6945,1.538,-437.8,1048.9321,0.40486
884.9868,324.0649,384.9861,100.3012,16.23,3.9645,2377.7202,1.5333,1.6061,1.5117,-437.9546,1038.2731,0.41974
885.1392,324.9038,394.0532,94.893,23.96,4.1233,2377.5598,1.5943,1.6669,1.5223,-438.3296,1033.5099,0.45197
885.2916,326.582,377.7772,87.3539,23.4,4.3034,2363.05,1.6173,1.6927,1.6243,-438.6421,1032.1497,0.48097
885.444,327.7006,380.4685,85.2235,18.3,4.4889,2343.5601,1.5554,1.6195,1.3516,-438.4602,1034.6439,0.49784
885.5964,327.7006,392.6435,85.2397,19.75,4.5315,2357.79,1.6188,1.6838,1.3201,-438.2125,1041.2211,0.45185
885.7488,326.8617,384.3453,91.3039,18.11,4.3347,2378.02,1.7053,1.772,1.317,-438.1079,1024.4385,0.45802
885.9012,325.4634,379.5393,96.3845,10.69,3.9599,2382.3198,1.7573,1.8318,1.6611,-438.1193,1010.6038,0.42069
886.0536,324.9038,374.6373,100.4652,-1.01,3.6815,2359.5601,1.8293,1.9153,1.7222,-438.4489,1016.047,0.41479
886.206,324.6242,372.0101,96.794,1.45,3.7145,2350.6001,1.721,1.8098,1.673,-438.5063,1023.7584,0.41218
886.3584,324.3445,379.5393,95.6468,9.17,3.9615,2354.8801,1.5925,1.6719,1.5769,-438.4034,1031.4695,0.41261
886.5108,326.582,386.4599,93.516,21.81,4.2147,2371.4099,1.7133,1.8141,1.6112,-438.3563,1018.5417,0.39916
886.6632,324.3445,382.9035,96.04,25.73,4.3093,2380.22,1.6489,1.7404,1.5876,-438.4943,1013.3254,0.39663
886.8156,326.8617,383.4802,91.9096,29.27,4.2879,2398.2698,1.5682,1.6557,1.613,-438.6307,1029.2007,0.40398
886.968,325.4634,388.8949,88.6323,18.94,4.1684,2392.6201,1.5809,1.6664,1.547,-438.75,1037.3655,0.41415
887.1204,327.9803,381.9423,85.0265,12.26,4.0297,2384.27,1.6666,1.7521,1.6391,-438.8813,1017.8614,0.41242
887.2728,327.421,380.2122,88.993,4.78,3.9853,2364.5598,1.6584,1.7406,1.5375,-438.9886,1046.8916,0.40312
887.4252,327.1411,380.2442,95.0568,15.06,4.1399,2371.48,1.6129,1.6851,1.5402,-438.8977,1024.2112,0.41732
887.5776,328.5396,368.0052,99.9245,30.87,4.4016,2388.7898,1.8105,1.898,1.5587,-438.9716,997.6764,0.40084
887.73,327.421,372.2984,95.1716,44.45,4.7029,2398.3401,1.7204,1.8079,1.7728,-438.9562,1025.1187,0.43176
887.8824,340.8449,396.328,94.7618,44.06,5.052,2376.46,1.5823,1.6588,1.3749,-438.8921,1055.7367,0.4124
888.0348,326.3021,401.6786,94.6468,31.2,5.4782,2335.8501,1.5869,1.6622,1.3257,-438.7841,1036.9117,0.43601
888.1872,327.421,380.052,99.8912,28.6,5.7094,2325.7598,1.6797,1.7637,0.8653,-438.7625,1024.6649,0.4406
888.3396,325.4634,373.7402,95.5482,39.65,5.5703,2357.8801,1.5464,1.6322,0.8986,-438.7954,1038.4994,0.43803
888.492,323.7852,384.6656,89.3533,59.26,5.01,2429.0801,1.5176,1.605,0.9089,-438.6125,1044.6228,0.45401
888.6444,323.5056,375.6946,91.32,55.55,4.4373,2449.5298,1.6228,1.7242,1.4497,-438.2784,1005.6143,0.43061
888.7968,325.1835,364.5769,93.1394,35.63,4.1263,2427.72,1.5986,1.6905,1.5258,-437.9204,988.3777,0.43971
888.9492,325.1835,372.5868,98.6789,13.24,4.1131,2380.1301,1.5219,1.6049,1.3771,-437.8068,1069.1174,0.41595
889.1016,332.455,381.1734,97.6956,4.68,4.1427,2367.47,1.5242,1.6092,1.4774,-437.8062,1072.973,0.48793
889.254,327.421,378.9306,98.7772,1.72,4.0033,2373.6101,1.5912,1.6865,1.5367,-437.5625,999.7177,0.43844
889.4064,327.7006,375.9509,98.2855,4.55,3.8138,2389.75,1.5643,1.6485,1.7212,-437.3864,988.151,0.41776
889.5588,328.2599,374.9257,92.0578,5.81,3.7595,2388.6001,1.5941,1.688,1.6833,-437.6375,1056.8706,0.41739
889.7112,326.3021,376.4315,87.3707,8.65,3.9008,2389.6201,1.5636,1.6573,1.6547,-437.8693,1085.446,0.49174
889.8636,327.421,383.2559,84.5845,7.22,4.1094,2374.03,1.5295,1.621,1.4931,-437.7954,1060.2723,0.57302
890.016,326.0227,384.3453,87.5343,11.63,4.1976,2379.0901,1.5505,1.644,1.4723,-437.8062,1039.6333,0.51544
890.1684,326.8617,377.2005,91.3202,14.92,4.1621,2377.27,1.5934,1.691,1.4938,-437.8977,1027.8403,0.48153
890.3208,326.8617,376.0791,93.9425,13.31,4.1268,2370.0601,1.5983,1.6986,1.5354,-438.0852,1020.1292,0.43026
890.4732,326.3021,383.9287,98.9903,8.65,4.1881,2357.4299,1.6042,1.7069,1.4414,-438.1563,1011.7378,0.44361
890.6256,326.0227,387.2288,99.777,11.36,4.289,2363.4399,1.6034,1.7034,1.335,-438.0341,1007.4286,0.40033
890.778,325.4634,382.5511,94.5325,16.19,4.2795,2379.6201,1.5851,1.6872,1.3698,-437.8125,1011.9646,0.39839
890.9304,324.6242,379.3792,88.8292,20.22,4.1636,2392.22,1.5803,1.6849,1.4648,-437.7784,1042.355,0.36329
891.0828,325.7428,385.1783,87.0263,14.63,4.0702,2379.3999,1.573,1.6756,1.4998,-437.5562,1020.5829,0.37552
891.2352,324.9038,390.7531,94.2372,21.21,4.09,2383.6101,1.5632,1.671,1.432,-437.3921,1019.222,0.37892
891.3876,324.3445,384.5375,94.0733,21.77,4.2129,2373.73,1.6269,1.7408,1.4083,-437.2898,1036.0052,0.41413
891.54,325.7428,376.3674,94.893,26.77,4.3825,2378.52,1.5836,1.6935,1.4363,-437.2216,1061.4063,0.40821
891.6924,335.2516,383.8326,96.1551,19.42,4.4938,2367.5798,1.4859,1.5878,1.3914,-437.3977,1023.7584,0.44566
891.8448,325.4634,391.2338,99.7606,18.18,4.4252,2383.8899,1.56,1.6706,1.3995,-437.6125,1035.0975,0.45197
891.9972,325.4634,385.3385,96.8102,11.03,4.1255,2387.3101,1.5699,1.6792,1.4668,-437.5682,1050.9735,0.45173
892.1496,325.7428,379.6034,96.6957,8.31,3.8099,2392.47,1.5693,1.6729,1.6032,-437.1761,1028.0667,0.41518
892.302,327.421,379.5073,95.3518,6.71,3.6805,2383.8999,1.5588,1.6592,1.6032,-437.0057,1021.9433,0.42449
892.4544,336.0905,381.8782,94.3687,8.57,3.7923,2378.1599,1.5652,1.6659,1.5686,-436.7557,1015.5933,0.41629
892.6068,327.1411,381.5258,87.485,8.78,4.0049,2368.3401,1.6045,1.7089,1.5454,-436.6534,1042.8087,0.44339
892.7592,327.421,380.2762,85.3871,5.88,4.2104,2347.1799,1.5837,1.6832,1.085,-436.4602,1029.6543,0.45404
892.9116,324.9038,389.2794,87.7144,6.27,4.4092,2338.6499,1.487,1.5769,1.1179,-436.2159,1013.7789,0.54107
893.064,332.455,395.4309,88.8617,5.32,4.5119,2333.3298,1.4842,1.5838,1.0499,-436.0875,1027.8403,0.59975
893.2164,342.2432,392.8678,91.3201,7.23,4.5329,2343.78,1.4763,1.5644,1.2279,-436.3409,1040.5409,0.577
893.3688,328.8192,392.0988,93.7456,8.17,4.4732,2347.8899,1.5085,1.6007,1.2052,-436.4318,1011.511,0.49621
893.5212,325.1835,393.2522,95.2208,18.13,4.4077,2367.8501,1.5565,1.6517,1.2184,-436.375,1013.3254,0.48609
893.6736,323.2259,388.959,95.0569,22.3,4.3945,2373.7,1.5518,1.6485,1.4456,-436.4318,1027.8403,0.47318
893.826,329.0989,382.3909,93.5324,16.08,4.4287,2370.6602,1.5418,1.6384,1.358,-436.75,1027.3865,0.48511
893.9784,326.8617,389.023,91.8933,7.47,4.4934,2359.4302,1.6022,1.7061,1.4129,-437.1648,1032.376,0.47412
894.1308,331.6158,383.5763,87.3045,4.41,4.4682,2361.24,1.6063,1.7113,1.4273,-437.4148,1016.2737,0.49101
894.2832,327.421,376.816,86.6983,9.6,4.3358,2367.1899,1.5837,1.6936,1.5096,-437.3182,1018.3149,0.48631
894.4356,327.1411,386.0754,86.6985,17.31,4.1895,2376.3,1.49,1.5906,1.4246,-437.5688,1020.5829,0.51364
894.588,323.7852,388.0298,92.5329,27.53,4.0764,2384.8701,1.5603,1.671,1.4336,-438.5,1040.5409,0.47379
894.7404,327.1411,390.3046,89.7468,25.55,4.0869,2370.26,1.5084,1.6141,1.4391,-439.1364,1048.7058,0.45513
894.8928,328.2599,389.3755,86.4688,17.55,4.2894,2347.3699,1.5407,1.6509,1.3175,-438.9546,1048.252,0.41658
895.0452,327.7006,387.2929,80.1426,8.45,4.6057,2331.28,1.594,1.713,1.2783,-438.7954,1020.3556,0.40374
895.1976,324.3445,396.1999,86.3706,15.92,4.7407,2355.55,1.4671,1.5672,1.1963,-439.4489,1028.9741,0.41743
895.35,325.4634,390.0483,92.7624,32.01,4.5034,2400.5598,1.4837,1.5833,1.3463,-439.9432,1053.2413,0.44949
895.5024,325.7428,377.2646,93.8606,30.03,4.0875,2409.03,1.4916,1.5933,1.496,-439.9312,1058.2308,0.51358
895.6548,326.582,376.2072,87.9603,19.91,3.8114,2382.5901,1.5212,1.6333,1.6377,-439.8636,1003.8,0.45602
895.8072,328.2599,375.2461,89.4352,1.85,3.821,2332.53,1.5027,1.6128,1.6236,-440.3523,1008.1091,0.43828
895.9596,329.3786,391.426,89.8121,7.05,4.1206,2318.5999,1.4518,1.5647,1.5002,-440.7102,1049.3859,0.42565
896.112,332.1754,402.3194,95.3847,19.61,4.5068,2333.6001,1.4059,1.5112,1.3932,-440.4875,1026.48,0.46635
896.2644,346.1586,391.8105,91.222,30.27,4.8222,2360.8899,1.4441,1.5582,1.2209,-440.3182,1001.3052,0.47038
896.4168,331.6158,387.6774,90.7304,31.66,4.8284,2381.2302,1.4715,1.5822,1.3251,-440.5909,1037.3655,0.45605
896.5692,335.5312,386.7803,87.2883,22.61,4.5635,2386.97,1.4616,1.5664,1.3903,-440.6187,1051.4274,0.44994
896.7216,333.294,381.8462,85.2233,14.81,4.2245,2380.5798,1.5288,1.6429,1.6546,-440.3693,989.5118,0.45139
896.874,333.8533,378.9306,88.9437,7.49,4.1699,2350.5601,1.5424,1.6624,1.6988,-440.05,988.8314,0.46153
897.0264,334.9719,384.9861,88.452,17.3,4.5268,2338.1199,1.5083,1.6326,0.8529,-440.4375,1050.5198,0.44082
897.1788,334.1329,393.1241,92.8607,33.17,4.9573,2353.8301,1.4997,1.6192,0.8231,-440.4943,1057.4753,0.47272
897.3312,332.7346,386.588,94.2209,41.37,5.1473,2385.6399,1.5535,1.695,0.7966,-439.8693,1008.1091,0.5018
897.4836,330.4972,382.9355,97.6302,38.67,5.0684,2399.7,1.5047,1.6405,1.203,-439.6063,979.9863,0.52066
897.636,335.5312,392.0988,96.3353,29.74,4.939,2391.51,1.4649,1.5982,1.1943,-440.25,1047.7981,0.51918
897.7884,333.294,393.028,96.0076,21.65,4.7175,2375.6899,1.4199,1.5429,0.9423,-441.0796,1092.2506,0.5018
897.9408,334.9719,386.0754,94.7454,16.92,4.4432,2375.79,1.5471,1.6856,1.1878,-442.6688,1020.3556,0.49118
898.0932,328.8192,384.9861,95.7286,9.43,4.1378,2372.5701,1.5798,1.73,1.252,-444.1704,968.8733,0.47244
898.2456,326.8617,390.1124,91.9592,10.31,4.0088,2383.95,1.4298,1.5554,1.5523,-444.3011,1041.4484,0.44362
898.398,326.0227,388.158,92.6804,10.44,3.9327,2389.26,1.4854,1.6231,1.6089,-444.675,1110.3944,0.46136
898.5504,326.0227,381.3336,91.0417,11.02,3.9286,2384.0598,1.5265,1.674,1.7221,-444.9261,1089.5291,0.44621
898.7028,328.8192,382.5831,97.2039,15.28,4.0287,2381.2002,1.4894,1.6331,1.5756,-444.6307,1054.6027,0.44265
898.8552,327.7006,389.1191,94.6637,13.52,4.2069,2370.1101,1.4232,1.5558,1.4308,-444.1875,1050.5198,0.42719
899.0076,332.7346,383.7365,96.1386,15.34,4.2751,2379.6001,1.4942,1.6373,1.2371,-444.0909,1041.9022,0.43592
899.16,330.4972,374.7655,90.3696,10.38,4.1262,2380.1101,1.4972,1.6307,1.3729,-443.7875,1033.2836,0.41264
899.3124,331.3362,376.3034,94.1389,8.76,3.9412,2379.24,1.4675,1.5978,1.3286,-443.2046,1014.6862,0.41421
899.4648,329.6582,387.0686,90.6482,7.31,3.9033,2375.3201,1.5258,1.6606,1.5564,-442.8296,1028.7478,0.43353
899.6172,328.8192,389.0871,93.3686,7.19,3.9181,2374.1099,1.602,1.7464,1.5628,-442.6364,1028.2941,0.46352
899.7696,329.3786,382.4549,91.0741,8.74,3.9177,2379.6101,1.5283,1.6712,1.6044,-442.6563,1053.2413,0.45087
899.922,328.8192,380.5005,89.4515,8.45,3.9063,2374.96,1.4996,1.6261,1.5263,-442.4602,1020.1292,0.46844
900.0744,327.7006,380.1801,88.6323,14.36,3.9931,2378.98,1.4555,1.5836,1.494,-442.1989,994.9548,0.45764
900.2268,328.8192,386.2036,94.5653,20.09,4.0767,2383.3,1.4635,1.5907,1.4379,-442.0438,1024.4385,0.45369
900.3792,336.6498,384.089,104.4314,17.95,4.088,2374.3999,1.451,1.5745,1.4719,-441.6364,1042.8087,0.41495
900.5316,326.8617,383.2239,104.7593,12.59,4.0711,2359.26,1.4291,1.5502,1.3219,-441.5,1014.9129,0.40862
900.684,327.9803,388.222,98.4493,16.84,4.1425,2362.5,1.4039,1.5079,1.3719,-441.2938,1004.7071,0.40052
900.8364,329.3786,385.3385,90.5826,19.61,4.2807,2372.3198,1.4948,1.614,1.3882,-441.2954,1037.3655,0.40256
900.9888,330.4972,389.2153,88.452,19.2,4.4147,2375.1099,1.4684,1.5863,1.5825,-441.3807,1051.4274,0.42877
901.1412,331.0565,386.4919,88.2716,9.86,4.4936,2361.98,1.4854,1.6025,1.5349,-441.2784,1052.3348,0.44045
901.2936,330.2175,381.0452,92.369,6.95,4.6013,2357.79,1.5213,1.6437,1.4505,-441.0114,1052.1075,0.46843
901.446,331.8957,389.6959,94.8271,5.95,4.7473,2357.1001,1.4416,1.5629,1.2531,-441.3239,1058.2308,0.45952
901.5984,331.3364,397.129,95.3683,8.14,4.7783,2364.7202,1.4852,1.6113,1.1443,-441.4204,1024.2112,0.43241
901.7508,338.328,389.0551,91.9267,11.65,4.5943,2376.79,1.5199,1.6558,1.1702,-441.0875,1017.8614,0.41313
901.9032,331.6158,380.1801,91.5989,14.02,4.3002,2386.1101,1.5316,1.6757,1.5402,-440.5057,1044.17,0.42896
902.0556,329.9379,378.45,95.7452,16.36,4.1061,2392.74,1.5882,1.7324,1.6903,-440.9091,1042.5823,0.41257
902.208,328.8192,376.9762,96.8923,14.0,4.0956,2385.8298,1.5244,1.6606,1.6995,-441.3579,1031.0156,0.41465
902.3604,333.294,388.19,95.0897,12.12,4.175,2382.9099,1.4708,1.6042,1.5777,-441.1818,1011.9646,0.42094
902.5128,329.9379,386.7162,95.3845,8.04,4.3174,2361.0898,1.528,1.6604,1.6041,-440.7671,1000.8516,0.4102
902.6652,328.2599,374.5412,98.3346,14.16,4.6212,2347.96,1.5531,1.6918,1.7311,-441.1477,1102.6833,0.42984
902.8176,328.5396,385.4987,100.7931,23.3,5.0213,2341.51,1.4434,1.5718,1.4376,-442.0682,1097.6938,0.41367
902.97,329.0989,389.023,98.1544,25.75,5.2657,2335.76,1.536,1.6744,1.1318,-441.925,1056.1893,0.46859
903.1224,340.5652,388.0298,96.5156,39.88,5.1397,2369.4302,1.4432,1.5731,1.0629,-441.7898,1018.7684,0.45154
903.2748,333.8533,393.2202,95.86,44.92,4.8041,2396.1699,1.4968,1.6301,1.195,-442.1023,1013.3254,0.46836
903.4272,329.3786,381.2374,93.2541,41.07,4.5333,2401.0999,1.467,1.5889,1.4248,-442.2159,1014.6862,0.39049
903.5796,333.5736,378.6743,96.2042,28.11,4.4417,2371.3501,1.4171,1.5345,1.0947,-441.9546,1053.9215,0.36454
903.732,331.3364,393.7328,95.5487,28.42,4.4717,2360.49,1.3759,1.4887,1.0723,-441.2875,1017.4077,0.37885
903.8844,329.0989,398.9553,95.8111,35.44,4.5546,2365.6099,1.4727,1.5943,0.8754,-441.1023,992.4601,0.41606
904.0368,328.8192,394.8542,95.4831,39.51,4.6495,2376.55,1.4559,1.5762,1.0689,-441.25,1018.3149,0.44222
904.1892,343.0821,388.3822,96.4663,35.29,4.7476,2364.74,1.4582,1.5769,1.1485,-441.3579,1041.4484,0.43369
904.3416,327.9803,386.4919,98.9903,41.49,4.8996,2371.02,1.4584,1.571,1.1402,-441.6818,1054.8292,0.45338
904.494,329.9379,390.5609,93.9094,38.13,5.208,2355.5601,1.4443,1.5479,1.1084,-441.4829,1016.5005,0.49176
904.6464,345.5992,393.7328,91.4512,33.74,5.5961,2342.1699,1.4384,1.5409,0.7193,-441.2046,1020.8093,0.48946
904.7988,338.328,393.3163,86.2067,28.84,5.816,2348.49,1.4298,1.5351,0.642,-441.4063,1050.066,0.49207
904.9512,329.6582,391.458,87.5182,28.8,5.6443,2376.6101,1.4718,1.5754,0.6529,-442.4829,1025.5725,0.47973
905.1036,332.1754,387.1006,87.0264,23.52,5.3122,2375.47,1.4831,1.58,1.0413,-442.3409,1030.5619,0.48169
905.256,331.0565,384.922,93.1721,11.89,5.0422,2353.78,1.5078,1.6049,1.2547,-442.125,1054.8292,0.40289
905.4084,343.362,391.7464,95.6304,4.02,4.952,2330.29,1.4033,1.4875,0.7137,-442.4034,1050.066,0.41536
905.5608,340.0059,393.8289,98.0888,6.41,4.6852,2355.7998,1.5918,1.6982,0.714,-442.375,1038.4994,0.41217
905.7132,333.0143,385.2103,94.4015,17.5,4.2816,2388.6899,1.5802,1.6837,0.9105,-442.2,1038.2731,0.43098
905.8656,326.582,378.1296,90.5008,24.77,4.0636,2403.1401,1.5727,1.6787,1.6226,-442.0227,1039.1805,0.43454
906.018,327.7006,377.2646,87.5507,30.66,4.2909,2392.79,1.5448,1.6418,1.5218,-442.1375,1033.2836,0.42138
906.1704,338.0481,382.1666,88.1734,32.31,4.7161,2383.48,1.5614,1.6611,1.1069,-442.4602,1026.0261,0.42079
906.3228,331.0565,391.2658,89.4518,31.99,4.8655,2390.6401,1.5974,1.6881,1.1172,-442.5909,1038.2731,0.42309
906.4752,338.328,384.954,91.7788,24.75,4.5912,2398.8298,1.6227,1.7133,1.1649,-442.5688,1053.6952,0.42308
906.6276,328.5396,371.5295,92.7949,15.82,4.1981,2394.2002,1.5959,1.6899,1.6449,-442.1989,1046.2104,0.4286
906.78,328.2599,369.9275,90.9757,7.49,3.996,2373.4199,1.6401,1.7226,1.6585,-441.9091,1034.6439,0.44278
906.9324,328.2599,378.6422,86.0265,11.79,4.073,2371.5898,1.6548,1.7385,1.6119,-442.0,1012.8718,0.45157
907.0848,327.9803,384.0249,86.518,16.37,4.2872,2371.8701,1.6488,1.7252,1.4706,-442.2671,982.4812,0.44492
907.2372,331.3364,378.8024,90.1236,24.76,4.4338,2390.0701,1.658,1.7351,1.4695,-442.6125,1058.0045,0.43212
907.3896,329.6582,377.2325,91.9263,18.62,4.4273,2386.8799,1.628,1.7095,1.5756,-443.2273,1060.9525,0.40567
907.542,330.4972,377.8092,90.4514,11.51,4.2462,2386.48,1.658,1.7443,1.6208,-445.0966,1046.6643,0.42141
907.6944,328.8192,374.381,88.8287,1.93,4.0173,2376.28,1.7257,1.8195,1.7178,-447.7727,1024.2112,0.4181
907.8468,326.8617,372.8431,94.8928,0.44,3.8587,2379.4099,1.7416,1.8369,1.6981,-448.2813,1010.377,0.45127
907.9992,326.582,374.4451,93.4177,-0.79,3.8981,2378.9202,1.7375,1.8383,1.772,-448.1079,1045.9841,0.44499
908.1516,326.8617,370.5363,91.1236,5.12,4.045,2398.9602,1.8444,1.9602,2.0738,-447.65,1050.9735,0.44112
908.304,325.7428,345.4494,84.9611,21.18,4.1716,2441.3198,2.1671,2.3414,2.523,-447.2386,1038.4994,0.41928
908.4564,324.3445,332.121,88.5665,31.47,4.1534,2469.8201,2.1323,2.3253,2.6171,-447.0739,1031.4695,0.39198
908.6088,324.9038,351.4087,89.2222,26.6,4.0244,2456.6902,1.9052,2.0353,2.0996,-446.6313,1026.0261,0.40045
908.7612,326.0227,365.1857,93.1884,11.15,3.8631,2415.0701,1.7532,1.899,1.9308,-445.7841,1025.1187,0.38699
908.9136,327.9803,371.5936,90.4023,1.11,3.7736,2378.8098,1.6796,1.8196,1.8039,-445.1307,1039.1805,0.40331
909.066,327.7006,377.0723,90.9595,0.08,3.7273,2365.23,1.677,1.8132,1.7529,-444.4188,1055.5093,0.39345
909.2184,331.0565,376.9121,91.3526,-0.49,3.7032,2352.3301,1.6271,1.747,1.7544,-444.25,1043.2625,0.40423
909.3708,336.6498,376.784,92.6641,-0.06,3.7848,2343.78,1.6734,1.7885,1.7972,-443.9602,1032.6034,0.41206
909.5232,329.9379,381.0772,94.1064,0.32,4.031,2339.27,1.5858,1.688,1.5999,-445.525,1022.3971,0.40172
909.6756,329.3786,390.1124,94.926,2.02,4.3414,2348.0698,1.6461,1.7468,1.531,-447.0682,1056.4169,0.40492
909.828,328.2599,382.1666,96.7616,2.75,4.4238,2362.9602,1.8257,1.9507,1.5662,-446.6818,1044.3965,0.38528
909.9804,326.582,361.7574,92.6315,9.31,4.2486,2383.49,1.8916,2.031,1.8379,-446.5125,989.285,0.42693
910.1328,326.8617,362.174,90.3369,11.18,4.0547,2381.53,1.7886,1.9396,1.7701,-446.0739,1003.7999,0.41203
910.2852,329.0989,375.8548,89.4844,12.18,4.0147,2371.28,1.5429,1.6503,1.6361,-445.2102,1066.8496,0.43231
910.4376,329.3786,393.8289,93.9096,6.37,4.1219,2345.7698,1.441,1.5356,1.3079,-444.3296,1036.9117,0.42972
910.59,329.9379,405.4913,95.1715,12.25,4.2521,2334.6401,1.3997,1.4886,1.2792,-443.7,1005.1607,0.43892
910.7424,330.7768,403.0563,96.6467,26.17,4.5154,2327.0701,1.3859,1.4607,1.1693,-442.75,1030.3345,0.46026
910.8948,330.4972,404.7544,97.4334,35.22,5.066,2312.0898,1.3179,1.3906,1.0486,-441.8807,1043.7163,0.49278
911.0472,343.9213,417.5381,97.8104,41.01,5.6411,2307.3101,1.2887,1.355,0.4925,-440.8125,1038.9532,0.54448
911.1996,331.8957,419.9091,96.499,41.24,5.9599,2306.8999,1.3074,1.375,0.4771,-441.2557,1010.6038,0.58856
911.352,333.0143,413.2769,95.7779,50.7,5.8864,2324.98,1.218,1.2681,0.4392,-443.0284,1025.1187,0.53813
911.5044,333.294,418.5954,97.2531,55.25,5.701,2334.7002,1.289,1.3335,0.7397,-442.675,1028.2941,0.53471
911.6568,375.5235,418.4673,95.778,55.81,5.5007,2340.7,1.2828,1.3365,0.6062,-442.1648,1039.4069,0.51437
911.8092,332.455,417.8585,97.679,53.17,5.2597,2344.4399,1.274,1.3248,0.6306,-441.5966,1029.2007,0.5222
911.9616,332.1754,409.6564,96.5318,52.32,5.0608,2351.1802,1.3682,1.4233,0.6459,-441.7329,1047.3445,0.5407
912.114,329.3786,401.1019,99.9572,47.51,5.1208,2344.3401,1.3127,1.3747,0.79,-442.2046,1040.5409,0.50431
912.2664,331.0565,415.8401,101.4325,45.54,5.3921,2334.4399,1.2604,1.3209,0.8121,-442.3,1046.6643,0.48561
912.4188,333.0143,424.6829,98.81,50.75,5.6605,2338.01,1.2955,1.3543,0.6916,-442.125,1054.149,0.45649
912.5712,346.7179,415.5517,97.5154,62.51,5.8356,2348.0,1.3227,1.3811,0.7975,-441.9489,1020.1292,0.45249
912.7236,333.8533,394.662,92.1559,64.92,6.094,2344.3601,1.3544,1.4163,0.7054,-442.1591,1010.6038,0.50267
912.876,329.0989,414.3983,93.3031,59.52,6.501,2325.9102,1.2372,1.2862,0.5652,-442.1477,1058.2308,0.57266
913.0284,341.6838,432.6608,92.6474,55.13,6.8949,2328.3801,1.2841,1.3342,0.5261,-442.2954,1055.963,0.55799
913.1808,332.1754,411.0982,96.6957,53.02,7.1449,2336.1199,1.3557,1.4148,0.6944,-442.575,1036.9117,0.55391
913.3332,332.7346,413.8857,96.3679,51.9,7.1797,2353.6201,1.3017,1.3564,0.7393,-442.5852,1016.5005,0.54906
913.4856,331.0565,398.0261,97.4168,52.94,6.923,2387.2002,1.3379,1.4025,0.8228,-442.6364,1030.5619,0.49565
913.638,329.3786,361.7574,91.1887,48.76,6.2626,2419.71,1.7869,1.911,1.0029,-442.0511,1024.8923,0.44898
913.7904,327.1411,348.9096,87.4195,33.86,5.4208,2412.29,1.7587,1.8872,1.8008,-441.7386,1019.6758,0.41371
913.9428,327.7006,365.2177,82.6011,18.35,4.7694,2385.0801,1.5713,1.6843,1.6495,-441.0568,1051.8811,0.42921
914.0952,328.2599,378.1296,83.5845,15.54,4.5205,2383.97,1.579,1.6959,1.6341,-440.8687,1038.0466,0.42529
914.2476,328.8192,366.6274,88.452,20.21,4.5129,2406.0701,1.725,1.8673,1.669,-440.7727,1018.3149,0.43736
914.4,327.7006,366.0187,92.0577,18.31,4.4544,2404.8901,1.6764,1.8176,1.6171,-440.9773,1061.6327,0.42615
914.5524,326.8617,378.2898,96.1551,11.98,4.2604,2390.0801,1.7736,1.9251,1.5582,-440.5909,1046.6643,0.43133
914.7048,327.9803,382.7112,92.5987,4.36,3.9491,2375.8398,1.7914,1.9511,1.6094,-439.8636,1042.355,0.43628
914.8572,328.5396,375.1499,91.1068,1.13,3.6732,2380.2,1.7797,1.9369,1.7067,-440.475,1033.9637,0.44373
915.0096,327.1411,370.0557,91.9265,-1.62,3.4617,2379.7,1.839,2.0004,1.7333,-440.9886,1013.0987,0.39269
915.162,326.3021,363.9361,96.3515,-1.34,3.3487,2377.5898,1.8241,1.9868,1.9168,-440.8977,1062.9939,0.40501
915.3144,327.1411,355.9583,90.6321,-1.03,3.3207,2365.5601,1.9029,2.0854,1.9839,-441.075,1063.2205,0.4128
915.4668,327.7006,357.0797,86.551,1.38,3.4168,2362.2798,1.9272,2.1219,2.0344,-441.1875,1009.243,0.40307
915.6192,334.9719,362.5905,83.7646,2.29,3.5715,2358.5701,1.7613,1.9217,1.8291,-441.3807,1003.3464,0.4092
915.7716,331.3362,370.0236,87.5341,2.79,3.7088,2359.0701,1.8155,1.9802,1.7915,-441.3977,1077.0548,0.41665
915.924,327.1411,373.4518,86.4526,1.79,3.7157,2353.28,1.7525,1.9092,1.7855,-441.2313,1076.1483,0.43048
916.0764,329.3786,370.4402,88.2556,2.04,3.7364,2352.75,1.776,1.9351,1.9328,-441.6136,1025.1187,0.38425
916.2288,326.8617,368.7421,93.631,3.37,3.7744,2364.3,1.887,2.059,1.824,-441.9318,991.0993,0.38121
916.3812,328.8192,368.1013,95.0239,3.99,3.7829,2377.8501,1.8069,1.9594,1.7471,-441.8409,1056.8706,0.40265
916.5336,327.7006,366.5634,93.5488,4.42,3.6442,2388.27,1.8185,1.9653,1.7435,-441.7875,1088.8489,0.41346
916.686,324.9038,366.1469,92.4346,4.28,3.4267,2385.25,1.8002,1.9452,1.7951,-441.8977,1015.5933,0.41223
916.8384,324.3445,366.4032,92.1231,4.11,3.305,2375.99,1.7679,1.912,1.7771,-441.875,1006.975,0.38466
916.9908,330.7768,366.0508,90.6483,2.04,3.3708,2356.0801,1.8184,1.9665,1.7447,-441.8563,1054.149,0.37156
917.1432,333.294,370.0236,86.387,2.73,3.5361,2341.8,1.7336,1.8767,1.7816,-442.6477,1045.5303,0.38305
917.2956,327.421,369.6392,86.0266,14.12,3.879,2332.6699,1.7496,1.8905,1.8017,-443.2046,1004.0267,0.41649
917.448,325.4634,367.2362,88.6486,31.25,4.3572,2340.0801,1.7652,1.9024,1.856,-443.7313,983.8417,0.4622
917.6004,344.7603,374.8616,84.5515,45.49,4.9105,2351.0398,1.6599,1.7857,1.4162,-444.2784,1062.5403,0.46945
917.7528,345.0399,381.5899,87.0752,41.98,5.2665,2355.76,1.6863,1.8063,1.356,-444.7216,1084.9934,0.48399
917.9052,341.6838,371.1771,85.7644,21.79,5.5252,2329.1299,1.7274,1.8436,1.1569,-444.975,996.5424,0.40872
918.0576,327.9803,365.2498,89.6483,-4.37,6.0533,2297.8,1.6731,1.7839,1.2986,-445.2102,979.0791,0.38936
918.21,344.4807,376.4315,89.5995,-17.65,6.5957,2278.8601,1.6509,1.7618,0.7626,-444.9716,1063.2205,0.36864
918.3624,340.5652,387.7094,89.4355,-13.67,6.4787,2302.5601,1.5625,1.6677,0.7316,-444.8977,1078.1887,0.42265
918.5148,334.9719,384.6016,92.8607,15.15,5.5272,2362.45,1.65,1.765,0.7596,-445.175,1048.7058,0.4408
918.6672,327.7006,372.4586,93.3524,22.27,4.3726,2392.1499,1.7009,1.8237,1.5253,-445.5454,1058.6847,0.44738
918.8196,326.582,371.0168,97.0725,24.44,3.7092,2404.3801,1.6695,1.7926,1.6969,-445.4261,1012.4182,0.41044
918.972,326.582,372.3625,95.9911,7.75,3.5409,2375.6199,1.672,1.8019,1.7397,-444.9562,1042.355,0.41177
919.1244,326.582,371.3693,94.5158,7.91,3.6071,2370.5498,1.6877,1.8168,1.7548,-444.5682,1085.6735,0.40654
919.2768,326.8617,372.747,92.7625,7.54,3.7708,2362.8599,1.6664,1.7837,1.7614,-444.6193,1058.2308,0.39865
919.4292,338.0481,371.7217,90.9595,7.97,3.9038,2363.25,1.7017,1.8251,1.6627,-444.75,1037.139,0.3862
919.5816,326.582,374.7975,89.4848,6.47,3.9597,2357.8501,1.6533,1.7711,1.4081,-444.9204,1048.0256,0.39347
919.734,326.3021,379.6996,90.4678,5.29,3.8978,2359.28,1.6556,1.7689,1.4001,-445.2437,1079.3228,0.39064
919.8864,339.4466,376.2072,93.1725,2.19,3.6987,2353.5601,1.6986,1.8194,1.5849,-445.3523,1041.6748,0.39514
920.0388,325.4634,370.7605,93.9914,0.89,3.4775,2355.47,1.683,1.8039,1.7197,-444.8693,1010.1502,0.39334
920.1912,328.5396,369.3188,88.7471,0.88,3.2919,2360.8699,1.7115,1.8361,1.7013,-444.9886,1044.17,0.40064
920.3436,324.3445,368.1974,87.665,2.6,3.2109,2373.1599,1.7833,1.9224,1.7578,-444.8068,1072.2928,0.38462
920.496,323.7852,366.0508,87.5017,3.14,3.1837,2378.71,1.8254,1.975,1.779,-444.4813,1061.6327,0.41453
920.6484,324.3445,367.6527,88.8129,2.75,3.1719,2378.0898,1.7111,1.8431,1.7624,-444.6823,1036.9117,0.4142
920.8008,327.1411,369.3828,88.9932,1.41,3.1671,2370.6602,1.7349,1.8656,1.724,-444.6648,1032.8297,0.40758
920.9532,325.7428,370.5683,90.4681,0.45,3.1625,2366.4099,1.7257,1.848,1.7456,-444.2437,1052.5613,0.38074
921.1056,324.3445,371.0168,88.9928,-0.56,3.1655,2362.47,1.6965,1.8139,1.7474,-443.4034,1052.3339,0.36787
921.258,326.0227,371.145,85.0596,-2.0,3.1735,2359.01,1.7083,1.8238,1.7345,-443.2216,1032.376,0.37663
921.4104,325.1835,369.7673,78.176,-2.64,3.1592,2357.3899,1.7066,1.8151,1.7108,-443.5852,1047.118,0.41562
921.5628,323.7852,369.7032,78.504,-2.09,3.1357,2359.8799,1.708,1.811,1.7635,-444.1534,1065.0344,0.42581
921.7152,324.0649,373.0033,78.8315,-1.09,3.1261,2363.05,1.7132,1.8159,1.8043,-444.6136,1046.6643,0.47464
921.8676,324.6242,373.9645,83.4205,2.18,3.1414,2375.1799,1.727,1.8326,1.7694,-444.8352,1033.7373,0.48316
922.02,325.4634,369.7353,83.3222,6.39,3.205,2384.8601,1.7846,1.898,1.706,-445.1875,1041.4484,0.45258
922.1724,325.1835,367.7809,86.2722,6.67,3.2903,2381.55,1.7719,1.8919,1.6905,-445.4375,1045.5303,0.4231
922.3248,323.5056,371.6897,88.7306,4.3,3.3599,2369.1599,1.737,1.8591,1.756,-445.1932,1039.8607,0.42536
922.4772,324.9038,372.6829,93.9095,0.84,3.336,2363.6401,1.7447,1.8724,1.7965,-445.3921,1025.1187,0.4373
922.6296,326.8617,370.2159,93.7457,2.02,3.2606,2376.95,1.7049,1.8246,1.8762,-444.7159,1064.5818,0.42958
922.782,324.9038,368.2935,88.665,2.08,3.218,2385.4202,1.765,1.9004,1.8854,-444.8977,1091.797,0.39156
922.9344,324.3445,367.2362,86.5346,1.14,3.2787,2383.6101,1.7424,1.8682,1.9097,-444.9829,1060.2723,0.3913
923.0868,326.0227,366.5313,88.7962,1.08,3.3308,2384.45,1.727,1.8514,1.8302,-444.9148,1030.1082,0.37317
923.2392,325.4634,366.7877,94.9012,2.59,3.3349,2389.5,1.7285,1.8548,1.7827,-444.9829,1077.735,0.38994
923.3916,325.4634,368.5818,86.3788,5.54,3.3524,2392.1001,1.5717,1.6696,1.7439,-445.3125,1082.7256,0.4147
923.544,326.8617,367.7809,85.4774,8.22,3.5143,2381.6699,1.7307,1.834,1.7047,-445.6761,1042.8087,0.45425
923.6964,327.421,368.4217,85.7643,16.73,3.7893,2376.6101,1.7973,1.8978,1.5541,-445.7671,1032.376,0.44485
923.8488,327.421,366.0828,95.9255,28.21,3.9721,2390.5898,1.7961,1.8953,1.5489,-445.5909,1050.5198,0.4192
924.0012,327.421,359.2904,96.0404,27.04,3.8777,2395.8098,1.786,1.88,1.5844,-445.4204,1062.3138,0.41176
924.1536,326.582,360.0594,92.9263,17.75,3.6103,2393.3999,1.7688,1.8624,1.6733,-445.4188,1028.7478,0.42732
924.306,327.7006,363.808,90.4683,3.67,3.4303,2371.9202,1.7599,1.8534,1.7162,-445.3636,1021.0367,0.42513
924.4584,326.3021,365.474,83.9127,1.91,3.4881,2363.74,1.748,1.8432,1.747,-445.1136,1080.4565,0.42797
924.6108,326.0227,368.5178,87.0267,3.82,3.7794,2356.6301,1.7371,1.8249,1.7904,-445.1818,1086.8074,0.44143
924.7632,329.9379,369.6392,85.7151,11.58,4.1311,2364.98,1.7721,1.8581,1.6726,-444.95,1087.0338,0.42883
924.9156,332.7346,368.2615,89.8119,14.59,4.3767,2368.0999,1.7173,1.7943,1.6106,-444.8352,1053.6952,0.4206
925.068,326.582,371.8819,88.1731,17.34,4.3939,2379.73,1.7045,1.771,1.6047,-444.7102,1023.9848,0.39933
925.2204,327.421,369.4469,88.6649,11.3,4.1447,2378.6399,1.7772,1.8444,1.7191,-444.775,1021.4906,0.41199
925.3728,326.0227,364.4488,91.615,7.75,3.7838,2384.1501,1.769,1.8314,1.8906,-444.9659,1066.3958,0.41495
925.5252,329.3786,365.7624,90.5332,3.49,3.4571,2385.53,1.7596,1.8231,1.9345,-444.6761,1067.3033,0.42238
925.6776,330.4972,364.3527,94.1391,4.5,3.3236,2387.4399,1.7596,1.8243,1.9588,-444.6187,1018.7684,0.42572
925.83,328.8192,364.8333,92.9918,4.49,3.3993,2376.6501,1.8007,1.8627,1.8365,-444.7046,1015.5933,0.38179
925.9824,326.582,369.2867,98.8264,7.93,3.6587,2373.0,1.7859,1.8446,1.7732,-444.2954,1093.3846,0.35237
926.1348,322.387,363.0711,98.0067,15.63,3.8871,2391.3301,2.0097,2.0832,1.755,-444.6187,1109.9408,0.35239
926.2872,321.8276,343.4309,96.0236,18.24,3.9063,2417.1499,2.4198,2.5315,2.0919,-444.6364,1027.1602,0.37078
926.4396,321.548,333.3705,90.9431,13.38,3.685,2425.6499,2.3634,2.4757,2.2747,-444.0454,1014.6862,0.38281
926.592,323.7852,330.9675,91.1069,3.1,3.4207,2416.8,2.4402,2.5723,2.4927,-443.5398,1061.8601,0.38267
926.7444,320.7088,333.5627,90.7463,0.17,3.2987,2408.6899,2.3094,2.4284,2.337,-443.35,1065.942,0.35905
926.8968,322.1073,345.4814,89.1074,0.1,3.2927,2409.8201,2.1696,2.283,2.2004,-443.2329,1057.7771,0.33024
927.0492,323.2259,353.9719,84.7479,0.22,3.3423,2420.22,2.0634,2.1623,2.156,-443.6421,1042.8087,0.32799
927.2016,322.387,336.1259,78.7334,3.24,3.4555,2446.5598,2.3078,2.4217,2.6848,-443.9937,1062.9939,0.32621
927.354,322.1073,304.3748,81.5195,8.37,3.5808,2475.8101,2.7239,2.8664,3.0253,-444.1591,1061.6327,0.32901
927.5064,321.548,309.9176,81.3392,8.74,3.6767,2480.1399,2.6714,2.7923,3.2134,-444.2875,1061.8601,0.30507
927.6588,322.1073,330.1345,87.5669,7.99,3.6834,2471.97,2.8839,3.0247,2.7297,-443.9034,1047.3445,0.31005
927.8112,322.1073,340.4192,87.4684,3.96,3.5761,2442.6899,2.6615,2.7857,2.4177,-443.6875,1037.8192,0.34516
927.9636,322.6666,352.466,89.7138,2.81,3.44,2415.6101,1.9894,2.0635,2.0137,-443.9602,1030.3345,0.35564
928.116,323.7852,354.2602,89.2222,0.96,3.3087,2393.49,2.0285,2.1105,1.898,-443.9,1067.7561,0.35114
928.2684,321.548,353.0107,87.7802,1.54,3.2731,2394.0598,1.9303,2.0016,1.8939,-443.5796,1087.715,0.33705
928.4208,322.387,356.4709,87.9439,3.2,3.2947,2400.0198,1.9468,2.0091,1.9184,-443.5511,1057.5508,0.37371
928.5732,322.1073,355.5739,91.8774,5.04,3.3529,2400.0298,2.063,2.129,1.9661,-443.9204,1073.1993,0.37795
928.7256,324.0649,350.0951,92.5985,6.21,3.3979,2393.8201,2.1424,2.2036,1.9865,-444.5125,1060.4988,0.39063
928.878,323.2259,349.4543,90.6319,5.9,3.384,2395.74,2.0427,2.0899,1.9905,-444.7046,1060.9525,0.39579
929.0304,323.2259,352.0815,88.5993,4.89,3.3151,2395.8198,2.0261,2.0721,1.9693,-444.7784,1073.1993,0.397
929.1828,323.7852,352.9146,85.9772,4.42,3.2548,2401.71,2.0113,2.0595,2.0184,-445.0187,1057.3234,0.39567
929.3352,324.0649,355.4777,85.8131,4.6,3.2266,2407.3901,1.9883,2.0403,2.0306,-444.9602,1022.1707,0.38438
929.4876,324.3445,350.9601,84.5514,4.82,3.216,2409.8301,2.0996,2.1656,2.1043,-444.9375,1035.3251,0.3887
929.64,322.9463,347.596,84.8789,5.72,3.1954,2407.8701,2.2058,2.2888,2.1629,-445.0341,1077.9624,0.37326
929.7924,320.7088,348.1407,88.6491,6.07,3.1527,2400.6802,2.0813,2.1634,2.1505,-445.1875,1079.55,0.37622
929.9448,323.5056,352.6583,90.8124,3.25,3.1934,2391.29,1.9095,1.9867,2.01,-445.0852,1081.8179,0.40484
930.0972,324.0649,360.1555,95.5656,-1.97,3.2885,2376.05,1.8519,1.9286,1.9153,-444.9602,1052.1075,0.41865
930.2496,322.9463,360.0914,97.5314,-6.42,3.387,2356.28,1.9264,2.011,1.8971,-445.25,1034.8712,0.41427
930.402,322.387,358.8419,95.5486,-7.0,3.3536,2349.9502,1.8485,1.9265,1.9368,-445.5,1054.6027,0.4146
930.5544,321.548,358.3292,95.5482,-4.26,3.2367,2358.8701,1.9534,2.0397,1.9625,-445.3523,1107.2191,0.38548
930.7068,322.1073,357.9448,92.7624,-1.33,3.1575,2371.0999,1.9963,2.0887,1.9834,-445.1534,1089.0753,0.3663
930.8592,322.9463,358.7778,92.7622,0.35,3.1585,2376.6201,1.8993,1.9869,1.9447,-445.1932,1008.1091,0.36967
931.0116,323.5056,363.1672,89.9762,-0.75,3.2267,2370.49,1.85,1.9396,1.9106,-445.2443,1038.2731,0.3864
931.164,323.2259,362.0138,87.5179,-2.03,3.2719,2359.3499,1.9184,2.0176,1.8736,-444.6421,1100.1882,0.40219
931.3164,325.7428,355.8622,86.6166,-2.01,3.2879,2358.1599,2.0011,2.11,1.9286,-444.2102,1040.3145,0.4
931.4688,324.6242,353.6515,88.5833,-2.12,3.2504,2356.01,2.0119,2.123,1.9674,-444.4625,999.2641,0.39832
931.6212,323.5056,353.1389,91.0415,-2.55,3.2038,2359.73,2.0482,2.1648,1.9556,-444.3921,1044.8501,0.38007
931.7736,322.387,354.0359,92.926,-3.04,3.138,2361.97,2.0277,2.1437,1.9598,-444.5227,1104.9513,0.37309
931.926,320.9887,356.3108,89.6483,-1.02,3.0871,2373.1599,1.9678,2.0774,1.9724,-444.8352,1090.8893,0.36474
932.0784,322.9463,357.5603,89.3207,2.35,3.0827,2386.52,1.9531,2.0651,1.9415,-445.2329,992.687,0.36901
932.2308,321.548,358.1049,91.5825,3.58,3.0954,2392.05,1.8732,1.9806,1.9099,-445.4716,998.8104,0.37396
932.3832,322.6666,360.2836,90.927,2.69,3.1212,2388.1699,1.8233,1.9269,1.8455,-445.5227,1160.2892,0.38419
932.5356,321.8276,363.6158,94.3684,0.85,3.143,2379.4402,1.829,1.9335,1.8483,-445.0852,1214.2668,0.37707
932.688,321.2681,365.9546,93.4179,-0.93,3.1714,2369.04,1.82,1.9195,1.841,-444.9375,1151.6716,0.37969
932.8404,321.8276,365.1536,99.6453,-1.77,3.1985,2364.52,1.8291,1.9291,1.874,-444.7875,1097.9203,0.38333
932.9928,320.4294,365.2498,96.8592,-1.85,3.1824,2369.25,1.7874,1.8826,1.8532,-444.6534,1058.911,0.3978
933.1452,321.548,367.044,92.9424,1.72,3.1652,2387.5698,1.7603,1.8503,1.8753,-444.5,1046.8916,0.41101
933.2976,322.1073,364.0002,91.4678,2.12,3.1457,2389.53,1.9082,2.0056,1.896,-444.5796,1055.5093,0.41027
933.45,322.9463,359.5467,92.943,1.14,3.1811,2379.8999,1.9066,2.0014,1.9509,-445.0909,1080.9104,0.40147
933.6024,323.2259,358.0409,96.0407,-1.06,3.1819,2369.99,1.967,2.0693,1.9458,-445.3352,1072.7455,0.39095
933.7548,324.0649,357.7525,95.8765,0.52,3.1827,2377.6802,1.9444,2.0433,1.961,-445.5171,1041.6748,0.39661
933.9072,323.2259,358.4894,97.843,3.34,3.1544,2391.5999,1.9241,2.0251,1.9434,-445.2443,1058.911,0.43091
934.0596,324.3445,359.5788,102.5953,3.45,3.1974,2389.03,1.8864,1.9873,1.9546,-445.2313,1044.6228,0.41536
934.212,323.2259,359.2263,99.3995,2.92,3.225,2386.3298,1.8837,1.9883,1.9089,-445.2671,1037.5929,0.41682
934.3644,323.2259,359.2904,92.68,3.34,3.2564,2392.6599,1.8197,1.9209,1.8484,-445.1989,1051.8811,0.38159
934.5168,323.5056,363.7119,85.6332,3.59,3.2433,2404.6799,1.7166,1.8072,1.7766,-444.9546,1037.8192,0.41661
934.6692,322.6666,364.3847,86.3709,4.17,3.2303,2404.29,1.7752,1.8717,1.7788,-444.5438,1018.7684,0.41459
934.8216,322.6666,362.1099,87.5181,3.68,3.2189,2395.8198,1.7712,1.8635,1.7478,-444.7557,1054.6027,0.39282
934.974,320.9887,362.1419,90.1402,7.05,3.2726,2394.1499,1.8182,1.9092,1.7477,-444.8864,1040.5409,0.39096
935.1264,320.1495,361.3409,91.2872,8.28,3.3628,2395.1199,1.8661,1.9626,1.737,-444.8813,1042.8087,0.39907
935.2788,321.548,359.3224,90.7956,9.8,3.4306,2397.97,1.859,1.9526,1.8225,-445.0171,1057.5508,0.41472
935.4312,322.9463,354.6127,87.9114,7.86,3.3741,2397.3701,2.0223,2.1302,1.905,-445.1704,1029.2017,0.40641
935.5836,323.2259,351.1524,83.3227,3.68,3.2522,2391.51,2.0683,2.179,1.9846,-445.2727,1068.6636,0.38363
935.736,324.3445,351.5369,86.1088,-1.21,3.1381,2382.9802,2.1013,2.2158,2.0807,-445.4125,1091.3431,0.35263
935.8884,324.9038,354.8049,90.0746,-2.71,3.0962,2380.3899,2.0005,2.107,2.1098,-445.875,1055.963,0.34877
936.0408,325.4634,356.3428,91.0579,0.1,3.0918,2389.4099,1.9997,2.1087,2.0923,-446.0966,1051.8811,0.35155
936.1932,322.9463,353.7155,91.6643,1.95,3.0786,2392.8999,2.0842,2.2015,2.061,-445.7386,1055.963,0.36912
936.3456,322.6666,351.6971,93.3686,1.86,3.062,2389.53,2.0272,2.1379,2.051,-445.45,1092.4771,0.3377
936.498,321.548,351.2165,96.3186,0.55,3.0718,2381.3701,2.0266,2.1403,2.0171,-445.3977,1078.1887,0.35368
936.6504,321.8276,350.864,93.254,0.4,3.0903,2377.9399,2.0371,2.1442,1.9912,-445.6421,1023.7584,0.34157
936.8028,322.1073,349.8067,90.2877,-0.08,3.1055,2375.1299,2.1176,2.2253,1.9572,-445.5625,1053.6952,0.36212
936.9552,322.387,348.6533,85.0432,-0.11,3.0815,2378.5999,2.1161,2.2196,1.9819,-445.4204,1107.4454,0.34593
937.1076,321.548,348.3009,85.8623,0.87,3.0537,2389.29,2.1232,2.2314,2.0237,-445.4318,1094.0648,0.37126
937.26,321.548,349.5504,80.815,2.75,3.0387,2403.02,2.0329,2.1334,2.0247,-445.9375,1109.4869,0.38722
937.4124,323.2259,350.9281,83.2732,4.72,3.0335,2417.3501,1.9979,2.0939,2.0246,-446.3693,1071.3851,0.39472
937.5648,322.6666,350.6398,83.6012,4.3,3.0293,2417.4299,1.9942,2.0915,2.0037,-446.375,1064.8081,0.37559
937.7172,325.1835,350.7679,88.6484,2.33,3.0147,2409.6501,1.9657,2.0535,2.0477,-446.3239,1074.5607,0.36316
937.8696,322.1073,350.7679,90.6154,1.77,3.0171,2401.47,2.042,2.1347,2.0399,-446.4188,1068.6636,0.38277
938.022,322.1073,349.4864,87.3046,1.55,3.0171,2394.0598,2.0633,2.1511,2.0483,-446.6704,1042.5823,0.38449
938.1744,321.548,346.9552,87.1573,2.61,3.0277,2392.0601,2.1344,2.2271,2.0768,-446.3921,1050.5198,0.37981
938.3268,322.1073,343.495,89.7794,3.95,3.0542,2394.74,2.151,2.2441,2.2009,-446.1125,1058.4583,0.37139
938.4792,322.387,337.9842,89.5994,6.58,3.1265,2403.98,2.2789,2.3757,2.3746,-446.0625,1063.2205,0.34397
938.6316,322.6666,333.9152,88.452,6.06,3.1839,2402.25,2.2952,2.3933,2.4063,-446.1932,1039.8607,0.34428
938.784,326.0227,336.3822,80.7492,3.83,3.1787,2394.02,2.2026,2.2887,2.2713,-446.3625,1036.0052,0.3399
938.9364,326.3021,340.4832,82.7321,2.46,3.1128,2390.7102,2.1869,2.2762,2.2157,-446.5284,1065.942,0.34828
939.0888,324.0649,342.8221,78.9629,3.86,3.049,2399.1201,2.1765,2.2625,2.1944,-446.3636,1070.4777,0.35879
939.2412,323.7852,343.8794,83.3878,3.95,3.0046,2402.22,2.1969,2.2811,2.1786,-446.3239,1058.4583,0.33466
939.3936,322.387,343.2386,81.0442,1.07,3.0189,2389.6699,2.18,2.255,2.1656,-446.4375,1067.7561,0.34237
939.546,322.6666,341.6687,84.4861,-1.42,3.0322,2377.26,2.2181,2.2859,2.1674,-446.5063,1039.1805,0.31951
939.6984,322.387,341.7969,80.7658,-2.3,3.0793,2368.6099,2.2687,2.3342,2.1379,-446.7671,1063.6741,0.32164
939.8508,321.8276,345.6736,86.5844,-1.0,3.0636,2373.78,2.2128,2.2743,2.0707,-446.8352,1087.715,0.31955
940.0032,321.548,347.8844,87.2395,-0.58,3.0569,2373.23,2.1346,2.188,1.9898,-446.0227,1066.3958,0.32438
940.1556,321.2681,346.9232,92.2712,-0.43,3.0239,2375.76,2.1791,2.2387,1.966,-445.7046,1051.6537,0.33839
940.308,321.548,349.4864,86.633,1.67,3.0312,2384.9399,2.0693,2.1225,1.9514,-446.0398,1051.6537,0.36034
940.4604,320.9887,352.8505,86.961,1.72,3.0366,2395.05,1.982,2.0285,1.9229,-445.9261,1073.6531,0.39446
940.6128,320.9887,350.3514,80.0773,4.44,3.0542,2399.05,2.1378,2.1861,1.9023,-445.9602,1080.9104,0.39436
940.7652,321.2681,348.397,82.6011,2.83,3.0517,2384.4299,2.1766,2.2297,1.9218,-446.2841,1064.1279,0.39614
940.9176,323.2259,349.0378,77.3565,3.47,3.026,2372.4001,2.162,2.2109,1.9534,-446.4489,1065.0344,0.37988
941.07,322.1073,344.9688,78.9957,0.64,2.9917,2361.6699,2.2264,2.2829,1.9631,-446.1534,1077.735,0.36002
941.2224,323.7852,340.3551,77.3568,-0.31,2.9744,2361.97,2.2808,2.3467,2.0108,-446.1437,1057.7771,0.35534
941.3748,324.3445,340.4192,83.0602,-0.91,2.9757,2365.6001,2.2779,2.3568,2.0496,-446.375,1062.7666,0.32898
941.5272,325.1835,340.8677,86.8295,-0.78,3.0135,2368.75,2.311,2.4071,2.1201,-446.4886,1075.4672,0.34436
941.6796,324.0649,339.0094,87.3214,0.85,3.0251,2376.75,2.485,2.6031,2.2234,-446.4091,1054.3754,0.32121
941.832,324.6242,335.7735,88.1738,4.01,3.051,2388.03,2.8111,2.9703,2.3394,-446.5796,1058.2308,0.34633
941.9844,322.6666,332.5375,84.4043,6.55,3.0369,2403.1401,2.8318,2.9972,2.4206,-446.4886,1071.3851,0.34543
942.1368,322.9463,329.9743,87.6818,7.12,3.0263,2412.6899,2.7758,2.9384,2.3148,-446.1938,1079.55,0.34213
942.2892,321.2681,331.7685,85.387,3.74,3.0168,2408.6299,2.5428,2.6828,2.2438,-446.2954,1086.3536,0.34778
942.4416,320.4294,335.3249,82.2731,-1.56,3.0514,2389.3198,2.3642,2.4873,2.209,-446.6932,1056.4169,0.34508
942.594,321.8276,334.2997,79.4872,-3.13,3.0884,2380.78,2.3101,2.4187,2.1573,-446.2443,1064.1279,0.35234
942.7464,323.5056,335.8696,80.3065,-2.87,3.0935,2374.97,2.1975,2.2909,2.1317,-445.8068,1073.6531,0.34214
942.8988,323.7852,341.7969,85.6167,-0.13,3.0445,2381.74,2.1636,2.2477,2.071,-445.6591,1065.2618,0.36927
943.0512,324.0649,346.2504,89.7135,0.27,3.0113,2380.46,2.1702,2.2487,2.0639,-446.1932,1065.2618,0.36189
943.2036,324.0649,350.2873,92.9919,1.21,3.0101,2388.8198,2.1189,2.187,2.0793,-446.4625,1063.2205,0.37061
943.356,321.548,350.7359,92.4346,1.87,3.0604,2399.2,2.0732,2.149,2.0849,-446.5909,1085.8999,0.35476
943.5084,320.7088,349.4543,88.8292,2.51,3.1427,2407.3401,1.9918,2.062,2.015,-446.5739,1087.715,0.40355
943.6608,322.1073,352.6903,85.7151,2.39,3.2126,2404.5701,1.9184,1.9834,1.9516,-446.7386,1065.942,0.39306
943.8132,321.8276,354.2282,90.2384,1.99,3.2352,2397.47,1.9296,1.9973,1.9321,-446.7614,1059.8186,0.40653
943.9656,321.548,353.2029,93.1887,1.48,3.1991,2393.9399,1.9154,1.9723,1.9739,-446.8375,1069.1174,0.40453
944.118,323.7852,355.3816,91.2221,0.47,3.2101,2393.6702,1.8482,1.901,1.9858,-446.8296,1048.0256,0.4196
944.2704,322.9463,354.869,91.4024,-0.13,3.2478,2400.5598,1.9049,1.9618,2.0587,-446.7386,1065.942,0.38702
944.4228,323.2259,354.6127,84.6828,-2.44,3.339,2398.1099,1.8919,1.9494,2.0586,-446.7898,1073.4266,0.37826
944.5752,323.2259,357.9768,82.88,-4.31,3.3977,2394.1199,1.7938,1.8478,2.0278,-447.0341,1060.4988,0.38593
944.7276,324.0649,358.1049,77.6845,-4.61,3.4771,2386.02,1.7637,1.8189,2.0326,-447.5313,1045.9841,0.39268
944.88,325.7428,352.2738,80.9622,-0.97,3.5594,2388.73,1.8917,1.9672,2.0801,-447.9829,1057.7771,0.38024
945.0324,326.0227,349.3261,85.1903,3.34,3.6344,2394.8901,1.864,1.9383,1.9872,-448.2841,1072.2928,0.37452
945.1848,326.3021,354.6127,84.5349,5.22,3.7231,2398.02,1.9275,2.0075,1.9497,-448.7954,1091.3431,0.35962
945.3372,322.6666,346.9873,88.9602,18.24,3.836,2418.21,2.1491,2.2567,1.9919,-449.575,1072.2928,0.36448
945.4896,318.4716,341.7969,84.6335,21.59,3.9289,2425.25,2.1288,2.2492,2.0808,-449.1023,1047.3445,0.34634
945.642,317.9122,339.458,86.764,24.97,4.0002,2441.1099,1.8985,2.0014,2.0227,-448.75,1075.4672,0.34536
945.7944,319.8698,304.9836,81.3556,21.74,4.0166,2452.99,2.177,2.3131,2.5451,-448.8693,1085.446,0.31772
945.9468,321.548,268.5547,81.8965,21.22,3.9135,2468.0901,2.3651,2.5335,2.7337,-448.75,1070.9315,0.28652
946.0992,324.3445,296.0766,88.6161,16.33,3.684,2453.29,2.1052,2.2481,2.5507,-448.3693,1074.5607,0.31181
946.2516,324.0649,348.6854,90.7465,4.65,3.4388,2413.45,1.8381,1.9525,2.0223,-447.9375,1061.1799,0.32835
946.404,323.7852,366.0508,93.0901,0.75,3.2941,2385.5801,1.8972,2.0145,1.9253,-448.0682,1067.3033,0.36022
946.5564,322.1073,361.9817,88.4682,1.63,3.2675,2378.52,1.9748,2.1073,1.9387,-448.2614,1073.1993,0.35563
946.7088,321.548,357.9768,90.1072,1.96,3.2547,2379.71,1.8775,2.001,1.9322,-448.5187,1072.5192,0.36841
946.8612,322.1073,362.174,89.6155,1.19,3.2775,2381.5898,1.7601,1.8729,1.8608,-448.5909,1075.9209,0.36726
947.0136,325.4634,363.1031,89.6155,0.08,3.2808,2385.1299,1.7932,1.9033,1.8519,-448.7727,1073.6531,0.36199
947.166,326.8617,360.2516,87.9766,-0.94,3.25,2387.5,1.7996,1.9012,1.8792,-449.0625,1072.7455,0.37548
947.3184,328.2599,360.3477,90.9269,-2.46,3.2018,2382.72,1.7447,1.8354,1.893,-449.1591,1078.87,0.37622
947.4708,325.7428,364.0643,93.418,-2.96,3.1469,2378.49,1.7264,1.8125,1.8908,-448.9546,1058.4583,0.38264
947.6232,324.9038,362.174,99.2362,-2.5,3.1123,2374.3,1.9014,2.0071,1.9389,-448.8239,1056.6432,0.37783
947.7756,323.2259,356.7593,99.4,-1.29,3.0919,2373.54,1.8797,1.9905,2.0014,-448.7841,1076.6011,0.37267
947.928,322.6666,358.8739,96.7777,-1.03,3.1352,2369.3098,1.7816,1.8885,1.933,-448.5688,1080.0039,0.40135
948.0804,324.6242,365.3138,89.3859,-0.89,3.2367,2365.55,1.6955,1.7959,1.8442,-448.3409,1044.17,0.40058
948.2328,325.1835,365.5061,89.386,-0.71,3.3616,2363.28,1.7347,1.831,1.7841,-447.9546,1060.7261,0.41341
948.3852,324.3445,361.3409,90.2057,0.02,3.4364,2367.23,1.7757,1.87,1.7621,-447.7841,1060.4988,0.39049
948.5376,323.2259,366.0187,92.1071,0.3,3.4462,2374.45,1.6867,1.7692,1.7754,-448.0313,1075.2408,0.38961
948.69,320.7088,367.044,89.6649,0.53,3.4186,2383.6702,1.7125,1.8003,1.8206,-448.3182,1048.7058,0.38843
948.8424,320.1495,361.5652,87.6983,-0.16,3.3797,2386.27,1.7386,1.8245,1.8481,-448.7216,1063.6741,0.39148
948.9948,319.5901,365.2177,90.4844,-1.54,3.3538,2382.1599,1.6975,1.7763,1.8362,-448.7046,1077.735,0.41778
949.1472,322.387,364.5449,93.7297,-1.5,3.2911,2384.51,1.7634,1.8474,1.8233,-448.4318,1067.3033,0.38893
949.2996,324.9038,360.3157,95.0406,-0.72,3.2341,2388.47,1.8215,1.9093,1.7823,-448.4943,1055.7367,0.40244
949.452,325.1835,362.2701,93.2377,0.21,3.2279,2387.73,1.7431,1.8262,1.7357,-448.5511,1057.7771,0.40335
949.6044,326.3021,363.5196,91.2873,-0.35,3.3303,2374.3701,1.8138,1.908,1.6807,-448.2614,1038.9532,0.40591
949.7568,322.9463,360.4118,91.6151,-0.44,3.4469,2365.9102,1.834,1.9291,1.7379,-448.1818,1072.2928,0.36668
949.9092,322.387,360.7963,89.8124,0.05,3.5004,2366.0901,1.7257,1.8089,1.772,-448.4602,1061.4063,0.36201
950.0616,322.6666,364.3847,87.026,2.18,3.4836,2375.9502,1.7395,1.8158,1.825,-448.5057,1047.7981,0.36057
950.214,322.9463,362.5905,87.026,5.51,3.4719,2388.8198,1.7724,1.8347,1.7455,-448.5284,1064.5818,0.39595
950.3664,324.0649,361.9497,86.5344,7.08,3.545,2400.26,1.689,1.745,1.705,-448.5438,1082.9519,0.40057
950.5188,324.3445,366.4993,85.8789,6.98,3.6351,2403.96,1.6712,1.7273,1.6812,-448.3068,1070.0249,0.418
950.6712,324.6242,366.6915,88.3372,5.9,3.6914,2404.4399,1.6829,1.7485,1.7121,-448.2046,1060.9525,0.40886
950.8236,322.1073,363.9361,93.4178,4.39,3.5979,2399.5801,1.7067,1.7783,1.7392,-448.3523,1071.839,0.41864
950.976,322.6666,365.0255,96.6464,2.71,3.4979,2394.96,1.6942,1.7729,1.7964,-448.8182,1084.0858,0.41186
951.1284,321.548,367.6527,96.319,0.95,3.3949,2395.7,1.7269,1.8105,1.8614,-449.1704,1080.2302,0.39309
951.2808,323.2259,366.4993,93.0412,0.24,3.4067,2405.0,1.9301,2.0282,1.9607,-449.3523,1043.4888,0.41724
951.4332,325.1835,353.7796,91.9432,0.75,3.4283,2425.9099,2.6168,2.784,2.3466,-448.8239,1058.4583,0.39084
951.5856,323.5056,321.5159,80.6346,2.44,3.4851,2443.0898,3.4283,3.7016,2.7807,-448.6023,1065.0344,0.37006
951.738,322.9463,301.2029,78.9956,3.64,3.4872,2442.96,3.402,3.6854,3.1874,-448.7954,1054.6027,0.31781
951.8904,324.3445,313.1536,75.3899,3.92,3.452,2424.6899,2.7301,2.9484,2.5346,-448.9375,1026.2527,0.32624
952.0428,324.3445,337.2793,81.9454,2.46,3.3694,2400.0801,2.1263,2.2687,2.1028,-448.8875,1032.376,0.35444
952.1952,326.582,354.5165,81.5523,2.67,3.2771,2391.95,1.9645,2.0896,1.8895,-448.9943,1078.6426,0.43137
952.3476,324.6242,358.4894,89.7471,4.57,3.2051,2398.6101,1.9569,2.0812,1.9412,-449.1364,1089.9828,0.42806
952.5,325.1835,361.2448,86.7971,4.58,3.1596,2399.45,1.8571,1.9651,2.0052,-449.4602,1064.1279,0.44289
952.6524,326.582,362.7186,93.0901,4.18,3.1663,2395.6899,1.859,1.9522,2.0378,-450.0909,1046.8916,0.41272
952.8048,326.0227,363.5196,87.7964,0.14,3.2607,2378.8301,1.8729,1.9411,2.0123,-451.625,1096.7864,0.42713
952.9572,327.1411,369.1906,93.8603,-2.23,3.3528,2372.8198,1.878,1.9294,1.9905,-450.8352,1111.7548,0.44469
953.1096,323.7852,377.1684,90.4186,-3.58,3.5777,2380.05,1.9373,1.9841,2.0082,-450.0,1100.6418,0.44218
953.262,323.2259,374.6373,89.9761,-2.62,3.9908,2404.8801,2.0687,2.1238,1.9335,-450.4432,1081.8179,0.43135
953.4144,321.548,344.5523,89.3205,4.55,4.6094,2443.5598,2.4839,2.5795,2.6566,-450.6534,1071.839,0.37451
953.5668,318.4716,317.3828,85.3873,18.42,5.1042,2483.4199,2.6544,2.773,2.7905,-450.6187,1069.7975,0.35413
953.7192,323.7852,331.2559,82.9453,25.29,5.1698,2490.05,1.9809,2.0503,2.4285,-450.5057,1058.6847,0.35281
953.8716,326.3021,373.6761,80.3231,21.38,4.8324,2461.9902,1.7447,1.8101,1.7747,-450.1477,1075.0144,0.41101
954.024,327.1411,382.9355,82.7815,8.42,4.3289,2411.6099,1.773,1.8368,1.7298,-450.1023,1096.5599,0.45576
954.1764,327.1411,364.0643,89.632,4.17,4.1139,2379.72,1.7794,1.8402,1.7873,-450.4261,1065.4883,0.51019
954.3288,329.9379,366.5634,95.0405,8.02,4.2397,2372.71,1.7424,1.8023,1.4577,-450.9438,1055.2828,0.46013
954.4812,333.5736,375.6305,95.5319,16.79,4.4735,2392.8599,1.7186,1.7669,1.4452,-452.2046,1074.3333,0.45019
954.6336,333.0143,371.946,93.549,19.4,4.4341,2407.77,1.8834,1.9267,1.5231,-456.5171,1078.6426,0.453
954.786,331.0565,358.5535,92.238,17.01,4.1437,2415.73,1.9931,2.0342,1.7422,-457.8807,1077.2822,0.47286
954.9384,330.4972,354.7408,86.9936,9.66,3.8162,2404.25,1.9491,1.9935,1.7367,-457.8409,1050.5198,0.43938
955.0908,322.6666,357.9127,85.0598,4.98,3.5999,2397.1201,1.9605,2.0212,1.8475,-457.7313,1061.8601,0.40993
955.2432,320.4294,357.1758,84.2401,2.71,3.4743,2392.5901,1.9769,2.0554,1.8917,-457.75,1112.8887,0.37483
955.3956,319.0309,359.6429,87.256,1.29,3.4248,2384.7402,1.8643,1.9436,1.8622,-457.9204,1095.8788,0.39111
955.548,320.9887,362.8468,87.0919,1.21,3.4214,2380.3599,1.9034,1.9892,1.7344,-458.1421,1084.0858,0.39054
955.7004,324.6242,361.9177,86.1086,1.75,3.4155,2380.47,1.9279,2.0163,1.6986,-458.2687,1069.1174,0.40284
955.8528,325.4634,362.8148,92.0577,3.79,3.4203,2385.6399,1.8815,1.965,1.6196,-458.2784,1067.3033,0.42364
956.0052,326.582,362.5584,93.8605,9.3,3.3994,2403.0701,1.9476,2.0347,1.6536,-458.2557,1089.9828,0.42864
956.1576,327.7006,361.1167,92.2216,8.55,3.3566,2400.6902,1.923,2.0054,1.7273,-458.3466,1087.715,0.40773
956.31,328.8192,365.6022,89.8127,7.0,3.3,2398.7898,1.7639,1.8329,1.7835,-458.675,1061.1799,0.37271
956.4624,328.8192,371.4013,91.9107,2.18,3.2865,2385.6799,1.8095,1.874,1.7319,-458.7273,1078.1887,0.38791
956.6148,328.5396,367.4925,94.3689,2.13,3.3705,2383.8101,1.8226,1.8854,1.7015,-458.9204,1091.797,0.3676
956.7672,328.5396,367.1401,95.6798,1.81,3.5095,2380.48,1.772,1.8392,1.6703,-459.5114,1103.3635,0.41678
956.9196,328.5396,370.7605,96.581,0.91,3.6515,2374.8801,1.7811,1.8509,1.602,-459.9546,1080.0039,0.43169
957.072,327.1411,368.71,89.6977,0.95,3.7503,2372.48,1.7354,1.8123,1.6475,-460.1688,1080.2302,0.45227
957.2244,326.3021,371.3693,89.5337,1.07,3.8276,2365.0801,1.6538,1.7264,1.5501,-460.6421,1071.839,0.43594
957.3768,324.3445,379.3471,88.0097,1.36,3.8752,2356.2,1.6241,1.6954,1.545,-461.3523,1056.4169,0.42989
957.5292,322.387,376.5276,95.8274,4.52,3.8672,2360.4299,1.6695,1.7463,1.546,-461.6063,1063.2205,0.42514
957.6816,323.2259,366.4673,91.4022,8.75,3.8166,2373.8,1.7251,1.8059,1.6587,-461.6136,1107.6729,0.43747
957.834,324.9038,362.9429,87.1573,9.82,3.7838,2388.7,1.7602,1.8423,1.6487,-461.5284,1099.5081,0.44606
957.9864,326.0227,369.0624,84.2563,8.35,3.8136,2386.7,1.6782,1.7522,1.5836,-461.4489,1094.0648,0.42322
958.1388,326.3021,375.182,88.1899,13.1,3.8675,2393.25,1.6809,1.7473,1.4913,-461.6187,1075.9209,0.40552
958.2912,329.0989,371.3693,91.0744,20.42,3.9138,2399.1399,1.795,1.8743,1.4877,-461.4829,1058.2308,0.38974
958.4436,330.2175,368.9343,92.3853,23.54,3.9767,2397.77,1.7619,1.8395,1.4774,-461.3296,1094.9723,0.38161
958.596,329.0989,371.2091,90.7464,22.65,4.0631,2390.52,1.6256,1.6966,1.4463,-461.5227,1094.5186,0.40588
958.7484,327.1411,372.2664,90.4678,21.3,4.0845,2390.27,1.7121,1.7947,1.3787,-461.6136,1048.7058,0.39719
958.9008,325.7428,369.6712,88.4525,22.51,4.0026,2399.3298,1.7791,1.8767,1.4696,-461.6591,1060.4988,0.41526
959.0532,326.582,367.3643,88.4524,19.38,3.8433,2400.9299,1.7165,1.8126,1.5727,-461.6307,1097.6938,0.37924
959.2056,325.4634,370.4722,86.6494,15.75,3.7158,2395.23,1.6592,1.7485,1.6634,-461.6761,1097.4666,0.40843
959.358,329.3786,371.5615,90.304,12.4,3.6571,2390.0298,1.7666,1.8724,1.6791,-461.4943,1076.6011,0.40588
959.5104,326.8617,364.9294,91.1727,7.42,3.666,2375.9302,1.749,1.8513,1.7214,-461.125,1053.6952,0.40544
959.6628,326.8617,370.6644,91.9923,8.76,3.7693,2374.55,1.6775,1.7684,1.594,-461.0171,1071.3851,0.39576
959.8152,326.582,377.5849,92.4839,17.79,3.8575,2390.3,1.7027,1.8018,1.5392,-461.0227,1096.3325,0.37987
959.9676,325.4634,364.641,91.1235,20.46,3.7837,2413.79,1.8167,1.9165,1.5823,-460.875,1069.3438,0.37411
960.12,326.582,354.4845,94.729,17.03,3.5714,2427.9202,1.853,1.9516,1.6871,-460.8239,1075.9209,0.38137
960.2724,325.4634,358.8098,91.9429,5.32,3.3887,2417.1602,1.7521,1.8431,1.6733,-460.8579,1075.4672,0.39481
960.4248,325.7428,361.3409,96.0403,1.87,3.3913,2402.8499,1.795,1.8863,1.7367,-460.8693,1079.0963,0.41382
960.5772,328.5396,352.0815,95.6796,5.64,3.4672,2401.73,1.9581,2.065,1.8496,-460.9716,1086.8074,0.36825
960.7296,327.7006,348.2048,95.0242,11.9,3.5419,2406.76,1.837,1.9306,1.7998,-460.8579,1078.6426,0.37976
960.882,326.582,357.8166,89.7795,14.66,3.6273,2402.98,1.85,1.9434,1.7009,-460.7216,1079.55,0.38533
961.0344,326.582,379.6355,82.4375,9.89,3.7067,2382.8499,1.781,1.8759,1.5113,-460.5398,1064.5818,0.43508
961.1868,326.582,382.1666,85.7153,4.95,3.7572,2374.6299,1.742,1.828,1.5758,-460.5114,1055.0555,0.42976
961.3392,323.5056,353.4272,84.8959,4.51,3.6352,2387.23,1.979,2.0882,1.7554,-460.5966,1081.1377,0.41994
961.4916,322.6666,338.7531,91.5168,2.89,3.4575,2406.3398,2.0023,2.1221,1.9307,-460.7954,1084.0858,0.39344
961.644,324.6242,344.1678,90.6288,1.9,3.3061,2409.22,1.7792,1.8741,1.8951,-460.8352,1053.2413,0.38568
961.7964,325.7428,354.4204,92.5135,1.74,3.3444,2401.2,1.6959,1.7778,1.7444,-460.7671,1060.9525,0.39567
961.9488,324.9038,368.678,94.7427,8.12,3.5665,2391.8201,1.6465,1.7162,1.6354,-460.8864,1091.5704,0.39459
962.1012,326.0227,371.2732,91.6971,18.16,3.8148,2404.95,1.6884,1.7568,1.67,-461.0511,1080.4565,0.40064
962.2536,323.7852,357.0797,93.582,20.46,3.8858,2418.47,1.9275,2.0193,1.7343,-461.2938,1081.3643,0.4246
962.406,321.548,349.8067,93.0903,15.04,3.7423,2413.5498,1.9098,2.0002,1.8023,-461.4091,1070.9315,0.41226
962.5584,323.2259,356.4389,95.2211,7.74,3.6168,2399.8101,1.812,1.8923,1.6712,-461.7614,1053.2413,0.42265
962.7108,324.3445,363.5517,91.4516,9.66,3.6752,2391.02,1.7885,1.8625,1.5941,-462.125,1068.2098,0.38624
962.8632,323.2259,366.1789,86.3707,12.38,3.9162,2396.54,1.6947,1.7643,1.5367,-462.4261,1075.0144,0.42411
963.0156,324.0649,369.0304,89.6484,8.97,4.112,2400.45,1.6755,1.7422,1.4634,-462.325,1084.0858,0.41457
963.168,323.7852,360.604,91.7135,7.38,4.1536,2410.55,1.9218,2.0183,1.5764,-462.2102,1081.3643,0.42042
963.3204,321.8276,345.3532,95.3193,7.33,4.0503,2419.6802,1.9785,2.095,1.7369,-462.1704,1055.0555,0.38238
963.4728,322.9463,349.0378,91.0581,7.51,3.9583,2411.3,1.6714,1.7579,1.82,-462.0682,1081.5916,0.38428
963.6252,325.4634,370.0877,91.2873,4.13,3.9508,2387.7002,1.5502,1.6259,1.5599,-461.8,1113.3425,0.41659
963.7776,326.0227,379.5714,90.8448,2.7,3.9646,2370.3999,1.5885,1.6601,1.4804,-461.5284,1090.8893,0.45373
963.93,329.9379,369.0304,92.4841,3.74,3.8938,2369.3899,1.6604,1.7299,1.5243,-461.4432,1064.3542,0.4691
964.0824,329.6582,361.7574,92.1562,12.07,3.8236,2392.8398,1.722,1.7907,1.6254,-461.3693,1084.9934,0.47694
964.2348,327.9803,361.6613,92.2706,14.13,3.782,2403.5,1.828,1.9086,1.7046,-461.225,1106.7653,0.43079
964.3872,326.0227,358.938,87.4521,14.9,3.7825,2412.6201,1.8588,1.9491,1.7094,-460.8182,1104.4974,0.4004
964.5396,322.6666,357.368,86.9606,9.13,3.7641,2405.0701,1.7728,1.861,1.6805,-460.625,1063.6741,0.39769
964.692,322.1073,370.312,86.1413,8.64,3.7537,2398.29,1.7168,1.8012,1.6351,-460.5739,1065.942,0.40377
964.8444,323.2259,376.0471,88.6651,8.41,3.7818,2387.5798,1.6764,1.7725,1.6038,-460.6307,1093.1572,0.41068
964.9968,323.5056,368.5818,87.19,6.56,3.7748,2381.8101,1.6474,1.7377,1.5689,-460.4625,1069.5712,0.38655
965.1492,324.3445,365.7303,85.0596,3.47,3.7267,2379.5,1.7329,1.8335,1.5891,-460.4716,1050.5198,0.41082
965.3016,323.2259,360.9565,88.1239,1.72,3.6344,2378.6299,1.859,1.9667,1.6767,-460.7046,1070.0239,0.41158
965.454,324.6242,361.9177,94.6794,2.23,3.6375,2372.9702,1.8142,1.9187,1.6729,-461.15,1054.6027,0.4257
965.6064,324.6242,370.5683,99.9239,10.99,3.7515,2382.01,1.67,1.7635,1.5617,-461.6477,1048.252,0.42437
965.7588,324.9038,376.3674,98.0066,19.78,3.9317,2393.71,1.6217,1.7106,1.476,-461.3864,1061.4063,0.45781
965.9112,323.5056,375.4383,96.7612,18.84,4.0046,2390.6501,1.6452,1.7429,1.4646,-461.1818,1086.3536,0.40637
966.0636,324.9038,369.1586,91.025,12.31,3.9947,2378.5901,1.692,1.7968,1.5651,-460.8062,1115.6104,0.39974
966.216,327.421,364.609,93.4836,6.45,3.9591,2366.1101,1.7207,1.8207,1.5955,-460.5341,1084.9934,0.41348
966.3684,326.582,372.8431,91.2874,10.3,3.9908,2371.72,1.632,1.7175,1.6114,-460.2386,1085.446,0.46387
966.5208,327.1411,377.0403,94.4012,16.92,4.0138,2385.24,1.6475,1.7322,1.5279,-459.8409,1095.8788,0.47507
966.6732,320.9887,370.2159,91.943,16.57,3.9527,2393.3799,1.7033,1.7973,1.5455,-460.3188,1053.4679,0.44862
966.8256,320.9887,368.1974,92.877,14.1,3.8065,2402.1799,1.7395,1.846,1.5697,-463.2216,1050.9735,0.43983
966.978,320.4294,365.5381,95.1715,6.38,3.632,2396.3499,1.7568,1.8694,1.6079,-465.1307,1103.3635,0.42944
967.1304,321.2681,365.0896,100.9078,3.85,3.5445,2389.6201,1.7273,1.843,1.6392,-464.875,1130.3524,0.43863
967.2828,323.5056,368.9663,95.6798,1.13,3.5928,2374.25,1.6507,1.7529,1.6223,-464.7062,1093.611,0.45374
967.4352,324.0649,373.4518,90.927,0.67,3.7453,2365.54,1.584,1.6772,1.6488,-464.4716,1059.8186,0.47863
967.5876,324.3445,382.0705,84.2074,2.23,3.919,2366.3198,1.5532,1.6416,1.5482,-464.3693,1087.2612,0.4364
967.74,323.7852,379.3792,92.3202,7.12,3.9597,2382.47,1.6969,1.7952,1.5891,-464.3807,1129.2184,0.41873
967.8924,323.5056,363.4235,92.3201,9.1,3.8695,2393.6501,1.7863,1.8883,1.6029,-464.3466,1110.3944,0.41957
968.0448,325.1835,357.8807,94.6147,10.87,3.8188,2393.6101,1.6784,1.7728,1.6769,-464.1437,1084.766,0.46122
968.1972,324.3445,373.9645,89.927,9.5,3.9389,2381.1399,1.5575,1.6388,1.4936,-463.9432,1096.7864,0.47004
968.3496,325.7428,390.657,93.2048,13.0,4.1539,2380.74,1.5107,1.5791,1.4188,-463.8466,1086.58,0.46343
968.502,325.4634,385.3385,90.4186,11.26,4.2045,2384.1702,1.6361,1.7143,1.3981,-463.9546,1076.8285,0.44638
968.6544,321.8276,367.076,92.2709,7.97,4.0506,2386.2,1.7449,1.8368,1.5156,-463.9432,1085.8999,0.45248
968.8068,323.7852,356.9195,94.9097,3.83,3.9635,2375.78,1.7267,1.8193,1.5947,-464.2557,1079.55,0.46872
968.9592,322.6666,368.0372,97.5318,12.22,4.1411,2376.8201,1.5231,1.6022,1.5583,-464.4261,1092.0233,0.49117
969.1116,320.4294,388.2861,97.6958,26.09,4.4484,2389.0,1.5208,1.5985,1.3309,-464.5852,1077.5087,0.4482
969.264,321.8276,387.8376,91.4514,27.55,4.5273,2397.6299,1.5646,1.6492,1.2996,-465.3807,1084.9934,0.45594
969.4164,322.1073,372.8752,87.1902,18.31,4.2401,2397.29,1.6097,1.699,1.3484,-466.0454,1099.9617,0.41965
969.5688,324.3445,366.9158,85.3543,6.14,3.8621,2392.52,1.672,1.7673,1.5883,-465.8239,1092.4771,0.40969
969.7212,326.0227,366.0828,85.2589,4.89,3.5726,2397.1401,1.6737,1.7686,1.6601,-465.2102,1090.8893,0.41769
969.8736,325.4634,366.275,85.4227,5.63,3.4829,2398.4302,1.6547,1.7433,1.6798,-464.7671,1090.4366,0.42766
970.026,323.2259,374.1247,86.6026,8.16,3.5322,2400.3101,1.6121,1.6959,1.6135,-464.7443,1081.1377,0.442
970.1784,324.6242,383.1278,87.8456,10.93,3.7072,2399.1699,1.5474,1.6267,1.5247,-464.8182,1093.611,0.42777
970.3308,326.0227,380.5005,91.6149,11.92,3.873,2398.7,1.6142,1.7042,1.4911,-464.5284,1097.0127,0.44739
970.4832,326.582,370.9848,91.4516,10.34,3.8953,2398.1299,1.697,1.7988,1.5608,-464.0875,1089.7555,0.45646
970.6356,327.1411,363.2953,88.8288,7.39,3.7689,2399.03,1.739,1.8414,1.6494,-464.0,1091.3431,0.44736
970.788,326.3021,366.6274,90.7961,3.01,3.6378,2393.48,1.6924,1.786,1.6736,-464.4602,1081.8179,0.43804
970.9404,327.7006,372.4586,89.4846,-1.93,3.6022,2380.6201,1.683,1.7736,1.6975,-465.1406,1077.9624,0.40753
971.0928,332.1751,370.4722,90.1404,-5.15,3.5799,2368.0999,1.7314,1.8266,1.7347,-464.8921,1099.9617,0.40506
971.2452,325.7428,366.0828,89.6319,-2.99,3.5471,2372.5801,1.7783,1.8839,1.791,-464.1591,1087.2612,0.40457
971.3976,326.582,363.3274,90.2877,-0.25,3.5313,2378.96,1.8441,1.9534,1.7743,-463.8125,1086.1273,0.39385
971.55,324.6242,364.3847,92.7459,0.82,3.6456,2376.78,1.8405,1.9605,1.6426,-463.4659,1088.6215,0.3904
971.7024,322.387,370.6644,87.5179,1.15,3.7408,2373.6101,1.6638,1.7689,1.5843,-464.4432,1088.8489,0.41289
971.8548,322.1073,380.2122,91.6151,3.78,3.7806,2382.6301,1.5621,1.6545,1.4655,-477.3409,1103.1372,0.41556
972.0072,324.0649,372.1062,91.1235,5.72,3.7313,2395.8198,1.6415,1.7437,1.5462,-479.7557,1084.9934,0.39116
972.1596,319.8698,358.8098,98.4989,5.06,3.8178,2391.9302,1.7224,1.8309,1.5946,-480.0938,1067.3033,0.38066
972.312,322.1073,364.609,94.5654,2.43,4.0083,2372.9299,1.6391,1.736,1.63,-480.3011,1102.0032,0.37932
972.4644,322.387,373.5159,97.6796,3.44,4.313,2359.6201,1.5777,1.6671,1.5669,-480.6591,1099.0542,0.39054
972.6168,323.5056,383.8006,98.1708,15.31,4.4403,2379.77,1.5086,1.5846,1.2472,-480.6989,1074.5607,0.41036
972.7692,325.1835,383.4802,98.3347,20.71,4.3385,2401.8098,1.5985,1.6798,1.2953,-480.6421,1076.1483,0.4303
972.9216,323.2259,367.4605,97.5152,18.56,4.0163,2414.1199,1.7275,1.8165,1.3831,-480.6063,1065.4883,0.44271
973.074,322.9463,363.2633,94.2376,8.72,3.7463,2406.8999,1.7297,1.8246,1.6576,-480.7557,1089.5291,0.44142
973.2264,323.2259,369.8314,94.6311,4.31,3.6611,2395.4402,1.6106,1.7057,1.668,-481.0114,1083.1782,0.45681
973.3788,324.3445,369.6392,98.7281,5.77,3.8686,2388.47,1.569,1.6612,1.6055,-480.9312,1061.6327,0.4828
973.5312,324.3445,376.4956,94.1391,7.35,4.2256,2379.8999,1.5152,1.5968,1.4167,-481.0682,1056.8706,0.47295
973.6836,323.2259,388.5424,91.9429,15.21,4.5009,2391.99,1.5466,1.6302,1.354,-481.1761,1083.1782,0.47351
973.836,323.7852,376.6878,87.0429,21.12,4.4377,2412.03,1.6658,1.7683,1.3994,-481.2329,1100.6418,0.41694
973.9884,323.2259,360.4759,89.3373,21.79,4.1412,2423.3301,1.6695,1.7707,1.5647,-481.325,1090.8893,0.38993
974.1408,320.9887,361.9817,91.1729,14.69,3.8461,2417.8201,1.6242,1.7201,1.6066,-481.3579,1075.6946,0.39721
974.2932,322.6666,376.6237,95.7453,7.95,3.7318,2400.9399,1.5276,1.6084,1.5487,-481.4375,1098.1467,0.45158
974.4456,319.3105,385.6909,98.8593,5.11,3.7894,2392.03,1.5239,1.6036,1.5301,-481.3864,1112.6624,0.49614
974.598,322.6666,382.4229,104.071,5.37,3.8429,2395.8499,1.462,1.5392,1.3839,-481.4937,1080.0039,0.50016
974.7504,323.2259,376.0471,94.4505,11.09,3.8719,2415.71,1.511,1.5909,1.4444,-481.5966,1085.8999,0.45671
974.9028,323.5056,363.007,92.3198,12.29,3.9316,2415.9399,1.6337,1.7297,1.4986,-481.6477,1094.5186,0.44144
975.0552,322.6666,370.5042,85.6661,13.21,4.1931,2402.97,1.5228,1.6008,1.4817,-481.6421,1087.9413,0.44214
975.2076,322.6666,386.6841,90.8615,11.42,4.517,2383.45,1.4553,1.5293,1.3535,-481.675,1121.0536,0.46329
975.36,322.1073,388.0618,92.9922,13.58,4.6208,2388.29,1.4546,1.5322,1.269,-481.7727,1113.1161,0.47064
975.5124,322.1073,387.5812,93.582,12.36,4.4254,2392.79,1.4489,1.5194,1.3718,-481.8011,1084.9934,0.44102
975.6648,325.7428,379.7316,92.1726,11.63,4.1687,2397.8901,1.5463,1.6279,1.4567,-481.75,1102.2296,0.4196
975.8172,322.6666,378.3218,92.5007,9.46,4.0599,2393.75,1.5065,1.5831,1.5143,-481.7216,1086.8074,0.42842
975.9696,323.2259,387.389,95.3357,18.99,4.1064,2406.29,1.5368,1.6212,1.4709,-481.6307,1089.0753,0.46245
976.122,324.3445,384.153,96.5813,25.06,4.1609,2411.7998,1.5367,1.629,1.499,-481.4375,1100.6418,0.44321
976.2744,323.5056,373.3557,97.0729,25.78,4.2083,2409.3499,1.5225,1.6168,1.5933,-481.2273,1080.4565,0.453
976.4268,322.6666,377.649,97.5155,14.73,4.2867,2386.3298,1.4428,1.5342,1.5332,-481.0187,1068.2098,0.45514
976.5792,323.2259,392.0027,98.0729,6.88,4.4523,2371.49,1.4365,1.5288,1.4058,-480.9432,1075.9209,0.48263
976.7316,324.3445,385.0501,93.9752,6.56,4.5336,2368.8701,1.4856,1.5791,1.2901,-480.8977,1105.8578,0.44393
976.884,325.4634,373.8363,89.8778,23.18,4.5554,2389.5701,1.5114,1.6069,1.2978,-480.6989,1128.9911,0.40195
977.0364,324.3445,376.5276,89.5172,39.29,4.5839,2407.1501,1.4867,1.5697,1.3591,-480.6688,1082.498,0.3816
977.1888,322.387,376.2072,88.0425,46.13,4.7897,2408.98,1.5632,1.6558,1.441,-480.8579,1067.7561,0.37857
977.3412,322.1073,381.3976,89.5176,39.07,5.0041,2405.0,1.4785,1.5705,1.4388,-480.8125,1102.6833,0.42962
977.4936,320.4294,384.4734,90.3041,24.12,4.9731,2391.27,1.4668,1.5556,1.3965,-480.6704,1096.7864,0.45369
977.646,320.4294,379.9559,101.0062,18.81,4.6858,2391.3601,1.4824,1.577,1.3777,-480.5398,1063.6741,0.47866
977.7984,319.3105,379.5393,99.2033,19.92,4.364,2396.96,1.4138,1.5037,1.3452,-480.4625,1083.1782,0.45393
977.9508,320.4294,385.2424,98.548,24.07,4.2282,2405.7,1.3718,1.4589,1.2962,-480.6615,1122.6412,0.43555
978.1032,320.4294,391.5541,93.6801,23.84,4.2376,2415.3098,1.3341,1.4181,1.343,-480.6875,1116.9717,0.46533
978.2556,322.387,392.4192,101.0553,15.4,4.2042,2404.6799,1.3197,1.3963,1.2769,-480.525,1075.9209,0.46556
978.408,321.8276,389.4716,96.6301,14.37,4.1558,2400.52,1.4071,1.491,1.3647,-480.5284,1070.4777,0.49873
978.5604,321.8276,387.7735,94.4014,21.48,4.1852,2406.51,1.3448,1.4249,1.3616,-480.6818,1098.1467,0.47398
978.7128,325.4634,390.7852,91.9428,24.6,4.3724,2403.78,1.308,1.3839,1.3141,-480.7557,1079.55,0.45731
978.8652,328.8192,391.5862,97.843,28.86,4.5878,2410.5598,1.3706,1.4506,1.2153,-480.9148,1043.4888,0.46745
979.0176,322.9463,389.9201,99.1709,25.76,4.7299,2395.4202,1.3601,1.4372,1.2432,-480.9943,1073.4266,0.43626
979.17,326.582,387.5812,96.5487,24.68,4.803,2389.1499,1.3554,1.4317,1.2941,-481.2046,1089.9828,0.43016
979.3224,331.6158,392.8998,98.6793,17.28,4.8221,2369.74,1.311,1.3875,1.2017,-481.375,1087.2612,0.45625
979.4748,320.4294,397.7378,96.696,24.59,4.9184,2378.46,1.3115,1.387,1.1903,-481.5341,1067.5297,0.49911
979.6272,324.0649,390.8813,96.8598,33.95,5.0903,2392.79,1.3575,1.431,1.0951,-481.7159,1065.0344,0.56702
979.7796,319.5901,388.0939,94.4015,45.72,5.2658,2415.03,1.2939,1.3651,0.956,-481.8296,1088.6215,0.54197
979.932,327.1411,388.8949,96.8598,41.09,5.2467,2421.9602,1.3299,1.4075,0.9625,-482.0227,1080.0039,0.55496
980.0844,320.7088,387.5492,97.0238,33.5,4.97,2423.46,1.364,1.4468,1.1456,-482.4204,1069.1174,0.51433
980.2368,323.7852,389.4075,96.827,29.19,4.6795,2421.98,1.3343,1.4143,1.3354,-482.6187,1077.735,0.50779
980.3892,318.7512,390.2085,94.0409,21.34,4.5129,2408.1199,1.3136,1.3873,1.3128,-482.625,1087.0338,0.48867
980.5416,328.8192,392.7716,96.0077,16.87,4.4774,2400.5798,1.2953,1.375,1.2464,-482.8438,1086.3536,0.48385
980.694,319.8698,398.2824,98.0071,8.12,4.3986,2395.23,1.3122,1.3977,1.269,-483.2273,1082.9519,0.46397
980.8464,321.548,390.8493,99.9736,5.28,4.1602,2400.6299,1.3227,1.4072,1.2637,-483.6477,1074.1068,0.48345
980.9988,320.9887,383.2559,97.6792,4.83,3.9323,2411.7998,1.3387,1.4262,1.4248,-483.5682,1094.5186,0.49147
981.1512,320.1495,387.4531,94.8932,5.09,3.7954,2416.03,1.3196,1.4121,1.4522,-483.4148,1103.3635,0.49074
981.3036,322.1073,393.06,92.7137,7.22,3.8406,2415.8699,1.2999,1.3831,1.3771,-483.4204,1080.0039,0.50565
981.456,322.387,393.6047,98.6134,8.25,3.928,2415.55,1.33,1.4201,1.3664,-483.4204,1072.2928,0.48013
981.6084,322.6666,389.3114,100.744,5.16,4.0198,2408.6001,1.3734,1.4695,1.4364,-483.4432,1089.7555,0.47975
981.7608,323.2259,389.7599,99.482,4.78,4.0714,2411.2,1.4077,1.5093,1.4546,-483.5171,1087.0338,0.45424
981.9132,322.1073,392.6435,94.7294,6.35,4.0231,2411.22,1.3706,1.4733,1.4134,-483.6648,1109.9408,0.48553
982.0656,324.3445,387.2288,92.4348,6.41,3.8544,2406.25,1.3805,1.482,1.3619,-483.875,1082.7256,0.48115
982.218,321.548,381.1413,95.057,5.68,3.676,2405.27,1.3964,1.5027,1.4261,-484.0568,1060.4988,0.46238
982.3704,321.2681,384.7938,94.5652,3.33,3.5933,2401.54,1.3197,1.409,1.4447,-484.0114,1070.9315,0.43159
982.5228,321.548,386.3317,95.155,4.71,3.643,2400.54,1.3613,1.4389,1.4575,-483.8921,1063.2205,0.44102
982.6752,329.3786,381.2695,95.319,4.35,3.8912,2374.0999,1.3257,1.3925,1.2923,-483.9688,1076.3746,0.4451
982.8276,327.1411,384.0249,96.6301,13.31,4.3639,2357.96,1.3127,1.3758,1.1438,-484.1761,1066.6221,0.45757
982.98,328.2599,400.365,90.1404,28.76,4.8146,2361.02,1.2484,1.2983,0.819,-484.3466,1051.4274,0.46086
983.1324,326.0227,400.2368,90.0584,36.17,4.9609,2370.3699,1.3115,1.3517,0.8501,-484.3296,1079.0963,0.46801
983.2848,323.2259,389.1512,86.2887,26.56,4.7733,2348.6899,1.2031,1.2257,1.0226,-484.1477,1081.8179,0.46606
983.4372,323.2259,398.1863,92.353,12.97,4.587,2322.5901,1.1747,1.1978,0.9172,-484.475,1085.8999,0.46785
983.5896,324.9038,401.166,90.6319,4.55,4.5018,2305.6199,1.065,1.0779,0.9583,-484.8409,1077.735,0.44479
983.742,324.3445,393.5726,92.3205,4.68,4.4303,2324.5798,1.2755,1.2927,1.04,-484.4432,1057.7771,0.44121
983.8944,320.4294,391.3299,93.9591,5.37,4.3293,2342.5901,1.3026,1.3175,1.4194,-483.6875,1084.9934,0.46644
984.0468,320.9887,388.3822,97.4008,12.43,4.3604,2354.02,1.2572,1.2723,1.3735,-483.5313,1073.6531,0.49611
984.1992,319.3105,397.1931,103.7105,25.56,4.7097,2346.4602,1.1571,1.1703,0.873,-483.5398,1065.4883,0.50745
984.3516,319.8698,418.1469,106.0052,40.6,5.2711,2345.8901,1.1331,1.1443,0.8068,-483.5398,1076.3746,0.48159
984.504,318.7512,427.0539,106.169,47.18,5.696,2356.5801,1.1789,1.1969,0.677,-483.5568,1076.3746,0.50014
984.6564,320.7088,423.6256,102.5629,44.1,5.7307,2379.76,1.1615,1.1808,0.8934,-483.5511,1108.3529,0.55682
984.8088,323.7852,404.7544,102.7266,27.36,5.3201,2388.0999,1.288,1.3151,0.9722,-483.35,1107.6729,0.54232
984.9612,323.2259,376.6878,97.8101,13.33,4.8639,2378.9202,1.481,1.5238,1.4421,-483.25,1082.498,0.51373
985.1136,324.0649,369.1265,92.5987,2.02,4.6378,2348.1299,1.4229,1.4622,1.5535,-483.2841,1060.2723,0.45747
985.266,322.9463,390.7211,86.3708,2.46,4.7893,2327.8601,1.3222,1.3626,1.2299,-483.0625,1093.611,0.46297
985.4184,321.548,410.4574,86.1578,5.12,4.9776,2338.1702,1.3811,1.4329,1.15,-483.2062,1097.4666,0.4704
985.5708,319.3105,386.3958,87.4688,5.31,4.8041,2369.78,1.623,1.6956,1.2472,-483.2898,1072.2928,0.47707
985.7232,320.9887,357.0156,91.7302,3.44,4.2309,2396.77,1.7297,1.8139,1.7366,-483.4148,1045.9841,0.43447
985.8756,320.9887,354.869,95.1556,1.5,3.6112,2404.0798,1.8116,1.9126,1.8389,-483.3625,1058.6847,0.39126
986.028,320.1495,356.1185,93.1888,3.33,3.299,2405.8,1.8261,1.93,1.8452,-483.1704,1119.9197,0.35272
986.1804,321.2681,357.7525,89.3208,4.76,3.2371,2405.6399,1.8154,1.9235,1.8249,-483.0171,1108.1266,0.36167
986.3328,320.9887,360.4118,89.0586,4.91,3.2631,2402.28,1.7284,1.8319,1.8566,-482.9773,1061.4063,0.35842
986.4852,321.8276,361.9497,93.1558,4.36,3.318,2396.6899,1.7741,1.8917,1.8568,-482.95,1067.5297,0.37178
986.6376,320.9887,363.3594,94.5981,5.72,3.4103,2396.45,1.748,1.8732,1.8526,-482.8466,1085.8999,0.40261
986.79,322.1073,363.2953,95.909,6.11,3.4593,2399.26,1.7493,1.8769,1.8001,-482.6079,1096.7864,0.43051
986.9424,322.1073,361.405,92.6316,4.52,3.4044,2401.5801,1.7508,1.8723,1.8353,-482.3921,1062.7666,0.40526
987.0948,322.1073,362.5905,93.713,2.67,3.3139,2403.74,1.7456,1.8605,1.8447,-482.4688,1051.4274,0.38003
987.2472,322.9463,361.8215,92.2382,4.32,3.3007,2409.8499,1.7654,1.88,1.8809,-482.6648,1087.0338,0.36856
987.3996,322.1073,358.97,94.2048,6.68,3.3619,2411.8701,1.8017,1.916,1.8602,-482.6989,1092.9308,0.3943
987.552,320.7088,359.2904,92.7626,3.63,3.4268,2412.23,1.7832,1.9002,1.7891,-482.7443,1060.9525,0.44322
987.7044,319.8698,362.6225,90.4842,1.17,3.4499,2404.4399,1.7326,1.8476,1.6389,-482.8977,1065.942,0.45945
987.8568,319.8698,364.5449,88.6813,-1.37,3.4506,2399.23,1.7176,1.8273,1.608,-483.0114,1112.2086,0.46534
988.0092,319.3105,362.7507,89.5006,2.83,3.4214,2403.51,1.7012,1.8051,1.6274,-482.7898,1129.8986,0.45245
988.1616,320.4294,360.4438,90.9431,4.15,3.3483,2412.55,1.6861,1.7806,1.7239,-482.6591,1105.405,0.44208
988.314,322.6666,360.6681,94.549,3.55,3.2954,2411.4001,1.7191,1.8155,1.827,-482.9204,1079.0963,0.40491
988.4664,322.1073,361.9497,89.1407,2.21,3.2533,2407.6199,1.741,1.8387,1.9168,-483.1063,1093.8384,0.43427
988.6188,322.1073,362.6546,89.8126,3.13,3.2737,2409.9099,1.7083,1.7985,1.9721,-483.0284,1100.4155,0.45049
988.7712,321.548,364.1924,85.5515,4.28,3.2516,2415.6301,1.662,1.7508,1.9229,-482.6704,1077.735,0.45698
988.9236,321.548,365.6983,89.9769,4.17,3.2652,2412.5701,1.7248,1.8191,1.9144,-482.625,1090.4366,0.44343
989.076,322.1073,363.2313,90.3045,2.34,3.2559,2405.3398,1.7319,1.8325,1.9045,-482.8352,1104.9513,0.4197
989.2284,321.548,361.1487,90.255,3.45,3.2666,2408.3501,1.6907,1.7867,1.9266,-482.9829,1084.0858,0.44317
989.3808,319.5901,362.9109,92.8771,2.99,3.2607,2406.5801,1.7367,1.8426,1.9133,-483.6421,1087.4875,0.44065
989.5332,319.5901,365.6342,87.6329,3.04,3.2638,2406.47,1.6685,1.7751,1.8832,-483.7386,1096.5599,0.42552
989.6856,318.7512,366.8517,88.8289,3.73,3.2573,2411.74,1.6564,1.7668,1.8185,-483.6591,1077.735,0.40563
989.838,319.1241,367.0119,86.3706,4.98,3.2404,2420.6599,1.6121,1.7176,1.8223,-483.6421,1065.942,0.41268
989.9904,319.0309,367.3323,95.3846,5.67,3.2319,2427.53,1.5992,1.7075,1.8243,-483.4204,1079.7765,0.41634
990.1428,318.4716,367.6848,94.729,4.46,3.2726,2424.77,1.5612,1.6635,1.8235,-483.3409,1117.6519,0.39738
990.2952,319.8698,373.9324,93.2541,3.32,3.3389,2419.6501,1.4964,1.5883,1.7642,-483.1761,1119.9197,0.39327
990.4476,320.9887,380.3724,88.8289,2.28,3.4316,2409.5801,1.4873,1.5708,1.6702,-483.0227,1069.7975,0.42739
990.6,319.8698,382.5511,92.4349,1.84,3.5136,2399.26,1.5204,1.5969,1.6317,-483.0739,1086.3536,0.46999
990.7524,320.7088,384.2812,92.5984,1.62,3.6139,2388.3801,1.5095,1.5805,1.5989,-483.0114,1098.8279,0.4629
990.9048,320.1495,385.1142,92.5987,1.18,3.6386,2382.3398,1.4734,1.5336,1.63,-482.8062,1072.5192,0.48416
991.0572,319.8698,384.3132,90.7959,0.52,3.5338,2383.5,1.4795,1.5356,1.5978,-482.5,1032.376,0.47174
991.2096,320.1495,383.6404,91.9432,0.01,3.3761,2388.1699,1.4624,1.5127,1.6326,-482.3296,1047.3445,0.48704
991.362,319.5901,383.7365,90.4679,0.03,3.2857,2393.21,1.471,1.5133,1.6137,-481.9148,1123.5488,0.46063
991.5144,319.8698,381.4937,89.3864,-1.07,3.3238,2387.0901,1.5063,1.5394,1.6494,-481.4204,1144.4132,0.45327
991.6668,320.1495,380.6287,88.567,-1.48,3.4,2379.72,1.531,1.5502,1.6211,-481.2557,1070.9315,0.44029
991.8192,320.4294,384.5055,88.2394,-1.95,3.462,2370.76,1.4733,1.4801,1.6586,-480.8864,1052.7877,0.46434
991.9716,319.8698,383.0637,92.1068,-1.14,3.4685,2370.2,1.5035,1.4977,1.6386,-480.4091,1103.8173,0.5044
992.124,319.5901,377.3607,95.7126,-0.46,3.4367,2375.9502,1.5563,1.5474,1.6474,-479.8,1146.681,0.47064
992.2764,319.5901,378.7704,99.3181,-0.13,3.434,2380.0601,1.576,1.5617,1.6195,-479.5454,1084.3123,0.44752
992.4288,320.1495,379.1228,100.6293,0.25,3.599,2381.3701,1.5518,1.5243,1.6297,-479.0909,1018.0881,0.44825
992.5812,319.5901,377.8733,98.6626,0.33,3.905,2374.5,1.6196,1.5773,1.6012,-478.7671,1093.611,0.45154
992.7336,319.8698,379.8277,94.7131,0.12,4.2152,2369.03,1.646,1.5963,1.5194,-478.2557,1197.7108,0.47894
992.886,321.2681,373.8684,88.1574,-0.87,4.3543,2366.3799,1.6904,1.6321,1.528,-477.2687,1157.5676,0.41099
993.0384,322.387,358.137,83.7319,-2.2,4.3711,2362.9099,2.0567,1.9805,1.6636,-476.3523,1129.4448,0.39317
993.1908,323.2259,349.1019,86.2064,-1.65,4.3604,2353.76,2.1883,2.1163,1.9145,-476.125,1102.2296,0.35506
993.3432,322.1073,352.5942,86.682,-0.57,4.439,2335.26,2.2699,2.205,1.8841,-475.7938,1080.0039,0.36909
993.4956,321.8276,357.6884,88.4849,0.4,4.5995,2324.3999,2.3492,2.3073,1.7869,-475.5511,1068.6636,0.37446
993.648,321.548,354.4525,85.0434,1.09,4.8367,2334.8601,2.2236,2.2198,1.5088,-474.7557,1092.7045,0.38923
993.8004,322.1073,316.1333,78.0123,22.02,5.1522,2390.6902,2.9699,3.0468,1.9933,-474.3636,1089.9828,0.39109
993.9528,318.7512,271.1819,72.1123,26.04,5.553,2426.49,5.4901,5.8581,3.0211,-474.0909,1086.58,0.34027
994.1052,317.6326,283.0365,66.7039,25.07,5.8018,2452.5701,4.4644,4.7955,1.6793,-474.1,1092.2506,0.30828
994.2576,316.514,297.8067,72.1122,14.15,5.7192,2468.99,4.3696,4.7221,1.6221,-474.125,1103.8173,0.29132
994.41,315.675,257.3088,72.9482,41.78,5.327,2531.73,13.011,15.6057,1.9611,-474.0284,1118.5583,0.26207
994.5624,315.1157,223.6033,76.0622,79.94,4.922,2604.3501,11.2831,13.2411,12.1774,-473.7216,1106.0851,0.23278
994.7148,314.2765,217.612,73.276,109.02,4.6725,2645.71,11.4874,13.624,16.7165,-473.7625,1113.3425,0.22789
994.8672,315.1157,196.1776,68.9492,79.08,4.6743,2606.22,10.3681,12.5914,21.115,-474.0739,1123.7751,0.2273
995.0196,314.8358,208.2885,65.0159,46.08,4.8468,2512.3899,3.7992,4.4284,3.3875,-474.0739,1094.0648,0.23136
995.172,315.675,275.0907,61.0824,9.25,5.1478,2380.0701,1.4362,1.5998,2.2725,-473.7841,1078.4161,0.25867
995.3244,313.9968,332.9219,67.7529,12.49,5.3906,2294.49,1.2778,1.4065,1.0537,-473.8813,1087.2612,0.30142
995.4768,312.5985,357.4001,68.736,15.71,5.5369,2254.23,1.2416,1.3636,0.8478,-474.2954,1079.0963,0.34332
995.6292,315.1157,362.9749,70.3751,20.26,5.5797,2254.48,1.2041,1.3136,0.6113,-474.4148,1065.942,0.37376
995.7816,314.5562,345.0649,66.5892,23.62,5.5641,2268.6101,1.2429,1.3272,0.6804,-474.1591,1070.4777,0.41427
995.934,316.514,330.8714,66.0974,26.13,5.529,2285.24,1.3352,1.411,0.7173,-474.075,1076.8285,0.40553
996.0864,318.1919,329.5258,66.4253,31.88,5.5048,2308.76,1.4011,1.4886,0.7094,-474.3977,1089.0753,0.40657
996.2388,318.1919,326.8665,66.7856,32.64,5.4981,2308.48,1.3745,1.4987,0.6282,-474.9943,1067.9834,0.37057
996.3912,317.9122,332.5054,68.2609,28.85,5.5196,2298.0701,1.2602,1.4007,0.577,-475.25,1056.8706,0.35092
996.5436,315.675,338.7211,70.3913,17.35,5.5579,2261.1401,1.2256,1.388,0.5436,-475.25,1074.1068,0.3563
996.696,308.4035,351.4728,75.0625,12.41,5.5913,2237.7998,1.2532,1.4636,0.4881,-475.4375,1059.1384,0.3456
996.8484,306.7256,363.9682,78.6681,14.2,5.6249,2222.8301,1.265,1.512,0.4891,-475.9773,1070.9315,0.37032
997.0008,309.5221,365.7624,76.8654,17.61,5.6845,2216.6499,1.264,1.5391,0.4814,-476.5171,1064.1279,0.35837
997.1532,311.4799,362.3021,72.2762,18.47,5.7712,2219.05,1.2817,1.5841,0.5019,-476.9034,1067.3033,0.37558
997.3056,309.2427,361.0526,67.0317,12.33,5.8737,2216.9399,1.2789,1.5964,0.5293,-477.4375,1099.0542,0.37631
997.458,311.4799,361.5332,67.3104,8.86,5.9473,2221.97,1.3082,1.6454,0.567,-477.9261,1060.2723,0.39668
997.6104,308.1238,363.808,65.0159,5.04,5.9928,2228.3,1.31,1.6556,0.5951,-478.3239,1063.2205,0.38656
997.7628,307.5645,363.5196,67.966,-0.39,5.99,2229.52,1.3038,1.6498,0.6252,-478.6136,1081.8179,0.39188
997.9152,309.2427,359.7069,68.146,-3.81,5.9298,2244.49,1.3181,1.6757,0.655,-478.8438,1090.4366,0.42819
998.0676,311.7596,340.8357,71.9156,1.43,5.8287,2287.3398,1.2905,1.6411,0.6439,-478.75,1086.58,0.41933
998.22,311.7596,345.7057,66.8347,22.39,5.7796,2356.8699,1.2881,1.6348,0.7709,-478.8229,1087.0338,0.41259
998.3724,313.7172,369.2547,65.5563,44.57,5.991,2412.8599,1.4155,1.7977,1.18,-479.0375,1091.797,0.36773
998.5248,313.9968,358.6496,65.2287,37.31,6.5281,2395.6899,1.3979,1.7749,1.9996,-479.1534,1109.4869,0.36591
998.6772,310.9206,378.2257,67.3595,19.13,7.1281,2348.27,1.5712,1.9911,1.278,-479.3523,1109.0331,0.36894
998.8296,308.6831,378.7063,68.9984,0.52,7.5375,2301.97,1.5139,1.8824,0.8209,-479.7386,1103.2881,0.37749
998.982,308.1238,351.6971,68.8344,2.58,7.7197,2290.8,1.5338,1.8903,0.7369,-480.1079,1076.8285,0.35433
999.1344,310.9206,353.9078,70.9651,0.52,7.9545,2283.0901,1.6012,1.9616,0.7091,-480.3352,1076.8285,0.36569
999.2868,313.7172,351.601,71.8666,-3.49,8.3395,2278.48,1.7642,2.1427,0.7296,-480.2954,1082.7256,0.35807
999.4392,319.8698,351.2805,75.1443,-8.66,8.7857,2284.99,1.8977,2.268,0.7834,-481.0227,1068.4373,0.35439
999.5916,318.4716,352.466,73.997,-12.14,9.0241,2301.51,1.8584,2.1808,0.898,-482.1704,1055.5093,0.34209
999.744,316.514,347.9164,73.7509,-11.57,8.511,2325.1699,1.8726,2.1693,1.0036,-483.6932,1066.8496,0.3709
999.8964,317.0733,337.4395,68.8342,-8.09,7.3543,2327.96,1.9642,2.2538,1.092,-485.1591,1077.9624,0.3525
1000.0488,319.3105,334.62,72.9315,-2.72,5.8168,2327.3101,2.022,2.2927,1.1653,-486.7727,1071.839,0.3692
1000.2012,327.1411,338.4007,71.4566,-1.0,4.633,2318.54,1.9745,2.2129,1.2069,-488.0057,1065.942,0.34051
1000.3536,326.8617,338.4007,76.2096,-0.37,3.8252,2324.5901,1.998,2.2193,1.2839,-488.5909,1057.7771,0.34711
1000.506,326.582,342.1493,72.7679,-0.32,3.4427,2326.3901,2.0237,2.2294,1.365,-488.8977,1049.6123,0.3447
1000.6584,324.9038,347.6601,76.0459,-0.37,3.3219,2323.8298,2.0443,2.2369,1.3966,-489.3125,1084.766,0.36938
1000.8108,321.8276,345.2251,71.6206,-0.55,3.3662,2315.3999,1.9184,2.0834,1.3052,-489.7898,1069.5712,0.39568
1000.9632,319.8698,345.2571,74.8986,-0.69,3.4805,2303.5601,1.8776,2.0316,1.2914,-490.1406,1047.118,0.41092
1001.1156,321.548,346.0581,73.2595,0.84,3.7222,2294.28,1.883,2.0275,1.2694,-490.3807,1045.5303,0.4029
1001.268,322.9463,339.0094,76.3736,6.31,4.1237,2283.3401,1.8325,1.9641,1.2383,-490.3011,1078.6426,0.36191
1001.4204,323.5056,332.5054,73.7511,15.69,4.6108,2290.51,1.7254,1.8357,1.0625,-490.1421,1099.9617,0.32842
1001.5728,322.6666,337.0871,73.4234,18.77,5.0203,2301.52,1.7014,1.8048,0.9889,-490.3125,1066.3958,0.31349
1001.7252,319.5901,342.1493,74.8983,14.5,5.2754,2314.1201,1.6994,1.7955,0.9423,-490.6818,1028.5205,0.34797
1001.8776,318.1919,341.1561,79.1597,7.06,5.3633,2318.3201,1.7157,1.8096,0.9646,-490.6136,1089.5291,0.36099
1002.03,317.3529,340.8357,80.7987,8.18,5.3073,2330.98,1.7124,1.8036,1.0421,-490.4063,1154.3921,0.38718
1002.1824,316.514,341.5726,78.9958,18.39,5.1222,2357.98,1.7191,1.8054,1.2249,-490.1079,1120.3734,0.37485
1002.3348,320.4294,335.2608,74.7346,32.24,4.8828,2392.8,1.7682,1.8541,1.3307,-490.0852,1104.9513,0.36192
1002.4872,319.8698,329.2374,77.6846,32.75,4.6965,2404.8501,1.7504,1.8298,1.3128,-490.2062,1094.9723,0.37679
1002.6396,319.8698,331.0316,78.3894,21.09,4.6215,2387.9399,1.8291,1.9117,1.3961,-489.8011,1105.6313,0.36738
1002.792,319.8698,335.0366,80.1924,4.3,4.7566,2349.73,1.8837,1.9731,1.4688,-489.4829,1098.6003,0.36012
1002.9444,318.7512,339.1056,80.6841,6.58,5.1701,2345.29,1.7846,1.8645,1.4816,-489.3977,1060.7261,0.33497
1003.0968,315.1157,341.5406,79.9628,17.11,5.7112,2360.8301,1.7478,1.8287,1.396,-489.475,1056.4169,0.34589
1003.2492,313.9968,344.6804,83.0766,27.58,6.1171,2380.8201,1.7748,1.86,1.3383,-489.625,1077.2822,0.35717
1003.4016,316.7936,348.1407,82.4209,25.37,6.2634,2372.24,1.7178,1.7956,1.3896,-489.7614,1086.3536,0.35492
1003.554,316.2343,350.4796,87.1085,22.75,6.2386,2362.26,1.7377,1.813,1.3298,-489.8,1079.55,0.36821
1003.7064,320.4294,351.1524,84.978,28.78,6.1155,2376.46,1.7579,1.8271,1.4787,-489.8409,1049.6123,0.39146
1003.8588,319.8698,349.5825,87.4365,33.42,5.8653,2386.73,1.7705,1.8318,1.4557,-489.9438,1060.4988,0.3997
1004.0112,321.8276,347.6281,86.7152,34.32,5.6623,2390.6902,1.7982,1.8546,1.6951,-490.0227,1103.1372,0.38461
1004.1636,314.8358,348.8776,91.6316,20.69,5.6298,2362.7,1.7584,1.8061,1.64,-490.1,1107.2191,0.37657
1004.316,317.9122,352.5301,89.1242,11.79,5.7956,2344.7102,1.7018,1.7456,1.6369,-490.4318,1057.097,0.37696
1004.4684,319.3105,355.2214,87.6329,11.94,5.9585,2344.6099,1.6879,1.7279,1.4515,-490.7563,1005.6143,0.38027
1004.6208,324.3445,355.1894,85.7648,18.11,6.0778,2357.05,1.75,1.7909,1.5382,-491.05,1073.4266,0.39328
1004.7732,320.4294,354.068,83.6832,18.38,6.2202,2357.03,1.7187,1.7562,1.4695,-491.0398,1184.7838,0.38739
1004.9256,318.7512,353.0427,81.5688,11.78,6.4411,2350.0,1.6433,1.6759,1.4698,-491.1938,1144.4132,0.35961
1005.078,314.8358,352.0175,79.7661,6.92,6.5117,2351.1802,1.6987,1.7357,1.4098,-491.4659,1151.8979,0.34548
1005.2304,312.3189,350.864,82.2245,5.55,6.1999,2356.73,1.7063,1.7426,1.4437,-491.7687,1150.3103,0.32907
1005.3828,311.7596,348.397,85.109,11.86,5.6096,2370.96,1.6885,1.7291,1.4572,-492.05,1101.5496,0.35517
1005.5352,311.7596,345.5775,85.1088,14.6,5.0793,2372.8398,1.7362,1.7859,1.4153,-491.9204,1087.0338,0.34989
1005.6876,315.675,344.1678,83.7977,16.29,4.7727,2381.49,1.7498,1.8012,1.4511,-492.275,1108.5795,0.37153
1005.84,315.3951,341.925,81.995,9.15,4.5651,2379.78,1.9458,2.0074,1.5275,-492.4125,1082.7256,0.3346
1005.9924,317.6326,329.7821,80.9131,8.31,4.3399,2394.96,2.1115,2.1821,1.8177,-492.4034,1077.2822,0.35815
1006.1448,319.3105,313.3138,82.3881,20.7,4.1275,2429.8301,2.102,2.1667,2.2308,-492.3,1091.797,0.35292
1006.2972,320.9887,305.1437,84.7316,32.41,4.0154,2451.23,2.0828,2.1498,2.2585,-492.1477,1093.611,0.3604
1006.4496,323.5056,309.2448,87.2558,29.62,3.9998,2435.4602,1.871,1.9296,2.0535,-492.3125,1089.9828,0.35562
1006.602,324.0649,320.3625,86.3545,15.22,4.0993,2392.49,1.836,1.8907,1.7546,-492.7216,1082.0444,0.36353
1006.7544,323.7852,334.0754,84.2238,3.12,4.2877,2355.6899,1.8839,1.9456,1.6214,-493.0125,1076.8285,0.37152
1006.9068,323.5056,346.1863,81.5195,5.5,4.5987,2349.8398,1.8299,1.8894,1.5415,-493.0625,1067.9834,0.3789
1007.0592,315.9547,350.6077,82.585,14.69,4.8883,2366.9399,1.7723,1.828,1.5165,-493.2437,1067.3033,0.37443
1007.2116,315.3951,351.4407,82.5521,14.67,5.003,2368.6399,1.8278,1.8754,1.5095,-493.3693,1082.7256,0.37335
1007.364,316.2343,350.5757,85.8464,8.88,4.9303,2357.52,1.8084,1.8537,1.498,-493.5739,1072.2928,0.37476
1007.5164,312.8782,350.8961,86.5835,-1.59,4.6499,2338.0598,1.7856,1.8291,1.4099,-493.7625,1048.252,0.37835
1007.6688,317.0733,351.665,89.1076,-2.47,4.3117,2343.9299,1.8337,1.8776,1.4959,-493.7671,1080.0039,0.37002
1007.8212,315.675,350.4475,91.4021,-3.01,3.9532,2350.79,1.8655,1.9195,1.5351,-493.9375,1092.4771,0.37923
1007.9736,319.5901,349.5184,85.8137,-2.17,3.778,2345.45,1.7888,1.8479,1.5874,-494.0562,1080.9104,0.36532
1008.126,316.514,349.8708,82.1754,-4.09,3.7737,2334.96,1.782,1.8447,1.4496,-494.1079,1061.8601,0.37652
1008.2784,316.2343,351.4407,76.9309,-1.48,3.841,2342.9202,1.7838,1.8507,1.4361,-494.1364,1099.9617,0.3769
1008.4308,314.5562,352.434,80.8971,-0.19,3.791,2363.9299,1.8292,1.9016,1.5061,-494.3125,1101.7759,0.38696
1008.5832,317.0733,350.0951,80.0776,2.66,3.6208,2381.8601,2.13,2.2176,1.6945,-494.5966,1094.0648,0.35894
1008.7356,323.7852,340.6755,79.0943,4.94,3.4247,2394.5999,2.2375,2.3256,1.9361,-494.8375,1059.1384,0.34141
1008.888,324.3445,327.6995,81.077,6.46,3.3219,2406.6602,2.4104,2.5021,2.2675,-495.125,1080.9104,0.3268
1009.0404,326.0227,319.3693,81.5687,6.64,3.3628,2417.3101,2.3501,2.4189,2.5308,-495.375,1122.1875,0.33198
1009.1928,323.7852,317.3508,84.1907,4.64,3.5008,2418.1899,2.4607,2.5241,2.8609,-495.3693,1111.7548,0.35258
1009.3452,320.4294,317.511,80.1427,2.56,3.7127,2403.8899,2.3957,2.4585,2.6789,-495.6187,1088.1677,0.36446
1009.4976,320.4294,328.3083,81.4047,2.72,3.9532,2385.78,1.9795,2.0285,2.1958,-495.7898,1070.4777,0.36789
1009.65,319.8698,341.7969,82.2245,4.55,4.2053,2371.5,1.8292,1.8872,1.7156,-495.7216,1069.5712,0.36375
1009.8024,316.7936,344.4241,90.78,5.59,4.3837,2364.27,1.7471,1.8077,1.4779,-495.7375,1076.8285,0.36316
1009.9548,316.7936,346.5387,92.6318,4.67,4.4196,2363.55,1.7533,1.8119,1.4456,-495.9546,1077.2822,0.35548
1010.1072,315.9547,348.8456,92.353,1.36,4.3218,2362.1899,1.7834,1.8357,1.4559,-495.7938,1053.6952,0.35848
1010.2596,315.3951,348.1407,83.9617,0.42,4.0536,2377.3701,1.871,1.92,1.6225,-495.4318,1063.2205,0.35584
1010.412,319.5901,345.6736,85.1746,1.35,3.7458,2394.5601,2.0584,2.1042,1.9068,-495.4813,1080.6841,0.36948
1010.5644,321.2681,337.856,82.3392,4.63,3.4667,2409.45,2.6487,2.7021,2.3484,-495.7273,1081.1377,0.35182
1010.7168,321.8276,324.4635,82.0769,6.7,3.3891,2403.1101,3.1837,3.266,2.8709,-495.9125,1072.2928,0.34916
1010.8692,321.548,330.5831,82.5028,6.98,3.4941,2383.6401,2.4323,2.4776,2.3697,-495.6079,1056.8706,0.35913
1011.0216,323.5056,349.0378,85.5184,4.54,3.8847,2352.0898,2.0047,2.0338,1.9272,-495.4312,1068.6636,0.3831
1011.174,326.582,357.1117,84.6334,5.29,4.5543,2337.1799,1.8388,1.8662,1.5829,-495.4943,1084.9934,0.4106
1011.3264,329.9379,363.9041,83.3058,9.98,5.0989,2348.0898,1.8038,1.8301,1.6289,-495.6437,1100.8683,0.39693
1011.4788,327.9803,361.0846,82.9124,14.88,5.0833,2379.22,1.8351,1.8504,1.6411,-495.2273,1090.663,0.38569
1011.6312,326.0227,349.5504,86.3212,17.17,4.5015,2405.23,1.9995,2.0085,1.7883,-494.8438,1070.2513,0.35868
1011.7836,323.5056,345.4494,83.8796,12.59,3.8535,2405.99,1.9556,1.9548,1.7964,-494.8977,1084.5396,0.34826
1011.936,322.1073,347.3076,83.1914,7.77,3.4696,2392.6599,1.8551,1.847,1.867,-495.0812,1108.5795,0.3485
1012.0884,321.8276,351.1844,87.3216,1.78,3.325,2373.8,1.894,1.8899,1.7765,-495.0438,1079.55,0.34381
1012.2408,320.7088,352.1456,86.5183,0.73,3.2545,2369.48,1.9202,1.9249,1.7342,-494.8182,1077.5087,0.36851
1012.3932,318.1919,348.9417,87.7805,1.05,3.1989,2371.95,1.9168,1.9346,1.7376,-494.85,1084.0858,0.37526
1012.5456,315.1157,345.4814,84.5027,1.7,3.1439,2372.9099,1.9454,1.9797,1.7893,-495.0852,1091.797,0.38626
1012.698,317.9122,342.8542,90.6323,4.61,3.1308,2378.27,1.9787,2.0217,1.8079,-494.8375,1081.1377,0.38239
1012.8504,320.4294,340.4512,84.5024,5.64,3.1391,2378.72,1.9571,1.9995,1.8439,-494.2875,1038.9532,0.35632
1013.0028,321.8276,338.2725,83.2898,12.02,3.212,2394.0598,2.0334,2.0816,1.8392,-494.1193,1053.2413,0.36587
1013.1552,323.2259,341.2842,83.0437,12.18,3.3185,2395.27,1.9852,2.0308,1.8741,-494.25,1090.8893,0.35019
1013.3076,325.7428,348.397,85.9285,12.17,3.4916,2391.9102,1.9016,1.948,1.7498,-494.1534,1089.0753,0.35471
1013.46,322.387,353.0748,83.6992,11.87,3.6781,2384.24,1.8789,1.9314,1.7059,-493.9438,1049.8396,0.39174
1013.6124,319.8698,357.4962,82.6831,12.06,3.8185,2374.6599,1.8398,1.8889,1.5983,-494.0812,1045.304,0.41154
1013.7648,320.4294,357.336,83.9452,16.79,3.85,2384.29,1.8115,1.8641,1.591,-494.6136,1059.1384,0.43665
1013.9172,320.7088,353.9078,88.2063,12.86,3.7451,2387.8101,1.8288,1.8864,1.5979,-495.3,1104.7239,0.41167
1014.0696,320.9887,353.9078,89.6487,9.67,3.6342,2395.2,1.887,1.9476,1.7426,-495.1421,1089.0753,0.40881
1014.222,322.6666,351.6971,89.8291,3.57,3.5175,2392.4001,1.9124,1.9731,1.8754,-494.2062,1034.6439,0.38198
1014.3744,323.2259,352.6583,90.9765,1.16,3.381,2388.6699,1.9827,2.0496,2.0146,-493.6079,1036.4589,0.36388
1014.5268,320.9887,357.0477,87.1905,0.26,3.2646,2385.6799,2.0355,2.1069,2.0235,-493.4312,1128.3109,0.38297
1014.6792,318.7512,357.7846,88.813,-0.3,3.2162,2384.4299,1.8978,1.9612,1.9569,-493.4602,1152.5781,0.41366
1014.8316,318.7512,357.336,86.5186,2.11,3.2531,2392.6401,1.9413,2.0094,1.978,-493.3563,1138.0635,0.4301
1014.984,318.4716,357.7846,87.0595,2.13,3.3012,2387.0298,1.9115,1.977,1.9545,-493.4716,1081.8179,0.43045
1015.1364,320.4294,361.1487,88.682,2.3,3.3519,2380.97,1.8147,1.8725,1.9208,-493.8188,1057.7771,0.39916
1015.2888,322.6666,361.3089,87.2067,2.71,3.4319,2381.1399,1.8679,1.9258,1.8107,-493.9261,1076.3746,0.39271
1015.4412,321.2681,358.8419,87.5672,5.8,3.5551,2393.3799,1.9201,1.98,1.824,-494.0313,1115.6104,0.38912
1015.5936,319.5901,361.7895,85.3874,7.93,3.6712,2400.6702,1.8848,1.9437,1.7837,-494.1187,1108.5795,0.39013
1015.746,318.7512,365.5702,83.2734,6.41,3.7064,2390.1401,1.8027,1.8564,1.8395,-494.1875,1039.1805,0.38017
1015.8984,319.0309,366.3391,83.2736,3.94,3.5824,2380.5,1.7788,1.8365,1.8387,-494.075,1051.4274,0.39353
1016.0508,320.4294,366.243,86.3545,1.85,3.399,2374.3101,1.7478,1.794,1.8727,-494.0438,1133.5278,0.3891
1016.2032,320.9887,364.3527,92.4839,-0.08,3.2663,2372.1699,1.8462,1.8965,1.8587,-493.8409,1127.1769,0.38495
1016.3556,320.9887,361.4691,93.9589,-1.01,3.2141,2375.71,1.8358,1.8878,1.8654,-493.7625,1067.7561,0.38095
1016.508,321.8276,361.405,91.7956,-2.06,3.2239,2377.8701,1.8328,1.879,1.8435,-493.6193,1050.7472,0.40844
1016.6604,320.9887,362.6866,89.9928,-2.07,3.2204,2382.05,1.8588,1.9067,1.8285,-493.6313,1130.5787,0.42723
1016.8128,319.5901,363.7759,90.3205,-0.2,3.2201,2393.8401,1.8048,1.8505,1.8387,-493.7159,1166.64,0.44178
1016.9652,319.8698,364.4167,90.3207,2.12,3.1737,2404.5999,1.8136,1.8631,1.9168,-493.65,1145.5472,0.40472
1017.1176,319.8698,363.2953,96.9912,5.97,3.1689,2412.9299,1.7684,1.8177,1.8997,-493.5966,1052.1075,0.36919
1017.27,320.7088,362.3983,95.3523,8.13,3.1871,2409.2,1.7568,1.8017,1.8594,-493.55,1080.4565,0.37551
1017.4224,321.2681,362.7827,96.4338,9.34,3.2364,2409.3499,1.8092,1.8579,1.7868,-493.5511,1136.2483,0.38375
1017.5748,320.4294,363.6798,93.0081,6.61,3.2282,2401.8301,1.7971,1.8463,1.779,-493.5454,1154.9979,0.40091
1017.7272,320.1495,364.673,98.7444,2.97,3.2025,2392.7,1.753,1.7999,1.8046,-493.4937,1144.6406,0.41098
1017.8796,319.8698,366.1469,96.0893,1.44,3.1618,2388.8098,1.7893,1.8427,1.85,-493.5114,1101.7759,0.41959
1018.032,319.3105,364.1604,102.0389,6.09,3.1969,2398.0898,1.8089,1.865,1.9225,-493.4688,1119.0122,0.40011
1018.1844,319.5901,359.5788,96.4668,13.84,3.3176,2406.5701,1.8048,1.8586,1.9034,-493.3636,1103.1372,0.37192
1018.3368,319.5901,359.771,95.6962,15.89,3.5473,2397.7202,1.8326,1.8869,1.8317,-493.0966,1070.7051,0.37278
1018.4892,320.1495,365.3138,88.2228,11.66,3.7507,2380.6501,1.8796,1.9417,1.6832,-492.9188,1093.8384,0.37931
1018.6416,320.7088,369.9275,92.4018,4.81,3.8517,2373.03,1.8322,1.8926,1.6659,-492.8409,1091.3431,0.38965
1018.794,320.9887,364.9934,95.1393,2.38,3.7726,2380.6802,1.8205,1.8794,1.7372,-492.95,1069.1174,0.41407
1018.9464,318.7512,360.7642,91.6974,-0.73,3.6412,2377.22,1.8149,1.8792,1.8173,-493.0511,1099.5081,0.43768
1019.0988,318.4716,364.2565,87.3708,-1.27,3.4672,2375.6499,1.7392,1.8001,1.7937,-492.9602,1095.426,0.46238
1019.2512,317.0733,368.0692,89.0093,0.59,3.3831,2374.6099,1.6673,1.7229,1.7065,-492.925,1080.2302,0.47579
1019.4036,317.6326,369.9275,87.1245,8.7,3.3721,2393.79,1.7058,1.7586,1.642,-492.8125,1086.3536,0.48569
1019.556,319.5901,368.5818,87.6655,12.16,3.4338,2401.1799,1.7869,1.8453,1.6308,-492.6364,1088.6215,0.44702
1019.7084,320.9887,365.6342,85.5351,11.47,3.4837,2400.47,1.7847,1.8436,1.6312,-492.1938,1095.6525,0.38773
1019.8608,321.2681,366.9158,88.2394,6.32,3.4498,2391.4102,1.8027,1.8628,1.6783,-491.6364,1080.0039,0.37781
1020.0132,320.7088,365.9867,89.501,3.15,3.3814,2386.3999,1.8632,1.9274,1.7969,-491.5313,1052.5613,0.36738
1020.1656,320.4294,360.0594,90.3202,1.12,3.2931,2385.1599,1.8938,1.9694,1.9436,-491.5341,1074.787,0.38135
1020.318,319.8698,358.8098,93.0244,1.69,3.2649,2392.8999,1.7274,1.7905,1.9491,-491.4937,1099.0542,0.40096
1020.4704,320.4294,366.8197,90.5497,1.77,3.2954,2395.25,1.6606,1.7216,1.8338,-491.4432,1112.6624,0.42511
1020.6228,319.3105,370.4402,88.3866,3.89,3.371,2401.1899,1.6656,1.7264,1.7801,-491.3807,1109.0331,0.4384
1020.7752,320.7088,367.1721,87.1577,4.81,3.4081,2402.21,1.6903,1.7497,1.8003,-491.3188,1109.2606,0.42752
1020.9276,319.8698,368.4857,88.9112,6.71,3.4049,2407.3201,1.6809,1.7394,1.8357,-491.2159,1088.6215,0.42307
1021.08,320.4294,369.4149,95.3358,6.49,3.4002,2403.28,1.6816,1.7397,1.8092,-491.0938,1077.0548,0.42237
1021.2324,319.3105,367.4284,97.4662,4.97,3.4456,2394.6199,1.6954,1.7546,1.6923,-491.0625,1071.1588,0.40797
1021.3848,318.4716,366.5634,98.6627,3.41,3.4792,2390.3101,1.6412,1.6959,1.6744,-491.1625,1096.7864,0.40785
1021.5372,318.7512,368.9023,91.1563,1.86,3.4595,2388.8601,1.68,1.7375,1.7174,-491.2443,1069.5712,0.41667
1021.6896,318.7512,370.1518,92.7952,2.09,3.3745,2393.9099,1.6827,1.743,1.7601,-491.3125,1060.9525,0.44407
1021.842,318.4716,369.0624,90.3369,3.06,3.2963,2400.3601,1.7331,1.7986,1.7954,-491.4034,1067.7561,0.46649
1021.9944,320.4294,367.3643,95.2044,4.01,3.2328,2408.1599,1.7523,1.8169,1.8414,-491.4312,1055.5093,0.44226
1022.1468,319.8698,366.275,89.4682,3.2,3.1964,2409.25,1.7026,1.7644,1.8502,-491.4489,1065.2618,0.43895
1022.2992,321.2681,368.5818,92.533,0.79,3.2023,2401.53,1.656,1.7169,1.8161,-491.6875,1094.2911,0.45214
1022.4516,320.1495,370.9207,93.3691,1.27,3.2442,2401.98,1.6942,1.7604,1.7811,-491.8375,1078.6426,0.46497
1022.604,319.5901,368.9343,94.7623,0.67,3.2825,2396.45,1.6829,1.7507,1.813,-491.7671,1062.5403,0.44239
1022.7564,320.1495,368.0692,94.5821,2.37,3.281,2401.6299,1.6683,1.7379,1.846,-491.9063,1066.8496,0.41726
1022.9088,318.1919,368.8382,89.96,1.76,3.2708,2398.52,1.6596,1.7304,1.8436,-492.0114,1088.6215,0.41433
1023.0612,318.4716,368.7741,89.714,1.78,3.3073,2397.1301,1.6125,1.6771,1.8162,-492.0063,1098.374,0.4044
1023.2136,319.3105,369.0304,84.6662,0.55,3.3422,2390.1602,1.6674,1.7359,1.8104,-492.0375,1075.9209,0.40407
1023.366,321.548,366.8517,90.0748,-0.87,3.3877,2380.72,1.7052,1.7772,1.8167,-492.3011,1055.2828,0.4319
1023.5184,319.0309,363.7439,93.0249,-0.39,3.4039,2381.1799,1.6812,1.7557,1.817,-492.5187,1094.0648,0.45135
1023.6708,319.3105,367.6527,101.8585,0.25,3.4515,2383.73,1.6097,1.6844,1.7567,-492.6688,1127.1769,0.45948
1023.8232,319.3105,372.7149,95.9911,1.46,3.4893,2390.8701,1.5818,1.6525,1.7505,-492.7443,1104.7239,0.43461
1023.9756,320.4294,372.3625,94.0081,4.03,3.5047,2402.21,1.5951,1.6649,1.7888,-492.9562,1078.6426,0.41621
1024.128,320.1495,372.4586,90.2222,5.46,3.4855,2406.3201,1.602,1.6739,1.8933,-493.0966,1063.6741,0.42474
1024.2804,319.5901,370.2479,92.1232,5.0,3.4389,2401.0798,1.6407,1.7137,1.9613,-493.2062,1056.8706,0.41731
1024.4328,319.8698,366.3071,90.0095,3.5,3.4101,2395.3601,1.6583,1.7336,1.9424,-493.3011,1060.4988,0.40448
1024.5852,320.7088,370.4081,86.9445,4.56,3.4063,2400.97,1.635,1.7097,1.8382,-493.4,1045.5303,0.41369
1024.7376,320.4294,370.4402,91.1076,7.91,3.4505,2411.78,1.636,1.7089,1.8024,-493.475,1066.3958,0.42636
1024.89,320.4294,368.5498,92.5002,9.76,3.492,2413.9199,1.6139,1.6906,1.768,-493.3125,1097.6938,0.43619
1025.0424,320.4294,371.4654,91.7794,7.53,3.5109,2400.21,1.6368,1.7178,1.7852,-493.05,1112.2086,0.41897
1025.1948,324.3445,370.0877,88.3376,5.72,3.4905,2394.45,1.6398,1.7252,1.7813,-492.9875,1119.4658,0.40734
1025.3472,319.8698,367.5566,91.7628,6.67,3.4287,2397.5798,1.6256,1.7106,1.8568,-493.1761,1080.2302,0.40378
1025.4996,321.2681,368.0372,96.991,7.44,3.3708,2402.49,1.5338,1.6109,1.8563,-493.4562,1084.5396,0.39631
1025.652,322.1073,373.3557,97.3185,9.27,3.3248,2411.1099,1.5161,1.5913,1.798,-493.4375,1082.2717,0.4152
1025.8044,319.8698,375.5024,98.7609,6.56,3.3039,2407.45,1.5146,1.5895,1.7489,-493.175,1092.7045,0.42117
1025.9568,325.4634,371.113,97.1383,6.48,3.2931,2414.1799,1.5194,1.5948,1.757,-492.975,1096.3325,0.43917
1026.1092,318.7512,367.044,96.3193,4.13,3.2694,2412.24,1.6626,1.7492,1.8686,-492.8466,1091.3431,0.44561
1026.2616,319.5901,366.1469,93.4344,1.4,3.2987,2404.24,1.6653,1.7485,1.9048,-492.7875,1075.9209,0.43988
1026.414,319.8698,366.7556,90.5499,-1.17,3.3223,2397.96,1.6853,1.7771,1.9348,-492.7614,1082.498,0.43755
1026.5664,319.8698,365.1857,87.5997,-3.59,3.3435,2392.95,1.6688,1.7578,1.9624,-492.8375,1082.9519,0.42837
1026.7188,320.4294,362.7827,86.8788,-1.6,3.3073,2404.3301,1.6483,1.7345,1.975,-492.9034,1053.015,0.41076
1026.8712,320.1495,364.9294,86.3382,0.02,3.2692,2407.8701,1.6038,1.6859,1.9281,-492.8937,1061.8601,0.40082
1027.0236,319.3105,369.4149,85.8464,1.68,3.2473,2409.3398,1.5734,1.6517,1.8548,-493.0063,1083.1782,0.43919
1027.176,319.5901,373.1955,84.4044,1.7,3.2706,2404.1099,1.5675,1.6451,1.7986,-493.0625,1113.5688,0.40596
1027.3284,319.3105,372.3625,87.649,1.3,3.3109,2398.6599,1.607,1.6832,1.7928,-493.0625,1112.6624,0.44821
1027.4808,318.7512,369.8955,90.4354,-0.34,3.3595,2388.0,1.5843,1.6597,1.7513,-492.9625,1062.3138,0.4169
1027.6332,319.8698,373.0353,92.0577,-0.38,3.3709,2386.04,1.5748,1.6511,1.6751,-493.0739,1058.2308,0.4427
1027.7856,319.8698,373.0353,91.337,-0.04,3.3564,2390.4199,1.5998,1.6745,1.6729,-493.0568,1090.8893,0.45675
1027.938,319.8698,368.7421,88.8785,1.01,3.3123,2400.24,1.5943,1.6704,1.7629,-492.9625,1093.8384,0.44048
1028.0904,320.7088,368.8702,87.256,-0.01,3.2743,2401.6399,1.55,1.6215,1.8786,-492.9602,1099.9617,0.42235
1028.2428,319.3105,372.0742,87.0918,-0.39,3.2526,2401.53,1.549,1.6167,1.8482,-493.0938,1092.2506,0.39722
1028.3952,319.0309,373.7082,87.2559,0.71,3.2447,2402.3499,1.6019,1.6749,1.7918,-492.8409,1091.3431,0.40927
1028.5476,319.5901,371.7538,86.1741,2.04,3.2425,2400.76,1.6226,1.6956,1.7864,-492.725,1101.322,0.4031
1028.7,319.8698,369.3828,88.7963,3.17,3.2431,2398.29,1.6326,1.7057,1.7447,-492.7784,1089.7555,0.44119
1028.8524,319.8698,370.2159,93.1392,5.64,3.2639,2405.1001,1.5903,1.6611,1.74,-492.6818,1082.7256,0.49037
1029.0048,321.2681,370.8887,95.9585,6.71,3.2763,2416.1401,1.5939,1.6656,1.7513,-492.7375,1094.5186,0.54442
1029.1572,320.4294,369.3828,89.7142,7.36,3.2839,2420.6399,1.6428,1.7126,1.8348,-492.7329,1091.797,0.48698
1029.3096,320.4294,368.4857,87.9936,4.22,3.261,2412.24,1.6018,1.6667,1.821,-492.7125,1098.1467,0.45908
1029.462,320.9887,370.312,89.1407,1.83,3.2374,2402.73,1.5869,1.6526,1.8419,-492.5057,1097.4666,0.40857
1029.6144,322.9463,372.8752,91.2878,-0.27,3.2104,2401.8401,1.5587,1.6209,1.7706,-492.4,1085.446,0.43876
1029.7668,320.9887,374.3169,91.7465,-2.63,3.273,2396.1201,1.5206,1.5792,1.7364,-492.4546,1080.6841,0.42149
1029.9192,321.548,376.3674,93.713,-3.92,3.363,2389.9399,1.5326,1.5935,1.7174,-492.3921,1078.6426,0.44837
1030.0716,320.4294,373.6441,97.3349,-5.0,3.4124,2379.3999,1.5691,1.6354,1.7647,-491.9,1096.3325,0.42923
1030.224,319.8698,372.5547,99.6625,-2.42,3.344,2387.3301,1.5487,1.6149,1.7575,-491.4091,1103.1372,0.42346
1030.3764,319.0309,375.6305,92.4676,-0.73,3.2367,2393.48,1.5476,1.6148,1.7313,-491.3438,1082.0444,0.42413
1030.5288,318.1919,375.0218,91.6319,0.91,3.1297,2406.28,1.5194,1.5819,1.7182,-491.7273,1084.5396,0.42222
1030.6812,318.1919,373.7722,93.2708,0.63,3.0681,2409.0801,1.5181,1.584,1.7501,-491.9716,1075.9209,0.43045
1030.8336,318.1919,373.8363,95.434,0.59,3.0694,2409.1301,1.4864,1.5489,1.7425,-491.7,1059.1384,0.4243
1030.986,318.1919,374.0606,96.4172,0.58,3.1439,2403.25,1.531,1.5954,1.7404,-491.4886,1068.2098,0.43018
1031.1384,319.0309,373.7722,93.3524,1.63,3.2118,2401.3401,1.5364,1.6023,1.7556,-491.5375,1094.0648,0.3929
1031.2908,319.3105,374.381,92.6479,5.06,3.2281,2412.6101,1.5132,1.5785,1.7783,-491.4034,1099.9617,0.38781
1031.4432,318.4716,374.5732,90.8782,4.39,3.1882,2414.24,1.5172,1.5824,1.7974,-491.2125,1078.1887,0.38696
1031.5956,318.4716,373.6121,91.4846,3.1,3.1524,2410.4199,1.5396,1.603,1.8184,-491.2898,1063.6741,0.4482
1031.748,319.3105,372.9392,89.8455,-0.4,3.1446,2395.04,1.5605,1.6261,1.8023,-491.1,1072.7455,0.45942
1031.9004,319.5901,373.0033,84.4039,0.98,3.1705,2395.2898,1.5233,1.5875,1.791,-491.0284,1115.1565,0.43395
1032.0528,318.7512,375.5024,84.3382,3.96,3.1955,2403.0,1.5033,1.5682,1.7734,-490.9625,1089.0753,0.41554
1032.2052,320.4294,376.2393,91.3859,4.29,3.2339,2402.29,1.4719,1.5334,1.8017,-490.8687,1065.0344,0.42868
1032.3576,320.4294,374.2849,101.3341,3.21,3.2599,2398.55,1.5247,1.5951,1.7777,-490.6989,1081.3643,0.47919
1032.51,319.8698,374.9577,101.8752,1.07,3.2626,2396.6401,1.5534,1.6275,1.7584,-490.7687,1105.405,0.47809
1032.6624,319.5901,374.1888,99.2528,3.04,3.2416,2411.3501,1.5049,1.5754,1.7473,-490.8011,1105.405,0.50417
1032.8148,319.3105,374.349,93.6643,3.65,3.2531,2414.3201,1.5268,1.601,1.7836,-490.75,1096.3325,0.48794
1032.9672,318.7512,376.2713,90.0748,3.55,3.3428,2408.01,1.5923,1.675,1.7995,-490.9375,1100.6418,0.47789
1033.1196,319.0309,377.7451,92.8609,2.84,3.4467,2399.97,1.5176,1.6009,1.7348,-490.8579,1117.6519,0.4429
1033.272,319.5901,377.5209,93.5819,2.35,3.5049,2396.8699,1.4968,1.5812,1.7205,-490.7563,1092.2506,0.43251
1033.4244,319.3105,375.4703,95.3684,2.12,3.485,2395.2798,1.5352,1.626,1.7616,-490.9261,1045.9841,0.43188
1033.5768,320.4294,375.6946,92.5824,1.1,3.4483,2388.01,1.4688,1.5556,1.7707,-490.8813,1076.3746,0.46888
1033.7292,320.7088,376.5276,92.4021,3.65,3.4113,2395.3901,1.4698,1.5516,1.7431,-490.725,1130.8062,0.48209
1033.8816,320.4294,375.2781,90.2879,6.3,3.3865,2404.9302,1.4979,1.5762,1.7628,-490.8523,1143.5067,0.53065
1034.034,320.1495,373.3237,93.6148,7.94,3.3528,2413.0098,1.556,1.6386,1.7749,-491.2875,1095.6525,0.49125
1034.1864,321.2681,370.9528,95.5978,8.74,3.3267,2415.26,1.614,1.6976,1.8105,-490.9,1087.715,0.4777
1034.3388,321.2681,368.3255,97.073,5.73,3.2945,2404.1399,1.6825,1.7721,1.8287,-490.3125,1140.785,0.44616
1034.4912,320.7088,368.0052,91.4845,3.96,3.2181,2400.8901,1.6454,1.735,1.906,-490.0063,1125.3629,0.43778
1034.6436,318.1919,369.8634,90.2225,0.6,3.2151,2392.9299,1.6175,1.6994,1.9188,-490.4318,1051.6537,0.43842
1034.796,319.3105,371.2732,90.2223,0.61,3.2861,2401.7798,1.6092,1.6903,1.9021,-490.8062,959.3478,0.43716
1034.9484,317.6326,368.4217,90.042,5.65,3.4447,2419.8301,1.5837,1.6578,1.952,-490.4438,984.5222,0.43598
1035.1008,317.9122,366.0828,87.1573,14.18,3.5259,2443.8501,1.5997,1.6687,1.9118,-489.9829,1220.1639,0.45206
1035.2532,317.9122,370.1838,87.1572,14.3,3.4827,2440.4099,1.5385,1.5962,1.8686,-489.5125,1347.6233,0.44774
1035.4056,318.7512,374.7655,87.878,9.43,3.3706,2423.8901,1.5493,1.596,1.7912,-489.5,1295.006,0.42386
1035.558,319.3105,377.2005,90.9433,1.5,3.2621,2403.71,1.5116,1.5416,1.7799,-489.85,1233.7709,0.4167
1035.7104,319.5901,379.4432,89.4684,1.75,3.2318,2403.8401,1.4388,1.4534,1.8211,-489.975,1221.0704,0.43856
1035.8628,319.8698,378.6743,92.3533,0.28,3.2715,2395.1299,1.4285,1.4377,1.859,-490.0057,1160.5166,0.44746
1036.0152,319.5901,376.015,91.6321,-0.51,3.4021,2384.6499,1.4801,1.4925,1.8641,-489.8875,1125.8167,0.43502
1036.1676,320.1495,378.418,98.6138,-0.71,3.5251,2379.28,1.4615,1.4763,1.7561,-489.6534,1114.25,0.42381
1036.32,319.3105,382.5831,94.6638,-0.54,3.6114,2378.27,1.3827,1.3992,1.6473,-489.6563,1099.5081,0.41935
1036.4724,320.9887,380.9171,102.7764,-0.69,3.6482,2383.45,1.3776,1.3982,1.5457,-489.6023,1091.797,0.43155
1036.6248,317.9122,381.718,100.0723,0.65,3.776,2404.02,1.4223,1.4518,1.5089,-489.6688,1084.5396,0.43416
1036.7772,315.3951,382.8074,103.3502,1.49,3.9759,2435.5801,1.423,1.4538,1.6312,-489.7062,1096.3325,0.41798
1036.9296,315.675,335.0045,90.5502,3.99,4.0784,2473.5,2.0746,2.1451,2.2431,-489.625,1124.0016,0.31396
1037.082,316.7936,284.8307,85.9447,3.68,3.9959,2477.5901,3.2973,3.4876,3.2112,-489.625,1105.1776,0.25203
1037.2344,317.6326,295.2436,83.1912,9.33,3.8383,2445.5701,2.992,3.1632,3.1061,-489.8,1109.0331,0.22843
1037.3868,317.0733,319.4333,85.3546,8.72,3.9358,2385.0801,2.4794,2.6161,2.0586,-490.0114,1106.9917,0.23772
1037.5392,316.2343,332.7938,86.6657,7.34,4.3474,2335.6499,2.0896,2.2057,1.5148,-489.8625,1105.405,0.28825
1037.6916,313.1579,336.991,88.649,3.34,4.9246,2322.52,1.9276,2.0454,1.3262,-489.7784,1100.4155,0.30819
1037.844,313.1579,337.0871,90.0256,3.38,5.3614,2328.3201,1.9338,2.0668,1.2693,-489.9438,1104.0437,0.34147
1037.9964,313.4375,335.5492,89.1734,4.51,5.5565,2340.54,1.874,2.0122,1.2323,-490.2102,1109.4869,0.2964
1038.1488,315.1157,332.8258,86.502,3.54,5.5291,2347.74,1.9504,2.099,1.2304,-490.3011,1102.2296,0.31946
1038.3012,317.0733,331.9608,90.7139,3.72,5.4445,2356.25,2.0503,2.1905,1.2884,-490.3062,1094.0648,0.31798
1038.4536,317.9122,333.1142,89.7635,5.03,5.4541,2362.8999,2.0864,2.223,1.3757,-490.5057,1082.498,0.32866
1038.606,318.1919,329.6219,91.173,6.37,5.5316,2368.3101,2.1365,2.282,1.4769,-490.7188,1108.5795,0.32859
1038.7584,314.2765,324.848,82.3724,6.14,5.4929,2373.8201,2.1903,2.3637,1.4987,-490.8068,1095.8788,0.31513
1038.9108,313.7172,326.7383,84.4043,4.44,5.1889,2381.8901,2.1226,2.3003,1.5226,-490.8977,1110.8483,0.31382
1039.0632,315.1157,327.9558,80.5361,1.89,4.713,2386.95,2.1192,2.3008,1.7261,-491.15,1097.9203,0.3338
1039.2156,318.1919,314.9158,79.4214,0.41,4.364,2385.55,2.6081,2.8477,2.2788,-491.7046,1098.1467,0.33408
1039.368,318.4716,305.4641,75.7504,10.31,4.3329,2389.3198,2.5255,2.756,2.4394,-491.9063,1102.6833,0.31781
1039.5204,314.8358,320.5868,73.7839,15.13,4.527,2409.6899,2.1604,2.3451,2.1577,-491.8693,1104.7239,0.28673
1039.6728,312.0393,298.6718,74.5051,14.76,4.7456,2448.3499,2.4574,2.681,2.6735,-492.025,1088.6215,0.29283
1039.8252,312.8782,239.9755,74.505,10.99,4.954,2473.9399,3.1002,3.4193,4.6756,-492.2727,1099.2816,0.26981
1039.9776,311.4799,241.4173,77.0946,20.49,5.2679,2462.78,2.3408,2.5404,3.4239,-492.5284,1114.0226,0.27078
1040.13,317.0733,303.8301,78.4715,27.82,5.6484,2420.0498,1.8777,2.0186,1.8893,-492.625,1105.1776,0.28268
1040.2824,320.1495,344.8086,78.7172,23.47,5.9235,2372.8799,1.796,1.9233,1.3364,-492.6477,1089.9828,0.29834
1040.4348,322.1073,344.8406,77.7665,12.1,6.0003,2351.6199,1.8352,1.9473,1.2708,-493.0341,1075.6946,0.31798
1040.5872,320.1495,341.06,82.1585,7.92,5.9515,2344.99,1.9405,2.0526,1.2666,-493.3625,1098.6003,0.33236
1040.7396,317.3529,339.6823,83.0601,13.12,5.8404,2354.3201,1.8772,1.9859,1.2539,-493.6193,1136.2483,0.34785
1040.892,315.3951,338.657,88.8785,26.66,5.6976,2374.8801,1.8233,1.9217,1.1883,-493.8438,1143.0529,0.38416
1041.0444,312.5985,340.0988,88.0919,48.28,5.5044,2414.1199,1.8953,1.9909,1.1353,-494.1818,1142.5991,0.39528
1041.1968,309.802,339.0735,90.6158,62.22,5.2882,2439.1201,1.9449,2.0389,1.1855,-494.525,1112.4349,0.38141
1041.3492,310.3611,328.6927,83.1587,57.32,5.1115,2430.0898,2.0807,2.1866,1.4297,-494.7386,1098.1467,0.3652
1041.5016,311.2003,319.8499,84.4861,42.48,4.9988,2400.1301,2.1091,2.2254,1.6111,-494.7062,1116.2905,0.34828
1041.654,310.9206,328.5325,82.9455,26.79,4.9794,2368.3701,2.0604,2.1774,1.6144,-494.8977,1084.5396,0.3577
1041.8064,310.9206,340.2269,90.7629,21.12,4.9812,2361.71,2.05,2.1675,1.4637,-495.1125,1098.8279,0.34951
1041.9588,311.4799,340.9959,88.2884,14.58,5.0047,2356.4199,1.9566,2.0623,1.3613,-495.25,1107.6729,0.34576
1042.1112,311.2003,338.8813,88.3867,12.8,4.9799,2374.1802,1.9506,2.0532,1.344,-495.6477,1102.6833,0.30606
1042.2636,313.4375,339.7463,85.9775,7.28,4.9409,2379.4199,1.9789,2.0888,1.3782,-496.0063,1102.4561,0.32141
1042.416,315.3951,339.2657,85.9282,2.01,4.8481,2381.5898,1.9455,2.0612,1.4511,-496.2216,1081.3643,0.3392
1042.5684,317.0733,336.6385,88.4521,-3.26,4.7131,2371.51,1.9612,2.077,1.4877,-496.5688,1077.5087,0.38816
1042.7208,317.0733,336.0298,85.5023,-2.56,4.5471,2369.6201,2.0485,2.1765,1.5855,-496.7938,1093.3846,0.3615
1042.8732,317.3529,334.588,86.4038,-0.08,4.375,2366.6899,2.2728,2.4215,1.6967,-496.9261,1111.301,0.34123
1043.0256,318.1919,329.9102,85.5026,2.36,4.2427,2365.04,2.2729,2.4237,1.7597,-496.9312,1121.0536,0.31464
1043.178,319.3105,328.917,89.7637,1.49,4.1353,2364.3,2.1281,2.2633,1.6826,-497.1023,1105.8578,0.31594
1043.3304,317.6326,331.4802,89.7637,11.66,4.0331,2405.02,2.3163,2.4558,1.8028,-497.3,1087.715,0.31894
1043.4828,315.9547,310.3021,88.8621,12.46,4.023,2428.3198,3.8134,4.0893,2.3922,-497.5909,1110.8483,0.30704
1043.6352,317.9122,284.4783,85.5841,11.53,4.1007,2422.55,3.7147,3.974,3.1827,-497.6812,1118.7856,0.30112
1043.7876,316.514,303.6058,87.0263,0.31,4.3041,2373.8999,2.479,2.6124,2.3826,-497.55,1077.735,0.28229
1043.94,313.7172,333.4987,86.3053,-2.2,4.4678,2341.9001,2.0514,2.1527,1.701,-497.6989,1091.3431,0.31229
1044.0924,311.7596,340.5153,89.4193,-0.53,4.5793,2345.1299,1.9688,2.0549,1.5252,-498.0375,1087.4875,0.33681
1044.2448,311.4799,340.1629,89.7797,-1.23,4.6636,2347.99,1.9744,2.0539,1.528,-498.1063,1086.58,0.32927
1044.3972,314.2765,338.6891,90.173,-0.87,4.7604,2348.72,1.9625,2.0406,1.4916,-498.0511,1088.1677,0.3268
1044.5496,314.8358,338.6891,88.0097,-1.12,4.8747,2336.6599,1.8954,1.9663,1.3847,-498.0938,1068.89,0.31415
1044.702,315.3951,341.5085,92.1563,2.36,4.9658,2340.8899,2.0419,2.1004,1.3861,-498.2159,1094.0648,0.36365
1044.8544,315.1157,344.4882,91.5007,3.83,5.0472,2348.96,2.0896,2.1435,1.4617,-498.3125,1088.1677,0.35247
1045.0068,313.1579,342.8221,93.1232,4.05,5.0973,2364.49,2.0996,2.1552,1.5564,-498.2954,1079.55,0.34099
1045.1592,312.3189,337.9521,88.4356,3.99,5.0976,2380.8899,2.0545,2.1214,1.549,-498.3062,1085.446,0.32298
1045.3116,312.0393,335.0366,93.6803,4.18,5.0152,2389.6799,2.0986,2.1764,1.534,-498.4562,1085.446,0.3216
1045.464,313.4375,336.222,90.796,5.04,4.8488,2387.5798,2.1811,2.2685,1.5893,-498.8352,1071.3851,0.36024
1045.6164,316.2343,340.0027,92.4515,4.9,4.7453,2373.05,2.1944,2.2913,1.6871,-499.0313,1077.2822,0.36452
1045.7688,317.3529,341.7007,90.8941,4.46,4.8683,2355.29,2.1535,2.2488,1.657,-499.25,1087.715,0.36149
1045.9212,315.9547,339.2978,92.1562,5.44,5.2037,2350.1301,2.178,2.2814,1.5865,-499.4886,1100.8683,0.34762
1046.0736,316.514,338.5288,89.419,9.64,5.5621,2359.74,2.1797,2.2862,1.5432,-499.675,1104.9513,0.34624
1046.226,314.8358,341.6046,88.8459,16.71,5.7759,2383.8501,2.1442,2.2527,1.5192,-499.85,1083.8594,0.35224
1046.3784,317.6326,343.7833,89.7469,16.52,5.9335,2390.9399,2.0698,2.1726,1.5367,-500.0284,1070.7051,0.36027
1046.5308,317.0733,342.7901,90.2879,10.29,6.0953,2381.9001,1.9561,2.0446,1.4798,-500.075,1077.9624,0.37411
1046.6832,318.4716,340.291,87.9933,3.73,6.1149,2375.3501,1.946,2.0324,1.4628,-500.1421,1095.426,0.35566
1046.8356,316.7936,340.3551,87.092,4.22,5.8581,2385.1899,2.0,2.0858,1.4978,-500.25,1120.8271,0.35942
1046.988,316.514,344.0717,84.7486,6.44,5.3497,2397.3501,2.1487,2.2394,1.6231,-500.3438,1116.9717,0.34144
1047.1404,317.9122,345.8659,85.9941,6.16,4.8688,2395.8,2.1392,2.231,1.6839,-500.6364,1104.7239,0.36131
1047.2928,317.3529,343.9115,88.6493,4.22,4.5555,2385.6599,2.1324,2.2228,1.706,-500.9886,1118.1055,0.35815
1047.4452,317.9122,342.4056,90.2717,3.19,4.3883,2378.1399,2.1162,2.2058,1.6819,-501.0688,1093.1572,0.36511
1047.5976,318.7512,342.2775,90.8124,4.51,4.3603,2380.02,2.0981,2.185,1.6643,-501.0,1094.0648,0.34962
1047.75,318.4716,342.9503,91.14,5.34,4.4551,2384.4299,2.0701,2.1564,1.6441,-501.1563,1102.2296,0.35298
1047.9024,317.9122,343.6231,89.878,4.43,4.6304,2387.6099,2.038,2.1254,1.5983,-501.3125,1077.2822,0.33514
1048.0548,315.9547,342.5979,90.386,-0.06,4.7698,2379.3999,2.027,2.1141,1.6063,-501.475,1085.446,0.33673
1048.2072,317.3529,341.5406,88.6655,-3.19,4.7343,2371.9102,2.0846,2.1706,1.6441,-501.5227,1097.2401,0.30917
1048.3596,315.9547,343.1105,93.5003,-2.63,4.5061,2376.8201,2.101,2.1852,1.74,-501.3296,1105.405,0.34182
1048.512,318.1919,345.2251,92.6316,0.02,4.187,2387.3,2.0575,2.134,1.7584,-501.3188,1097.4666,0.35383
1048.6644,323.2259,345.8979,91.894,1.89,3.9098,2395.8098,2.0673,2.1421,1.7851,-501.5852,1086.58,0.3894
1048.8168,322.1073,345.2251,85.5022,1.31,3.7105,2392.52,2.1204,2.195,1.7918,-501.725,1101.322,0.36536
1048.9692,323.2259,343.8154,86.0431,0.07,3.5653,2386.3899,2.1408,2.2106,1.867,-501.5852,1097.4666,0.36468
1049.1216,321.8276,343.0144,85.5514,-0.68,3.5056,2384.4099,2.1854,2.257,1.906,-501.6932,1069.5712,0.37066
1049.274,319.8698,343.8474,87.4689,-1.17,3.5475,2383.74,2.1414,2.2107,1.8859,-501.9688,1100.8683,0.3817
1049.4264,320.1495,345.5135,86.8135,-0.31,3.5966,2389.27,2.0951,2.1646,1.868,-502.2273,1127.1769,0.37637
1049.5788,319.3105,344.9688,91.1074,-1.2,3.6033,2382.2898,2.1093,2.1812,1.8937,-502.4125,1117.6519,0.37814
1049.7312,319.3105,341.7648,94.2707,-1.64,3.6636,2372.8298,2.0491,2.1152,1.7747,-502.4489,1124.4553,0.37619
1049.8836,319.5901,340.8357,94.9263,-1.42,3.7774,2366.6899,2.0802,2.1502,1.711,-502.4318,1115.8376,0.38973
1050.036,315.9547,344.3921,91.6157,-0.32,3.8646,2368.5999,2.1014,2.1724,1.6953,-502.3625,1092.7045,0.38551
1050.1884,319.8698,346.9552,90.075,0.58,3.8116,2376.8,2.1142,2.1805,1.8241,-502.5341,1098.1467,0.36831
1050.3408,320.9887,345.93,89.0913,2.45,3.6749,2390.22,2.1536,2.2193,1.9186,-502.7046,1124.0016,0.38134
1050.4932,317.6326,345.4494,94.3853,5.93,3.528,2408.53,2.1465,2.2087,1.9297,-502.85,1119.0122,0.35247
1050.6456,322.387,344.0396,95.4342,6.93,3.3978,2415.02,2.147,2.2086,1.991,-502.9375,1101.5496,0.40125
1050.798,321.8276,340.0347,96.7784,4.95,3.2973,2407.4199,2.3348,2.4098,2.1113,-502.9125,1059.5922,0.37996
1050.9504,323.2259,340.1949,91.9764,1.7,3.1847,2399.3101,2.1997,2.2623,2.15,-503.0227,1106.7653,0.39788
1051.1028,322.387,345.0329,88.6983,-1.51,3.0598,2389.5701,2.1379,2.1962,2.0358,-502.9625,1166.64,0.38509
1051.2552,321.2681,348.5572,87.2559,-2.55,3.0365,2383.98,2.1133,2.1685,1.9889,-502.5682,1140.785,0.36317
1051.4076,320.9887,349.6786,84.9615,-2.94,3.1041,2376.5601,2.1092,2.1652,2.005,-502.3875,1110.8483,0.39297
1051.56,321.2681,347.6601,84.1255,-0.85,3.1813,2384.01,2.168,2.22,2.0659,-502.35,1083.4056,0.38918
1051.7124,320.9887,343.3348,83.8964,1.77,3.1649,2397.46,2.3641,2.4323,2.1508,-502.4318,1112.6624,0.4112
1051.8648,320.4294,342.4056,91.7136,4.99,3.1009,2418.72,2.2941,2.3613,2.1468,-502.4688,1124.6827,0.39671
1052.0172,322.1073,348.0766,98.6135,6.21,3.1444,2427.2102,2.0891,2.1425,2.0858,-502.5966,1125.8167,0.3944
1052.1696,321.2681,351.4728,100.6457,4.79,3.239,2422.0601,2.0292,2.0791,1.99,-502.725,1115.3839,0.38746
1052.322,319.8698,351.5369,94.5163,3.4,3.2992,2416.7,2.0766,2.1194,2.0074,-502.7437,1143.5067,0.36177
1052.4744,321.2681,351.1844,88.944,3.99,3.2708,2415.3298,2.1286,2.1761,2.0813,-502.7841,1104.0437,0.3639
1052.6268,322.1073,347.7882,90.0257,3.11,3.2452,2408.0901,2.1689,2.2207,2.0873,-503.0063,1098.6003,0.33908
1052.7792,322.1073,344.1678,96.6961,1.14,3.2794,2390.1702,2.1835,2.2357,2.0313,-503.1761,1099.9617,0.36452
1052.9316,322.1073,344.0396,98.073,0.14,3.2989,2384.9199,2.1295,2.1849,2.0079,-503.1812,1101.322,0.34227
1053.084,321.548,345.8018,93.6477,0.06,3.2833,2386.8101,2.1123,2.1677,2.0014,-503.1932,1118.1055,0.37672
1053.2364,321.8276,346.2183,92.5658,1.64,3.2062,2398.5,2.1381,2.2009,2.0629,-503.475,1119.9197,0.36154
1053.3888,323.2259,347.564,94.1392,0.88,3.1601,2397.1201,2.1198,2.1911,2.0851,-503.7813,1117.198,0.37104
1053.5412,322.6666,349.9669,96.9416,1.03,3.0822,2402.55,2.0393,2.1064,2.0798,-503.6421,1143.0529,0.37213
1053.6936,322.6666,348.6533,87.928,0.2,3.0411,2404.4299,2.1031,2.1783,2.0956,-503.6563,1113.5688,0.37913
1053.846,323.5056,345.6416,91.2055,0.15,3.0388,2407.1902,2.1446,2.2239,2.1078,-503.8,1103.1372,0.39677
1053.9984,324.9038,344.5523,85.7972,-0.98,3.0375,2401.7898,2.1649,2.2441,2.1547,-504.0796,1111.5284,0.41567
1054.1508,323.5056,344.5202,89.0423,-1.35,3.0733,2398.0601,2.1368,2.216,2.1433,-504.0313,1100.4155,0.4065
1054.3032,322.1073,345.5135,87.4038,0.62,3.0462,2405.8298,2.1209,2.2014,2.1346,-503.8466,1094.7449,0.40022
1054.4556,320.4294,346.4106,92.4516,2.48,3.0511,2414.0,2.1164,2.2042,2.1262,-503.9,1103.5898,0.38767
1054.608,319.5901,346.731,93.1725,2.59,3.0454,2415.9399,2.137,2.2349,2.0935,-504.05,1120.3734,0.38884
1054.7604,320.4294,348.2048,90.3861,1.99,3.0842,2414.8701,2.0266,2.1233,2.0505,-504.1648,1105.405,0.3874
1054.9128,320.9887,350.4796,90.3866,1.37,3.1338,2416.1201,1.9354,2.0268,2.0059,-504.1688,1044.6228,0.41587
1055.0652,321.2681,352.434,92.009,1.6,3.1578,2422.3899,1.9061,1.9925,1.9962,-504.0063,1065.0344,0.41176
1055.2176,322.1073,353.299,94.3035,0.74,3.1684,2425.29,1.9545,2.0416,2.1014,-503.875,1145.5472,0.40132
1055.37,320.9887,349.7747,93.7624,0.69,3.1652,2430.8501,2.0432,2.1373,2.2199,-504.0562,1166.64,0.37546
1055.5224,323.7852,342.8221,92.3203,0.19,3.1775,2429.95,2.1771,2.2867,2.4072,-504.2188,1111.5284,0.35504
1055.6748,323.2259,342.1493,94.8277,-0.34,3.1999,2424.9001,2.1544,2.2734,2.3518,-504.4602,1078.6426,0.339
1055.8272,324.3445,350.031,92.1069,-0.24,3.1979,2421.2698,1.8938,1.9846,2.2367,-504.7563,1100.1882,0.34256
1055.9796,323.7852,357.7846,95.8931,0.52,3.201,2422.1899,1.8482,1.9367,2.0748,-504.8563,1171.6294,0.35918
1056.132,322.387,358.0409,90.8457,0.07,3.2465,2419.27,1.8908,1.9844,2.0683,-504.9886,1227.875,0.37883
1056.2844,321.548,356.3108,96.254,1.17,3.2646,2423.6802,1.9322,2.0387,2.1339,-505.1187,1184.33,0.36239
1056.4368,320.7088,356.1505,102.023,2.07,3.2578,2426.78,1.974,2.0838,2.2311,-505.1063,1138.97,0.36935
1056.5892,319.8698,350.7359,105.6284,5.21,3.1815,2441.1099,2.0537,2.1795,2.3426,-504.9489,1107.2191,0.35245
1056.7416,319.0309,346.2504,103.4816,6.65,3.1404,2444.6299,2.0604,2.1862,2.3901,-505.1875,1135.3418,0.36681
1056.894,320.7088,349.0057,95.2866,6.84,3.0963,2444.6599,1.9634,2.0768,2.3063,-505.4937,1155.7534,0.38925
1057.0464,320.9887,353.1068,92.0416,4.39,3.1079,2432.4399,1.8673,1.9681,2.1654,-505.7841,1178.433,0.37994
1057.1988,322.1073,357.7525,92.7625,1.21,3.1415,2417.5,1.7945,1.8908,2.0493,-505.8312,1160.0629,0.40204
1057.3512,322.387,367.2682,92.9267,0.01,3.1662,2417.1802,1.7054,1.7939,1.9415,-505.9375,1133.9805,0.41827
1057.5036,321.548,373.8043,94.5491,0.16,3.177,2425.9399,1.6216,1.6993,1.876,-506.2188,1112.2086,0.43706
1057.656,324.0649,373.8043,95.9915,1.08,3.2322,2436.0701,1.6634,1.7336,1.8795,-506.4886,1105.405,0.42558
1057.8084,323.2259,372.2984,94.2869,0.45,3.357,2422.4199,1.8115,1.8938,1.9103,-506.5375,1109.0331,0.42779
1057.9608,322.387,370.9848,95.3358,-0.26,3.4311,2399.28,1.7856,1.8587,1.8658,-506.5,1109.2606,0.42404
1058.1132,321.548,369.7032,97.8597,-0.79,3.4103,2376.3799,1.7581,1.8303,1.8162,-506.5682,1099.5081,0.45739
1058.2656,320.4294,372.2343,102.6781,-0.6,3.4021,2357.25,1.6209,1.6844,1.6935,-506.5938,1083.4056,0.43015
1058.418,321.2681,379.219,101.0886,0.1,3.4978,2343.8899,1.5121,1.5656,1.5759,-506.3693,1094.0648,0.46869
1058.5704,319.3105,388.2861,95.7621,2.45,3.6696,2340.4299,1.4204,1.4755,1.4051,-506.0852,1121.5073,0.48332
1058.7228,319.3105,395.9756,90.9435,5.2,3.8482,2346.01,1.3886,1.4429,1.4118,-506.175,1107.6729,0.51009
1058.8752,319.5901,390.8493,88.5997,6.49,3.9824,2352.75,1.4347,1.496,1.4576,-506.3693,1105.405,0.4986
1059.0276,320.1495,382.487,87.6162,10.35,4.0259,2370.5398,1.508,1.5754,1.4355,-506.5688,1106.5389,0.44256
1059.18,320.7088,380.1161,89.485,9.55,3.9863,2383.73,1.5757,1.6472,1.4918,-506.3409,1110.3944,0.44826
1059.3324,319.8698,376.816,90.96,7.8,3.8507,2392.96,1.5833,1.6639,1.4418,-506.2216,1106.7653,0.41616
1059.4848,321.548,379.4753,94.3857,2.05,3.7234,2389.77,1.5073,1.5859,1.5221,-506.2687,1084.9934,0.43222
1059.6372,320.9887,380.8209,95.8603,0.02,3.5381,2394.9202,1.6073,1.6978,1.5324,-506.5057,1104.4974,0.44033
1059.7896,326.3021,371.914,97.2696,0.32,3.3911,2405.1299,1.6593,1.7717,1.7125,-506.4261,1142.5991,0.45836
1059.942,321.548,362.5584,95.3193,-0.39,3.3583,2399.95,1.654,1.7752,1.8136,-506.1938,1117.6519,0.46619
1060.0944,321.2681,363.7759,91.2221,-0.09,3.4124,2392.04,1.6212,1.7398,1.8063,-506.0398,1093.1572,0.43369
1060.2468,320.9887,369.8955,95.1886,-0.53,3.5164,2377.8401,1.5612,1.6717,1.7378,-506.2375,1098.1467,0.42465
1060.3992,321.548,371.5615,95.516,4.35,3.5414,2378.0798,1.5458,1.6509,1.7549,-506.2102,1116.7443,0.43614
1060.5516,322.1073,371.145,95.7291,11.62,3.7986,2360.48,1.5717,1.6833,1.7531,-505.925,1134.8881,0.43195
1060.704,321.548,369.0304,87.5672,24.96,4.4278,2343.3198,1.5526,1.6661,1.1641,-506.1591,1111.7548,0.46834
1060.8564,322.6666,371.8499,82.5196,42.19,5.0364,2343.6401,1.5319,1.6405,0.8931,-506.6063,1081.3643,0.48383
1061.0088,321.548,363.5837,82.1425,58.37,5.0894,2393.3799,1.6188,1.7261,0.8845,-507.1079,1098.6003,0.47554
1061.1612,321.2681,356.2467,82.9127,48.67,4.5177,2425.8,1.5277,1.6211,1.4107,-507.3438,1122.1875,0.45458
1061.3136,321.2681,364.3527,92.2215,26.84,3.9002,2426.02,1.5564,1.6497,1.7418,-505.8182,1102.2296,0.46067
1061.466,324.9038,367.4284,95.1228,3.24,3.5959,2392.8198,1.6559,1.7571,1.7623,-504.4261,1080.9104,0.48019
1061.6184,321.8276,365.2818,96.8107,2.03,3.5694,2381.6599,1.6297,1.7312,1.8506,-503.95,1079.55,0.47397
1061.7708,322.6666,357.4321,91.4682,13.88,3.8995,2373.78,1.6667,1.7706,1.8907,-503.6364,1098.6003,0.47847
1061.9232,324.3445,356.4709,89.3866,30.49,4.5286,2366.6501,1.5477,1.6443,0.9043,-503.75,1098.6003,0.48787
1062.0756,325.4634,374.381,91.8452,51.3,5.2177,2377.6802,1.4714,1.5577,0.7461,-504.1477,1055.5093,0.49227
1062.228,325.7428,383.4482,90.4682,58.85,5.5584,2407.79,1.4991,1.5744,0.6368,-504.175,1069.5712,0.46287
1062.3804,324.9038,373.2276,93.6313,52.97,5.4159,2431.9302,1.5548,1.6306,0.9668,-504.35,1103.5898,0.41978
1062.5328,330.4972,364.8333,90.5173,37.32,5.0109,2440.04,1.5987,1.6762,1.0929,-504.7727,1134.8881,0.39896
1062.6852,324.0649,360.8604,95.3193,24.42,4.5138,2441.8699,1.6663,1.7418,1.4255,-504.8188,1126.4967,0.37048
1062.8376,324.0649,357.6884,90.0914,17.55,4.1363,2443.1602,1.6567,1.7287,1.7289,-504.3864,1103.1372,0.39913
1062.99,321.548,356.535,91.4025,10.52,4.056,2424.7,1.6245,1.6953,1.6412,-504.175,1096.5599,0.41326
1063.1424,323.2259,363.9682,91.4028,1.84,4.3016,2400.9299,1.5706,1.6398,1.5216,-504.1875,1106.7653,0.42958
1063.2948,323.7852,380.3724,95.762,1.7,4.5483,2394.5999,1.5476,1.6248,1.1539,-504.0909,1103.8173,0.4337
1063.4472,323.5056,382.7112,92.3367,3.57,4.4341,2410.6399,1.6076,1.6913,1.1688,-503.9937,1120.146,0.4554
1063.5996,322.6666,365.7303,88.9113,5.29,4.0257,2414.0999,1.6118,1.6974,1.3485,-504.1932,1115.3839,0.45508
1063.752,323.5056,359.0021,86.8954,1.29,3.7851,2404.8701,1.5728,1.6569,1.709,-504.0187,1106.0851,0.4953
1063.9044,325.4634,367.7809,88.1901,0.67,3.8835,2401.1499,1.5379,1.6184,1.4401,-503.7329,1115.8376,0.50589
1064.0568,325.4634,375.1179,91.0743,10.23,4.0853,2420.76,1.5458,1.6226,1.3762,-503.9063,1110.8483,0.50002
1064.2092,318.1919,373.8363,94.893,16.58,4.045,2440.24,1.5675,1.6446,1.3321,-504.4688,1091.3431,0.48852
1064.3616,317.9122,368.0692,96.483,15.81,3.7904,2434.6899,1.6091,1.691,1.623,-504.8636,1094.7449,0.45064
1064.514,319.5901,366.1789,96.4831,7.55,3.5658,2418.02,1.6518,1.7363,1.6463,-503.8062,1095.426,0.44598
1064.6664,320.9887,366.6595,92.5497,3.13,3.5386,2402.6301,1.6539,1.736,1.7119,-503.1704,1120.8271,0.42538
1064.8188,320.9887,364.1284,93.6311,4.41,3.7144,2398.5601,1.654,1.7356,1.6975,-503.1938,1130.8062,0.43654
1064.9712,321.548,364.5449,88.403,5.69,3.9351,2393.5,1.5682,1.6323,1.4571,-503.4716,1095.8788,0.436
1065.1236,324.3445,372.8752,90.3696,8.86,4.0981,2398.21,1.5158,1.5746,1.4253,-503.5625,1091.3431,0.4167
1065.276,324.3445,376.1432,90.3698,11.36,4.076,2413.0801,1.5446,1.6033,1.4203,-503.4829,1109.7133,0.41922
1065.4284,324.9038,367.7168,93.795,12.5,3.9469,2427.46,1.5727,1.6274,1.7222,-503.4188,1112.6624,0.42803
1065.5808,323.5056,361.2448,92.3035,8.63,3.7655,2421.99,1.6564,1.7104,1.7266,-503.4091,1111.5284,0.43491
1065.7332,321.8276,364.7371,95.3681,5.82,3.6992,2407.6199,1.6132,1.657,1.7265,-503.4312,1095.8788,0.44554
1065.8856,322.387,370.7605,93.8937,3.67,3.7271,2391.48,1.5797,1.6192,1.5295,-503.4625,1092.4771,0.46202
1066.038,323.7852,375.8868,98.5812,2.96,3.8008,2384.8101,1.5655,1.6011,1.495,-503.4937,1117.198,0.46183
1066.1904,321.2681,376.784,92.0254,0.73,3.8038,2379.2,1.6139,1.651,1.5054,-503.5511,1102.6833,0.42865
1066.3428,319.5901,372.4266,90.075,0.11,3.6698,2383.8601,1.5815,1.6204,1.7177,-503.525,1097.6938,0.41024
1066.4952,318.4716,369.479,87.9118,0.24,3.4754,2392.8298,1.6011,1.6448,1.8036,-503.3693,1106.5389,0.40975
1066.6476,319.5901,368.7421,98.5648,-0.66,3.3155,2397.6199,1.5768,1.6199,1.8224,-503.0688,1092.2506,0.41557
1066.8,320.7088,368.0692,104.6943,-2.76,3.2348,2397.6699,1.5704,1.6143,1.845,-502.9773,1119.2395,0.43309
1066.9524,320.1495,369.0304,103.0714,-4.16,3.2027,2398.6299,1.5653,1.5991,1.8768,-502.9188,1118.1055,0.42048
1067.1048,322.387,365.0255,97.4991,-2.42,3.1242,2413.48,1.6909,1.7309,1.9676,-502.775,1112.8887,0.42648
1067.2572,325.1835,354.2923,98.0397,-1.06,3.1226,2421.1499,1.8388,1.8992,2.0558,-502.6136,1132.6202,0.40794
1067.4096,324.9038,346.2824,94.254,-1.46,3.1424,2417.1602,1.9542,2.0221,2.1079,-502.7375,1114.4764,0.39935
1067.562,324.9038,341.4444,89.1735,-2.01,3.2475,2404.6299,2.092,2.1701,2.1999,-502.9432,1119.0122,0.38116
1067.7144,325.4634,338.0803,86.2889,2.26,3.3616,2421.45,2.1684,2.262,2.6366,-502.85,1124.9091,0.39352
1067.8668,322.9463,336.0938,85.9281,30.68,3.5927,2479.6399,2.2389,2.3435,4.1018,-502.7614,1116.7443,0.39288
1068.0192,319.5901,336.6385,83.9614,54.85,3.7979,2531.0,2.225,2.3414,4.7283,-502.65,1093.611,0.41389
1068.1716,320.4294,325.9053,76.9308,72.92,3.8581,2557.1599,2.4193,2.5545,3.6306,-502.4091,1097.2401,0.38025
1068.324,322.1073,283.6132,75.849,63.07,3.7305,2540.5801,3.2939,3.54,2.6022,-502.2046,1106.3115,0.32444
1068.4764,322.1073,291.1105,81.4214,40.84,3.5308,2502.0601,2.6525,2.8218,2.4456,-502.425,1114.25,0.30216
1068.6288,322.387,338.0803,87.0098,18.95,3.3781,2459.3699,2.1067,2.2161,2.3931,-502.4091,1125.8167,0.31355
1068.7812,322.387,346.8591,93.9753,2.3,3.2517,2427.5801,2.1284,2.2314,2.362,-502.3813,1124.4553,0.34726
1068.9336,323.2259,345.8018,92.8281,4.99,3.1876,2433.1602,2.2175,2.3207,2.3756,-502.1421,1114.4764,0.37396
1069.086,321.548,343.2386,97.3352,7.52,3.1581,2436.4099,2.306,2.4021,2.4426,-502.0375,1116.7443,0.34864
1069.2384,321.2681,340.0988,92.8937,8.26,3.2329,2431.5701,2.2982,2.3792,2.4659,-502.2329,1151.2178,0.34556
1069.3908,324.0649,339.5541,93.0576,8.81,3.3365,2430.6199,2.3196,2.3872,2.432,-502.3,1162.557,0.33709
1069.5432,322.387,341.6687,86.9282,8.15,3.41,2432.03,2.3265,2.3892,2.4349,-502.125,1124.9091,0.38324
1069.6956,320.1495,340.8036,88.7471,8.16,3.4145,2435.8201,2.2324,2.285,2.5438,-501.8977,1115.6104,0.39082
1069.848,319.5901,340.1629,89.9764,4.46,3.3765,2427.29,2.1426,2.1966,2.6975,-501.4318,1143.9606,0.38451
1070.0004,320.9887,342.5017,92.6805,3.2,3.3619,2421.51,2.1011,2.1569,2.6328,-501.3937,1140.105,0.38151
1070.1528,321.2681,346.9232,89.7797,1.99,3.3218,2417.0598,2.1035,2.1543,2.5076,-501.4829,1140.3313,0.36463
1070.3052,321.8276,351.0563,88.2226,1.71,3.2494,2417.9202,2.2291,2.2774,2.4027,-501.4489,1124.4553,0.39109
1070.4576,321.2681,349.5504,89.0417,1.88,3.1637,2426.4099,2.2035,2.2418,2.3824,-501.4312,1121.0536,0.39059
1070.61,321.2681,346.8271,91.2056,3.18,3.1127,2429.01,2.245,2.2782,2.333,-501.4773,1143.5067,0.4242
1070.7624,320.9887,347.2115,95.7943,2.55,3.1397,2420.21,2.3146,2.3467,2.3482,-501.4063,1140.105,0.39297
1070.9148,322.1073,348.429,97.1058,1.97,3.169,2408.46,2.3263,2.3618,2.3614,-501.3125,1153.9395,0.39738
1071.0672,320.9887,347.8844,98.1874,0.86,3.1672,2408.2,2.326,2.3684,2.3877,-501.5438,1135.1145,0.38476
1071.2196,320.7088,347.596,90.8123,-0.24,3.1438,2408.1299,2.167,2.2096,2.3597,-501.7898,1122.6412,0.3818
1071.372,320.7088,348.1407,88.5016,-0.46,3.1127,2408.3401,2.1449,2.1801,2.3546,-501.7563,1112.8887,0.40152
1071.5244,320.4294,348.4611,90.2881,1.34,3.12,2409.97,2.1959,2.2355,2.338,-501.45,1113.7963,0.42779
1071.6768,320.7088,348.6854,92.4679,3.64,3.1223,2413.75,2.1857,2.2272,2.3394,-501.1648,1112.2086,0.41116
1071.8292,319.8698,349.6465,88.0592,2.71,3.1692,2406.3398,2.1137,2.1437,2.3177,-501.1063,1109.0331,0.41654
1071.9816,319.5901,351.5048,90.0584,1.1,3.2053,2400.78,2.0796,2.1019,2.3136,-501.0682,1092.7045,0.38084
1072.134,319.8698,351.9214,92.0416,2.0,3.249,2406.8699,2.0902,2.1115,2.3032,-501.3062,1119.6934,0.39008
1072.2864,320.9887,351.0563,99.9081,5.18,3.2697,2421.46,2.0821,2.0971,2.3329,-501.4318,1135.3418,0.37834
1072.4388,321.548,350.4796,100.0884,6.03,3.2927,2426.21,2.0644,2.086,2.3088,-501.5313,1125.5892,0.36948
1072.5912,320.9887,349.9029,98.5481,4.78,3.2933,2424.9102,1.9353,1.9602,2.2871,-501.6125,1115.8376,0.37017
1072.7436,321.2681,350.8,95.8112,3.43,3.2912,2422.23,1.9122,1.9381,2.2239,-501.6364,1121.0536,0.40304
1072.896,322.1073,351.4087,91.3043,3.86,3.3151,2426.3,1.9055,1.9328,2.1903,-501.7,1125.5892,0.399
1073.0484,321.2681,343.1746,90.9762,5.61,3.384,2433.5,1.9016,1.9324,2.3247,-501.7046,1132.1665,0.36761
1073.2008,320.7088,317.4469,88.0918,10.98,3.4682,2447.8701,2.114,2.1564,2.7479,-501.7375,1129.2184,0.36506
1073.3532,320.1495,297.0378,86.4691,17.49,3.4978,2467.2598,2.9939,3.1122,3.0265,-501.6193,1140.785,0.31191
1073.5056,320.7088,302.7408,87.7803,18.43,3.4518,2473.78,2.8179,2.9557,3.1579,-501.4188,1147.5886,0.30555
1073.658,322.1073,302.5486,84.5352,20.89,3.3805,2483.1899,2.755,2.8909,3.2391,-501.4602,1114.25,0.28604
1073.8104,320.1495,293.2892,84.5353,16.65,3.2992,2473.8,2.717,2.8537,3.5507,-501.4937,1125.3629,0.2821
1073.9628,319.8698,296.429,81.5853,13.71,3.2233,2459.8801,2.7053,2.8425,3.2392,-501.3813,1158.7015,0.28702
1074.1152,320.4294,303.3495,86.8135,4.36,3.1618,2429.74,2.6642,2.799,2.8869,-501.4204,1132.6202,0.30817
1074.2676,320.4294,309.1487,87.9767,0.46,3.1157,2412.4602,2.6097,2.7447,2.7153,-501.65,1130.3524,0.3385
1074.42,323.2259,315.0439,89.8618,-0.59,3.1148,2404.8401,2.6012,2.7334,2.6653,-501.7443,1136.022,0.34031
1074.5724,321.8276,321.0353,88.2393,-0.04,3.1279,2405.0701,2.5833,2.7071,2.612,-501.5938,1154.8459,0.3233
1074.7248,320.9887,326.1937,85.9452,-0.4,3.1816,2401.45,2.6156,2.7318,2.6752,-501.4034,1143.2793,0.32864
1074.8772,321.548,327.8918,85.2237,0.54,3.2324,2405.7,2.885,3.0114,2.8695,-501.3312,1112.2086,0.32861
1075.0296,320.9887,330.1025,85.0762,6.96,3.285,2423.74,2.7478,2.8544,2.9608,-501.2687,1100.8683,0.33697
1075.182,320.9887,329.9743,89.4521,7.98,3.3087,2429.3301,2.7024,2.7996,2.86,-501.2841,1138.97,0.34051
1075.3344,321.8276,322.0606,92.1565,14.35,3.3536,2444.7998,2.7489,2.8374,2.7949,-501.0375,1135.3418,0.35093
1075.4868,319.8698,316.5178,93.959,11.92,3.3547,2444.7998,2.6272,2.7006,2.8295,-500.8687,1118.5583,0.34697
1075.6392,320.4294,322.8295,88.3702,13.4,3.3399,2457.9402,2.5646,2.6265,2.755,-500.8807,1123.7751,0.36423
1075.7916,320.9887,336.6065,83.8632,8.19,3.2931,2449.5398,2.5298,2.5905,2.7018,-500.925,1114.4764,0.33136
1075.944,319.8698,341.1241,85.3384,5.35,3.2789,2437.24,2.5733,2.6314,2.7652,-500.8182,1132.6202,0.33777
1076.0964,319.0309,337.4716,93.6314,3.52,3.2863,2418.6299,2.6263,2.6831,2.7812,-500.8563,1142.8256,0.33886
1076.2488,319.3105,340.0347,95.9752,2.23,3.2814,2406.99,2.6293,2.6879,2.7659,-500.85,1128.5382,0.35496
1076.4012,322.1073,349.5504,95.3194,0.56,3.3432,2399.3899,2.4967,2.5337,2.6253,-500.875,1138.97,0.35139
1076.5536,321.2681,349.7747,89.731,-0.9,3.521,2402.9399,2.7387,2.7807,2.6069,-500.8687,1147.8151,0.36682
1076.706,319.8698,318.2799,90.2716,1.32,3.7965,2420.0698,2.5371,2.5754,3.1402,-500.8182,1139.8776,0.36106
1076.8584,319.0309,297.8067,90.5997,7.4,3.982,2439.25,2.539,2.5784,3.1295,-500.6437,1140.785,0.3419
1077.0108,320.7088,331.1598,95.2867,10.51,3.9411,2440.9001,2.5515,2.5963,3.003,-500.6307,1136.9294,0.31969
1077.1632,320.9887,355.4136,98.712,7.16,3.7442,2420.3301,2.5604,2.6102,2.5749,-500.7313,1122.6412,0.33186
1077.3156,320.9887,349.8067,96.8109,1.66,3.5151,2401.8801,2.5074,2.5547,2.6251,-500.8409,1150.764,0.3399
1077.468,320.1495,345.8018,90.9599,-0.03,3.3663,2397.0798,2.4672,2.514,2.6327,-501.0313,1166.64,0.35852
1077.6204,319.8698,340.8036,86.994,1.0,3.2818,2400.25,2.4997,2.5564,2.6562,-501.1932,1168.0002,0.32948
1077.7728,320.1495,336.3181,86.2729,1.0,3.2619,2398.8198,2.5054,2.5666,2.6267,-501.3579,1132.6202,0.34892
1077.9252,320.7088,333.5307,89.4195,0.85,3.2479,2403.5398,2.4886,2.5508,2.6995,-501.4562,1119.6934,0.33397
1078.0776,321.2681,331.9287,90.3373,0.76,3.2229,2414.0898,2.5082,2.5744,2.7332,-501.5,1142.5991,0.35097
1078.23,319.5901,330.4549,92.8612,0.59,3.2068,2420.3999,2.5383,2.6116,2.8599,-501.5682,1160.2892,0.3385
1078.3824,319.3105,327.0587,92.0087,1.73,3.2052,2423.8501,2.6161,2.6988,2.931,-501.75,1130.8062,0.34782
1078.5348,319.5901,324.6878,90.0094,5.83,3.256,2425.5801,2.6963,2.8005,3.0347,-501.7954,1126.9506,0.36125
1078.6872,319.8698,325.9053,87.1576,12.35,3.2756,2442.1501,2.6162,2.7344,2.9949,-501.4813,1117.8782,0.3653
1078.8396,319.3105,327.2189,88.3049,16.53,3.2847,2451.6899,2.6049,2.7354,2.868,-501.2727,1130.3524,0.35563
1078.992,320.4294,326.1937,88.1246,12.77,3.2157,2447.5,2.6748,2.8129,2.8283,-501.2727,1137.3833,0.33877
1079.1444,320.4294,325.0082,91.2386,6.43,3.1556,2436.1001,2.7215,2.8694,2.8486,-501.3375,1127.6307,0.3529
1079.2968,319.8698,322.7975,88.4197,0.73,3.1495,2427.8301,2.804,2.9541,2.9881,-501.4375,1140.3313,0.35576
1079.4492,319.8698,319.6897,90.2717,0.24,3.1854,2434.3401,2.9969,3.1602,3.2555,-501.65,1144.1869,0.36047
1079.6016,319.3105,318.1838,88.7472,1.35,3.2231,2441.51,3.13,3.3044,3.5062,-501.7443,1146.2284,0.32815
1079.754,320.1495,312.7371,92.3858,1.65,3.2792,2438.77,2.9971,3.1452,3.5106,-501.8813,1143.5067,0.30839
1079.9064,320.9887,328.5646,89.2717,1.64,3.3103,2434.47,2.629,2.7532,3.1334,-501.9375,1102.2296,0.30628
1080.0588,322.1073,350.9281,91.9436,1.18,3.3187,2432.79,2.085,2.1602,2.651,-501.8579,1130.8062,0.34169
1080.2112,320.9887,354.5486,88.1246,3.15,3.3063,2447.4299,1.8936,1.9447,2.3558,-501.675,1158.4751,0.37186
1080.3636,322.1073,358.5535,91.2388,3.68,3.3361,2454.1499,1.8338,1.8741,2.2071,-501.6193,1139.4238,0.38655
1080.516,321.8276,360.6361,96.1389,3.93,3.4345,2450.2202,1.7923,1.8258,2.1796,-501.6812,1133.074,0.39032
1080.6684,320.7088,364.3847,101.7606,2.14,3.5526,2431.4402,1.7896,1.812,2.2051,-501.7329,1144.1869,0.39709
1080.8208,320.9887,365.8265,107.1688,3.04,3.6292,2423.6399,1.8589,1.8783,2.0785,-501.7443,1150.764,0.40947
1080.9732,320.9887,361.9817,104.4647,4.2,3.6216,2424.23,1.8903,1.9022,2.0352,-501.6688,1147.8151,0.39705
1081.1256,320.9887,359.0021,106.5953,6.01,3.5237,2436.9399,1.8702,1.8829,2.0048,-501.5171,1124.9091,0.42042
1081.278,320.9887,358.9059,102.2195,4.86,3.425,2440.5798,1.8306,1.8477,2.0862,-501.65,1123.0951,0.44574
1081.4304,319.3105,361.0846,99.2039,2.49,3.3718,2437.45,1.8104,1.8389,2.1101,-501.7875,1170.4956,0.42679
1081.5828,318.1919,362.5264,94.3366,1.44,3.3652,2432.97,1.7896,1.8302,2.0762,-501.7671,1171.4021,0.4193
1081.7352,320.1495,363.7759,98.7122,0.71,3.3894,2425.5701,1.7646,1.8119,2.1271,-501.525,1102.4561,0.4263
1081.8876,320.4294,364.1284,101.1869,-0.01,3.4025,2421.4202,1.8186,1.8808,2.1857,-501.4813,1031.4695,0.40929
1082.04,322.1073,362.7507,105.333,-1.66,3.3987,2420.3999,1.7924,1.8536,2.2344,-501.6307,995.8619,0.40213
1082.1924,321.8276,360.7963,104.35,-3.26,3.3816,2421.8298,1.7666,1.8276,2.2313,-501.4063,1208.8236,0.40009
1082.3448,322.1073,360.1234,102.9081,-2.45,3.3558,2428.72,1.8053,1.8773,2.2222,-501.1688,1375.9724,0.40673
1082.4972,320.7088,360.6361,100.5644,-1.55,3.3203,2430.8601,1.8026,1.8785,2.2399,-500.9602,1364.1794,0.40832
1082.6496,320.9887,360.5079,98.1059,-0.6,3.3019,2429.1501,1.8333,1.9179,2.2761,-500.9813,1326.3041,0.40032
1082.802,319.8698,360.1875,99.5479,-0.09,3.3041,2423.6099,1.8524,1.9435,2.256,-501.0909,1257.1316,0.42158
1082.9544,320.7088,359.0982,96.3029,0.61,3.3278,2418.7,1.837,1.9381,2.126,-500.925,1192.4949,0.43681
1083.1068,320.9887,359.0341,96.1389,2.26,3.3404,2421.5801,1.8147,1.9179,2.0847,-500.8125,1200.205,0.43196
1083.2592,320.1495,361.1808,96.86,2.75,3.3414,2424.74,1.8114,1.9153,2.105,-500.7062,1160.2892,0.43901
1083.4116,320.9887,362.2701,100.6459,3.14,3.3398,2430.0898,1.8032,1.9119,2.1103,-500.6875,1119.9197,0.4101
1083.564,320.9887,362.8148,98.4336,2.57,3.3254,2432.5801,1.8125,1.9208,2.0917,-500.6437,1114.4764,0.43248
1083.7164,319.8698,362.3342,97.6959,0.91,3.3158,2428.5901,1.7792,1.8819,2.1071,-500.5966,1163.9183,0.42878
1083.8688,319.8698,361.7895,95.8928,-0.91,3.3156,2422.4199,1.7783,1.8767,2.1468,-500.6313,1199.2985,0.44611
1084.0212,319.8698,361.5011,104.907,-2.5,3.3335,2416.29,1.7833,1.8794,2.1706,-500.725,1173.8972,0.43894
1084.1736,320.1495,360.2836,105.7267,-3.42,3.3612,2414.6499,1.7994,1.892,2.1797,-500.6648,1181.8348,0.45386
1084.326,319.8698,358.8739,113.1181,-3.48,3.4009,2416.1501,1.8499,1.9455,2.1892,-500.6125,1165.7324,0.43265
1084.4784,319.8698,358.5535,105.1859,-3.41,3.4511,2417.8301,1.8033,1.8982,2.176,-500.6875,1131.7126,0.43403
1084.6308,319.3105,360.4438,103.7107,-1.98,3.4588,2425.1799,1.7454,1.8321,2.137,-500.7954,1154.8459,0.43987
1084.7832,320.1495,361.7895,96.8606,-1.5,3.3934,2430.2102,1.739,1.8169,2.1153,-500.9562,1204.0605,0.45844
1084.9356,320.4294,360.8283,102.6288,0.18,3.3205,2437.49,1.7477,1.8184,2.0984,-500.8579,1153.0319,0.44384
1085.088,320.4294,359.0982,103.1207,1.12,3.3164,2436.99,1.8568,1.9357,2.0172,-500.7375,1083.4056,0.4161
1085.2404,320.9887,362.5584,107.6275,2.33,3.3429,2438.4402,1.9992,2.1051,1.9678,-500.9261,1051.8811,0.44092
1085.3928,317.3529,360.2516,102.9406,2.49,3.3437,2439.0601,1.9063,2.0057,1.9499,-501.0125,1164.8248,0.43606
1085.5452,320.1495,353.7155,101.6291,2.43,3.3039,2442.1001,1.8216,1.9109,2.0293,-500.9438,1273.234,0.42552
1085.6976,321.2681,355.9583,96.4012,2.14,3.302,2441.24,1.8289,1.918,2.0217,-500.6761,1223.792,0.39846
1085.85,322.1073,358.7778,100.187,1.97,3.3661,2437.0798,1.7668,1.8485,1.9388,-500.7375,1161.1967,0.40955
1086.0024,322.1073,358.7458,97.0732,2.32,3.425,2438.1101,1.7511,1.8267,1.9413,-500.9546,1135.3418,0.42319
1086.1548,322.1073,356.2787,100.1378,1.63,3.4531,2446.8201,1.8455,1.9318,2.0048,-501.0625,1114.9302,0.4079
1086.3072,320.9887,356.8554,99.2366,2.66,3.4195,2455.73,1.8317,1.916,2.1565,-500.9937,1141.4652,0.40666
1086.4596,320.9887,360.2196,100.22,2.3,3.3951,2453.3301,1.8109,1.8907,2.0749,-500.6932,1160.743,0.40863
1086.612,320.4294,360.3798,97.6962,2.22,3.3854,2440.3101,1.7923,1.8697,2.05,-500.7938,1146.2284,0.39625
1086.7644,319.0309,359.8351,94.0901,0.81,3.3473,2431.8899,1.7597,1.8348,2.0239,-501.0454,1153.0319,0.40307
1086.9168,321.548,360.2196,97.2041,2.26,3.3144,2435.1699,1.7711,1.8433,2.0748,-500.9063,1155.5261,0.43672
1087.0692,323.2259,361.6613,97.7447,5.51,3.2867,2446.4099,1.7662,1.8408,2.0677,-500.5341,1147.8151,0.4551
1087.2216,322.387,364.2886,100.4497,6.06,3.3229,2446.6702,1.6789,1.7486,2.0689,-500.325,1146.681,0.43448
1087.374,322.9463,364.2245,99.9579,4.71,3.3674,2442.5901,1.7283,1.8026,2.0819,-500.3807,1142.5991,0.43278
1087.5264,321.548,364.5128,96.3522,1.54,3.4592,2429.0901,1.7307,1.8035,2.0618,-500.8188,1163.0109,0.39952
1087.6788,321.548,366.3391,98.8432,1.55,3.531,2427.45,1.7397,1.8142,2.032,-501.5114,1161.1967,0.39843
1087.8312,324.3445,365.8265,96.4177,1.72,3.5777,2423.8201,1.7468,1.8172,1.9772,-500.4875,1133.9805,0.39921
1087.9836,322.387,362.3021,102.7277,4.3,3.5901,2425.4702,1.8018,1.872,1.9736,-499.4659,1155.2998,0.46011
1088.136,321.2681,360.0914,102.7276,4.38,3.7181,2419.4199,1.8291,1.9014,1.9946,-499.25,1176.3915,0.44744
1088.2884,322.1073,365.6342,106.6935,7.13,3.9603,2418.9502,1.839,1.9155,1.7471,-499.2687,1158.9288,0.44139
1088.4408,321.548,368.3576,108.8898,11.57,4.1401,2427.0898,1.8735,1.9647,1.6574,-499.6477,1148.4962,0.41659
1088.5932,321.2681,364.9614,105.9398,15.39,4.0289,2439.3201,1.7764,1.8621,1.6579,-500.1875,1162.557,0.43592
1088.7456,320.4294,362.8468,103.7766,12.56,3.6695,2440.78,1.6921,1.7785,1.9203,-500.1648,1159.3817,0.4268
1088.898,320.9887,359.5147,97.8767,5.26,3.3576,2425.6899,1.7026,1.7891,2.0102,-499.4261,1165.7324,0.41322
1089.0504,321.2681,358.4894,102.1212,-0.12,3.2274,2411.1799,1.7525,1.8442,2.019,-499.2938,1171.1758,0.386
1089.2028,321.548,360.572,105.0385,-0.67,3.2159,2409.25,1.7089,1.7909,1.9955,-499.5966,1184.1027,0.37225
1089.3552,322.9463,360.4759,106.7591,-0.32,3.2572,2411.8801,1.7253,1.8078,2.0401,-499.7375,1169.3616,0.35747
1089.5076,322.387,361.1167,105.1366,0.44,3.4202,2412.3298,1.7213,1.7964,2.0356,-499.875,1127.4034,0.36934
1089.66,321.8276,362.7186,102.2195,1.36,3.7211,2408.26,1.7057,1.7728,2.0398,-499.975,1135.3418,0.40233
1089.8124,320.9887,361.5652,102.4655,12.1,4.0493,2422.8999,1.7277,1.7976,1.8866,-499.8125,1156.66,0.39723
1089.9648,320.9887,366.4993,104.9896,24.14,4.2036,2443.8501,1.7079,1.779,1.7788,-499.6812,1158.4751,0.40464
1090.1172,320.9887,366.5313,109.2179,28.89,4.1103,2459.3,1.7618,1.8388,1.7225,-499.7386,1129.8986,0.37963
1090.2696,322.1073,360.7322,104.8254,18.6,3.7962,2447.6799,1.7516,1.8206,1.9303,-499.875,1119.4658,0.40732
1090.422,322.1073,362.0779,99.7773,9.03,3.5271,2438.75,1.7356,1.8005,1.9508,-499.8523,1133.7542,0.42469
1090.5744,323.2259,362.2701,101.0886,3.84,3.3734,2432.1699,1.707,1.7683,1.965,-499.3875,1182.7423,0.40713
1090.7268,322.6666,356.5991,107.9391,3.75,3.3488,2440.1602,1.7553,1.8101,1.9372,-498.8636,1211.999,0.37346
1090.8792,322.1073,355.67,106.6771,2.89,3.3214,2447.03,1.8552,1.9206,2.1214,-499.0562,1216.5348,0.38052
1091.0316,319.0309,360.2836,100.2358,3.38,3.2916,2452.8999,1.7098,1.7676,2.1211,-499.1989,1173.4436,0.41749
1091.184,319.0309,358.2011,98.9252,2.15,3.2769,2446.27,1.6912,1.7477,2.1444,-498.8875,1146.4547,0.42948
1091.3364,320.7088,335.6773,103.2521,2.9,3.2966,2445.75,1.7029,1.7585,2.1331,-498.8062,1169.8143,0.42315
1091.4888,322.387,311.3274,102.9736,5.75,3.4095,2445.1499,1.7703,1.8307,2.1292,-499.1023,1165.2787,0.37963
1091.6412,324.0649,326.3539,103.2026,9.81,3.5643,2452.5601,1.6874,1.7367,2.0522,-499.625,1154.3921,0.40072
1091.7936,324.9038,357.6244,100.138,10.27,3.6679,2454.5,1.6279,1.6724,1.8684,-499.4659,1189.092,0.41781
1091.946,322.1073,373.4839,104.3992,9.31,3.6289,2465.78,1.6623,1.7086,1.8272,-498.7437,1160.2892,0.45759
1092.0984,321.548,371.3052,101.5148,5.85,3.4652,2463.1499,1.6727,1.717,1.8542,-498.0909,1113.7963,0.4227
1092.2508,320.1495,364.2245,101.9084,3.31,3.3027,2454.71,1.6803,1.7258,1.9338,-497.95,1113.1161,0.39644
1092.4032,318.7512,361.7895,101.1708,-0.14,3.2199,2436.6401,1.682,1.7286,1.9223,-498.3563,1158.2477,0.37755
1092.5556,322.1073,360.4438,97.5649,-0.06,3.1886,2437.1499,1.6654,1.7159,1.934,-498.3466,1185.2366,0.36005
1092.708,323.7852,360.4759,98.7118,1.34,3.1994,2443.4199,1.6419,1.687,1.9549,-498.2386,1177.7528,0.40924
1092.8604,325.1835,360.9244,97.63,3.62,3.2112,2453.0999,1.7386,1.786,1.9949,-498.3375,1140.785,0.43468
1093.0128,325.4634,363.2313,106.2841,3.15,3.2934,2444.8198,1.6993,1.7446,1.9739,-498.2813,1127.6307,0.45903
1093.1652,326.582,364.9294,106.4475,1.54,3.3533,2433.29,1.7149,1.7597,1.9656,-498.1534,1129.4448,0.43367
1093.3176,325.4634,365.0575,103.7436,-0.35,3.4022,2421.04,1.6999,1.7408,1.9707,-498.2062,1132.6202,0.41996
1093.47,325.4634,364.4488,101.1864,1.92,3.4,2430.8901,1.7021,1.7494,1.9733,-498.5562,1128.0846,0.37225
1093.6224,322.387,361.9497,100.9245,3.05,3.3852,2435.4399,1.7491,1.8004,2.016,-498.6421,1137.8361,0.36625
1093.7748,322.1073,360.4759,109.3978,3.53,3.3541,2437.55,1.7236,1.779,2.0762,-498.5187,1153.0319,0.38927
1093.9272,319.8698,362.8148,109.0699,2.38,3.307,2434.28,1.6712,1.7265,2.0826,-498.2727,1159.3817,0.39243
1094.0796,320.4294,365.2498,107.2671,1.62,3.2601,2435.79,1.6667,1.7229,2.0262,-498.25,1143.0529,0.40137
1094.232,318.4716,363.4235,102.2191,1.81,3.2051,2441.23,1.7092,1.7683,1.9651,-498.3011,1153.9395,0.38243
1094.3844,315.9547,361.4691,96.8107,0.43,3.2507,2431.3701,1.6611,1.7187,1.9305,-498.4937,1186.144,0.39047
1094.5368,321.548,364.3847,94.1067,0.4,3.2979,2425.96,1.6448,1.6985,1.9879,-498.8563,1156.4336,0.40586
1094.6892,322.6666,368.2935,94.5493,0.83,3.3575,2425.1899,1.651,1.7052,1.8271,-499.1818,1146.681,0.42745
1094.8416,322.9463,368.5818,99.5973,3.03,3.3205,2439.5498,1.6366,1.6877,1.6397,-499.3375,1161.1967,0.42899
1094.994,322.6666,365.9867,102.6619,2.58,3.2977,2440.53,1.6624,1.7114,1.6021,-499.35,1153.0319,0.41103
1095.1464,322.6666,365.8585,100.3673,1.74,3.2374,2440.0,1.6648,1.7166,1.7233,-499.2671,1143.9606,0.41153
1095.2988,321.8276,368.4857,100.7282,0.42,3.1973,2431.46,1.6087,1.6587,1.8675,-499.1875,1124.9091,0.43389
1095.4512,321.548,367.9731,102.5312,0.48,3.1962,2422.8401,1.605,1.649,1.8356,-499.2216,1139.4238,0.43201
1095.6036,323.2259,364.8012,105.2844,0.76,3.2274,2412.8,1.6386,1.687,1.873,-499.3125,1158.0214,0.43074
1095.756,324.9038,363.5837,108.8895,1.02,3.2908,2404.8401,1.6651,1.7142,1.9113,-499.5063,1155.2998,0.43367
1095.9084,324.3445,365.3459,108.5289,1.42,3.3483,2404.3201,1.616,1.6629,1.8968,-499.625,1158.0214,0.44754
1096.0608,324.6242,368.7421,104.3006,1.79,3.4268,2405.1399,1.6017,1.6499,1.8462,-499.6375,1144.6406,0.46428
1096.2132,324.3445,370.1198,98.3516,1.42,3.5038,2405.1199,1.6364,1.6879,1.7944,-499.7273,1140.785,0.44083
1096.3656,323.2259,366.9158,98.1711,3.01,3.5335,2415.27,1.6329,1.6851,1.9005,-500.0313,1135.1145,0.43742
1096.518,322.6666,362.7186,99.8757,3.97,3.5624,2428.3398,1.6688,1.7234,1.9687,-500.4204,1124.0016,0.37839
1096.6704,323.7852,362.5264,103.8583,4.17,3.5173,2440.8,1.6496,1.7026,1.9659,-500.6313,1129.4448,0.38143
1096.8228,324.3445,365.4099,104.0385,2.58,3.4445,2439.5298,1.6304,1.6839,1.8757,-500.4489,1129.4448,0.38438
1096.9752,324.9038,367.7168,106.7592,2.16,3.371,2434.6699,1.5892,1.6423,1.8559,-500.2625,1138.0635,0.46996
1097.1276,326.0227,367.2362,104.7599,4.57,3.3286,2438.9099,1.5833,1.6384,1.9384,-500.4318,1132.6202,0.45068
1097.28,326.0227,364.7692,106.3823,7.27,3.3568,2441.2798,1.6093,1.6678,1.9752,-500.8,1139.6511,0.43821
1097.4324,326.0227,365.3459,105.3986,9.86,3.4004,2438.5,1.5986,1.6528,1.8749,-500.7727,1118.5583,0.41519
1097.5848,324.9038,368.5498,103.9565,8.03,3.461,2419.9299,1.5463,1.6004,1.7943,-500.625,1128.9911,0.42456
1097.7372,323.2259,369.8314,98.335,6.64,3.5118,2409.6899,1.5284,1.5756,1.7407,-500.7062,1150.9904,0.4024
1097.8896,320.4294,368.5818,98.2205,5.87,3.5598,2406.8301,1.5309,1.5774,1.7548,-501.0227,1137.8361,0.37217
1098.042,320.7088,366.9158,98.5479,8.21,3.5699,2420.77,1.56,1.6081,1.7505,-501.5,1156.66,0.37246
1098.1944,320.4294,364.8653,109.0375,9.96,3.538,2430.5601,1.6005,1.6518,1.7753,-501.675,1147.1349,0.36903
1098.3468,320.7088,364.3527,111.5615,9.92,3.4913,2433.01,1.6165,1.6712,1.7485,-501.5398,1126.7233,0.40455
1098.4992,319.5901,365.7944,114.8396,12.4,3.4848,2436.8801,1.5113,1.5597,1.6949,-501.5187,1133.074,0.46074
1098.6516,322.9463,366.9158,107.8083,11.14,3.5118,2439.5801,1.5042,1.5534,1.6012,-501.6875,1128.0846,0.48167
1098.804,323.2259,369.3828,105.399,8.33,3.6536,2442.55,1.5392,1.5914,1.5727,-501.8182,1144.4132,0.46963
1098.9564,323.2259,372.5547,104.1368,0.33,3.8847,2440.6899,1.5083,1.5597,1.7035,-501.85,1147.8151,0.43054
1099.1088,322.6666,367.6207,100.8426,-5.82,4.1527,2449.27,1.6144,1.6724,1.8455,-501.7273,1138.0635,0.41162
1099.2612,321.548,357.7846,100.7281,-10.17,4.3105,2463.6499,1.589,1.6489,1.9931,-501.8687,1128.3109,0.40848
1099.4136,321.8276,356.4389,98.8761,-9.17,4.2572,2475.78,1.5305,1.583,1.967,-502.1136,1114.9302,0.41139
1099.566,322.1073,361.8536,100.1873,-7.8,4.0484,2457.1599,1.5301,1.5834,1.9151,-502.225,1128.0846,0.40916
1099.7184,321.548,368.1974,101.9407,-3.65,3.7296,2436.27,1.5163,1.5639,1.8094,-502.1875,1161.6505,0.41133
1099.8708,321.2681,371.914,105.5953,-2.23,3.5134,2412.3799,1.4411,1.4843,1.7391,-502.2159,1166.64,0.43133
1100.0232,322.1073,372.0101,106.7426,1.11,3.3918,2413.8101,1.4884,1.5345,1.7033,-502.0313,1145.3207,0.43978
1100.1756,322.1073,371.6256,108.4147,1.9,3.3766,2414.97,1.4705,1.5134,1.6737,-501.5568,1135.7957,0.42521
1100.328,321.8276,372.1703,103.1208,1.67,3.3854,2414.8,1.4606,1.5026,1.6929,-501.2898,1106.7653,0.40588
1100.4804,320.7088,370.6644,101.1542,1.54,3.3995,2416.47,1.4641,1.5042,1.7433,-501.3563,1132.6202,0.38508
1100.6328,321.2681,367.4605,91.9594,0.25,3.3794,2424.22,1.4666,1.5067,1.8214,-501.8312,1149.4027,0.38517
1100.7852,320.9887,365.474,92.1237,-1.1,3.3438,2434.46,1.5154,1.5569,1.822,-502.4886,1129.8986,0.39331
1100.9376,320.9887,366.275,94.5656,-2.15,3.3177,2439.3101,1.4525,1.4915,1.8,-502.6938,1126.4967,0.40079
1101.09,322.387,368.3255,100.1214,-0.23,3.3014,2432.49,1.4476,1.4846,1.7568,-500.8523,1140.785,0.41734
1101.2424,323.2259,369.6392,105.6117,1.18,3.2898,2419.3201,1.4506,1.4884,1.7553,-499.225,1148.2688,0.41746
1101.3948,323.7852,370.312,103.3336,2.42,3.2445,2412.49,1.426,1.4641,1.7049,-498.8579,1150.3103,0.44575
1101.5472,322.9463,372.4586,103.0059,1.24,3.254,2406.5901,1.3771,1.4124,1.7029,-498.5875,1145.0944,0.40578
1101.6996,323.2259,375.7267,101.0228,3.37,3.285,2413.97,1.3579,1.3932,1.7018,-498.4091,1135.1145,0.41529
1101.852,320.7088,374.0606,104.3008,4.71,3.3519,2414.46,1.3926,1.4283,1.7158,-498.6023,1159.3817,0.40392
1102.0044,321.548,369.6071,105.7759,6.0,3.3721,2415.21,1.3986,1.4318,1.6632,-498.5562,1154.3921,0.40768
1102.1568,320.4294,368.3576,105.0547,4.61,3.3805,2405.95,1.3917,1.4236,1.6273,-498.1063,1156.66,0.39962
1102.3092,320.4294,369.6392,97.5648,2.4,3.3893,2398.52,1.3955,1.4294,1.5752,-497.9829,1134.4343,0.4086
1102.4616,319.8698,370.2479,96.2537,0.92,3.3426,2400.6702,1.3665,1.3961,1.5757,-498.1812,1133.7542,0.42706
1102.614,320.4294,369.9596,93.1889,-0.6,3.2887,2399.72,1.3877,1.4186,1.5833,-498.3523,1154.3921,0.44359
1102.7664,321.548,371.2732,101.1705,-0.91,3.2076,2400.3201,1.2664,1.2942,1.6028,-497.8875,1161.6505,0.47317
1102.9188,320.9887,376.3674,102.0884,-1.97,3.2201,2391.3201,1.2506,1.277,1.5698,-497.3,1114.0226,0.43043
1103.0712,322.1073,378.4821,105.3337,-1.82,3.2583,2388.53,1.3065,1.3318,1.547,-497.1932,1124.9091,0.39376
1103.2236,322.6666,374.5412,105.4975,-1.25,3.3014,2388.6299,1.3085,1.3314,1.5656,-497.25,1155.7534,0.35923
1103.376,321.2681,372.747,105.1368,-0.56,3.3001,2390.1101,1.2874,1.3093,1.5913,-497.4829,1175.7114,0.41182
1103.5284,320.9887,375.214,106.0379,1.08,3.2438,2398.9102,1.2801,1.3012,1.5868,-497.6875,1164.8248,0.44539
1103.6808,320.4294,375.4063,100.9574,2.91,3.2068,2405.27,1.2725,1.2946,1.5815,-497.4813,1126.7233,0.46568
1103.8332,320.4294,373.4839,101.4983,3.78,3.1826,2408.1599,1.3284,1.3489,1.5582,-496.2102,1125.3629,0.44954
1103.9856,319.3105,374.4451,101.7281,3.44,3.1881,2404.0698,1.2098,1.234,1.5267,-495.325,1145.7745,0.43662
1104.138,320.1495,375.5665,105.6942,1.88,3.1852,2396.0801,1.1608,1.184,1.5117,-495.1437,1143.0529,0.43895
1104.2904,321.2681,376.8801,102.9902,3.13,3.1893,2398.5901,1.1607,1.1825,1.4995,-495.3807,1137.8361,0.44661
1104.4428,320.7088,378.7063,98.7944,4.57,3.1678,2404.9202,1.1611,1.1834,1.4731,-495.5688,1129.8986,0.42792
1104.5952,320.1495,379.283,98.5974,4.76,3.1705,2407.2102,1.1099,1.1278,1.4305,-495.5796,1151.2178,0.43212
1104.7476,321.548,379.9879,100.9409,1.12,3.2717,2393.6401,1.0766,1.0941,1.3816,-495.6313,1163.0109,0.43183
1104.9,320.4294,379.7957,105.7921,-2.96,3.405,2373.5601,1.0802,1.0965,1.3519,-495.5114,1129.8986,0.46878
1105.0524,320.9887,375.7587,105.0874,-1.77,3.4964,2374.8,1.1258,1.1441,1.3957,-495.45,1145.3207,0.43386
1105.2048,319.5901,374.6373,105.0872,0.76,3.4451,2381.99,1.0746,1.0906,1.3792,-495.2062,1159.8354,0.39454
1105.3572,320.9887,377.8092,105.9069,1.75,3.3781,2383.6401,1.0754,1.0937,1.387,-495.0,1145.5472,0.37401
1105.5096,320.9887,378.3218,105.3663,-1.21,3.362,2369.1299,1.0752,1.0969,1.3137,-494.925,1138.0635,0.40793
1105.662,322.6666,380.084,102.4819,-3.2,3.3755,2362.1099,1.0543,1.0769,1.3309,-495.0341,1128.0846,0.44394
1105.8144,322.1073,383.0316,101.1706,-1.52,3.3525,2370.95,1.0268,1.0545,1.2964,-495.0812,1148.7225,0.44346
1105.9668,321.548,383.8647,101.3505,-0.13,3.2877,2374.98,1.0501,1.0856,1.2665,-494.6625,1175.2576,0.41146
1106.1192,321.8276,383.7045,100.99,0.97,3.2155,2369.3599,1.0198,1.0604,1.2085,-494.4489,1150.764,0.44921
1106.2716,321.548,384.8259,100.3343,1.28,3.1576,2359.6599,0.9879,1.0315,1.1787,-494.7046,1128.0846,0.40804
1106.424,321.548,388.19,105.743,0.98,3.1167,2351.0698,0.9634,1.009,1.1346,-494.775,1126.4967,0.39427
1106.5764,319.8698,390.8813,106.8248,-0.16,3.0626,2348.0798,0.936,0.9837,1.0972,-494.4438,1145.0944,0.33535
1106.7288,320.7088,391.8745,107.4804,-1.64,3.0024,2345.8701,0.9162,0.9653,1.0517,-494.3466,1164.8248,0.36855
1106.8812,322.387,392.6755,104.7761,-1.83,2.9431,2346.1101,0.9061,0.9575,1.0228,-494.6193,1138.2898,0.40068
1107.0336,320.9887,393.1882,104.8909,-1.07,2.9608,2343.1001,0.8872,0.9464,1.0018,-494.6812,1130.8062,0.41664
1107.186,321.548,393.3804,105.2187,0.76,2.9987,2342.28,0.8712,0.9346,1.0177,-493.9261,1148.95,0.41944
1107.3384,320.9887,394.9183,99.0892,1.71,3.0535,2335.7698,0.8467,0.9137,1.0084,-493.375,1174.8038,0.4039
1107.4908,321.548,397.7057,99.4171,2.14,3.0597,2325.9001,0.8156,0.8847,0.9531,-493.3182,1157.1138,0.4306
1107.6432,320.4294,400.1407,94.7297,1.32,3.0404,2312.0698,0.7714,0.8371,0.8887,-493.3579,1126.7233,0.40939
1107.7956,320.9887,401.8708,99.7121,0.75,3.0092,2300.54,0.7411,0.8087,0.8524,-493.3693,1095.8788,0.42453
1107.948,319.3105,403.4088,101.613,0.95,2.9876,2293.6299,0.7112,0.7782,0.8409,-493.3188,1138.5172,0.42756
1108.1004,318.7512,403.9214,103.0224,3.28,2.9986,2293.2998,0.7076,0.7741,0.838,-493.2159,1172.0833,0.42456
1108.2528,319.3105,405.1068,102.3669,6.03,3.003,2297.73,0.6883,0.7508,0.843,-493.1375,1157.1138,0.42544
1108.4052,319.8698,407.2535,100.3837,9.08,2.9935,2308.3401,0.6902,0.7505,0.8254,-493.0966,1084.0858,0.44498
1108.5576,319.3105,407.7661,104.973,8.33,2.9744,2309.47,0.7037,0.7639,0.7969,-493.0739,1028.0667,0.45363
1108.71,319.3105,407.7982,104.4812,5.56,2.927,2306.1699,0.6856,0.7434,0.7825,-492.825,1158.0214,0.47265
1108.8624,318.1919,407.9263,102.8591,2.0,2.9105,2296.1599,0.6603,0.7126,0.7867,-492.4091,1321.9948,0.46892
1109.0148,318.7512,407.2214,101.0559,0.05,2.8855,2289.6299,0.6483,0.6974,0.7806,-492.0341,1319.9543,0.46924
1109.1672,318.4716,406.8049,95.4182,-0.28,2.8868,2286.0798,0.6452,0.692,0.7808,-491.9375,1265.9767,0.44411
1109.3196,318.7512,405.6195,97.9417,1.34,2.864,2293.53,0.6476,0.6904,0.7707,-491.8352,1205.1945,0.446
1109.472,319.8698,403.7612,95.3688,0.79,2.8631,2292.79,0.6668,0.6976,0.7726,-491.6938,1125.8167,0.45112
1109.6244,320.4294,402.031,98.7122,0.68,2.8359,2296.8699,0.6282,0.6492,0.7658,-491.5057,1091.3431,0.43692
1109.7768,320.9887,399.9164,94.3854,-1.85,2.8754,2289.6399,0.6482,0.6685,0.7462,-491.0562,1202.4738,0.4189
1109.9292,318.7512,401.3582,91.8775,-3.2,2.9851,2277.6699,0.6489,0.6689,0.7356,-490.8864,1236.4926,0.43064
1110.0816,319.8698,406.1001,94.844,-5.83,3.0812,2255.98,0.6107,0.6277,0.7002,-490.6125,1194.7627,0.46463
1110.234,319.8698,409.8807,104.5793,-6.41,3.1052,2249.3201,0.5511,0.566,0.7534,-490.2329,1154.8459,0.49938
1110.3864,320.1495,422.8246,115.0196,0.28,3.0923,2291.9199,0.5267,0.5419,0.9221,-489.775,1147.5886,0.49318
1110.5388,320.7088,402.2233,111.3974,6.03,3.1392,2350.95,0.5915,0.6095,1.3677,-489.4943,1151.6716,0.47275
1110.6912,319.8698,358.7137,104.0058,9.46,3.1998,2400.95,0.8033,0.8293,1.6575,-489.3125,1156.66,0.43995
1110.8436,319.8698,347.7882,90.6157,4.27,3.2256,2408.4102,1.0477,1.0864,1.738,-489.3068,1168.0002,0.39888
1110.996,320.9887,347.8844,88.8295,3.8,3.2379,2420.25,1.3282,1.3909,1.8372,-489.25,1147.1349,0.35292
1111.1484,320.1495,348.1407,87.5347,3.41,3.2457,2425.6699,1.5282,1.6137,1.9598,-489.0852,1066.3958,0.32647
1111.3008,319.8698,348.5251,91.7303,4.03,3.2611,2431.75,1.5831,1.6776,2.0655,-488.9,1061.4063,0.33517
1111.4532,321.548,348.8135,92.5331,1.74,3.2729,2424.8801,1.6534,1.7557,2.1589,-488.8807,1138.97,0.3694
1111.6056,319.3105,348.5251,91.3041,1.03,3.2985,2425.1101,1.7286,1.8483,2.2618,-488.7188,1221.5242,0.3763
1111.758,320.7088,346.2824,91.5333,4.15,3.3898,2435.28,1.8239,1.9519,2.261,-488.425,1199.9786,0.37542
1111.9104,319.3105,345.0649,96.8604,10.17,3.4976,2451.6799,1.8702,1.9909,2.3414,-488.2216,1173.4436,0.34542
1112.0628,319.3105,345.6096,100.1052,10.13,3.5965,2449.6101,1.8921,1.9862,2.3153,-487.8875,1199.9786,0.33806
1112.2152,319.5901,346.9552,101.089,6.67,3.6521,2440.1399,1.9482,2.0196,2.3795,-487.5739,1229.2352,0.36038
1112.3676,319.3105,348.0125,98.5643,2.01,3.6975,2430.95,1.9415,1.9968,2.3203,-487.325,1169.3616,0.39174
1112.52,318.7512,348.7815,105.0547,2.93,3.7418,2439.1501,1.9372,1.989,2.3488,-487.3188,1091.797,0.43506
1112.6724,318.1919,349.5504,107.1851,3.54,3.7062,2447.3101,1.9387,1.9891,2.343,-487.2159,1091.797,0.43751
1112.8248,319.8698,348.429,110.611,3.92,3.6057,2454.2898,1.9346,1.9893,2.3434,-487.175,1201.5663,0.43624
1112.9772,320.4294,345.6416,108.0874,3.04,3.5045,2456.29,1.9574,1.9578,2.4363,-487.1313,1325.6239,0.41174
1113.1296,320.9887,345.2892,107.9235,0.7,3.5063,2453.4099,2.0157,1.9674,2.4757,-486.8409,1295.4597,0.40952
1113.282,320.9887,349.1019,104.6783,-0.36,3.5143,2455.51,2.0341,1.9834,2.4408,-486.6125,1197.9371,0.39219
1113.4344,322.1073,352.9786,103.2356,0.26,3.493,2458.76,2.034,1.984,2.3516,-486.5341,1196.123,0.40133
1113.5868,320.9887,354.7408,103.0714,4.16,3.405,2466.8501,2.0358,1.9842,2.36,-486.45,1211.3188,0.43019
1113.7392,319.3105,355.8622,105.0545,4.6,3.3583,2458.3599,2.0361,1.9841,2.349,-486.2313,1138.0635,0.43974
1113.8916,321.8276,354.7088,100.1867,3.75,3.3597,2448.0901,2.033,1.9813,2.3176,-485.5739,1130.8062,0.45261
1114.044,321.548,353.235,99.5315,1.28,3.3956,2437.6299,2.025,1.9764,2.2274,-484.9937,1138.97,0.44377
1114.1964,321.548,353.3631,100.0722,-0.31,3.4478,2434.27,2.0097,1.9608,2.1904,-485.1989,1160.2892,0.42815
1114.3488,321.8276,353.0748,105.6611,0.01,3.4522,2440.49,2.0305,1.9833,2.2057,-485.5125,1133.074,0.40782
1114.5012,320.9887,351.9214,107.1361,1.73,3.4184,2450.98,2.0678,2.0264,2.2733,-484.9432,1093.611,0.37295
1114.6536,321.548,349.5825,105.153,4.11,3.3746,2461.25,2.107,2.0716,2.349,-483.95,1108.5795,0.38824
1114.806,320.4294,351.4087,103.5303,3.4,3.3644,2458.3,2.0477,2.0236,2.2836,-483.425,1185.464,0.40055
1114.9584,319.8698,356.3748,102.3832,3.02,3.3498,2457.9302,2.0251,2.0171,2.2039,-483.4034,1216.0809,0.43804
1115.1108,320.1495,358.6176,105.9888,4.46,3.3356,2461.8,2.0951,2.099,2.1932,-483.4375,1210.1849,0.41849
1115.2632,321.2681,355.4136,107.5952,7.56,3.2929,2472.21,2.1403,2.1543,2.3065,-483.2443,1191.1335,0.40358
1115.4156,323.5056,351.2165,106.8902,6.66,3.2478,2467.6599,2.1372,2.1469,2.4128,-482.5938,1169.1343,0.37161
1115.568,321.548,350.063,103.6452,5.05,3.2057,2465.26,2.1321,2.1459,2.4056,-481.9432,1163.9183,0.38738
1115.7204,322.387,352.3699,100.6948,0.85,3.2892,2452.21,2.0937,2.1071,2.3679,-481.675,1128.5382,0.41741
1115.8728,320.4294,356.0865,95.2867,-1.53,3.4121,2439.74,2.0782,2.1027,2.3637,-481.5341,1138.0635,0.4232
1116.0252,320.4294,355.702,93.0413,-4.19,3.5579,2418.1299,2.0835,2.1258,2.3964,-480.9438,1152.3518,0.41303
1116.1776,320.9887,349.4223,89.518,-0.69,3.7789,2409.1799,2.0338,2.0724,2.4518,-480.5909,1146.2284,0.42447
1116.33,322.9463,350.4155,95.2867,5.0,4.1894,2410.3101,2.0035,2.0386,2.447,-480.5375,1157.5676,0.45385
1116.4824,324.0649,356.5991,103.3176,11.65,4.5869,2427.4199,1.9998,2.0334,2.3466,-480.0852,1153.4856,0.46815
1116.6348,327.421,357.8807,106.5624,14.47,4.6389,2455.01,2.0223,2.058,2.2906,-479.4188,1122.6412,0.44098
1116.7872,325.7428,353.0748,113.2328,12.52,4.3087,2474.76,1.9651,1.9994,2.2882,-479.5057,1137.3833,0.42762
1116.9396,322.387,344.0396,106.5132,8.55,3.8761,2482.1101,2.0343,2.069,2.3589,-492.6688,1144.8671,0.42028
1117.092,322.6666,341.1241,105.9725,5.3,3.5685,2476.2002,2.1195,2.1577,2.5041,-503.4659,1151.2178,0.45126
1117.2444,323.7852,342.726,97.8434,5.99,3.457,2471.3999,2.1782,2.2194,2.5005,-503.125,1144.8671,0.43919
1117.3968,325.4634,344.8727,101.662,6.09,3.4633,2459.3101,2.1074,2.1446,2.4285,-503.4125,1109.4869,0.4141
1117.5492,324.3445,349.0057,105.1036,6.23,3.4916,2451.1299,2.0737,2.1124,2.295,-504.2216,1112.6624,0.36428
1117.7016,322.9463,353.9398,112.1512,5.75,3.4854,2450.3801,2.0533,2.0958,2.2448,-505.0375,1151.6716,0.38683
1117.854,320.9887,355.9263,110.9547,6.16,3.4416,2459.48,2.0281,2.0681,2.2067,-504.9318,1158.0214,0.38468
1118.0064,321.548,355.6059,104.268,4.48,3.4096,2466.8301,2.0389,2.0836,2.2006,-504.5375,1134.8881,0.44369
1118.1588,321.8276,353.7796,99.5153,4.07,3.4086,2468.4399,2.063,2.1093,2.169,-504.4943,1102.2296,0.45371
1118.3112,322.1073,351.5048,98.5484,3.66,3.443,2460.3801,2.0895,2.1371,2.172,-505.0341,1139.4238,0.4464
1118.4636,322.9463,350.4796,102.7767,4.73,3.4897,2452.3899,2.0863,2.1262,2.1668,-505.5,1234.6786,0.44645
1118.616,324.0649,352.0815,100.8098,3.11,3.5116,2442.5,2.0476,2.0859,2.1871,-505.8875,1218.5762,0.42699
1118.7684,322.1073,356.4709,100.6296,3.41,3.5313,2448.55,1.9915,2.0318,2.1166,-506.0057,1203.3804,0.41334
1118.9208,322.6666,359.3224,99.6463,4.47,3.5581,2461.6301,1.9776,2.0154,2.0805,-506.275,1150.5366,0.38474
1119.0732,321.2681,358.9059,98.6137,8.48,3.602,2481.52,1.9781,2.011,2.0747,-506.4091,1155.2998,0.40077
1119.2256,321.548,358.6176,96.1554,6.23,3.5978,2480.52,1.9402,1.9698,2.1154,-506.8011,1168.9078,0.44191
1119.378,322.387,358.8419,98.8594,1.51,3.5584,2472.46,1.9915,2.0244,2.1098,-507.4312,1187.5044,0.43132
1119.5304,322.9463,358.2972,102.6781,-1.28,3.5101,2465.4099,2.0046,2.0348,2.1376,-507.875,1152.5781,0.41351
1119.6828,323.7852,359.4506,106.1196,0.84,3.4859,2465.8401,2.0258,2.055,2.1681,-508.0375,1124.0016,0.39963
1119.8352,321.8276,359.0021,103.0554,5.25,3.4881,2466.1201,2.0302,2.0615,2.204,-508.5398,1131.7126,0.40859
1119.9876,322.1073,357.4962,98.7939,4.56,3.4637,2457.3901,1.9478,1.9794,2.1477,-509.3625,1191.8137,0.46211
1120.14,322.1073,358.5855,94.746,2.25,3.4404,2446.77,1.9027,1.9368,2.0773,-509.9829,1192.4949,0.46688
1120.2924,321.8276,358.6176,98.7116,-0.85,3.418,2431.01,1.8907,1.926,2.0566,-510.3864,1143.5067,0.47945
1120.4448,321.2681,357.336,102.0392,-1.85,3.4437,2421.2798,1.9545,1.9957,2.0679,-510.8188,1148.0424,0.45037
1120.5972,321.548,355.6379,102.3178,-1.23,3.4666,2420.95,1.9844,2.0316,2.1414,-506.7159,1160.743,0.43176
1120.7496,322.6666,353.1389,98.8925,0.1,3.5001,2426.49,2.0442,2.0957,2.1832,-487.4716,1139.1974,0.44091
1120.902,322.9463,352.0495,99.4987,2.89,3.5089,2441.0901,2.0341,2.0834,2.1662,-487.5625,1131.7126,0.41551
1121.0544,322.6666,354.068,97.057,4.3,3.5098,2449.78,1.9752,2.0184,2.1233,-486.8864,1173.8972,0.42326
1121.2068,321.8276,357.2079,97.8601,5.13,3.4869,2454.3901,1.966,2.0087,2.1408,-485.8375,1167.5465,0.42543
1121.3592,321.548,358.0089,96.8768,5.21,3.4767,2454.05,1.9786,2.0263,2.1848,-485.3352,1111.9822,0.44062
1121.5116,322.387,359.2584,103.5469,6.7,3.4923,2459.1702,1.9795,2.0345,2.174,-485.5,1030.1082,0.45313
1121.664,322.387,360.1555,106.661,8.48,3.54,2467.51,1.9331,1.9863,2.1044,-485.7386,958.2139,0.44213
1121.8164,321.548,355.9583,104.8747,7.56,3.5739,2467.01,1.9983,2.0534,2.0596,-485.7375,944.3793,0.45285
1121.9688,322.9463,352.9786,101.7934,6.13,3.5855,2462.95,2.0591,2.1195,2.1465,-485.5909,1216.5348,0.45451
1122.1212,322.1073,352.6903,96.9747,4.67,3.5771,2454.6399,2.0429,2.099,2.1739,-485.6563,1478.7109,0.46352
1122.2736,321.548,353.7476,100.4002,4.97,3.5763,2450.1399,2.0126,2.0695,2.1836,-485.5227,1440.3828,0.46339
1122.426,322.387,356.1185,102.2196,8.83,3.5962,2453.51,1.9698,2.0251,2.1013,-485.4125,1376.1989,0.42577
1122.5784,320.4294,354.7729,107.0381,11.98,3.6363,2459.2,1.9775,2.03,2.0262,-485.275,1319.0468,0.40303
1122.7308,320.9887,353.8437,105.4153,16.56,3.6912,2470.1699,1.995,2.049,1.9741,-484.9773,1260.5334,0.41176
1122.8832,321.548,355.0612,107.0377,12.98,3.7164,2466.7002,2.0341,2.09,1.9985,-484.8563,1212.2253,0.43736
1123.0356,323.2259,356.3108,102.9405,12.51,3.7173,2475.7,2.0538,2.1098,2.0375,-485.0688,1221.5242,0.42777
1123.188,322.387,357.9127,100.7775,7.51,3.6877,2479.1301,1.9636,2.0136,2.0191,-485.4432,1182.2885,0.38811
1123.3404,321.2681,358.0089,98.614,7.51,3.6751,2480.51,1.947,1.9965,2.0282,-485.4813,1148.0424,0.40345
1123.4928,320.9887,357.2719,97.6307,5.79,3.6659,2468.9099,1.9988,2.0535,2.0456,-484.6307,1123.5488,0.44919
1123.6452,321.8276,355.3175,99.0724,6.82,3.6496,2461.8398,1.9935,2.0467,1.9965,-483.9375,1142.1454,0.49553
1123.7976,322.6666,353.8758,96.1879,7.8,3.6204,2459.8801,2.0235,2.0816,1.901,-483.8807,1231.5031,0.46651
1123.95,323.2259,351.1524,96.1878,6.72,3.5722,2454.8298,2.0568,2.1209,1.8534,-483.6875,1221.9779,0.45115
1124.1024,323.2259,349.198,93.664,7.29,3.5479,2452.3,2.076,2.1456,1.9368,-483.7313,1203.3804,0.45819
1124.2548,322.6666,351.1844,97.9908,3.92,3.5489,2441.27,2.0565,2.1192,1.9886,-483.7159,1162.1033,0.43001
1124.4072,323.2259,353.3951,104.2187,4.34,3.5641,2445.05,2.0266,2.0867,1.9946,-483.7,1084.0858,0.40365
1124.5596,322.387,353.6194,105.6612,3.79,3.5481,2445.7,1.992,2.0542,1.9753,-483.6989,1028.7478,0.36658
1124.712,324.9038,352.3058,100.7936,4.81,3.5089,2450.97,1.9857,2.0433,1.9895,-483.625,1178.433,0.36799
1124.8644,325.4634,350.6398,100.6297,4.05,3.4775,2450.3801,2.0441,2.1046,2.0717,-483.6375,1303.851,0.38992
1125.0168,324.3445,346.9232,102.613,2.83,3.5055,2447.49,2.1357,2.1953,2.1042,-483.6648,1281.1714,0.41163
1125.1692,324.3445,342.5979,104.4158,4.36,3.6062,2453.3601,2.1496,2.208,2.1124,-483.6125,1225.6062,0.41861
1125.3216,322.1073,342.5658,100.4827,14.52,3.7354,2471.3599,2.0455,2.096,2.1054,-483.4261,1174.1237,0.446
1125.474,322.1073,343.1425,98.6795,19.73,3.835,2481.3398,2.0348,2.0825,2.0927,-483.2625,1157.3412,0.44307
1125.6264,322.387,342.8221,107.7101,20.35,3.8872,2479.22,2.08,2.1297,2.1614,-483.125,1156.66,0.44052
1125.7788,322.9463,345.7377,108.726,9.8,3.9201,2452.6001,2.0601,2.1062,2.075,-483.2437,1134.6616,0.40388
1125.9312,324.3445,352.5621,112.3316,7.13,3.9644,2442.53,1.9031,1.9429,2.0343,-483.4318,1145.7745,0.41427
1126.0836,327.421,357.4321,104.3008,6.98,3.964,2438.52,1.8635,1.8944,1.9558,-483.3375,1158.0214,0.41153
1126.236,326.0227,357.5603,101.9576,11.14,3.9369,2445.6699,1.877,1.9081,1.9986,-483.1875,1172.0833,0.41864
1126.3884,323.2259,355.5739,103.3998,17.68,3.8768,2460.6799,1.9334,1.9616,1.9724,-483.3062,1149.8564,0.43764
1126.5408,322.387,354.2923,100.9576,17.41,3.8112,2466.1802,2.0025,2.0296,1.9751,-483.5739,1117.4243,0.41571
1126.6932,320.1495,355.9904,105.2841,14.13,3.7161,2471.98,2.0043,2.0338,1.9809,-483.6625,1119.9197,0.43903
1126.8456,318.4716,357.8166,105.7761,6.19,3.6143,2465.45,1.9605,1.9919,2.0125,-483.3125,1184.1027,0.43212
1126.998,318.1919,356.5991,109.0209,5.94,3.5658,2469.0901,1.9491,1.9777,1.9629,-482.8352,1214.7206,0.42948
1127.1504,318.1919,356.0865,107.6606,6.17,3.5777,2464.77,1.9398,1.9685,1.953,-482.8438,1167.3202,0.40716
1127.3028,318.4716,358.938,103.022,10.91,3.6489,2465.27,1.938,1.9663,1.9358,-483.0796,1149.4027,0.41565
1127.4552,318.7512,359.2904,102.5468,11.44,3.7139,2460.5898,1.9606,1.9837,2.0344,-482.8977,1187.7318,0.42867
1127.6076,320.7088,356.5991,96.5157,10.85,3.7331,2458.8799,2.0219,2.047,2.0093,-482.3813,1194.7627,0.43683
1127.76,316.2343,355.2534,95.7457,4.45,3.7152,2446.6401,2.0156,2.0387,1.9905,-482.3011,1120.3734,0.44199
1127.9124,317.9122,354.5165,93.8771,2.51,3.6718,2445.8,2.0196,2.0425,1.8829,-482.3062,1079.55,0.43248
1128.0648,318.1919,354.9651,100.892,2.32,3.6714,2444.9402,1.9321,1.9527,1.8817,-482.0739,1152.5781,0.43743
1128.2172,318.7512,359.3224,99.4171,6.34,3.7088,2453.6099,1.9299,1.9494,1.9032,-482.0562,1231.5031,0.43061
1128.3696,318.7512,361.8856,101.9409,7.57,3.7383,2452.6501,1.905,1.9193,2.0146,-482.1875,1217.8961,0.40833
1128.522,320.1495,360.8604,99.81,7.64,3.7503,2455.4099,1.9354,1.95,2.0111,-482.4875,1187.5044,0.43052
1128.6744,320.9887,359.803,98.6297,3.53,3.7031,2452.5801,1.9429,1.9536,2.0134,-482.875,1150.764,0.43203
1128.8268,321.8276,357.336,102.3995,1.46,3.6235,2458.97,1.9785,1.9897,2.0301,-481.5227,1152.8054,0.46288
1128.9792,321.548,355.8622,104.0058,-1.28,3.5048,2457.6599,2.0003,2.0121,2.1068,-479.6063,1158.0214,0.42466
1129.1316,321.2681,360.2196,108.136,-3.65,3.4128,2448.9199,1.8734,1.8812,2.0909,-478.6307,1139.4238,0.44734
1129.284,322.1073,364.7051,104.1866,-4.98,3.3806,2437.79,1.782,1.7874,2.0038,-478.5852,1145.7745,0.42683
1129.4364,320.4294,364.609,104.7109,-3.36,3.3727,2439.5701,1.7981,1.8055,1.9282,-478.9375,1132.6202,0.42027
1129.5888,321.8276,363.7439,102.5638,-0.37,3.3583,2448.23,1.8007,1.8071,1.9149,-479.3807,1158.4751,0.40748
1129.7412,321.548,361.1808,103.7269,1.53,3.3704,2450.1199,1.8304,1.8387,1.9269,-479.3409,1172.0833,0.41171
1129.8936,321.548,358.2331,99.9577,2.06,3.3882,2445.1101,1.9249,1.9324,1.9286,-478.9261,1187.2781,0.41739
1130.046,319.8698,358.8098,106.2019,1.43,3.4233,2437.97,1.8947,1.9038,1.9267,-478.7125,1176.1652,0.41228
1130.1984,319.3105,361.4691,104.8908,0.56,3.4289,2436.0901,1.8926,1.9024,1.9019,-478.7671,1153.2583,0.40584
1130.3508,319.0309,362.3983,104.7102,-1.74,3.4656,2431.0901,1.8906,1.8991,1.9204,-478.5625,1133.074,0.43788
1130.5032,320.1495,361.2448,99.7939,-1.51,3.4887,2436.3999,1.8993,1.9115,1.9228,-478.3523,1164.3711,0.42619
1130.6556,320.4294,359.1943,96.6798,0.41,3.5219,2444.6899,1.9324,1.9501,1.9558,-478.0562,1173.8972,0.42357
1130.808,320.9887,357.4001,97.0405,2.38,3.5137,2453.5798,1.9158,1.9344,1.9827,-477.7329,1162.3307,0.39767
1130.9604,321.548,357.2719,95.0735,1.46,3.4849,2453.9001,1.9108,1.927,2.0008,-477.5688,1144.8671,0.44347
1131.1128,322.1073,358.1049,100.1542,-1.23,3.4304,2449.3899,1.8959,1.9098,2.0242,-477.5125,1136.022,0.45256
1131.2652,321.8276,360.0273,101.9572,-1.92,3.3819,2447.8098,1.8299,1.8433,2.0506,-477.4546,1168.4541,0.45139
1131.4176,321.548,363.9041,102.236,-0.41,3.3973,2446.74,1.7838,1.7969,1.9771,-477.2687,1177.0717,0.42528
1131.57,319.0309,366.9799,101.9082,2.76,3.445,2453.6799,1.7895,1.8004,1.8749,-477.0625,1156.8875,0.45536
1131.7224,319.3105,362.3021,102.0885,3.66,3.4864,2456.8,1.8822,1.8965,1.837,-476.7386,1156.66,0.47303
1131.8748,319.0309,356.9515,101.7278,3.32,3.4662,2459.9399,1.9616,1.9774,1.9692,-476.4188,1158.0214,0.43427
1132.0272,320.7088,356.5991,98.4336,3.6,3.4368,2463.5999,1.9709,1.9855,2.0628,-476.3466,1152.5781,0.41578
1132.1796,320.9887,356.4069,95.9423,5.02,3.3899,2470.97,1.943,1.9579,2.0582,-475.9813,1171.6294,0.38089
1132.332,318.7512,358.4254,97.3843,4.49,3.3739,2468.1101,1.8958,1.9052,2.0321,-475.6818,1150.5366,0.41341
1132.4844,320.4294,360.1555,102.432,2.65,3.3347,2462.26,1.8821,1.8931,2.0245,-475.6437,1153.0319,0.42022
1132.6368,320.1495,359.2904,105.3819,1.03,3.3648,2456.3799,1.8918,1.9072,2.0703,-475.8,1164.5985,0.40533
1132.7892,320.4294,359.0341,104.8416,1.01,3.3826,2467.1899,1.8968,1.9107,2.0961,-475.5341,1158.4751,0.39999
1132.9416,319.3105,359.8992,103.2519,1.53,3.4068,2474.9602,1.9119,1.928,2.1367,-474.8312,1160.743,0.38197
1133.094,319.8698,359.3545,101.5311,2.45,3.3787,2475.9399,1.8902,1.9055,2.1107,-474.2375,1174.8038,0.42167
1133.2464,320.9887,359.0661,109.4631,2.57,3.3814,2462.0901,1.8882,1.9047,2.1123,-474.1648,1164.5985,0.40941
1133.3988,320.1495,358.8739,111.4139,1.77,3.415,2447.47,1.9245,1.9434,2.19,-474.4438,1175.7114,0.46008
1133.5512,319.8698,357.8807,111.6597,0.73,3.4534,2441.8799,1.9165,1.9333,2.2002,-474.5227,1152.5781,0.43421
1133.7036,320.4294,357.6564,107.8741,0.31,3.4631,2441.74,1.8914,1.9084,2.1974,-474.2375,1152.1243,0.43635
1133.856,318.4716,360.0914,106.7921,1.26,3.4573,2447.1899,1.8741,1.8913,2.1006,-473.5511,1148.4962,0.40308
1134.0084,318.1919,361.2128,108.2673,4.32,3.4988,2455.4902,1.8909,1.9088,2.1012,-473.1,1170.2681,0.40915
1134.1608,320.1495,358.3933,105.9234,7.43,3.543,2463.96,1.8793,1.8974,2.082,-472.9625,1162.557,0.39297
1134.3132,319.3105,356.5671,101.9407,7.0,3.5512,2460.8901,1.9289,1.9456,2.0809,-473.1591,1156.66,0.37365
1134.4656,319.5901,356.1826,100.0394,3.24,3.5331,2448.24,1.9453,1.963,2.0791,-473.6938,1127.6307,0.37558
1134.618,320.4294,357.304,103.6451,2.19,3.4396,2453.78,1.9203,1.9353,2.066,-473.8466,1142.5991,0.37343
1134.7704,322.387,357.7846,103.1537,2.2,3.3497,2465.0801,1.9354,1.949,2.0411,-472.6938,1187.5044,0.41312
1134.9228,321.548,356.0544,103.5145,-3.68,3.2565,2482.04,1.9416,1.9535,2.0247,-471.6761,1194.7627,0.40405
1135.0752,321.8276,356.5991,102.367,-7.89,3.2453,2480.22,1.919,1.9338,2.0283,-471.2062,1139.1974,0.43894
1135.2276,322.1073,358.7778,101.4329,-8.6,3.3079,2475.3499,1.9065,1.9208,2.0392,-470.9943,1087.715,0.41519
1135.38,320.7088,358.5535,102.8748,-2.37,3.4097,2465.1599,1.9157,1.9285,2.0482,-470.7898,1127.8571,0.43361
1135.5324,317.6326,356.8554,100.7443,-0.07,3.5026,2456.1802,1.8808,1.8915,2.0528,-470.9562,1252.8224,0.42339
1135.6848,317.6326,356.7273,105.9722,-0.25,3.5388,2449.8401,1.9601,1.974,2.0682,-470.6187,1256.2241,0.44645
1135.8372,317.9122,356.8234,103.7762,0.4,3.4929,2451.5701,1.9788,1.9949,2.049,-470.2784,1221.9779,0.48057
1135.9896,318.7512,356.1826,103.2684,1.0,3.4458,2452.6702,1.8491,1.8628,2.0809,-470.4261,1176.1652,0.47299
1136.142,319.0309,356.4389,103.8909,1.57,3.4222,2451.8198,1.8436,1.8562,2.0873,-470.3625,1154.3921,0.46362
1136.2944,318.1919,356.5991,112.5774,3.19,3.4511,2451.04,1.9629,1.9798,2.0708,-469.5938,1181.6084,0.4038
1136.4468,318.4716,357.0156,116.7236,3.55,3.4863,2447.8098,1.9355,1.9542,1.9151,-469.0227,1225.6062,0.40216
1136.5992,317.9122,358.169,111.9711,6.17,3.5236,2455.6401,1.9269,1.9445,1.9247,-469.0,1164.3711,0.39419
1136.7516,318.4716,358.0409,104.5794,7.27,3.5257,2462.8401,1.8968,1.9148,1.9327,-469.1477,1157.5676,0.41401
1136.904,318.7512,356.5991,100.4332,8.45,3.5038,2470.75,1.8753,1.8922,2.0776,-468.875,1196.123,0.41344
1137.0564,318.4716,356.1185,105.6775,5.91,3.4354,2467.8801,1.9335,1.9473,2.1123,-468.0739,1219.4827,0.41562
1137.2088,318.1919,356.503,106.8408,4.8,3.4018,2466.4099,1.9404,1.9591,2.0853,-467.625,1172.9897,0.41553
1137.3612,318.4716,356.4389,107.5128,4.66,3.3867,2466.25,1.8957,1.9103,2.0528,-467.5284,1172.3096,0.43585
1137.5136,318.7512,355.8942,103.8749,4.33,3.4079,2459.95,1.9438,1.9633,2.0291,-467.3807,1193.4014,0.44663
1137.666,319.5901,355.9263,105.6779,3.1,3.4105,2451.8599,1.9758,1.9953,2.0516,-467.1688,1168.2267,0.44895
1137.8184,319.3105,355.9904,107.3492,1.49,3.4251,2443.3201,1.9737,1.9939,2.022,-467.2841,1113.5688,0.44528
1137.9708,318.7512,356.5671,106.0709,2.0,3.4171,2445.03,1.9382,1.9586,1.9513,-467.4716,1172.9897,0.4301
1138.1232,319.5901,356.8875,103.4649,4.2,3.4625,2449.4399,1.9448,1.967,1.9439,-467.2313,1246.4716,0.40955
1138.2756,318.7512,356.0544,100.9742,4.71,3.4739,2452.5298,1.9548,1.9769,1.9535,-467.0057,1213.8131,0.37972
1138.428,320.1495,355.6059,106.2186,2.59,3.5428,2446.6501,1.9224,1.9419,1.9537,-467.1063,1160.2892,0.39409
1138.5804,318.1919,356.6632,103.6947,-2.41,3.552,2433.5498,1.9268,1.9485,1.9268,-466.9318,1065.0344,0.40184
1138.7328,317.9122,357.9768,104.0223,-3.15,3.5474,2434.53,1.8987,1.923,1.9603,-466.5,1144.1869,0.43616
1138.8852,318.7512,356.5671,104.2028,-1.92,3.5031,2440.2002,1.9405,1.9629,1.9687,-466.0796,1308.1603,0.44364
1139.0376,318.7512,354.3884,112.2826,1.09,3.4602,2452.8501,1.9598,1.9821,2.0046,-465.8409,1297.7275,0.42278
1139.19,319.8698,354.1961,114.0854,2.12,3.4506,2455.71,1.9522,1.977,2.05,-465.7159,1238.3077,0.41502
1139.3424,320.4294,355.2855,107.0215,2.79,3.4272,2461.5,1.928,1.9521,2.0515,-465.3375,1220.844,0.42533
1139.4948,320.7088,356.0224,105.071,0.54,3.4419,2451.8599,1.921,1.9456,2.0443,-464.7954,1187.5044,0.42776
1139.6472,320.4294,358.169,104.5794,0.51,3.5045,2446.0298,1.8734,1.8994,2.0059,-464.6421,1213.8131,0.41263
1139.7996,319.0309,360.7002,107.8573,2.84,3.6179,2447.3401,1.8214,1.846,2.0183,-464.9312,1194.7627,0.42559
1139.952,318.7512,360.7963,106.5955,6.81,3.7046,2463.4399,1.8478,1.8725,1.988,-465.2216,1194.9891,0.45052
1140.1044,319.3105,360.1555,106.7591,7.09,3.6926,2470.3601,1.8548,1.8808,1.9626,-464.7313,1216.0809,0.48132
1140.2568,320.1495,360.3798,104.4154,4.05,3.5729,2469.77,1.8411,1.862,1.9355,-464.1023,1188.4119,0.4867
1140.4092,319.3105,361.3089,104.0221,-0.26,3.4522,2458.3499,1.8388,1.8615,1.8917,-463.7273,1169.3616,0.47567
1140.5616,319.0309,361.4371,101.564,-1.93,3.3736,2456.0901,1.8428,1.8632,1.826,-463.9375,1215.6271,0.44113
1140.714,319.5901,361.0846,105.5303,-1.94,3.351,2454.0801,1.8491,1.8687,1.7618,-463.7954,1202.7002,0.4354
1140.8664,320.1495,360.6361,103.2356,1.21,3.3397,2466.3899,1.8348,1.8424,1.7987,-463.3438,1150.3103,0.41993
1141.0188,319.8698,360.7322,107.005,2.27,3.3817,2467.01,1.8135,1.8009,1.8658,-462.9091,1133.074,0.44977
1141.1712,318.1919,360.2196,110.2498,2.86,3.4742,2463.6599,1.8165,1.8009,1.9016,-462.4438,1179.3405,0.50573
1141.3236,319.8698,360.9244,112.217,3.34,3.5948,2455.04,1.8094,1.7938,1.9148,-462.375,1220.1639,0.50285
1141.476,318.7512,363.1992,109.4309,5.46,3.6943,2453.1501,1.8017,1.7861,1.9878,-462.5187,1192.4949,0.41928
1141.6284,317.6326,364.5449,103.4817,12.77,3.7664,2465.1001,1.7999,1.785,1.9524,-462.5909,1119.4658,0.40223
1141.7808,317.9122,364.4808,103.4813,21.91,3.8046,2480.46,1.7569,1.7293,1.8273,-462.4125,1070.0239,0.38988
1141.9332,317.6326,364.9294,104.7432,22.6,3.8131,2487.8298,1.7528,1.7188,1.8365,-462.2125,1147.8151,0.44531
1142.0856,317.9122,366.8197,107.4641,16.65,3.7961,2479.9099,1.7104,1.6724,1.8282,-461.8068,1313.1498,0.44014
1142.238,317.6326,365.4099,109.4472,5.15,3.7792,2456.5898,1.6825,1.6422,1.8722,-461.625,1331.2936,0.46346
1142.3904,318.1919,363.7119,111.0698,3.36,3.7419,2448.3298,1.7449,1.7009,1.7971,-461.8693,1246.9253,0.43593
1142.5428,317.9122,365.6663,114.1834,2.41,3.7373,2438.3599,1.723,1.6767,1.8134,-462.0063,1200.205,0.42346
1142.6952,318.1919,367.6207,114.7241,3.95,3.8125,2436.28,1.7045,1.6684,1.657,-461.5511,1180.7008,0.42651
1142.8476,317.6326,368.4217,112.823,2.82,3.9716,2426.8401,1.6978,1.6726,1.7125,-460.7563,1166.64,0.46566
1143.0,317.3529,369.1586,107.8901,3.96,4.082,2433.21,1.6611,1.6456,1.8103,-460.2898,1172.5359,0.52372
1143.1524,317.6326,368.1013,97.9748,3.33,4.0097,2439.6201,1.7204,1.7167,1.9899,-460.0187,1172.5359,0.50529
1143.3048,318.1919,365.0575,101.9081,4.54,3.8129,2450.1599,1.8274,1.835,2.0215,-460.1989,1139.8776,0.51535
1143.4572,319.8698,355.4457,102.8095,10.77,3.6039,2461.6499,2.0699,2.0981,2.2551,-460.1313,1143.5067,0.47804
1143.6096,320.9887,333.7229,103.6455,13.7,3.491,2462.8101,2.5481,2.6118,2.6902,-459.9312,1170.2681,0.42337
1143.762,319.0309,315.108,94.4019,16.17,3.4197,2461.5601,3.0347,3.1534,3.016,-459.8693,1205.1945,0.36085
1143.9144,319.3105,310.7506,87.1908,12.23,3.3638,2453.3,3.0274,3.1528,3.0272,-459.8,1172.7634,0.32943
1144.0668,319.0309,311.2953,87.1907,10.41,3.3737,2446.4099,3.018,3.1552,2.8942,-459.45,1089.5291,0.32617
1144.2192,319.8698,311.039,86.4694,10.37,3.4277,2451.02,2.9753,3.1426,2.9394,-459.0057,1055.963,0.31256
1144.3716,319.8698,310.6225,87.3708,3.19,3.4915,2449.48,2.8807,3.0797,2.9086,-458.5812,1194.5353,0.3113
1144.524,319.3105,310.4302,82.782,2.08,3.5003,2446.8101,2.8582,3.0607,2.8565,-458.2125,1267.7908,0.31301
1144.6764,319.8698,311.5196,87.4695,-1.82,3.4898,2426.8601,2.8449,3.055,2.5411,-458.2443,1240.5756,0.30958
1144.8288,318.7512,314.2109,89.4523,2.38,3.449,2414.05,2.7523,2.9672,2.4662,-458.1063,1219.2563,0.31684
1144.9812,319.0309,315.108,93.3858,2.59,3.3329,2415.26,2.7564,2.9667,2.2607,-457.7557,1183.4225,0.32056
1145.1336,319.3105,314.0828,87.0758,2.8,3.1857,2419.8799,2.7726,2.9732,2.2139,-457.4688,1180.7008,0.33818
1145.286,319.0309,315.0119,87.2564,2.53,3.1163,2417.6599,2.6693,2.8518,2.2037,-457.3579,1158.4751,0.34238
1145.4384,317.9122,318.4401,83.1589,2.44,3.1071,2410.5898,2.6445,2.8238,2.0852,-457.5125,1159.3817,0.33154
1145.5908,319.8698,320.8431,81.176,2.35,3.2068,2396.5901,2.5217,2.6821,1.9629,-460.4034,1155.7534,0.33448
1145.7432,319.5901,321.4839,75.9475,1.82,3.3052,2383.6301,2.5009,2.6439,1.8075,-480.5063,1164.3711,0.33238
1145.8956,318.7512,321.5479,75.7836,1.16,3.416,2369.6899,2.5606,2.7044,1.8128,-482.1938,1170.7219,0.32982
1146.048,320.1495,321.5159,74.8822,0.41,3.3996,2363.5,2.5983,2.737,1.7759,-482.3977,1149.4027,0.35354
1146.2004,319.3105,319.6256,76.1441,0.61,3.3842,2361.3901,2.5521,2.6854,1.7676,-482.8125,1157.5676,0.347
1146.3528,319.8698,318.0236,79.6842,1.43,3.3994,2366.0,2.5372,2.6688,1.727,-483.0438,1179.3405,0.36122
1146.5052,319.3105,319.3693,81.0447,3.02,3.4947,2370.3301,2.5343,2.6671,1.735,-483.2784,1184.33,0.34164
1146.6576,317.0733,318.9528,78.5209,3.4,3.6098,2367.4299,2.5597,2.683,1.8002,-480.5454,1182.0621,0.35384
1146.81,320.4294,318.7285,76.2919,3.45,3.7026,2360.0901,2.7062,2.8803,1.7619,-459.7898,1160.743,0.34822
1146.9624,314.2765,321.2275,78.914,3.6,3.7651,2355.75,2.5265,2.6921,1.6774,-458.1421,1171.1758,0.32069
1147.1148,315.9547,322.1567,83.6011,3.83,3.8763,2350.3,2.5018,2.6593,1.5199,-458.1125,1188.8657,0.33119
1147.2672,316.2343,322.8616,85.4042,11.0,4.1547,2353.8499,2.4863,2.6401,1.5921,-458.0227,1190.6798,0.32397
1147.4196,317.6326,322.9577,82.4542,26.36,4.6369,2367.5498,2.4717,2.6219,1.6089,-457.6648,1118.5583,0.34152
1147.572,318.1919,323.4383,79.3892,39.64,5.185,2378.4299,2.4805,2.6271,1.7213,-457.2563,1125.5892,0.32287
1147.7244,316.514,324.3354,79.2251,43.75,5.6773,2373.76,2.4911,2.6276,1.5591,-457.1193,1179.7933,0.34086
1147.8768,316.7936,323.0538,77.5861,40.76,6.1069,2362.5901,2.3723,2.4892,1.5184,-457.4125,1236.0388,0.33214
1148.0292,316.2343,322.7014,77.0292,41.6,6.534,2367.29,2.3385,2.4491,1.4524,-457.6307,1196.123,0.33032
1148.1816,316.514,323.1819,79.0614,42.0,6.9476,2376.8699,2.361,2.4752,1.3625,-457.6534,1112.6624,0.3192
1148.334,312.5985,320.6508,80.3725,35.77,7.1289,2379.8398,2.2452,2.3622,1.3126,-457.7386,1151.6716,0.34598
1148.4864,312.3189,318.8566,80.3888,25.4,6.9529,2375.8799,2.2662,2.3991,1.2744,-457.8687,1214.7206,0.33836
1148.6388,313.1579,320.1062,75.4067,14.75,6.551,2371.54,2.3908,2.5404,1.3534,-457.6648,1216.0809,0.34003
1148.7912,313.4375,320.8431,74.9153,8.13,6.1175,2368.01,2.5132,2.6738,1.4149,-457.4829,1184.7828,0.32289
1148.9436,314.8358,321.3557,76.8982,3.5,5.7917,2362.8999,2.893,3.1012,1.4912,-457.3375,1198.1644,0.32523
1149.096,313.9968,321.0353,78.0454,0.46,5.5965,2353.55,2.884,3.0806,1.5573,-457.2329,1198.391,0.31822
1149.2484,314.8358,321.1955,79.6353,-1.89,5.5364,2334.6501,2.8868,3.0834,1.4172,-456.9432,1147.5886,0.32251
1149.4008,319.5901,321.7722,81.2414,-3.48,5.5646,2322.52,2.8057,2.9936,1.3233,-456.8,1078.6426,0.33777
1149.5532,315.9547,322.6053,79.4384,-3.34,5.6657,2322.3601,2.3612,2.4991,1.2698,-456.6364,996.7692,0.35687
1149.7056,316.7936,323.5985,81.0605,-2.78,5.8758,2334.04,2.3191,2.4521,1.382,-456.7386,1139.1974,0.34178
1149.858,316.7936,323.9509,76.7995,-0.82,6.2459,2345.9202,2.2057,2.3256,1.3934,-456.875,1413.3939,0.32411
1150.0104,315.675,323.7266,80.0775,6.56,6.5307,2367.5,2.1551,2.261,1.393,-457.1421,1379.3741,0.32396
1150.1628,313.1579,321.6441,79.1763,13.25,6.5249,2385.03,2.3503,2.4581,1.4896,-466.0562,1321.0883,0.32844
1150.3152,314.2765,318.5683,81.7985,15.73,6.1337,2390.6199,2.5169,2.6199,1.6743,-468.2784,1237.8539,0.33715
1150.4676,317.3529,317.3187,81.6346,11.15,5.6209,2372.3098,2.5703,2.6796,1.8741,-457.7216,1174.3511,0.31341
1150.62,314.8358,317.8954,81.4542,14.34,5.4822,2360.0601,2.4123,2.5131,1.709,-457.3296,1177.0728,0.31929
1150.7724,316.7936,318.7285,78.4222,17.99,5.9888,2356.1001,2.3018,2.4175,1.6101,-456.5341,1233.3173,0.30089
1150.9248,313.1579,317.8954,81.5363,17.49,6.8456,2351.6599,2.1613,2.2835,1.4416,-456.4937,1211.0914,0.3102
1151.0772,312.5985,317.1265,84.8143,13.89,7.2466,2364.5898,2.2103,2.3515,1.4575,-456.4148,1162.557,0.30558
1151.2296,309.2427,315.7488,85.0603,14.73,6.7367,2383.1501,2.3238,2.4786,1.5589,-456.3375,1145.7745,0.32306
1151.382,310.9206,314.1468,83.7488,13.15,5.635,2396.8101,2.5698,2.7414,1.82,-456.3864,1162.557,0.34042
1151.5344,318.7512,310.3341,79.8157,6.2,4.6543,2382.48,3.3492,3.5878,2.1951,-456.4773,1157.1138,0.33725
1151.6868,321.548,306.137,78.6684,-0.85,4.187,2368.52,3.2301,3.4457,2.3622,-456.6563,1177.5255,0.33512
1151.8392,321.8276,309.405,76.5378,0.41,4.1347,2370.1401,3.1511,3.3492,2.1687,-456.7159,1162.557,0.30727
1151.9916,318.7512,313.9866,78.668,5.26,4.2787,2382.6899,2.9381,3.118,2.0121,-456.8409,1158.0214,0.31571
1152.144,316.7936,315.8129,84.0765,5.0,4.4533,2375.5901,2.5876,2.7377,2.0955,-456.7938,1158.0214,0.3238
1152.2964,315.3951,315.909,84.5681,3.72,4.6896,2362.76,2.2035,2.318,2.2221,-456.9034,1153.0319,0.32874
1152.4488,314.2765,313.6342,83.6338,3.16,4.9308,2357.4399,2.1668,2.2807,1.7074,-457.0625,1168.9078,0.32695
1152.6012,314.2765,313.506,80.0279,22.4,5.1321,2389.25,2.1835,2.2967,1.6036,-457.1023,1190.9072,0.30342
1152.7536,312.5985,314.2109,82.3227,28.96,5.2316,2401.74,2.3505,2.4689,1.6173,-457.1313,1188.4119,0.32029
1152.906,310.9206,313.7624,79.6187,31.73,5.3447,2397.78,2.3451,2.4376,1.9223,-457.1307,1160.5166,0.33212
1153.0584,313.4375,313.2497,78.9633,28.04,5.4922,2394.8901,2.3748,2.4632,1.9331,-457.1079,1165.7324,0.33952
1153.2108,314.2765,313.6983,78.9631,33.47,5.6189,2407.6199,2.3779,2.4638,2.036,-457.1437,1177.7528,0.33741
1153.3632,313.7172,313.7944,78.4224,30.24,5.6363,2413.3401,2.3303,2.4108,2.0113,-457.1761,1146.0009,0.33369
1153.5156,315.1157,313.0895,85.142,17.35,5.5383,2397.96,2.2808,2.3562,1.8046,-457.3864,1128.5382,0.33392
1153.668,319.8698,313.506,83.831,8.65,5.329,2391.03,2.3675,2.448,1.769,-457.625,1138.0635,0.3272
1153.8204,318.7512,313.4099,85.0927,6.93,5.0711,2381.8501,2.4561,2.5418,1.8279,-457.3977,1188.1855,0.32603
1153.9728,317.9122,314.7556,85.2568,10.8,4.9373,2373.04,2.5159,2.6025,1.9696,-457.0909,1246.0178,0.32743
1154.1252,317.6326,316.1653,89.1572,21.57,5.0824,2371.71,2.482,2.5691,2.0193,-456.8188,1230.1428,0.32504
1154.2776,319.0309,317.6071,91.0911,31.49,5.4838,2381.5601,2.512,2.6002,2.1009,-456.6704,1184.7828,0.34535
1154.43,319.8698,320.1062,90.4358,33.58,5.8973,2391.2,2.5137,2.6038,2.1061,-456.6875,1133.7542,0.36166
1154.5824,318.1919,319.3372,90.6158,30.29,6.0579,2399.21,2.5132,2.6002,1.989,-456.8125,1172.5359,0.35704
1154.7348,322.1073,316.9343,89.3047,32.49,5.9015,2418.2798,2.597,2.6742,1.9583,-456.8864,1236.9464,0.33813
1154.8872,322.1073,314.7235,86.3542,35.04,5.5638,2432.6001,2.5647,2.6435,1.8598,-456.9625,1206.5557,0.33337
1155.0396,321.548,314.2109,80.4053,35.71,5.2163,2446.1802,2.6035,2.686,1.7803,-457.0682,1223.792,0.3144
1155.192,316.514,315.0119,84.0111,29.24,4.7979,2451.9602,2.6233,2.7091,1.7696,-457.2954,1156.66,0.32044
1155.3444,317.0733,314.0828,83.9129,18.24,4.2815,2447.5,2.6495,2.7401,2.1006,-457.45,1085.6735,0.31082
1155.4968,316.2343,312.8973,89.2231,6.57,3.8642,2427.03,2.6538,2.7539,2.3608,-457.5398,1066.1683,0.31177
1155.6492,316.2343,312.9934,87.8789,-0.61,3.6799,2397.8101,2.4847,2.5766,2.2112,-457.5171,1218.3488,0.29696
1155.8016,312.8782,315.0119,87.6493,9.28,3.7588,2406.21,2.4894,2.5773,2.1166,-457.3864,1377.5602,0.33851
1155.954,313.9968,316.2935,86.4857,17.52,3.8135,2434.73,2.7033,2.7995,2.1895,-457.5063,1388.4465,0.34181
1156.1064,317.9122,314.1148,87.9936,20.98,3.7884,2466.0298,3.0494,3.1595,2.4962,-457.8579,1322.4486,0.34721
1156.2588,317.3529,304.9195,87.6661,11.4,3.6668,2462.47,3.6068,3.7616,2.8412,-457.9375,1276.6357,0.31698
1156.4112,315.3951,303.0291,84.2407,4.6,3.5817,2443.8901,2.6788,2.7538,2.6874,-458.0739,1224.6996,0.31385
1156.5636,315.9547,312.8012,81.9463,3.72,3.5876,2427.05,2.6458,2.7204,2.5998,-458.3523,1202.02,0.31546
1156.716,318.1919,315.4284,81.6183,3.59,3.72,2409.98,2.6709,2.7483,2.2037,-458.7159,1208.3699,0.33991
1156.8684,318.4716,314.1148,82.3394,5.44,3.9418,2402.6599,2.3587,2.424,1.9935,-458.875,1165.506,0.33316
1157.0208,317.6326,315.108,84.9617,14.07,4.1132,2412.79,2.4663,2.5351,2.0032,-458.8068,1129.4448,0.33886
1157.1732,317.9122,316.8702,86.6005,13.97,4.0913,2414.2302,2.5548,2.6203,2.1937,-458.6875,1194.7627,0.34632
1157.3256,317.3529,318.6964,89.9765,11.58,3.9952,2406.3999,2.5403,2.5999,2.4804,-458.5796,1243.9773,0.36522
1157.478,317.0733,319.3372,92.4345,5.86,3.9889,2392.8599,2.4674,2.5184,2.1997,-458.7046,1235.1322,0.35039
1157.6304,315.1157,319.946,93.3033,23.26,4.0697,2421.1099,2.512,2.5581,2.1588,-458.6313,1177.9792,0.3423
1157.7828,314.2765,320.9072,90.0257,25.56,4.0269,2435.55,2.5267,2.5747,2.0604,-458.5568,1180.2471,0.34767
1157.9352,319.0309,321.5159,85.2732,22.54,3.847,2439.77,2.507,2.5578,2.2045,-458.5852,1222.2043,0.32438
1158.0876,320.7088,318.8246,86.0434,5.75,3.7003,2416.3201,2.5612,2.6189,2.2646,-458.825,1244.8838,0.32392
1158.24,319.8698,316.5818,84.3226,14.03,3.6983,2437.3,2.5478,2.602,2.3092,-458.9375,1174.1237,0.32021
1158.3924,316.2343,316.8702,85.47,23.59,3.7352,2469.9099,2.5595,2.6156,2.38,-458.8068,1182.2885,0.31436
1158.5448,315.9547,318.2159,82.6837,23.72,3.669,2483.2002,2.5593,2.6179,2.3585,-458.5063,1186.144,0.3104
1158.6972,315.675,320.2023,82.5033,15.11,3.5064,2476.7302,2.4771,2.5374,2.2814,-458.4375,1183.1962,0.31052
1158.8496,316.2343,320.7149,83.3224,7.22,3.345,2461.02,2.5475,2.6207,2.2969,-458.5171,1164.3711,0.31653
1159.002,318.1919,320.1382,82.8309,8.18,3.2773,2465.04,2.5215,2.5902,2.2484,-458.6023,1177.9792,0.30809
1159.1544,319.0309,319.5935,83.5521,8.27,3.2677,2463.0698,2.4927,2.5593,2.3809,-458.5938,1193.4014,0.28325
1159.3068,318.4716,317.8314,82.0773,5.19,3.3392,2444.6399,2.5402,2.6127,2.2605,-458.6875,1163.9183,0.27948
1159.4592,319.3105,318.6003,83.8801,3.36,3.4852,2425.01,2.5673,2.6398,2.2236,-458.8466,1143.9606,0.28979
1159.6116,319.0309,321.9004,84.9617,3.06,3.66,2413.8201,2.5981,2.6813,2.2522,-458.95,1184.7828,0.32635
1159.764,319.8698,321.1955,86.4367,3.57,3.716,2414.5,2.6384,2.7211,2.339,-459.0114,1227.875,0.34928
1159.9164,319.0309,319.8178,81.3727,2.45,3.7095,2407.48,2.5671,2.6448,2.3063,-459.0114,1213.8131,0.34984
1160.0688,319.8698,319.5935,81.1432,0.62,3.6474,2397.3701,2.4212,2.4845,1.9949,-459.1688,1174.3511,0.3381
1160.2212,319.8698,319.177,81.7986,1.53,3.6705,2397.0498,2.4579,2.5124,1.8704,-459.4489,1183.8762,0.32017
1160.3736,319.5901,321.2275,93.9102,4.25,3.6383,2413.0701,2.5525,2.607,1.8996,-459.5625,1243.9773,0.31668
1160.526,319.0309,322.6053,89.8129,5.0,3.5594,2423.98,2.5828,2.6346,2.183,-459.2563,1232.1832,0.33047
1160.6784,318.1919,320.4586,87.1904,3.92,3.4635,2424.8501,2.5076,2.5596,2.2568,-458.8523,1165.7324,0.3442
1160.8308,316.514,318.8246,78.6842,1.05,3.5611,2412.02,2.4546,2.5072,2.3118,-458.7188,1102.2296,0.3324
1160.9832,318.4716,318.8887,85.8957,-1.07,3.7417,2390.46,2.4855,2.5379,2.4088,-458.7841,1177.9792,0.33238
1161.1356,318.7512,319.7537,83.6507,-0.14,3.9214,2382.71,2.3854,2.4447,2.3086,-458.9489,1233.9984,0.31672
1161.288,316.2343,320.6508,86.0927,1.44,3.9781,2390.72,2.2721,2.3266,2.1433,-458.95,1243.75,0.31899
1161.4404,315.675,282.9404,78.3404,3.13,3.9924,2429.4299,2.4549,2.5165,2.2762,-458.9148,1174.8038,0.29942
1161.5928,313.9968,265.6391,76.8161,2.48,3.9769,2468.5901,3.5594,3.6776,3.3929,-459.1063,1117.6519,0.2806
1161.7452,317.6326,292.8726,70.4077,3.05,3.931,2489.98,3.833,3.9622,4.7572,-459.3921,1174.8038,0.26439
1161.8976,316.514,307.8991,75.046,3.74,3.9476,2469.53,2.8655,2.9305,3.8019,-459.4875,1227.4211,0.29045
1162.05,316.514,323.1179,78.6517,7.11,4.0369,2442.1401,2.419,2.4646,2.5289,-459.5625,1235.8124,0.30614
1162.2024,316.7936,328.9811,87.1251,11.57,4.1512,2431.21,2.3598,2.4054,2.2548,-459.8011,1195.2155,0.34715
1162.3548,316.7936,325.0082,89.0919,13.83,4.2234,2443.52,2.4193,2.4663,2.3683,-459.7159,1149.4027,0.33213
1162.5072,319.8698,320.01,90.2552,15.67,4.2035,2459.5598,2.3995,2.4459,2.3214,-459.4,1135.3418,0.31446
1162.6596,320.9887,317.7673,87.535,13.5,4.0665,2462.5498,2.5301,2.5781,2.4647,-459.0739,1173.4436,0.28781
1162.812,319.5901,319.2731,87.4201,11.35,3.8253,2459.9299,2.547,2.5791,2.5348,-458.8875,1214.7206,0.28867
1162.9644,318.7512,324.1111,88.2234,5.5,3.5779,2445.8201,2.5104,2.5369,2.6385,-458.9829,1238.9878,0.30914
1163.1168,318.4716,326.7063,85.273,1.45,3.4268,2435.05,2.4968,2.5197,2.5755,-459.15,1213.1329,0.34087
1163.2692,318.1919,324.5276,82.9292,-1.65,3.4027,2425.4302,2.5309,2.5708,2.5005,-459.3182,1160.2892,0.33748
1163.4216,317.6326,319.6576,83.4209,-4.17,3.4235,2412.99,2.5772,2.6237,2.4872,-459.4312,1082.2717,0.3608
1163.574,316.514,318.4722,82.6013,-2.64,3.4912,2414.04,2.5977,2.6457,2.4525,-459.3068,1159.609,0.35105
1163.7264,316.514,322.7975,84.7647,11.24,3.5657,2439.28,2.4719,2.5105,2.3884,-459.2557,1314.9639,0.37325
1163.8788,315.675,326.2898,85.7481,14.79,3.6,2452.05,2.4452,2.4821,2.3816,-459.05,1337.417,0.34931
1164.0312,317.0733,327.2189,91.3206,13.76,3.5322,2452.0701,2.4302,2.4638,2.3799,-458.7727,1273.6877,0.35068
1164.1836,316.7936,325.6169,89.5179,4.26,3.3983,2440.53,2.4392,2.4777,2.3783,-458.5284,1209.5037,0.35891
1164.336,318.1919,322.9577,88.0429,5.93,3.2866,2449.76,2.548,2.5947,2.3787,-458.5438,1199.7523,0.34197
1164.4884,318.1919,321.612,84.2733,7.47,3.2116,2456.45,2.5752,2.6234,2.466,-458.8239,1190.2261,0.3323
1164.6408,319.3105,322.7654,83.5849,4.48,3.219,2439.99,2.5044,2.5529,2.4331,-459.0114,1195.6693,0.32186
1164.7932,319.8698,326.0014,83.5851,1.51,3.327,2418.52,2.4313,2.4722,2.407,-459.1125,1163.0109,0.33748
1164.9456,319.3105,326.8344,84.6669,0.45,3.5003,2407.51,2.4591,2.5058,2.3666,-459.125,1136.7021,0.33545
1165.098,317.9122,323.5023,86.4697,1.75,3.6868,2412.3198,2.5736,2.6349,2.5115,-459.1125,1164.1447,0.32894
1165.2504,319.5901,319.8178,87.4695,1.56,3.8615,2411.5,2.7807,2.8672,2.6859,-459.1932,1201.5663,0.34621
1165.4028,320.1495,317.4149,86.5515,1.11,4.011,2399.9199,2.6161,2.6993,2.5212,-459.2898,1209.9575,0.37224
1165.5552,318.1919,318.2479,87.4202,11.15,4.1915,2399.96,2.5467,2.6249,2.3706,-459.5171,1177.0728,0.36463
1165.7076,317.0733,320.8751,88.0592,23.75,4.3502,2412.4199,2.477,2.5473,2.1224,-459.5938,1171.1758,0.33892
1165.86,316.2343,322.2849,91.6813,31.8,4.4036,2441.54,2.3612,2.4204,2.1087,-459.7954,1201.5663,0.31911
1166.0124,315.1157,324.2713,90.8127,24.62,4.2123,2455.6401,2.5178,2.5867,2.1073,-459.75,1213.3593,0.34278
1166.1648,317.6326,321.3237,89.3374,13.53,3.8437,2459.78,2.6553,2.7258,2.3867,-459.6364,1172.0833,0.35203
1166.3172,316.514,314.7235,83.4209,7.4,3.5422,2453.9102,2.834,2.9118,2.6459,-459.6437,1168.0002,0.34266
1166.4696,317.0733,316.6139,83.9293,3.57,3.4451,2436.8899,2.5524,2.6077,2.6814,-459.6704,1179.3405,0.31907
1166.622,318.4716,322.4771,83.2742,5.71,3.5241,2436.8101,2.4274,2.4738,2.425,-460.6023,1190.4534,0.31325
1166.7744,317.9122,324.2072,87.699,8.19,3.5861,2439.73,2.4252,2.4701,2.3119,-473.6364,1187.0516,0.33357
1166.9268,319.8698,323.8228,88.7801,9.03,3.5568,2443.45,2.4818,2.5357,2.2831,-460.3807,1165.506,0.34466
1167.0792,319.5901,322.8616,87.141,6.02,3.498,2434.3501,2.5292,2.5865,2.3946,-460.0341,1182.7423,0.36881
1167.2316,317.0733,321.9324,86.4858,5.99,3.5369,2431.6699,2.4818,2.5403,2.356,-459.8125,1194.7627,0.38621
1167.384,317.3529,323.5985,88.469,8.91,3.612,2441.02,2.4306,2.4845,2.4201,-459.7813,1174.1237,0.37349
1167.5364,317.0733,326.1937,87.6494,8.88,3.5834,2445.4099,2.4435,2.494,2.3902,-459.7784,1186.5979,0.38296
1167.6888,317.3529,326.5461,87.4856,6.07,3.4491,2442.3298,2.4509,2.5013,2.4893,-459.6477,1188.8657,0.36447
1167.8412,318.1919,325.649,82.6016,2.61,3.3152,2432.48,2.5806,2.6363,2.4481,-459.6989,1172.7634,0.37215
1167.9936,317.9122,322.6373,85.5519,2.49,3.2336,2434.28,2.6464,2.7126,2.4758,-459.8188,1175.7114,0.35762
1168.146,317.6326,321.4518,83.4212,0.85,3.1813,2432.48,2.6658,2.7365,2.508,-459.8807,1149.6301,0.34392
1168.2984,319.0309,324.0791,86.1419,1.81,3.1413,2440.9102,2.4879,2.5468,2.4498,-459.8977,1166.1862,0.32899
1168.4508,319.3105,325.681,88.1086,2.48,3.1209,2447.6299,2.5189,2.5782,2.4743,-459.9204,1162.1033,0.35515
1168.6032,320.4294,325.5529,89.5838,0.67,3.1205,2444.3,2.5489,2.611,2.4908,-460.0341,1175.7114,0.33563
1168.7556,318.1919,326.45,85.2567,-1.62,3.127,2436.4199,2.4981,2.558,2.5095,-460.2159,1172.0833,0.34517
1168.908,319.8698,324.6558,83.9454,-2.04,3.1598,2430.9399,2.6339,2.7037,2.5357,-460.1437,1179.3405,0.33043
1169.0604,319.5901,314.9158,84.2729,0.17,3.1942,2433.0801,3.0086,3.1013,2.8131,-460.0966,1161.1967,0.33329
1169.2128,319.3105,311.5196,89.8125,0.55,3.203,2430.03,2.8322,2.9087,2.7269,-460.25,1154.3921,0.32486
1169.3652,317.6326,319.3372,85.1091,-2.05,3.1723,2418.46,2.5944,2.6568,2.6268,-460.325,1139.8776,0.3164
1169.5176,319.8698,323.8548,86.748,-4.01,3.1265,2412.71,2.5594,2.6194,2.3612,-460.4829,1142.8256,0.31578
1169.67,319.0309,325.4247,85.7646,-3.84,3.1069,2415.8599,2.521,2.58,2.459,-460.7046,1177.2991,0.31765
1169.8224,318.1919,326.0014,88.9931,-0.55,3.1237,2429.8899,2.4938,2.5517,2.3914,-460.9937,1185.2366,0.32814
1169.9748,317.9122,323.5985,87.6491,2.92,3.1364,2443.75,2.5245,2.5891,2.4177,-461.3068,1174.1237,0.35681
1170.1272,317.6326,322.0926,83.2242,3.23,3.1083,2446.3899,2.6143,2.6771,2.4537,-461.4438,1157.5676,0.34523
1170.2796,318.7512,323.6625,82.3392,0.84,3.1031,2434.4202,2.6013,2.6634,2.4741,-461.5114,1152.1243,0.32611
1170.432,319.5901,325.649,84.8302,-1.58,3.1195,2420.3,2.5171,2.5685,2.4739,-461.1534,1205.1945,0.3171
1170.5844,317.0733,326.9626,87.7805,-1.53,3.1492,2421.0601,2.562,2.6162,2.4221,-460.95,1192.7212,0.33237
1170.7368,316.7936,326.6102,87.6003,2.0,3.1754,2441.5,2.7055,2.7762,2.6406,-460.9602,1161.8768,0.2979
1170.8892,318.7512,318.4401,83.3394,6.57,3.2018,2464.0801,2.9735,3.0729,2.9402,-461.0688,1195.6693,0.2888
1171.0416,318.7512,312.6089,81.7001,10.39,3.2472,2469.8601,2.8533,2.9411,2.8431,-461.2557,1206.1021,0.29432
1171.194,318.7512,319.8819,82.4374,12.16,3.2528,2462.1101,2.5887,2.6589,2.5961,-461.2437,1158.0214,0.32233
1171.3464,318.7512,327.5714,83.3061,9.85,3.2071,2448.51,2.4867,2.5493,2.3618,-461.2784,1153.9395,0.34353
1171.4988,319.3105,326.482,82.4869,8.51,3.1667,2446.97,2.5159,2.5773,2.4053,-461.4148,1175.2576,0.3529
1171.6512,318.1919,322.6693,77.2424,5.21,3.1448,2442.95,2.5814,2.6437,2.4425,-461.6938,1195.2155,0.35793
1171.8036,320.4294,321.612,76.2096,3.32,3.1736,2437.26,2.6744,2.7376,2.4792,-461.8579,1168.2267,0.34586
1171.956,318.4716,323.1179,81.1755,2.66,3.1787,2436.04,2.5888,2.6417,2.5447,-461.7273,1161.6505,0.33296
1172.1084,318.7512,325.8733,86.42,3.39,3.1546,2439.3101,2.452,2.4904,2.5154,-461.6875,1181.1547,0.33692
1172.2608,319.8698,326.9947,87.4528,4.0,3.1193,2444.1299,2.4321,2.4666,2.4827,-461.4375,1183.1962,0.32842
1172.4132,319.0309,325.5849,86.4205,1.09,3.1442,2433.9099,2.4624,2.5008,2.5195,-461.4875,1171.1758,0.31923
1172.5656,318.1919,322.7014,86.2567,-1.17,3.1793,2427.55,2.654,2.7,2.6062,-461.5568,1164.3711,0.32345
1172.718,318.7512,319.9139,85.8961,-1.16,3.1836,2432.8799,2.7065,2.7548,2.607,-461.5063,1149.8564,0.30683
1172.8704,318.1919,321.9644,81.143,0.08,3.1643,2443.9299,2.5583,2.6008,2.5401,-461.75,1163.4646,0.32059
1173.0228,318.1919,327.0587,77.8652,0.71,3.1592,2449.75,2.4396,2.4761,2.4103,-462.0625,1183.4225,0.33621
1173.1752,317.3529,328.0199,79.8156,1.09,3.1519,2451.4202,2.4078,2.4434,2.4527,-462.2159,1175.9377,0.35827
1173.3276,318.1919,325.8412,81.9951,2.18,3.1312,2456.74,2.4656,2.5033,2.5642,-462.1704,1163.9183,0.3407
1173.48,320.9887,321.1955,84.6175,2.64,3.1464,2459.3899,2.5853,2.6304,2.8117,-462.0688,1172.0833,0.31824
1173.6324,321.8276,316.6459,82.1261,1.82,3.2112,2454.4402,2.6358,2.6813,2.828,-462.0398,1171.8558,0.31159
1173.7848,321.8276,321.7722,84.2077,0.86,3.2876,2445.98,2.4059,2.4247,2.7224,-461.9188,1180.7008,0.32628
1173.9372,326.582,330.1986,92.042,-0.91,3.346,2434.9001,2.372,2.3761,2.5598,-461.8693,1177.7528,0.35604
1174.0896,326.0227,331.5763,95.3525,-0.63,3.3737,2433.8801,2.3532,2.3559,2.5676,-461.9148,1173.4436,0.36659
1174.242,324.3445,329.8782,91.2883,0.05,3.4014,2440.3801,2.3855,2.3928,2.5532,-461.9375,1187.5044,0.34841
1174.3944,326.582,326.482,83.7816,2.15,3.4193,2459.8899,2.435,2.443,2.596,-461.8977,1169.588,0.34852
1174.5468,326.582,323.7266,81.0122,3.12,3.427,2462.8,2.487,2.5028,2.6486,-461.9,1150.3103,0.35329
1174.6992,321.2681,323.6305,84.0932,2.03,3.4165,2449.8799,2.429,2.4459,2.6601,-461.8182,1167.5465,0.371
1174.8516,320.9887,324.9762,86.3713,3.89,3.373,2455.0801,2.42,2.4383,2.5985,-461.6023,1160.5166,0.37973
1175.004,318.1919,320.2984,84.0603,3.56,3.404,2472.4299,2.7608,2.7939,2.9593,-461.6187,1155.7534,0.35427
1175.1564,316.7936,295.1154,77.5537,10.47,3.4687,2512.79,3.7812,3.8832,3.9955,-461.6477,1167.0928,0.27655
1175.3088,314.8358,267.5935,77.5703,10.36,3.4763,2515.01,3.8118,3.9325,4.2408,-461.5909,1182.9686,0.24145
1175.4612,316.7936,288.3871,85.4375,8.37,3.3667,2498.26,2.6735,2.7229,3.3685,-461.4489,1182.9686,0.26723
1175.6136,318.1919,322.3169,89.764,1.44,3.1736,2471.4202,2.4206,2.4523,2.5896,-461.3523,1163.0109,0.31323
1175.766,317.3529,326.7063,86.6498,-0.5,3.0852,2457.7898,2.3892,2.4147,2.4613,-461.4773,1160.743,0.35087
1175.9184,319.5901,325.6169,83.7978,0.48,3.1,2453.4399,2.4102,2.4309,2.405,-461.6125,1184.7828,0.32211
1176.0708,320.9887,326.6102,91.5499,1.71,3.1435,2449.6702,2.3412,2.3593,2.4764,-461.5682,1172.7634,0.33181
1176.2232,320.9887,330.5831,90.4031,0.71,3.2017,2437.6699,2.3082,2.3257,2.4715,-461.6477,1166.64,0.34163
1176.3756,322.6666,336.3822,92.1074,-1.22,3.2212,2424.7798,2.2238,2.2291,2.3927,-461.6136,1187.0516,0.37005
1176.528,322.9463,341.2202,87.1907,-2.96,3.2605,2412.3599,2.1876,2.1924,2.2932,-461.6421,1196.8032,0.37154
1176.6804,322.1073,341.1241,92.1564,0.99,3.2495,2425.3398,2.2229,2.2341,2.1975,-461.6875,1213.3593,0.3428
1176.8328,318.1919,338.1764,90.5178,3.32,3.2156,2435.95,2.3134,2.3271,2.203,-461.675,1201.5663,0.34876
1176.9852,317.9122,335.2608,91.9928,3.47,3.1779,2439.02,2.4234,2.443,2.3328,-461.6302,1160.0629,0.34274
1177.1376,318.4716,327.251,87.3546,-2.26,3.17,2419.22,2.7476,2.7862,2.5284,-461.6375,1180.7008,0.34031
1177.29,318.1919,321.2596,84.0438,-2.99,3.1638,2418.48,2.7555,2.7945,2.6198,-461.6932,1178.8868,0.34254
1177.4424,318.4716,322.7014,83.2243,-2.3,3.168,2420.29,2.6547,2.6877,2.5266,-461.6818,1170.2681,0.3407
1177.5948,317.6326,326.2257,91.091,0.58,3.1607,2426.5698,2.4813,2.52,2.4599,-461.5909,1162.1033,0.36544
1177.7472,317.6326,331.2238,92.2712,1.82,3.1976,2422.1101,2.3762,2.4209,2.3953,-461.6704,1148.0424,0.35298
1177.8996,318.1919,334.588,93.4185,3.54,3.2335,2424.1299,2.2987,2.3474,2.357,-461.8977,1177.0728,0.35423
1178.052,316.2343,336.7987,92.7633,9.13,3.2527,2441.2,2.2133,2.2677,2.2714,-462.0187,1189.3196,0.34961
1178.2044,318.1919,339.3619,97.3519,10.95,3.2322,2456.5798,2.1516,2.2067,2.3017,-462.0966,1162.557,0.38269
1178.3568,318.1919,341.092,100.7936,10.89,3.1974,2465.6501,2.1865,2.2395,2.2802,-462.25,1151.6716,0.38882
1178.5092,318.1919,340.3551,100.4657,3.44,3.153,2464.26,2.23,2.2785,2.3064,-462.4546,1151.2178,0.39899
1178.6616,318.1919,334.2035,98.4992,1.98,3.113,2466.8601,2.3753,2.4223,2.4506,-462.7614,1159.3817,0.38488
1178.814,318.1919,326.4179,92.9271,0.76,3.0683,2462.5298,2.6634,2.7218,2.5581,-462.8813,1184.33,0.36823
1178.9664,317.6326,324.1752,90.8618,1.49,3.0627,2449.6702,2.5032,2.5567,2.6148,-463.0114,1158.0214,0.36343
1179.1188,318.7512,329.4937,90.3702,0.11,3.0525,2441.9602,2.3558,2.4095,2.4672,-463.0739,1147.5886,0.36098
1179.2712,318.1919,335.5492,94.4672,0.89,3.0738,2449.3501,2.2176,2.2653,2.4297,-463.4546,1155.0732,0.38136
1179.4236,319.3105,339.9066,96.9912,1.69,3.0736,2459.5999,2.0568,2.105,2.3667,-464.1563,1164.3711,0.39829
1179.576,318.1919,343.9115,96.8271,1.92,3.1159,2459.8601,1.9219,1.9638,2.2573,-464.4943,1194.9891,0.40042
1179.7284,318.7512,347.0513,97.319,1.23,3.1402,2454.6499,1.8788,1.9151,2.1763,-464.0739,1187.9583,0.39717
1179.8808,319.3105,346.9873,94.2378,2.7,3.2132,2456.7102,2.0016,2.0379,2.2263,-463.4813,1160.2892,0.39032
1180.0332,318.4716,337.9201,95.9589,3.41,3.2759,2462.3401,2.2061,2.2392,2.4043,-463.0966,1155.2998,0.39689
1180.1856,318.7512,327.5073,87.6001,4.23,3.3715,2467.1399,2.5962,2.6447,2.4544,-462.3636,1163.9183,0.35778
1180.338,318.1919,328.4364,83.6507,1.57,3.4041,2456.8401,2.1719,2.2027,2.3447,-461.5,1167.3202,0.36073
1180.4904,317.6326,338.5929,81.2742,0.47,3.3771,2455.9099,2.0344,2.063,2.1653,-461.0454,1159.3817,0.37779
1180.6428,317.9122,345.7377,84.8799,-2.88,3.3432,2456.3701,1.9976,2.0343,2.105,-461.275,1159.1553,0.3917
1180.7952,319.0309,344.8727,92.4516,-0.83,3.3699,2488.49,1.9791,2.0197,2.2242,-461.3068,1186.5979,0.38457
1180.9476,317.9122,338.5929,93.5986,2.01,3.4847,2515.52,1.924,1.9709,1.2421,-461.2671,1197.0306,0.37597
1181.1,317.6326,337.3754,97.8598,4.92,3.5292,2525.8301,1.8491,1.8964,1.243,-461.0812,1165.0524,0.40532
1181.2524,319.8698,342.4056,97.5155,5.37,3.4821,2508.46,1.9792,2.032,1.2169,-460.8921,1160.743,0.40232
1181.4048,321.2681,345.7057,97.5158,4.34,3.3848,2484.8699,1.9417,1.9839,2.1603,-460.7046,1171.6294,0.42026
1181.5572,320.9887,345.2251,96.3195,6.03,3.3654,2478.3899,1.9741,2.0189,2.1853,-460.95,1195.2155,0.41733
1181.7096,319.5901,342.9823,94.0252,6.59,3.4023,2475.1899,2.0088,2.0587,2.2008,-461.2216,1194.7627,0.38052
1181.862,319.8698,343.3027,98.6795,11.56,3.4363,2480.9001,1.9777,2.0286,2.1617,-460.7,1184.7828,0.35575
1182.0144,319.8698,345.7698,97.4174,12.47,3.4198,2477.1599,1.9867,2.0457,2.0951,-459.8579,1164.3711,0.33423
1182.1668,319.5901,344.1998,98.6137,12.95,3.3991,2475.6101,2.0074,2.0713,2.1763,-458.7386,1173.8972,0.3666
1182.3192,320.1495,339.6823,96.9093,8.63,3.3792,2467.05,2.0896,2.167,2.1667,-458.7159,1179.7933,0.38433
1182.4716,320.7088,342.3095,98.3845,6.58,3.3863,2460.97,1.91,1.9764,2.0387,-459.0187,1168.9078,0.41506
1182.624,320.9887,347.9805,94.0576,7.08,3.3953,2464.78,1.912,1.9772,1.9648,-459.2329,1172.5359,0.42534
1182.7764,321.2681,343.5911,95.0415,10.22,3.419,2472.79,2.0391,2.1074,2.0399,-459.1818,1148.4962,0.39356
1182.9288,322.1073,338.7852,93.0255,9.54,3.4533,2467.7,2.1024,2.169,2.0607,-459.3687,1165.2787,0.35785
1183.0812,322.1073,341.1881,96.6475,7.04,3.5262,2450.02,2.0003,2.0532,2.0233,-459.6023,1159.8354,0.37027
1183.2336,321.8276,341.7648,94.6638,4.13,3.6522,2433.5,2.0541,2.106,1.9939,-459.875,1154.8459,0.39353
1183.386,323.2259,342.1173,101.2692,6.09,3.7777,2435.9399,1.9673,2.0042,1.9968,-460.1375,1176.3915,0.42659
1183.5384,327.421,344.5523,106.1858,11.64,3.8225,2452.8999,1.928,1.9552,1.9856,-460.0511,1175.485,0.42054
1183.6908,328.2599,345.7057,107.6284,12.01,3.7571,2462.73,2.0154,2.0463,1.9954,-459.8693,1177.5255,0.41117
1183.8432,327.1411,347.0513,105.3333,12.39,3.6535,2474.03,1.9187,1.945,2.0507,-459.975,1197.7108,0.38667
1183.9956,318.7512,348.4931,99.4337,9.14,3.5532,2475.79,1.9154,1.9411,2.1213,-459.9886,1180.2471,0.41403
1184.148,316.7936,347.8844,95.1068,5.71,3.4735,2469.75,1.9166,1.9404,2.1464,-459.9716,1165.506,0.42813
1184.3004,315.9547,346.9552,94.2877,0.78,3.4229,2456.3601,1.9433,1.9723,2.1322,-460.0812,1171.6294,0.42911
1184.4528,315.9547,346.4746,94.1232,-1.87,3.3606,2451.02,1.9112,1.9346,2.106,-460.1307,1178.8868,0.38478
1184.6052,316.7936,346.795,97.0078,-0.35,3.2893,2459.5398,1.8499,1.8668,2.0488,-459.9318,1171.6294,0.36068
1184.7576,316.7936,347.7562,94.5491,1.85,3.1648,2472.6702,1.9062,1.9268,2.0238,-459.6818,1174.8038,0.36345
1184.91,317.0733,345.7698,97.1229,3.51,3.162,2480.5901,1.9752,2.0041,2.1284,-459.5187,1164.3711,0.3724
1185.0624,317.0733,342.1493,98.778,5.94,3.1895,2488.74,2.0134,2.0458,2.2267,-459.5227,1188.8657,0.38104
1185.2148,316.514,341.4765,97.7949,8.07,3.2498,2496.76,2.0212,2.0591,2.2827,-459.5625,1199.2985,0.37195
1185.3672,317.3529,343.1425,96.1721,5.32,3.2494,2492.8999,1.9722,2.017,2.2824,-459.5796,1180.2471,0.39914
1185.5196,321.548,342.5338,92.4026,-0.42,3.27,2481.97,1.9867,2.0338,2.26,-459.6364,1179.3405,0.42691
1185.672,322.6666,333.1462,87.8134,-3.02,3.2884,2474.5,2.171,2.227,2.3638,-459.9091,1176.1652,0.41432
1185.8244,323.5056,323.2781,86.8626,-1.1,3.2675,2472.74,2.4878,2.5748,2.6618,-460.1193,1176.3915,0.38654
1185.9768,323.7852,324.3994,88.0755,0.72,3.222,2465.3,2.4153,2.5066,2.7851,-460.1136,1196.123,0.35964
1186.1292,321.2681,331.2879,94.3036,-0.51,3.1976,2450.3401,2.3336,2.4296,2.6708,-460.1875,1193.4014,0.36958
1186.2816,316.514,336.9269,96.2703,-3.12,3.1929,2437.45,2.3016,2.4017,2.5312,-460.1875,1187.5044,0.38633
1186.434,317.0733,337.3754,95.3852,-0.62,3.1825,2446.95,2.3157,2.4199,2.5117,-460.0568,1184.7828,0.39571
1186.5864,319.0309,333.0822,90.3045,5.19,3.1657,2462.77,2.4231,2.5385,2.5045,-459.8352,1167.5465,0.3903
1186.7388,317.3529,327.6675,89.8127,9.29,3.1319,2473.5798,2.5181,2.6436,2.4954,-459.3466,1169.8143,0.39546
1186.8912,316.2343,321.7722,90.4687,9.5,3.1119,2470.8801,2.6893,2.8292,2.5613,-458.6648,1172.9897,0.35375
1187.0436,316.7936,320.6829,92.9599,4.72,3.1539,2463.5601,2.5813,2.7076,2.5173,-458.0625,1186.3705,0.34738
1187.196,317.0733,326.3539,88.3711,1.65,3.3105,2474.1699,2.4343,2.5441,2.4699,-457.9943,1220.1639,0.36234
1187.3484,317.3529,332.8579,86.8958,-7.36,3.5726,2476.0498,2.3074,2.4113,2.4185,-458.2727,1187.0516,0.40036
1187.5008,317.9122,335.7414,85.3881,-13.35,3.7752,2474.72,2.1756,2.2682,2.55,-458.1818,1192.9476,0.398
1187.6532,318.4716,333.9152,88.6659,-12.93,3.7993,2469.9099,2.2282,2.3216,2.4912,-458.0284,1196.123,0.36788
1187.8056,318.1919,330.7433,88.9935,-3.62,3.6382,2474.03,2.2799,2.3685,2.786,-458.0909,1198.391,0.37949
1187.958,320.1495,328.9811,92.9268,5.13,3.4562,2475.5901,2.4298,2.5207,2.9267,-458.2727,1212.6792,0.38457
1188.1104,319.8698,329.6539,96.9584,8.05,3.3529,2467.2598,2.3812,2.4587,2.9449,-458.4716,1200.8861,0.36119
1188.2628,319.8698,332.5695,97.2865,6.37,3.3529,2451.6599,2.4292,2.5102,2.6657,-458.5187,1187.9583,0.35515
1188.4152,318.7512,336.6065,97.9417,5.07,3.4517,2452.5,2.4297,2.5175,2.5178,-458.7443,1183.1962,0.3386
1188.5676,315.3951,340.8036,91.7798,3.61,3.68,2464.3601,2.3195,2.4075,2.598,-458.9091,1177.0728,0.32594
1188.72,319.8698,338.9774,91.9434,2.53,3.9388,2481.5901,2.3292,2.4143,2.5982,-458.8068,1177.9792,0.32508
1188.8724,319.3105,326.1937,88.174,4.39,4.0551,2495.5498,2.3795,2.4716,2.7715,-458.9773,1173.8972,0.3364
1189.0248,319.8698,315.4925,86.6988,9.23,3.9341,2504.0801,2.3163,2.3978,2.7647,-459.2954,1163.0109,0.37044
1189.1772,321.8276,323.1499,88.3378,11.6,3.6865,2508.79,2.2906,2.368,2.7226,-459.2188,1192.9476,0.36793
1189.3296,320.9887,335.1647,91.0094,10.33,3.4794,2506.6899,2.2861,2.3671,2.5665,-459.0114,1205.6482,0.37883
1189.482,318.4716,337.9201,95.1071,4.93,3.3465,2493.1799,2.2349,2.3163,2.5087,-458.9125,1201.5663,0.37097
1189.6344,318.7512,337.0871,92.3208,1.85,3.2813,2473.6499,2.2202,2.3057,2.6141,-459.1477,1197.7108,0.37567
1189.7868,319.8698,335.0045,92.3209,-1.42,3.2262,2450.5,2.197,2.2813,2.6243,-459.2954,1194.309,0.39188
1189.9392,319.8698,333.5307,89.2064,-0.75,3.2426,2440.8801,2.1683,2.2455,2.509,-459.1812,1199.071,0.40004
1190.0916,319.8698,334.9404,90.0262,2.01,3.3045,2444.1399,2.1981,2.2662,2.2896,-458.6648,1188.4119,0.40223
1190.244,320.7088,339.2978,88.4032,4.68,3.391,2451.77,2.1713,2.2394,2.153,-457.9659,1187.0516,0.42447
1190.3964,320.4294,342.6299,88.2395,4.17,3.4378,2453.51,2.1267,2.1906,2.1212,-457.5125,1208.3699,0.43851
1190.5488,317.6326,340.3231,89.0916,3.4,3.4403,2461.71,2.1831,2.2575,2.235,-457.5454,1208.1436,0.42799
1190.7012,316.7936,337.0871,88.2069,3.23,3.4411,2469.3799,2.2309,2.3086,2.3352,-457.4937,1192.0411,0.40499
1190.8536,317.3529,338.9133,91.5994,5.27,3.4605,2478.95,2.1125,2.1839,2.3272,-457.2841,1182.7423,0.38121
1191.006,318.4716,341.3804,93.3696,6.5,3.478,2472.1001,2.0568,2.1184,2.1727,-457.0114,1181.8348,0.40217
1191.1584,319.8698,342.3095,95.3361,5.54,3.4694,2460.8401,2.0287,2.0882,2.0938,-456.7813,1190.4534,0.37482
1191.3108,321.2681,343.7192,95.0575,2.41,3.4338,2446.5598,2.0107,2.0676,2.0546,-456.7273,1184.1027,0.38131
1191.4632,318.1919,344.8086,94.1889,-1.45,3.4004,2436.6201,2.0047,2.0621,2.0703,-456.6534,1173.8972,0.35827
1191.6156,318.7512,345.3853,92.8778,-3.79,3.3749,2431.72,2.0362,2.0952,2.1742,-456.525,1185.464,0.37654
1191.768,318.1919,346.4426,91.2388,-5.01,3.3337,2432.46,1.9809,2.0398,2.272,-456.5398,1185.9177,0.35638
1191.9204,317.0733,347.7562,89.6162,-3.9,3.2797,2441.3701,2.0417,2.0992,2.2804,-456.4148,1170.7219,0.38167
1192.0728,317.0733,346.8271,91.5826,0.29,3.2747,2457.4001,2.1764,2.2485,2.164,-456.0063,1197.0306,0.40925
1192.2252,318.1919,343.4309,94.8606,3.93,3.3542,2464.46,2.17,2.236,2.099,-455.8579,1226.5137,0.44246
1192.3776,317.6326,340.5153,95.9422,5.99,3.4339,2465.98,2.1087,2.1721,2.1344,-455.8125,1200.8861,0.41659
1192.53,317.6326,337.5036,96.4342,4.05,3.4708,2454.6499,2.08,2.1402,2.262,-455.6125,1179.567,0.39384
1192.6824,317.6326,335.1006,95.9751,2.05,3.4043,2452.1501,2.0584,2.1181,2.3211,-455.5,1189.5459,0.40727
1192.8348,317.0733,336.5424,96.5653,1.18,3.3289,2454.01,2.0284,2.087,2.3113,-455.4063,1198.8446,0.44288
1192.9872,318.4716,340.6755,94.1072,1.64,3.2699,2461.8499,2.0265,2.0813,2.2776,-455.6761,1188.8657,0.43836
1193.1396,319.8698,341.5726,96.4511,2.98,3.24,2471.4402,2.0314,2.0917,2.3654,-455.9318,1194.7627,0.39402
1193.292,322.6666,338.1123,98.3849,5.69,3.2628,2482.8701,2.1005,2.1606,2.2938,-455.85,1202.4738,0.36009
1193.4444,322.387,337.5356,100.843,6.86,3.2742,2486.55,2.0352,2.0905,2.2324,-455.6591,1217.4423,0.35413
1193.5968,319.8698,342.5338,102.0721,7.28,3.3116,2488.5701,2.0182,2.0718,2.1848,-455.2614,1211.999,0.36451
1193.7492,320.4294,348.0766,100.6298,4.08,3.2892,2485.8699,1.9649,2.0154,2.2313,-455.1125,1206.1021,0.38128
1193.9016,320.7088,349.4223,100.6299,2.36,3.2726,2480.9202,1.8595,1.9002,2.2486,-455.1136,1200.205,0.37812
1194.054,318.1919,346.8271,96.8767,-1.45,3.3043,2462.5601,2.1326,2.1763,2.1506,-455.2102,1186.8242,0.38785
1194.2064,317.3529,343.4629,93.2712,-0.89,3.363,2454.1399,2.181,2.2262,2.1516,-455.0625,1202.9266,0.38644
1194.3588,317.3529,340.9318,93.4354,-0.94,3.3959,2452.27,2.1844,2.2302,2.1158,-455.125,1223.3383,0.41187
1194.5112,317.0733,338.3687,90.0099,0.84,3.3556,2459.6099,2.1874,2.2326,2.1773,-455.0852,1212.4528,0.38761
1194.6636,318.1919,337.5997,94.9265,0.37,3.3032,2459.51,2.1358,2.1795,2.2197,-454.8579,1206.3284,0.37355
1194.816,316.7936,340.0667,99.1874,1.41,3.2964,2463.48,2.039,2.0814,2.232,-455.0511,1201.5663,0.36515
1194.9684,317.0733,342.7901,98.2861,3.73,3.3393,2469.45,2.0132,2.0606,2.1553,-455.6875,1196.8032,0.36445
1195.1208,316.7936,342.5658,96.9751,5.87,3.3953,2475.3599,2.0098,2.0639,2.1792,-455.8409,1207.0095,0.36632
1195.2732,317.6326,339.6502,95.9915,5.26,3.3812,2476.8401,2.0478,2.1051,2.209,-455.5114,1192.9476,0.35305
1195.4256,318.7512,337.3434,98.0076,2.5,3.3555,2469.1401,2.085,2.1431,2.267,-454.6989,1212.9055,0.38507
1195.578,319.8698,337.8881,94.2216,-0.07,3.3508,2456.5598,2.0919,2.15,2.3437,-454.6364,1199.7523,0.36138
1195.7304,320.1495,338.5609,90.6161,-0.36,3.3823,2447.47,2.0954,2.1491,2.3363,-454.8693,1209.5037,0.38484
1195.8828,319.8698,337.6638,93.4023,3.22,3.41,2452.3101,2.0866,2.1435,2.3046,-455.1023,1206.1021,0.3653
1196.0352,318.7512,337.9521,97.6798,7.83,3.4469,2460.3801,2.0873,2.143,2.2892,-455.1648,1189.7732,0.37572
1196.1876,319.3105,338.0482,99.3186,9.23,3.4776,2462.6702,2.0899,2.1521,2.2658,-455.2329,1204.5143,0.35965
1196.34,317.9122,337.5356,99.5646,7.71,3.502,2460.2102,2.0783,2.1456,2.2313,-455.2329,1217.4423,0.37364
1196.4924,318.7512,338.1444,103.9896,5.14,3.4997,2460.96,2.0249,2.0928,2.2563,-455.175,1221.7516,0.4174
1196.6448,320.7088,339.7463,101.8591,5.14,3.4792,2467.3401,1.9832,2.0476,2.2481,-455.3466,1205.1945,0.41224
1196.7972,320.1495,341.7007,103.252,5.35,3.4443,2471.1499,2.0021,2.0619,2.2181,-455.2046,1195.6693,0.42051
1196.9496,319.8698,342.1813,97.8436,5.45,3.3902,2475.3899,2.024,2.0859,2.1249,-455.1364,1188.4119,0.39635
1197.102,320.9887,340.6755,98.4336,3.68,3.3032,2473.96,2.0563,2.1107,2.1781,-455.2898,1212.2253,0.42767
1197.2544,319.8698,338.4327,95.8114,3.29,3.2314,2480.53,2.092,2.1453,2.3603,-455.3864,1202.9266,0.41337
1197.4068,322.1073,338.8492,94.8279,1.64,3.1864,2477.03,2.1072,2.1648,2.4215,-455.2329,1202.2465,0.42251
1197.5592,319.8698,340.9959,97.3519,2.57,3.2216,2479.22,1.9928,2.0438,2.3362,-455.2313,1220.1639,0.41639
1197.7116,317.0733,344.6484,98.4992,1.16,3.2657,2468.6899,1.8911,1.9384,2.1401,-455.3693,1223.3383,0.40725
1197.864,317.6326,347.4999,103.5799,1.15,3.3023,2465.46,1.864,1.9092,2.0896,-455.6704,1217.8961,0.3728
1198.0164,319.3105,348.0766,103.0884,0.77,3.3547,2459.3699,1.8671,1.9105,2.0336,-455.9091,1214.947,0.36914
1198.1688,319.5901,348.1727,109.9714,1.58,3.3769,2459.95,1.8475,1.8943,2.0382,-455.7784,1193.4014,0.40338
1198.3212,318.4716,348.7815,106.0384,2.47,3.3747,2460.6299,1.8486,1.8835,1.5059,-455.5398,1201.5663,0.42729
1198.4736,319.0309,350.9601,102.4324,2.51,3.3525,2459.99,1.9109,1.9425,1.4952,-455.3352,1226.9674,0.4425
1198.626,320.4294,355.2214,92.3863,0.9,3.3707,2451.8,1.89,1.9159,1.5298,-455.1688,1216.9884,0.42476
1198.7784,320.4294,354.3884,93.5334,-0.24,3.3898,2449.3301,1.8024,1.8279,2.0255,-455.2954,1208.1436,0.43408
1198.9308,319.3105,350.7359,97.7947,-0.73,3.3943,2452.03,1.7568,1.7753,1.9562,-455.3068,1216.0809,0.48559
1199.0832,319.3105,351.2485,100.3021,-0.82,3.4068,2454.0,1.8159,1.8344,1.9082,-455.1625,1225.1533,0.49833
1199.2356,319.3105,351.5689,98.1715,-0.84,3.4596,2449.3799,1.8276,1.8505,1.9396,-455.1079,1230.5966,0.46604
1199.388,319.8698,352.4019,93.4183,2.17,3.5155,2453.1602,1.8337,1.8544,1.9405,-455.2313,1202.02,0.47132
1199.5404,320.1495,353.7476,90.5505,5.98,3.5131,2465.1101,1.8083,1.8304,1.9415,-455.2557,1205.1945,0.46649
1199.6928,319.8698,354.7408,88.9113,6.99,3.4654,2471.1399,1.7228,1.7389,1.9263,-455.3296,1198.8446,0.46341
1199.8452,319.8698,355.4457,92.5993,4.58,3.4149,2468.04,1.7437,1.7591,1.9589,-455.35,1202.02,0.42923
1199.9976,319.8698,355.2855,100.384,2.86,3.3699,2467.1699,1.7829,1.7993,1.959,-455.1307,1238.7604,0.43775
1200.15,318.4716,354.3564,106.9393,2.18,3.3745,2466.1702,1.7905,1.8068,1.92,-454.9034,1229.2352,0.43859
1200.3024,318.7512,353.4592,106.6932,2.14,3.3817,2465.6899,1.8023,1.8199,1.9234,-455.0562,1148.4962,0.43048
1200.4548,319.8698,352.0495,99.0889,1.0,3.3897,2460.72,1.8452,1.8641,1.9436,-455.2727,1127.6307,0.42533
1200.6072,320.9887,352.2097,93.8447,0.71,3.3453,2463.49,1.8666,1.8859,1.9396,-455.3563,1217.6686,0.41716
1200.7596,319.3105,354.3884,92.8616,0.05,3.2762,2467.54,1.8109,1.8324,1.9272,-455.7898,1322.2222,0.41101
1200.912,318.1919,355.0612,95.0249,-1.87,3.2381,2465.45,1.7747,1.7988,1.9591,-456.4829,1437.4338,0.41603
1201.0644,318.7512,354.7729,98.1386,-1.77,3.2259,2465.1101,1.7672,1.7937,1.9892,-456.875,1474.4026,0.461
1201.2168,319.3105,356.0865,98.8272,-1.01,3.2569,2459.1001,1.7849,1.8172,1.9865,-457.4204,1484.6079,0.47538
1201.3692,319.0309,355.4136,100.6626,4.41,3.3015,2465.97,1.8331,1.8687,1.9975,-457.5562,1457.8455,0.45246
1201.5216,318.7512,351.665,95.7624,6.6,3.3382,2467.04,1.8564,1.8937,2.0703,-455.2557,1368.2614,0.41569
1201.674,318.7512,348.8135,98.6793,8.79,3.3461,2474.0801,1.8583,1.8961,2.1381,-452.6375,1359.1899,0.41591
1201.8264,319.8698,348.6533,96.3028,5.79,3.3176,2467.29,1.8693,1.908,2.1481,-451.8906,1304.5321,0.40167
1201.9788,319.0309,349.3582,104.8089,4.09,3.2918,2464.5801,1.8813,1.9256,2.1495,-451.825,1235.5861,0.40659
1202.1312,317.6326,348.9096,102.0721,1.61,3.2987,2455.72,1.854,1.9051,2.162,-452.0114,1237.6266,0.4199
1202.2836,317.9122,349.4223,106.0874,1.33,3.3185,2453.0798,1.8708,1.9233,2.1477,-452.3921,1230.3691,0.43313
1202.436,317.9122,351.5369,101.6623,1.01,3.3447,2448.3999,1.8976,1.9526,2.1102,-452.7614,1181.6084,0.43566
1202.5884,318.1919,351.9854,103.6454,1.31,3.3227,2452.1401,1.9032,1.9587,2.0655,-453.0688,1094.2911,0.40103
1202.7408,318.4716,351.2485,100.0396,0.88,3.3189,2452.05,1.8567,1.9112,2.1548,-453.375,1130.8062,0.41271
1202.8932,323.5056,348.8135,102.4981,2.17,3.319,2459.0601,1.9402,1.9939,2.2291,-453.5688,1275.2755,0.39021
1203.0456,321.2681,343.9115,97.024,2.42,3.3237,2459.3101,1.983,2.0401,2.2982,-453.6761,1362.1379,0.41493
1203.198,321.548,342.1493,94.0904,1.84,3.332,2455.55,1.9369,1.9903,2.2508,-453.4886,1278.6772,0.42757
1203.3504,321.8276,345.962,91.468,0.27,3.3411,2447.0898,1.9145,1.9643,2.2171,-453.0739,1231.5031,0.4198
1203.5028,322.6666,349.8708,100.3674,-0.34,3.3582,2442.6799,1.8032,1.8507,2.1714,-452.6187,1211.3188,0.41213
1203.6552,323.5056,348.429,105.7597,0.29,3.3647,2447.7798,1.7651,1.8078,2.1491,-452.8182,1218.8026,0.39833
1203.8076,323.5056,343.9115,104.6124,1.65,3.3807,2460.02,1.8559,1.9037,1.8979,-452.6364,1215.4008,0.40522
1203.96,319.3105,340.7716,97.4012,3.14,3.4077,2473.29,1.8873,1.9358,1.8294,-452.15,1206.7822,0.42686
1204.1124,317.6326,341.3163,96.5818,3.01,3.4047,2477.3401,1.8778,1.9284,1.8014,-451.4829,1214.0404,0.42056
1204.2648,316.514,344.328,97.598,1.02,3.3957,2465.3201,1.8349,1.885,2.0581,-450.9148,1219.7101,0.42707
1204.4172,317.6326,345.2571,97.057,0.37,3.3527,2455.6101,1.8636,1.9124,2.0407,-451.1534,1230.3691,0.43712
1204.5696,317.6326,343.3348,94.5984,2.86,3.3433,2455.46,2.0766,2.1366,2.0901,-451.4091,1242.3896,0.45684
1204.722,317.6326,341.6046,94.9586,6.25,3.3426,2462.8799,2.0497,2.1037,2.2452,-451.2954,1216.5348,0.45984
1204.8744,320.1495,342.4377,98.8925,8.02,3.3722,2466.97,2.0346,2.0823,2.305,-451.0187,1215.6271,0.43829
1205.0268,320.4294,345.4814,95.6147,6.84,3.3461,2468.8,1.9995,2.0419,2.2453,-451.1591,1220.6166,0.4412
1205.1792,321.548,346.731,96.2051,3.1,3.3187,2463.23,1.977,2.0134,2.1907,-450.9886,1208.8236,0.45695
1205.3316,320.9887,347.3397,93.1728,-0.42,3.2694,2458.8699,1.9328,1.9633,2.1424,-450.8239,1207.916,0.48978
1205.484,322.1073,348.0125,99.5646,-3.84,3.257,2453.45,1.9077,1.9279,2.1731,-450.6079,1209.05,0.47035
1205.6364,321.2681,346.6348,95.3034,-4.99,3.247,2454.26,1.9789,1.9969,2.1668,-450.5909,1218.3488,0.41235
1205.7888,321.8276,345.0969,93.7462,-4.81,3.2441,2456.45,1.9426,1.9513,2.183,-450.6023,1219.7101,0.38563
1205.9412,319.3105,343.8154,91.1241,1.05,3.2443,2471.3298,1.9709,1.9796,2.1931,-450.7841,1225.3796,0.39396
1206.0936,318.1919,343.3668,97.1883,9.19,3.2391,2490.1899,1.9888,1.9916,2.1642,-450.7784,1207.0095,0.40024
1206.246,319.3105,343.4309,101.81,11.33,3.2318,2502.28,1.9251,1.9241,2.1243,-450.6591,1187.2781,0.39865
1206.3984,317.9122,342.9503,102.6295,10.02,3.2195,2498.53,1.9668,1.9659,2.1159,-450.7687,1210.4114,0.38821
1206.5508,317.0733,342.3095,98.368,4.58,3.2279,2482.1802,2.0446,2.0471,2.1361,-450.5341,1202.9266,0.39403
1206.7032,317.0733,342.7581,98.8272,2.8,3.3333,2465.1301,1.9632,1.9617,2.1813,-450.5114,1220.3903,0.43608
1206.8556,316.7936,343.1746,97.8436,-1.95,3.4695,2445.5601,1.9718,1.9688,2.192,-450.7727,1224.0194,0.48509
1207.008,318.4716,341.4444,97.0242,-5.44,3.5224,2438.0801,1.9782,1.9762,2.2832,-450.875,1231.5031,0.49481
1207.1604,320.1495,338.5288,94.4021,-7.53,3.4817,2440.6499,2.0139,2.0203,2.3141,-450.8125,1237.1737,0.40554
1207.3128,320.9887,337.055,91.1788,-7.13,3.4358,2450.79,1.8876,1.9147,2.3094,-450.8523,1265.5229,0.40684
1207.4652,321.2681,337.6317,92.9654,-6.69,3.4416,2453.74,1.8968,1.9368,2.2692,-450.8693,1280.9451,0.40462
1207.6176,321.2681,339.7143,94.7681,-4.92,3.4479,2457.1599,1.9272,1.9707,2.2448,-450.7216,1306.7999,0.4412
1207.77,320.7088,340.9318,101.4328,-2.62,3.479,2462.8101,1.9344,1.9804,2.3552,-450.6364,1308.8405,0.41335
1207.9224,319.5901,332.4734,101.4489,0.48,3.7002,2471.8298,2.005,2.0534,2.4258,-450.475,1320.8608,0.40008
1208.0748,318.1919,303.8301,98.1711,-0.81,3.9471,2465.3599,2.6132,2.6886,2.5537,-450.2841,1268.2445,0.34963
1208.2272,315.675,280.3773,90.7964,-3.24,4.0824,2461.3599,3.4191,3.5476,2.4364,-450.0625,1194.5353,0.33324
1208.3796,319.8698,280.5374,86.8138,-6.07,3.9834,2465.9099,3.4743,3.6224,2.4422,-449.4091,1217.8961,0.31599
1208.532,319.3105,290.4376,88.2887,-7.79,3.843,2479.6902,3.4541,3.6233,2.439,-449.0938,1246.699,0.32223
1208.6844,318.7512,306.9059,91.0745,-9.88,3.7279,2488.6501,2.9529,3.0847,2.4195,-449.0682,1243.2971,0.33136
1208.8368,318.7512,318.9848,93.4185,-12.33,3.6259,2490.2598,2.571,2.6806,2.5448,-449.0562,1231.0493,0.36
1208.9892,319.0309,320.5227,93.4186,-10.02,3.5993,2500.3201,2.3691,2.4723,2.6022,-449.125,1207.2358,0.38986
1209.1416,319.8698,321.1635,92.8453,-2.87,3.6545,2514.1399,2.1987,2.2861,3.013,-448.9886,1224.6996,0.39446
1209.294,319.5901,301.299,91.5339,12.88,3.7335,2546.75,2.4297,2.527,3.2966,-449.075,1214.7206,0.34769
1209.4464,319.8698,289.957,87.9283,19.72,3.7226,2551.3799,2.3199,2.3696,3.3713,-449.1989,1189.9996,0.31188
1209.5988,318.7512,310.4943,88.8295,16.8,3.6457,2534.4299,2.0383,2.0605,2.6614,-449.2125,1220.1639,0.31973
1209.7512,319.3105,326.8344,92.1237,5.45,3.5972,2497.6599,1.9183,1.9182,2.2985,-449.1761,1211.3188,0.36921
1209.9036,320.9887,335.0686,95.0736,-0.57,3.636,2477.78,1.9559,1.9485,2.1874,-449.1704,1168.6804,0.39218
1210.056,319.3105,339.2657,97.237,-0.22,3.6983,2476.6099,1.9538,1.9439,2.2868,-448.9438,1193.8552,0.41727
1210.2084,318.4716,338.7211,99.1874,0.14,3.7032,2474.05,1.9724,1.9522,2.2854,-448.8409,1213.5867,0.41318
1210.3608,318.1919,334.0433,107.2345,1.87,3.6061,2482.1899,2.112,2.0995,2.3035,-448.8937,1231.5031,0.41191
1210.5132,318.1919,329.75,105.5631,1.57,3.468,2491.23,2.2014,2.1896,2.1832,-448.9546,1223.792,0.3923
1210.6656,314.8358,327.0267,100.6462,0.54,3.4377,2498.1301,2.1454,2.1317,2.1523,-448.9688,1175.7114,0.39305
1210.818,315.9547,322.445,93.7956,0.11,3.5182,2499.9102,2.0496,2.0363,2.1469,-449.1079,1185.2366,0.38277
1210.9704,315.9547,311.9681,96.9093,5.69,3.6373,2510.0701,2.0601,2.0644,2.3144,-449.2437,1242.3896,0.37276
1211.1228,317.3529,304.7272,95.7622,6.21,3.6279,2511.73,2.0023,2.0178,2.2921,-449.325,1282.3054,0.34646
1211.2752,318.1919,316.0051,97.7453,6.76,3.5369,2507.6201,2.0014,2.0254,2.26,-449.5,1275.9556,0.36867
1211.4276,319.5901,319.145,94.6314,2.73,3.4806,2495.0801,2.0691,2.1032,2.2399,-449.5171,1221.9779,0.35877
1211.58,319.5901,307.1302,99.4662,4.23,3.5301,2503.4202,2.1098,2.1525,2.4367,-449.675,1207.916,0.36886
1211.7324,318.7512,302.1641,92.6156,4.46,3.6834,2512.01,2.0067,2.0541,2.4086,-449.6818,1239.2142,0.3714
1211.8848,317.6326,311.4235,91.3046,4.09,3.8864,2514.0701,1.9726,2.0268,2.3447,-449.7062,1250.5544,0.40832
1212.0372,318.4716,294.3464,86.0766,8.59,4.0929,2516.9402,2.5033,2.6164,2.7046,-449.9625,1245.1113,0.37314
1212.1896,317.3529,298.031,90.895,11.28,4.1159,2516.99,2.0666,2.1463,2.5796,-450.2614,1237.8539,0.35225
1212.342,318.1919,336.7987,96.5819,9.5,3.9335,2499.0698,1.8262,1.8924,2.3358,-450.325,1224.4722,0.32672
1212.4944,320.4294,344.4882,99.761,4.66,3.6559,2479.45,1.7259,1.7823,1.968,-450.4261,1236.0388,0.357
1212.6468,320.9887,348.1086,98.5482,1.32,3.4772,2467.2598,1.7258,1.7737,1.9861,-450.6938,1217.2148,0.36209
1212.7992,322.1073,352.5942,94.828,3.62,3.3852,2481.9199,1.7306,1.7783,1.9571,-450.9125,1216.0809,0.38097
1212.9516,319.0309,352.9146,97.0574,2.41,3.3362,2479.6399,1.7235,1.7731,1.9595,-451.0227,1226.5137,0.36805
1213.104,317.3529,350.6077,99.4007,1.21,3.287,2477.7998,1.7255,1.7771,1.9696,-450.95,1194.309,0.40264
1213.2564,318.1919,350.2553,98.4339,0.47,3.2754,2476.5,1.7262,1.7771,1.9563,-450.4943,1171.1758,0.44613
1213.4088,317.0733,351.8893,100.3021,0.85,3.3018,2476.8201,1.6827,1.7194,1.8944,-450.3937,1194.7627,0.45241
1213.5612,317.0733,353.3311,99.9416,1.99,3.3681,2476.1602,1.5069,1.5067,1.8094,-450.5739,1224.2458,0.43602
1213.7136,317.9122,354.2282,103.0061,4.38,3.4806,2476.8,1.3486,1.33,1.7594,-450.85,1241.4821,0.41609
1213.866,315.9547,356.0865,100.2197,11.66,3.5856,2491.96,1.3784,1.3556,1.8036,-451.1761,1221.9779,0.43782
1214.0184,316.2343,364.5449,95.5328,13.47,3.6398,2495.0,1.3929,1.3705,1.7787,-451.3687,1187.7318,0.44656
1214.1708,316.2343,370.8246,95.7129,13.09,3.5995,2493.0898,1.4055,1.3827,1.6813,-451.5739,1202.02,0.47209
1214.3232,317.9122,370.1198,97.1878,7.1,3.4974,2477.2,1.4185,1.3958,1.5962,-451.7687,1225.6062,0.46421
1214.4756,317.3529,369.3508,97.7286,4.68,3.4192,2465.78,1.4226,1.4,1.5147,-451.9943,1248.2866,0.45001
1214.628,317.6326,371.6256,94.1394,2.11,3.4138,2452.5701,1.4532,1.4283,1.5134,-452.2159,1251.4611,0.43455
1214.7804,317.0733,367.6848,92.6809,2.67,3.4895,2451.4102,1.5067,1.477,1.56,-452.5063,1234.6786,0.44907
1214.9328,318.4716,358.938,94.7458,4.21,3.5617,2452.6001,1.5425,1.5127,1.6711,-452.6023,1228.7815,0.44982
1215.0852,319.8698,356.8234,93.2873,5.85,3.6221,2450.8401,1.5848,1.553,1.7402,-452.5227,1265.0691,0.43192
1215.2376,318.4716,356.8554,90.9768,6.85,3.6318,2445.8201,1.5975,1.5759,1.7679,-452.4813,1231.2767,0.42448
1215.39,317.9122,356.5671,85.8961,5.85,3.6046,2438.3699,1.5725,1.5678,1.7317,-452.7898,1241.4821,0.40264
1215.5424,318.1919,356.4389,82.2905,2.57,3.5345,2429.8601,1.5527,1.5587,1.7071,-453.125,1270.286,0.40769
1215.6948,320.9887,357.4001,79.0124,-0.42,3.4319,2426.73,1.5509,1.5597,1.7239,-453.3296,1221.9779,0.40335
1215.8472,322.1073,356.8875,82.9294,-2.35,3.3656,2426.1702,1.5475,1.5633,1.7917,-453.2557,1153.4856,0.44494
1215.9996,318.1919,358.6817,87.502,-1.31,3.3604,2434.0,1.6473,1.688,1.8182,-453.1625,1143.0529,0.43503
1216.152,316.7936,347.2756,86.24,0.57,3.4635,2442.6001,2.3907,2.4844,1.9721,-453.3523,1246.4716,0.42597
1216.3044,317.9122,322.6693,82.1593,15.59,3.5957,2479.1702,2.5054,2.6024,2.1945,-453.7875,1331.52,0.37098
1216.4568,316.514,310.8147,77.767,16.36,3.6214,2494.72,2.6104,2.7197,2.6792,-454.4204,1291.8315,0.33129
1216.6092,317.9122,304.9515,80.3401,15.49,3.5477,2504.1499,2.8205,2.9482,2.8709,-454.8687,1227.4211,0.32081
1216.7616,318.1919,297.8387,80.8151,6.04,3.5119,2489.2002,2.7756,2.9047,3.2457,-453.5909,1200.205,0.31708
1216.914,316.7936,308.0914,78.9797,11.11,3.5371,2491.8799,2.2285,2.3271,2.7252,-450.5398,1214.2668,0.33266
1217.0664,318.1919,323.5023,75.6852,10.91,3.5552,2476.9102,2.0399,2.1398,2.543,-450.175,1240.1217,0.32846
1217.2188,318.4716,322.9897,76.3572,6.25,3.4992,2461.2,2.4518,2.6003,2.5198,-450.4034,1273.234,0.32897
1217.3712,317.0733,316.4216,76.3898,3.14,3.4145,2460.8701,2.4792,2.6209,2.7458,-450.6875,1249.1931,0.3482
1217.5236,318.1919,312.705,77.7175,5.2,3.3515,2477.02,2.5414,2.6751,2.8501,-451.0114,1224.6996,0.33689
1217.676,318.4716,312.8973,77.2257,5.96,3.2977,2485.3599,2.427,2.5392,2.6478,-451.3312,1216.9884,0.35243
1217.8284,317.6326,318.8246,83.7486,5.38,3.3013,2483.6599,2.2088,2.284,2.6131,-451.7216,1204.7417,0.33956
1217.9808,318.1919,322.7975,92.4352,5.22,3.3275,2484.3599,2.3419,2.4027,2.657,-452.1704,1193.8552,0.35442
1218.1332,318.1919,317.1906,93.7463,10.37,3.3567,2499.24,2.3214,2.3606,2.6986,-452.1938,1200.4324,0.33492
1218.2856,317.6326,314.3391,94.4351,13.19,3.3485,2503.0898,2.2293,2.2627,2.7779,-452.0682,1245.5649,0.35801
1218.438,317.3529,325.7772,90.1735,11.7,3.3019,2489.6099,1.8857,1.8998,2.2852,-452.0938,1245.5649,0.39704
1218.5904,317.0733,346.1542,92.3042,6.71,3.2665,2463.95,1.5836,1.5846,1.9951,-452.3977,1217.2148,0.41554
1218.7428,318.4716,356.0544,94.4671,5.22,3.2723,2452.01,1.5918,1.5856,1.8314,-452.6313,1206.5557,0.42292
1218.8952,319.0309,351.665,92.6647,6.86,3.3234,2452.27,1.6508,1.6406,1.9275,-452.7159,1210.6377,0.39309
1219.0476,320.9887,346.1542,90.0425,6.8,3.3663,2450.04,1.742,1.7238,2.047,-452.9188,1221.0704,0.3843
1219.2,322.387,346.4746,82.6511,3.95,3.4006,2435.7,1.7325,1.7083,2.0614,-453.0187,1238.7604,0.37652
1219.3524,320.7088,346.1222,79.9632,2.03,3.4177,2425.9299,1.8711,1.8354,2.0698,-453.1818,1228.1013,0.36159
1219.5048,319.8698,344.0717,78.4881,2.25,3.4457,2428.6599,1.9766,1.9339,2.2035,-453.325,1215.4008,0.36958
1219.6572,319.0309,343.7192,82.8149,2.19,3.4878,2436.4299,2.0718,2.0291,2.2856,-453.5341,1195.4429,0.3636
1219.8096,319.3105,345.0649,83.8964,1.58,3.5152,2442.26,2.0403,2.0004,2.4162,-453.35,1187.2781,0.38252
1219.962,319.8698,340.259,86.6822,0.6,3.5581,2442.1301,2.1194,2.089,2.3991,-453.2375,1231.9569,0.39937
1220.1144,319.8698,335.9657,84.5189,-1.84,3.5694,2428.1199,2.004,1.9821,2.3668,-453.4375,1246.2451,0.40882
1220.2668,318.7512,343.6231,85.6009,-0.59,3.5106,2429.5,1.9379,1.9232,2.2497,-453.6563,1217.4423,0.41027
1220.4192,318.4716,345.4494,84.6178,0.36,3.3823,2429.24,1.6125,1.6036,1.9279,-453.8864,1227.6476,0.42294
1220.5716,318.4716,340.6435,86.2403,2.66,3.2878,2434.8901,1.4988,1.4934,1.779,-454.1563,1236.2662,0.42323
1220.724,318.1919,339.1376,88.043,1.85,3.2821,2425.6301,1.628,1.6293,1.7567,-454.3813,1234.2247,0.41148
1220.8764,319.0309,337.7599,89.8459,1.9,3.304,2420.23,1.7198,1.726,1.8849,-454.3636,1250.1007,0.38058
1221.0288,319.5901,336.2861,90.9274,2.42,3.3129,2417.1199,1.7194,1.727,1.9331,-454.4688,1239.2142,0.38075
1221.1812,321.548,332.5375,87.8622,2.59,3.3325,2415.95,1.7965,1.8089,1.8833,-454.8312,1239.668,0.38515
1221.3336,321.2681,327.4112,85.5677,3.95,3.4276,2427.55,1.8986,1.9146,2.0349,-455.3693,1256.9042,0.41106
1221.486,320.4294,324.1111,82.8638,2.53,3.5393,2457.1399,2.0212,2.0454,2.2267,-455.2938,1264.6154,0.38833
1221.6384,319.8698,322.2528,84.3065,3.0,3.6451,2477.5,2.0512,2.0832,2.462,-454.6193,1217.4423,0.37833
1221.7908,322.387,326.6102,87.5844,1.02,3.749,2467.98,1.9912,2.0346,2.5042,-454.675,1148.4962,0.3413
1221.9432,323.5056,334.4598,88.1251,2.33,3.7971,2441.98,1.9333,1.9848,2.3826,-455.2841,1063.6741,0.36648
1222.0956,323.2259,336.19,87.9447,1.97,3.7891,2421.9402,1.9246,1.9726,2.2912,-455.7,1002.666,0.37975
1222.248,321.548,335.4531,86.3057,2.8,3.6738,2423.1301,1.9155,1.9665,2.2104,-456.0938,928.05,0.42448
1222.4004,318.7512,334.9725,84.8636,2.64,3.5591,2429.78,1.9566,2.0072,2.2111,-456.1989,1248.7394,0.43728
1222.5528,318.1919,329.9102,87.7482,1.97,3.5028,2438.02,2.0818,2.1347,2.2103,-456.2,1671.0344,0.42855
1222.7052,317.6326,328.885,89.0591,1.27,3.4479,2447.4399,2.0643,2.1136,2.2276,-456.4148,1606.624,0.39512
1222.8576,317.6326,331.1598,95.5492,0.34,3.4133,2450.4299,2.0009,2.0404,2.2357,-456.6125,1573.9656,0.37502
1223.01,317.9122,330.6151,98.0729,0.5,3.3412,2456.96,1.9911,2.0255,2.2715,-456.8188,1529.0604,0.37358
1223.1624,317.9122,328.8209,98.0733,0.89,3.3018,2459.0098,2.0555,2.0864,2.1831,-457.6989,1439.2489,0.37529
1223.3148,317.6326,324.5917,95.0083,2.36,3.2861,2462.3799,2.039,2.0679,1.9863,-466.0511,1374.3848,0.37709
1223.4672,320.7088,329.8141,91.2225,5.46,3.3442,2463.1602,1.8211,1.8318,1.8381,-457.0438,1330.386,0.37523
1223.6196,319.3105,340.6755,92.3695,13.47,3.4272,2471.5801,1.7292,1.7268,1.7839,-457.1989,1290.6967,0.38763
1223.772,319.0309,344.0076,89.4847,20.94,3.4582,2484.1699,1.6871,1.6772,1.8495,-457.5125,1256.9042,0.39169
1223.9244,319.3105,343.7833,87.2396,22.78,3.4156,2490.22,1.7167,1.6986,1.8173,-457.4829,1217.4423,0.37695
1224.0768,319.3105,344.9367,86.6333,14.21,3.3504,2475.77,1.7085,1.6803,1.7868,-457.3625,1241.0283,0.37349
1224.2292,319.8698,347.2436,92.9762,5.77,3.3328,2456.3999,1.6538,1.6224,1.6979,-457.1136,1265.9767,0.39438
1224.3816,319.3105,349.166,99.3681,1.57,3.3442,2444.0999,1.5924,1.5579,1.7023,-457.1193,1251.9147,0.40449
1224.534,319.0309,350.2873,99.7285,2.95,3.3449,2448.02,1.5875,1.5537,1.7198,-457.2313,1200.8861,0.40776
1224.6864,318.7512,348.9417,95.1398,3.9,3.2967,2458.8301,1.5873,1.5584,1.7854,-457.4432,1165.2787,0.39194
1224.8388,318.7512,344.6163,90.7145,5.27,3.2806,2478.1201,1.646,1.6228,1.8552,-457.3579,1231.5031,0.36687
1224.9912,320.1495,341.092,88.9119,6.94,3.3141,2492.1201,1.7027,1.688,2.0022,-457.2813,1349.8911,0.33929
1225.1436,320.4294,343.2066,88.7477,8.18,3.3975,2495.23,1.6928,1.6892,2.0058,-457.5,1330.386,0.34622
1225.296,320.4294,349.6145,87.7642,6.46,3.4321,2477.9202,1.6178,1.6235,1.9143,-457.4438,1260.306,0.36287
1225.4484,321.548,353.3311,86.8628,2.26,3.4544,2451.6301,1.829,1.8473,1.8495,-457.2614,1238.7604,0.3867
1225.6008,319.8698,342.6299,82.9292,0.13,3.4167,2439.9199,2.2242,2.2646,2.1142,-457.3352,1225.6072,0.38852
1225.7532,319.8698,319.7217,82.5687,-0.04,3.3548,2442.8301,2.4467,2.5048,2.495,-457.7614,1229.2352,0.35969
1225.9056,319.3105,307.803,81.749,1.81,3.2768,2458.3699,2.4788,2.5525,2.8041,-458.2625,1219.2563,0.31779
1226.058,319.3105,309.1487,85.5353,1.94,3.2634,2464.24,2.3562,2.4358,2.758,-459.1477,1223.1118,0.29445
1226.2104,320.1495,310.7506,86.8793,1.88,3.2853,2466.6299,2.3557,2.4424,2.6524,-460.1187,1247.1516,0.28815
1226.3628,320.1495,311.2633,86.2567,0.31,3.316,2461.3499,2.3393,2.4329,2.6185,-459.2216,1262.3474,0.30094
1226.5152,319.8698,311.7439,85.0929,-0.22,3.3168,2458.3,2.357,2.4608,2.5767,-456.0057,1223.3383,0.31095
1226.6676,319.3105,315.8129,81.9789,-0.74,3.3027,2454.73,2.2451,2.3451,2.4571,-454.6023,1227.4211,0.34212
1226.82,318.7512,320.0741,78.3733,0.73,3.2582,2458.95,2.12,2.2036,2.3647,-454.3875,1222.8855,0.35833
1226.9724,320.4294,319.0168,81.8149,3.51,3.2423,2468.05,2.1423,2.2147,2.3067,-454.4148,1242.8434,0.3426
1227.1248,319.3105,318.5683,88.0921,6.23,3.255,2477.8499,2.0719,2.124,2.3732,-454.6421,1258.9457,0.32483
1227.2772,319.8698,323.246,95.2705,6.26,3.2833,2479.79,1.9991,2.0393,2.3089,-454.9091,1228.7815,0.34546
1227.4296,321.8276,329.5578,95.2707,6.48,3.3091,2483.0698,1.9511,1.9823,2.1627,-455.2625,1235.1322,0.35949
1227.582,320.7088,333.2103,92.7628,6.22,3.327,2479.6902,1.9162,1.9403,2.094,-455.5568,1236.4926,0.37939
1227.7344,319.8698,334.6841,90.993,10.12,3.3741,2484.22,1.8849,1.8917,2.0808,-455.8636,1203.3804,0.36673
1227.8868,319.3105,334.588,88.3708,10.78,3.4108,2481.8398,1.9236,1.9206,2.1938,-456.225,1208.5972,0.36235
1228.0392,320.7088,328.6607,87.5515,12.32,3.4455,2485.23,1.9821,1.9761,2.2174,-456.4204,1216.5348,0.38687
1228.1916,319.8698,323.1179,85.8795,9.23,3.4174,2480.9302,1.9874,1.985,2.2646,-456.4125,1231.0493,0.35963
1228.344,319.8698,326.6102,90.0096,5.95,3.3953,2473.3701,1.9909,1.9851,2.2413,-456.4716,1237.1737,0.36813
1228.4964,319.8698,330.6472,88.2068,-0.75,3.4073,2451.9199,1.9915,1.9875,2.2379,-456.675,1233.0908,0.34988
1228.6488,319.5901,330.519,90.5998,-4.11,3.4124,2441.0,2.001,1.9981,2.2899,-456.8807,1217.4423,0.38413
1228.8012,320.7088,330.519,86.142,-3.19,3.3795,2445.8499,1.9848,1.9628,2.3074,-457.0375,1223.3383,0.3579
1228.9536,320.1495,329.686,88.2073,2.47,3.3137,2469.5498,1.9314,1.934,2.367,-457.25,1210.6377,0.34787
1229.106,319.3105,328.5646,85.683,6.49,3.2799,2484.1799,1.9591,1.9605,2.3401,-457.4602,1231.9569,0.33593
1229.2584,318.7512,330.6792,86.8299,5.97,3.2505,2481.54,1.9591,1.9605,2.3082,-457.5938,1239.4417,0.35541
1229.4108,319.3105,332.7938,87.9114,5.19,3.2642,2478.8599,1.9562,1.96,2.2104,-457.8352,1221.0704,0.36609
1229.5632,319.8698,333.2423,91.1568,4.89,3.3114,2479.3501,1.9543,1.9539,2.1329,-457.9688,1221.0704,0.37642
1229.7156,320.4294,333.2423,91.4026,4.65,3.3904,2479.0,1.9511,1.9538,2.1566,-457.8523,1231.5031,0.39077
1229.868,320.1495,330.0704,94.4675,4.01,3.4339,2479.28,1.9528,1.9547,2.1918,-457.6812,1247.8329,0.38943
1230.0204,319.8698,328.3083,91.0255,2.82,3.4457,2479.1101,1.9623,1.9629,2.2347,-457.8188,1268.6982,0.39122
1230.1728,320.1495,328.4364,90.4847,3.29,3.4209,2487.0901,2.1382,2.1434,2.2088,-458.0511,1235.1322,0.38732
1230.3252,319.8698,327.8597,82.7324,2.83,3.3598,2490.0898,2.0877,2.0878,2.2449,-458.2443,1220.1639,0.37449
1230.4776,319.8698,330.551,88.1414,0.04,3.3115,2477.8599,1.9848,1.9812,2.2715,-458.4,1234.2247,0.38196
1230.63,319.5901,335.389,91.0258,-1.03,3.3048,2467.3201,1.9095,1.9055,2.2673,-458.5938,1233.3173,0.40929
1230.7824,319.5901,339.5862,98.4668,-0.41,3.3532,2461.1199,1.8682,1.8628,2.2652,-458.8977,1233.5446,0.43471
1230.9348,320.9887,341.6687,97.9421,2.82,3.4099,2467.0,1.8233,1.8158,2.1629,-459.0625,1249.647,0.4171
1231.0872,319.8698,343.5911,99.7777,7.36,3.4464,2480.99,1.7689,1.7629,1.9832,-459.2386,1238.7604,0.43929
1231.2396,318.1919,347.2115,100.2693,10.78,3.4273,2491.8101,1.6582,1.6528,1.8652,-459.2375,1250.1007,0.42765
1231.392,317.819,350.031,100.63,9.52,3.376,2489.95,1.6436,1.6344,1.7956,-458.9716,1240.8019,0.42381
1231.5444,319.3105,351.2165,99.6467,5.7,3.3136,2479.0398,1.6672,1.6586,1.8235,-458.9875,1251.0082,0.41344
1231.6968,320.7088,349.5825,96.9422,0.67,3.2991,2461.55,1.6875,1.679,1.8622,-459.6307,1250.1007,0.41471
1231.8492,320.7088,346.1863,95.1395,0.81,3.2981,2460.3201,1.7476,1.7422,1.9295,-460.0313,1233.3173,0.40405
1232.0016,322.387,345.0329,93.0251,0.75,3.2734,2458.3899,1.7673,1.7628,1.8975,-459.3239,1228.3276,0.38732
1232.154,322.1073,346.4106,95.5655,1.21,3.1986,2461.6599,1.754,1.7486,1.8305,-458.45,1225.6062,0.40703
1232.3064,321.548,347.8203,92.8611,1.62,3.0999,2467.96,1.7306,1.726,1.7897,-458.4204,1221.0704,0.39698
1232.4588,321.8276,347.0834,92.681,1.84,3.0213,2473.72,1.7322,1.7306,1.813,-458.7875,1246.0188,0.40294
1232.6112,321.548,344.5523,89.7312,3.28,3.0106,2482.4399,1.7658,1.7692,1.8874,-459.1023,1241.9358,0.38728
1232.7636,320.9887,342.5338,91.8946,3.85,3.0777,2482.1301,1.8104,1.8169,1.9276,-458.9659,1221.0704,0.37165
1232.916,322.387,343.8794,95.0082,6.62,3.2107,2483.73,1.7738,1.7827,1.9015,-458.8875,1216.0809,0.35649
1233.0684,318.4716,346.3785,95.4181,7.91,3.3179,2477.9602,1.7297,1.7363,1.8321,-459.0057,1220.3903,0.38268
1233.2208,320.9887,346.3465,96.6145,13.49,3.3685,2485.45,1.7241,1.734,1.8393,-459.0125,1238.7604,0.40285
1233.3732,320.4294,345.0329,92.239,11.31,3.3492,2479.73,1.7126,1.7222,1.8285,-459.0688,1243.75,0.45067
1233.5256,320.9887,345.3853,96.9096,7.09,3.3395,2472.0,1.726,1.7314,1.8231,-459.0568,1219.7101,0.41371
1233.678,320.7088,347.4679,97.1554,-1.31,3.3561,2456.28,1.6834,1.6826,1.7985,-459.2125,1222.8855,0.39398
1233.8304,320.9887,349.198,100.941,-1.56,3.4004,2459.26,1.6741,1.6683,1.7892,-459.2216,1225.1533,0.39267
1233.9828,320.1495,350.2873,97.4992,1.93,3.436,2469.8801,1.665,1.6586,1.7632,-459.15,1211.999,0.41138
1234.1352,320.4294,352.6583,103.809,6.62,3.4568,2481.6301,1.64,1.6308,1.7338,-459.2841,1237.4001,0.40824
1234.2876,320.7088,353.235,101.613,7.53,3.4711,2477.01,1.6441,1.6335,1.731,-459.4886,1262.3474,0.42887
1234.44,320.9887,351.8893,103.6291,8.66,3.4653,2482.3899,1.6315,1.6227,1.7638,-459.4562,1242.3896,0.47062
1234.5924,320.9887,352.7223,99.4827,7.44,3.4285,2480.53,1.6162,1.6072,1.7722,-459.2727,1245.7914,0.52409
1234.7448,320.9887,353.8437,100.3023,6.26,3.3889,2477.3301,1.5867,1.5786,1.7729,-459.2625,1245.1113,0.53424
1234.8972,319.8698,353.9719,98.9418,1.66,3.4,2451.6799,1.58,1.5733,1.7134,-459.4091,1241.2556,0.50465
1235.0496,318.1919,353.7476,93.1729,0.07,3.4507,2444.01,1.5603,1.5547,1.7098,-459.7313,1249.8733,0.46415
1235.202,319.3105,354.901,90.8781,0.88,3.4953,2458.49,1.6368,1.6321,1.8148,-459.6421,1235.1322,0.43868
1235.3544,320.9887,350.9601,85.9287,4.01,3.5287,2483.5601,2.0259,2.0371,2.0751,-459.75,1214.0404,0.40929
1235.5068,319.8698,343.7833,85.9285,6.55,3.5611,2493.3101,1.9119,1.9172,2.2087,-460.2159,1232.4106,0.373
1235.6592,319.8698,343.1105,85.2732,6.66,3.5494,2482.8101,1.8685,1.8759,2.0876,-460.4716,1215.6271,0.33196
1235.8116,320.1495,344.3921,87.9775,4.72,3.4962,2464.8499,1.8318,1.8427,1.9808,-460.5562,1243.75,0.3403
1235.964,320.1495,344.1037,91.1734,2.42,3.4164,2454.01,1.826,1.8385,1.9815,-460.7671,1247.3792,0.35905
1236.1164,319.8698,343.6872,92.2551,2.3,3.4186,2453.4299,1.8428,1.8613,1.975,-461.0438,1241.4821,0.36646
1236.2688,320.7088,343.7513,93.353,5.49,3.4555,2465.0,1.8199,1.8398,2.0303,-461.5573,1208.3699,0.38154
1236.4212,318.4716,344.1037,94.1236,8.75,3.5181,2473.6699,1.8134,1.8312,1.9938,-461.4034,1198.8446,0.36836
1236.5736,318.7512,344.4882,93.2056,8.58,3.5163,2473.52,1.8115,1.8286,2.0004,-460.7188,1226.0598,0.38282
1236.726,319.0309,344.6484,94.6809,6.09,3.4887,2466.4299,1.7788,1.7923,1.9726,-460.6704,1267.5634,0.40339
1236.8784,320.4294,341.9891,96.6636,5.37,3.4694,2466.3999,1.7854,1.7927,1.9944,-461.1023,1238.7604,0.42099
1237.0308,319.8698,336.6706,98.7944,6.11,3.4744,2468.9199,1.8224,1.828,1.9909,-461.3693,1187.9583,0.42661
1237.1832,322.1073,336.0298,93.7135,7.93,3.48,2474.9702,1.7642,1.7647,1.9684,-461.8021,1120.8271,0.40437
1237.3356,322.9463,341.925,89.8129,4.8,3.4806,2462.26,1.7305,1.7281,1.9483,-462.3296,1044.6228,0.38485
1237.488,322.6666,346.0901,89.3208,5.84,3.4856,2463.6499,1.7489,1.7419,1.9381,-462.6146,961.6158,0.38912
1237.6404,320.9887,346.1542,87.846,7.59,3.4864,2467.97,1.7501,1.739,1.9607,-462.8854,1085.2197,0.37381
1237.7928,318.4716,344.9047,90.796,8.13,3.4495,2472.28,1.7503,1.739,2.0021,-463.1146,1490.2775,0.40675
1237.9452,317.6326,345.7057,92.5993,7.43,3.426,2470.76,1.749,1.7417,2.0493,-463.4943,1598.4592,0.41706
1238.0976,317.3529,347.4358,101.1216,3.59,3.415,2457.53,1.7494,1.7424,2.0067,-463.4286,1533.3687,0.46249
1238.25,317.0733,344.296,98.3765,4.5,3.4543,2458.8699,1.7551,1.746,1.9476,-463.5865,1488.6898,0.43124
1238.4024,318.7512,339.8745,97.9255,3.7,3.4866,2456.5498,1.6972,1.6916,1.9047,-464.1394,1418.8373,0.42155
1238.5548,317.3529,340.8036,98.4037,3.04,3.5364,2453.8,1.8432,1.8519,1.9168,-464.8393,1357.6022,0.40001
1238.7072,318.7512,345.6096,97.0514,2.17,3.5277,2454.3201,1.7437,1.7552,1.8705,-464.7708,1295.4597,0.405
1238.8596,318.7512,348.365,93.0645,0.82,3.5397,2452.28,1.7371,1.7488,1.8491,-464.75,1231.9569,0.39023
1239.012,318.1919,345.8659,87.7632,1.27,3.5334,2458.98,1.7392,1.7503,1.9381,-465.1313,1230.5966,0.36044
1239.1644,318.1919,338.0803,85.4057,1.44,3.5522,2460.8201,1.7334,1.7467,2.0419,-465.625,1243.5234,0.36165
1239.3168,319.0309,331.8967,84.9899,4.44,3.5797,2469.1501,1.7339,1.7437,2.0978,-465.7437,1248.7394,0.35345
1239.4692,318.1919,332.2491,90.5014,13.15,3.6682,2474.4302,1.7398,1.7444,2.0202,-465.4034,1247.6055,0.34814
1239.6216,340.0059,331.4802,94.17,18.05,4.1031,2441.1099,1.6371,1.6479,1.9645,-465.4716,1227.4211,0.3381
1239.774,353.9891,329.9743,102.8098,21.86,4.9597,2391.8201,1.5222,1.5338,1.0287,-465.9937,1227.6476,0.32269
1239.9264,317.6326,357.2399,98.5158,28.76,5.7478,2373.3301,1.4535,1.4627,0.5927,-466.325,1226.2874,0.3367
1240.0788,318.4716,358.7458,101.1708,41.12,5.7689,2428.4302,1.5387,1.5534,0.5838,-466.5852,1242.616,0.36259
1240.2312,318.4716,340.6755,97.5486,37.05,4.9948,2468.3699,1.5116,1.5381,0.9643,-466.8,1231.2767,0.37891
1240.3836,318.1919,350.3194,96.7947,24.61,4.2255,2472.4399,1.4434,1.4708,1.6724,-467.3239,1227.4211,0.37751
1240.536,319.5901,354.2602,94.0906,12.27,3.9694,2439.6501,1.6202,1.6489,1.7343,-468.2625,1224.6996,0.39148
1240.6884,320.9887,352.0815,90.321,12.15,4.0576,2417.9299,1.7563,1.7811,1.6291,-469.0739,1230.5966,0.41424
1240.8408,319.8698,344.1678,88.8786,16.38,4.0506,2409.24,1.7622,1.779,1.711,-468.2375,1235.1322,0.45357
1240.9932,318.7512,341.7328,81.6674,11.65,3.8424,2388.1399,1.7107,1.7241,1.8831,-466.4875,1242.8434,0.47704
1241.1456,319.3105,347.9164,82.3231,9.57,3.6372,2382.6899,1.6452,1.6526,1.9651,-465.6023,1236.4926,0.48743
1241.298,319.8698,354.068,78.8979,3.04,3.5021,2376.8201,1.5547,1.5581,1.8828,-465.5739,1236.2662,0.49627
1241.4504,320.1495,360.8604,83.0442,3.42,3.4891,2383.01,1.4522,1.4498,1.7264,-465.4625,1212.9055,0.50869
1241.6028,320.9887,369.2547,88.78,6.94,3.4809,2394.3101,1.3271,1.3182,1.5869,-465.7841,1227.1938,0.50582
1241.7552,321.8276,371.6577,89.8614,13.73,3.4549,2413.49,1.2512,1.2351,1.5115,-466.2273,1268.6982,0.45218
1241.9076,323.2259,371.946,92.32,20.37,3.3801,2433.45,1.2692,1.2413,1.4512,-466.7625,1255.0902,0.42736
1242.06,320.4294,375.983,87.0759,18.24,3.2624,2434.8701,1.2214,1.187,1.3939,-466.3687,1207.2358,0.43092
1242.2124,319.3105,378.2898,87.9775,10.39,3.1923,2420.6399,1.1768,1.1378,1.3512,-465.8579,1156.66,0.44382
1242.3648,319.0309,375.3102,91.2554,2.54,3.1499,2408.1799,1.203,1.161,1.3901,-465.6688,1212.2253,0.46267
1242.5172,318.1919,375.4383,91.911,0.39,3.1707,2401.8198,1.1884,1.1439,1.4315,-465.7102,1300.903,0.47561
1242.6696,317.6326,380.4044,99.3025,1.32,3.1767,2398.7998,1.1692,1.1267,1.396,-465.9204,1305.8925,0.52928
1242.822,317.6326,381.8141,98.8108,0.65,3.3294,2380.8401,1.2078,1.1634,1.3867,-466.0812,1224.6996,0.52165
1242.9744,318.1919,379.3471,97.1883,-1.1,3.4233,2360.0,1.2291,1.1866,1.4692,-466.1648,1205.8756,0.50437
1243.1268,319.8698,376.1752,86.224,-2.84,3.5184,2342.76,1.2631,1.2208,1.6048,-466.125,1190.6798,0.46696
1243.2792,321.548,373.2596,79.3567,-2.21,3.4558,2341.8701,1.3783,1.3353,1.6907,-465.6591,1220.3903,0.46111
1243.4316,320.7088,370.8567,81.1431,-0.61,3.4283,2348.3,1.4158,1.3794,1.543,-465.6591,1243.75,0.44736
1243.584,320.1495,371.5615,88.6818,-0.49,3.3997,2346.96,1.4066,1.3735,1.5074,-465.9821,1250.327,0.46719
1243.7364,320.1495,373.2276,91.7467,-1.04,3.3968,2341.1602,1.3959,1.3664,1.4757,-466.2356,1234.2247,0.44382
1243.8888,320.1495,372.8752,90.1078,-1.36,3.3839,2338.6399,1.3925,1.3844,1.589,-466.1812,1216.0809,0.4547
1244.0412,318.4716,369.2227,85.0274,-1.28,3.3808,2339.9702,1.4904,1.5301,1.6391,-466.1136,1226.5137,0.41792
1244.1936,319.3105,363.84,82.9841,-0.49,3.3957,2341.5598,1.6399,1.7186,1.7388,-466.2614,1255.5439,0.4212
1244.346,319.3105,361.405,84.2018,0.38,3.4481,2337.5,1.7081,1.7941,1.8409,-466.4943,1254.6364,0.41266
1244.4984,318.7512,361.0526,81.9072,1.83,3.4949,2331.48,1.723,1.8117,1.9393,-466.65,1250.5544,0.42747
1244.6508,320.0565,361.0526,87.4248,3.78,3.5603,2323.99,1.9508,2.0615,2.0938,-466.4943,1221.5242,0.44075
1244.8032,320.7088,358.169,78.9961,4.66,3.5967,2314.6301,2.1788,2.3095,2.2912,-466.6477,1246.9253,0.46294
1244.9556,320.7088,346.1222,80.4219,3.32,3.6629,2301.79,2.2565,2.3883,2.5738,-467.0562,1291.3778,0.43418
1245.108,321.548,350.031,68.1301,1.73,3.6865,2301.8701,2.3649,2.5018,2.8857,-467.4546,1307.2528,0.40785
1245.2604,322.387,368.5498,65.6717,1.74,3.6866,2315.25,2.6805,2.8268,3.0045,-467.8875,1255.7704,0.38015
1245.4128,321.548,374.8936,60.2633,1.76,3.6549,2327.01,2.6554,2.7915,3.0168,-467.7954,1228.3276,0.38165
1245.5652,322.1073,375.8868,63.7052,1.73,3.5161,2337.5198,2.3415,2.4497,2.7009,-467.7671,1210.1849,0.36085
1245.7176,321.548,376.0791,70.7031,1.22,3.369,2342.45,1.8172,1.8845,2.1109,-468.0688,1209.9575,0.40598
1245.87,321.8276,376.6237,79.6029,2.01,3.2341,2351.78,1.4376,1.4702,1.7184,-468.5511,1215.6271,0.41414
1246.0224,319.8698,378.0976,84.8471,1.79,3.2021,2353.6301,1.3112,1.3178,1.4561,-468.8409,1203.1539,0.43172
1246.1748,317.3529,380.4044,87.0105,3.16,3.1948,2359.5801,1.2806,1.2696,1.3841,-468.4438,1216.7621,0.41509
1246.3272,318.1919,383.0316,86.8462,3.28,3.1811,2356.0801,1.185,1.1626,1.2709,-468.3466,1245.7914,0.43235
1246.4796,318.1919,385.0822,89.1411,3.21,3.1685,2344.8999,1.0931,1.0565,1.1784,-468.8636,1237.4001,0.45488
1246.632,318.7512,386.9084,90.9602,2.11,3.1509,2329.04,1.0055,0.9632,1.1118,-469.175,1169.3616,0.47388
1246.7844,317.6326,390.593,88.3543,4.95,3.1299,2330.24,0.915,0.8738,1.0699,-469.1079,1105.405,0.47565
1246.9368,318.1919,396.4241,89.3375,6.88,3.1128,2332.6699,0.8212,0.7813,1.0443,-469.1818,1031.4695,0.46462
1247.0892,318.1919,393.6047,87.6985,6.66,3.0903,2332.1399,0.8056,0.7662,1.0226,-469.3687,943.9257,0.41527
1247.2416,317.6326,381.8782,89.5015,6.44,3.1196,2336.6001,1.0766,1.0335,1.1775,-469.6989,1059.5922,0.41635
1247.394,319.0309,373.8684,85.4041,7.6,3.1853,2349.8298,1.2698,1.2255,1.394,-469.9063,1537.4517,0.40781
1247.5464,317.0733,368.3896,90.4852,6.72,3.2666,2354.5798,1.332,1.2897,1.6307,-469.9602,1654.7047,0.44084
1247.6988,317.9122,352.1776,89.9444,3.54,3.279,2348.9399,1.5246,1.4847,1.569,-470.1477,1593.9235,0.43263
1247.8512,318.1919,341.2522,92.4028,0.92,3.2129,2345.28,1.6437,1.6196,1.5473,-470.1187,1557.8633,0.42524
1248.0036,317.9122,354.132,92.7301,0.62,3.1803,2345.1299,1.5033,1.4891,1.5501,-470.0313,1499.5763,0.41542
1248.156,318.7512,368.2615,90.9597,-0.01,3.1844,2344.01,1.4761,1.4654,1.5445,-470.0909,1422.9192,0.40537
1248.3084,318.4716,359.8351,85.8467,0.05,3.2112,2347.1001,1.4475,1.4422,1.6079,-470.2563,1376.1989,0.41952
1248.4608,319.3105,352.3058,76.6688,-0.01,3.2509,2354.01,1.5851,1.599,1.5646,-470.3068,1344.9017,0.40635
1248.6132,317.3529,362.9429,74.2927,-1.11,3.2704,2358.7798,1.309,1.2998,1.5074,-470.4063,1287.5222,0.40091
1248.7656,317.3529,371.4334,75.6363,-4.19,3.271,2349.6001,1.2913,1.2776,1.4099,-470.6187,1253.7289,0.41195
1248.918,317.6326,373.8043,75.6199,-3.24,3.2213,2354.79,1.3093,1.2943,1.4215,-470.7443,1219.7101,0.41921
1249.0704,317.3529,371.4334,80.8481,1.65,3.1679,2370.4399,1.3062,1.2894,1.4093,-470.7313,1232.4106,0.4278
1249.2228,317.3529,369.5751,81.3397,3.72,3.1425,2376.9099,1.3008,1.2836,1.4115,-470.6364,1247.8329,0.44088
1249.3752,318.1919,371.914,80.7991,2.27,3.1531,2365.0,1.274,1.2556,1.3745,-470.5938,1236.0388,0.46731
1249.5276,317.3529,374.1247,81.3889,0.73,3.1534,2352.8298,1.239,1.2223,1.3561,-470.5398,1248.2866,0.48828
1249.68,316.7936,374.5732,83.3392,3.63,3.1818,2354.8901,1.2223,1.2044,1.3649,-470.4625,1246.0178,0.47943
1249.8324,316.2343,372.5547,90.9109,6.07,3.1746,2358.3401,1.2398,1.2207,1.421,-470.3188,1230.3691,0.42358
1249.9848,317.0733,367.9411,88.6165,4.94,3.2082,2352.8799,1.3038,1.2847,1.4881,-470.3125,1237.4001,0.43016
1250.1372,317.9122,364.0963,85.3716,7.85,3.2815,2365.0701,1.5004,1.4821,1.638,-470.3625,1230.5966,0.432
1250.2896,318.4716,360.9885,75.8166,9.67,3.3802,2383.1602,1.762,1.7426,2.0578,-470.4716,1199.7523,0.40985
1250.442,318.1919,340.9959,71.3915,12.48,3.4362,2404.96,1.8801,1.8591,2.3495,-470.9625,1216.0809,0.35574
1250.5944,317.6326,338.1444,65.9831,7.45,3.4332,2393.1702,2.1724,2.16,2.3227,-471.3523,1219.7101,0.35657
1250.7468,316.7936,356.3748,69.5887,3.28,3.3756,2368.01,1.6415,1.6223,1.9215,-471.3,1241.9358,0.37922
1250.8992,316.7936,360.9244,73.6863,-0.82,3.3571,2337.6201,1.4744,1.4569,1.8779,-470.9204,1265.9767,0.42864
1251.0516,317.0733,362.1419,77.8324,-0.56,3.2929,2332.1399,1.4352,1.4197,1.765,-470.5812,1242.8434,0.43659
1251.204,317.9122,363.5517,76.3901,1.63,3.2904,2337.3499,1.4296,1.4159,1.7306,-470.5511,1246.9253,0.42903
1251.3564,316.2343,366.243,75.0789,4.22,3.3005,2343.97,1.3524,1.3375,1.6186,-470.775,1258.2656,0.3969
1251.5088,316.514,367.6848,74.358,4.05,3.3626,2337.03,1.3195,1.298,1.5579,-470.8312,1255.0902,0.37347
1251.6612,317.0733,368.1333,76.046,2.42,3.3798,2329.9202,1.3148,1.2926,1.4958,-470.6932,1239.668,0.38671
1251.8136,317.9122,368.9984,76.8656,0.86,3.3394,2326.46,1.3096,1.2836,1.5204,-470.7563,1215.6271,0.37427
1251.966,319.5901,369.0945,76.5378,0.69,3.3042,2325.3101,1.3024,1.2769,1.561,-471.1421,1214.947,0.40335
1252.1184,317.0733,365.9226,72.5064,0.92,3.3105,2323.1399,1.3708,1.3477,1.5808,-471.5,1259.8533,0.38073
1252.2708,317.3529,361.6293,71.0637,0.51,3.3475,2320.75,1.3748,1.3531,1.5948,-471.6437,1263.0276,0.3708
1252.4232,317.0733,359.8351,70.8999,0.32,3.3648,2323.8101,1.374,1.3525,1.633,-471.475,1226.74,0.36451
1252.5756,317.3529,360.0273,72.3418,0.03,3.3651,2325.47,1.3747,1.3523,1.6419,-471.4375,1160.9694,0.34911
1252.728,316.514,359.2263,71.6537,1.67,3.3546,2329.3701,1.3619,1.3397,1.7175,-471.5909,1147.1349,0.36805
1252.8804,317.3529,354.8049,71.965,2.63,3.3715,2327.46,1.4668,1.4505,1.8106,-471.7625,1270.0586,0.36891
1253.0328,317.3529,346.8271,73.2435,9.49,3.3899,2353.1799,1.2048,1.1917,1.7856,-471.9546,1387.0852,0.38559
1253.1852,317.9122,350.5436,78.439,13.38,3.3586,2385.6299,1.1354,1.1192,1.6306,-472.4886,1342.8602,0.39869
1253.3376,317.6326,359.2263,84.1918,12.89,3.259,2415.3098,1.1289,1.1119,1.435,-472.9813,1278.2234,0.36804
1253.49,316.7936,359.739,85.6176,6.42,3.1557,2418.9199,1.1284,1.1117,1.371,-473.0568,1235.3588,0.36844
1253.6424,316.2343,361.2769,85.3388,1.51,3.0953,2411.7998,1.1278,1.1114,1.3164,-473.3011,1268.9247,0.36697
1253.7948,316.514,364.2886,85.1748,4.38,3.1327,2414.0,1.1244,1.1082,1.276,-473.475,1259.1721,0.42349
1253.9472,317.0733,367.0119,88.9934,12.66,3.1793,2429.9299,1.1011,1.0833,1.24,-473.9602,1224.6996,0.40111
1254.0996,318.1919,368.678,90.5339,15.17,3.214,2436.1301,1.079,1.0587,1.2104,-474.6534,1229.2352,0.38772
1254.252,318.1919,369.8314,88.7309,12.14,3.1866,2432.8301,1.0931,1.07,1.1895,-475.4602,1249.1931,0.38506
1254.4044,318.7512,370.0877,90.206,3.81,3.1437,2419.2,1.0798,1.0583,1.1877,-475.8125,1227.875,0.40537
1254.5568,317.3529,370.4081,87.6821,0.26,3.1279,2413.1301,1.0771,1.0547,1.1964,-476.1477,1225.6062,0.3724
1254.7092,317.0733,371.6897,87.1905,-0.07,3.1445,2412.4602,1.0749,1.0529,1.1877,-476.8239,1224.6996,0.36456
1254.8616,317.3529,373.0994,87.3544,0.16,3.1764,2409.3899,1.0712,1.0512,1.1757,-477.4562,1234.4521,0.36572
1255.014,317.0733,374.1567,87.3548,-0.56,3.1942,2400.6602,1.0628,1.045,1.1767,-477.9773,1246.4716,0.3783
1255.1664,317.3529,374.5732,91.4522,-0.91,3.1926,2395.4302,1.0449,1.0326,1.1887,-478.5625,1218.3488,0.3855
1255.3188,317.6326,374.6053,89.3215,-1.0,3.1688,2393.02,1.0696,1.0608,1.1848,-479.6534,1216.0809,0.38113
1255.4712,319.5901,375.0859,90.5833,1.0,3.1467,2399.29,1.0714,1.0643,1.1673,-480.6437,1260.306,0.35644
1255.6236,320.9887,375.8228,89.272,1.98,3.1361,2401.52,1.0678,1.0603,1.1279,-481.8068,1237.8539,0.35161
1255.776,317.6326,375.5344,88.6493,3.04,3.123,2405.9399,1.0238,1.0195,1.11,-481.2954,1225.6062,0.36936
1255.9284,318.1919,375.6305,86.4038,3.45,3.1241,2410.4399,1.0294,1.0304,1.1272,-480.5,1200.205,0.38209
1256.0808,318.1919,374.413,86.5678,3.36,3.1249,2412.28,1.0637,1.0721,1.1591,-480.1989,1232.8644,0.40031
1256.2332,316.7936,371.4334,89.272,2.03,3.1918,2404.49,1.0795,1.0941,1.1847,-480.3239,1270.0586,0.40253
1256.3856,316.7936,370.0557,91.239,1.91,3.2289,2402.49,1.0855,1.1054,1.182,-480.3068,1231.5031,0.40742
1256.538,317.6326,370.6965,88.7805,3.08,3.2831,2406.3599,1.077,1.0982,1.181,-480.3438,1217.2148,0.4172
1256.6904,317.6326,371.6577,86.8631,6.53,3.2732,2424.28,1.0761,1.1019,1.1752,-480.7898,1250.5544,0.44281
1256.8428,318.1919,371.2732,87.1416,5.86,3.2746,2424.3701,1.0827,1.111,1.183,-481.0,1248.2866,0.44123
1256.9952,318.1919,370.344,90.4195,4.85,3.25,2419.3298,1.078,1.1082,1.1973,-480.4489,1211.0914,0.446
1257.1476,317.9122,368.9023,92.8778,3.48,3.198,2399.6301,1.0322,1.0659,1.1944,-478.3352,1161.8768,0.42631
1257.3,318.1919,372.0421,92.5173,2.87,3.1678,2369.1599,0.9842,1.0163,0.9488,-477.6313,1196.123,0.43438
1257.4524,318.7512,379.5073,92.1895,0.07,3.2357,2335.3401,0.7512,0.7706,0.7563,-477.5114,1349.4374,0.44319
1257.6048,317.0733,371.6577,94.7135,-5.98,3.3516,2312.5701,0.6935,0.7072,0.6167,-477.1375,1334.9227,0.43091
1257.7572,317.3529,357.9768,93.484,-7.94,3.4381,2328.3999,0.741,0.7545,0.7379,-476.6364,1322.6749,0.39702
1257.9096,317.6326,345.8018,87.8299,-5.57,3.3949,2364.6299,0.9214,0.9365,0.9769,-476.0688,1307.2528,0.4028
1258.062,316.514,339.6823,79.8974,-3.11,3.33,2401.6899,1.3044,1.3217,1.5816,-475.9148,1233.0908,0.40454
1258.2144,317.6326,343.2066,78.4226,0.08,3.2896,2418.72,1.3359,1.3493,1.5991,-475.8937,1201.1124,0.41308
1258.3668,317.3529,345.3532,85.388,2.4,3.2745,2422.0801,1.1708,1.178,1.5685,-476.1063,1214.7206,0.43494
1258.5192,316.514,360.1555,86.6498,9.61,3.2583,2415.8999,1.1056,1.1102,1.3969,-476.3693,1214.7206,0.45769
1258.6716,317.3529,370.4722,90.5833,20.28,3.2386,2415.0,1.0635,1.0601,1.2967,-476.7,1218.3488,0.46655
1258.824,315.3951,367.3643,91.9107,21.18,3.1927,2398.4102,1.0598,1.0385,1.1555,-476.9432,1202.2465,0.40701
1258.9764,315.3951,369.6071,94.9103,16.67,3.0961,2380.24,0.9745,0.943,1.0857,-477.0313,1220.4657,0.41968
1259.1288,315.9547,372.2664,93.1401,5.17,2.9997,2352.49,0.9309,0.8935,1.0052,-477.225,1237.4001,0.39164
1259.2812,316.2343,367.1401,86.2895,1.65,2.9839,2334.51,0.9216,0.8791,0.9908,-477.2841,1173.8972,0.3747
1259.4336,315.9547,369.3188,85.9615,1.02,3.0413,2321.78,0.9257,0.8779,0.9744,-477.1307,1148.95,0.36443
1259.586,316.514,340.9318,85.0599,1.28,3.0985,2312.6199,0.9052,0.8561,0.9644,-477.0875,1238.0803,0.37739
1259.7384,316.2343,305.0797,91.3699,1.91,3.1165,2317.6401,0.8581,0.8156,0.9471,-477.2,1310.4281,0.32468
1259.8908,315.9547,308.3156,85.6337,17.78,3.2202,2376.72,0.894,0.856,1.1312,-477.4716,1300.903,0.27365
1260.0432,315.9547,312.4808,79.3239,34.53,3.3949,2463.8401,1.216,1.1759,1.406,-477.7625,1236.0388,0.22925
1260.1956,316.514,312.9293,75.587,35.68,3.5468,2498.8999,1.7283,1.7027,2.0346,-478.1193,1218.5762,0.24546
1260.348,318.1919,313.442,76.6687,23.49,3.5292,2479.5798,1.7244,1.6939,1.9994,-478.5938,1230.1428,0.2548
1260.5004,317.9122,321.0033,76.6687,10.1,3.4189,2432.1599,1.7931,1.7602,2.1793,-478.8864,1199.5248,0.28942
1260.6528,318.1919,326.6743,73.2269,9.8,3.3421,2419.7,1.9131,1.8749,2.2228,-479.3813,1181.1547,0.32917
1260.8052,318.1919,323.3422,71.9649,5.11,3.3583,2399.4399,2.0299,1.9906,2.2964,-479.8977,1229.689,0.34067
1260.9576,318.1919,319.3052,75.7508,1.04,3.374,2386.6702,2.0857,2.044,2.3944,-480.175,1267.3369,0.33683
1261.11,319.3105,317.7032,78.3732,-0.03,3.3529,2388.28,2.1981,2.1554,2.4657,-480.1591,1246.4716,0.33745
1261.2624,319.5901,318.0877,75.6693,2.94,3.3099,2406.0801,2.3246,2.2783,2.5887,-480.0562,1192.2676,0.36383
1261.4148,318.4716,316.2935,74.3089,4.09,3.2989,2410.8,2.3733,2.3344,2.6545,-480.1421,1114.0226,0.35095
1261.5672,318.1919,316.8702,72.0144,9.79,3.3363,2420.4199,2.3236,2.301,2.7967,-480.0,1029.6543,0.35091
1261.7196,318.7512,315.909,76.7016,12.46,3.3661,2421.1799,2.336,2.345,2.8769,-480.1875,1157.5676,0.33103
1261.872,318.4716,314.7876,76.3739,14.07,3.3627,2428.25,2.3161,2.3512,2.8352,-480.4937,1425.6409,0.33752
1262.0244,318.4716,316.4857,76.0458,9.53,3.3097,2424.5999,2.2574,2.2976,2.682,-480.7614,1507.061,0.31851
1262.1768,315.675,316.2935,75.8657,6.12,3.273,2424.54,2.2856,2.3294,2.616,-480.8125,1445.1449,0.34626
1262.3292,318.7512,316.9022,80.7988,5.56,3.2659,2428.1499,2.2516,2.2916,2.6324,-480.4432,1368.4888,0.36069
1262.4816,317.6326,316.8702,81.9464,4.32,3.2839,2424.99,2.2364,2.2714,2.6575,-479.6125,1305.6661,0.41198
1262.634,317.6326,316.5498,81.9464,2.53,3.2581,2421.4102,2.2648,2.2957,2.6098,-478.9829,1231.9569,0.36638
1262.7864,317.3529,318.0236,78.6522,1.72,3.1992,2424.1699,2.2534,2.2681,2.5609,-479.0284,1163.691,0.36415
1262.9388,317.6326,320.3625,77.8328,2.27,3.1444,2431.46,2.1463,2.1469,2.5394,-479.25,1314.0574,0.35669
1263.0912,318.4716,320.6829,76.3904,3.23,3.1519,2437.55,2.0919,2.0871,2.5838,-479.7046,1388.9004,0.36315
1263.2436,318.7512,322.0926,74.9151,2.99,3.1983,2445.8999,2.0871,2.0794,2.525,-480.1421,1382.5496,0.34662
1263.396,318.1919,324.1431,75.8986,3.35,3.2492,2451.8298,2.0903,2.0809,2.4823,-480.0,1320.8608,0.34368
1263.5484,316.514,324.4315,81.3071,3.58,3.2509,2460.7698,2.0547,2.0376,2.4125,-479.9375,1258.2656,0.32749
1263.7008,318.4716,323.9189,81.3073,3.31,3.2288,2458.4402,2.1263,2.1035,2.3691,-479.9432,1193.8552,0.35301
1263.8532,318.4716,322.445,77.7998,3.16,3.2016,2463.24,2.0921,2.0631,2.3547,-480.1313,1188.6383,0.35459
1264.0056,317.6326,326.2257,73.3584,3.44,3.2059,2459.8701,2.0484,2.0151,2.3094,-480.3693,1234.4521,0.4001
1264.158,316.514,331.9608,80.0777,3.49,3.2346,2456.3101,1.9064,1.8646,2.2422,-480.8466,1306.7999,0.38948
1264.3104,316.7936,333.6268,86.5675,2.46,3.264,2447.21,1.8341,1.7862,2.2066,-481.2563,1264.1616,0.38208
1264.4628,318.4716,334.4278,88.6981,3.09,3.3154,2447.99,1.8497,1.7978,2.2216,-481.3921,1216.5348,0.37553
1264.6152,318.7512,333.4987,83.6178,4.35,3.3512,2448.96,1.895,1.8444,2.3114,-481.6932,1212.4528,0.35209
1264.7676,318.1919,331.8006,80.1925,3.11,3.3814,2438.8999,1.8954,1.8384,2.3157,-481.9886,1228.5552,0.34447
1264.92,318.1919,332.121,81.1759,0.05,3.3562,2427.6099,1.8796,1.8229,2.324,-482.3188,1250.327,0.33404
1265.0724,319.0309,331.9928,82.5034,-1.11,3.3209,2436.0701,1.8803,1.8224,2.2452,-482.5454,1246.9253,0.35887
1265.2248,318.7512,329.8141,85.4045,-0.65,3.2851,2453.5,1.8954,1.8356,2.3196,-482.8352,1219.9364,0.34437
1265.3772,319.8698,330.2627,82.7821,-1.27,3.3312,2455.4399,1.8928,1.8382,2.2731,-483.075,1224.6996,0.34486
1265.5296,319.5901,330.7433,84.7651,-1.78,3.3782,2445.8499,1.8526,1.8089,2.3174,-483.3296,1252.1422,0.33924
1265.682,319.8698,330.1986,84.765,1.12,3.4278,2445.8599,1.7971,1.761,2.2367,-483.625,1241.9358,0.3643
1265.8344,315.9547,334.1074,84.7486,4.5,3.3735,2456.3701,1.7317,1.7013,2.258,-483.5796,1224.926,0.35832
1265.9868,316.514,339.6182,87.8296,4.81,3.3061,2457.0898,1.6962,1.6672,2.1048,-483.0,1203.1539,0.35805
1266.1392,316.514,340.4832,87.9936,4.8,3.2462,2461.1899,1.7321,1.7048,2.0962,-482.7102,1215.6271,0.35692
1266.2916,317.0733,335.1647,89.9767,5.74,3.2311,2463.8301,1.8762,1.8554,2.1508,-482.2954,1272.5538,0.37195
1266.444,317.0733,328.3723,86.2076,7.87,3.2452,2467.53,1.979,1.9627,2.3435,-481.8,1260.9872,0.35736
1266.5964,316.514,324.7519,88.338,6.21,3.2304,2455.8999,2.0352,2.0247,2.424,-481.7727,1213.3593,0.3423
1266.7488,317.6326,325.2645,88.338,3.93,3.2281,2445.8201,1.9955,1.9922,2.4204,-481.875,1187.5044,0.34158
1266.9012,319.0309,327.4112,90.829,0.34,3.2617,2430.26,1.9469,1.9576,2.3703,-481.9375,1192.0411,0.34982
1267.0536,319.0309,329.9423,87.5513,-0.36,3.2978,2424.2,1.9092,1.9207,2.3302,-482.1875,1275.5018,0.33381
1267.206,317.9122,331.2559,88.6985,0.38,3.2924,2426.05,1.914,1.9267,2.3056,-482.7,1289.5626,0.31962
1267.3584,318.4716,329.8141,84.9123,1.36,3.2621,2435.51,1.9148,1.9296,2.3444,-483.1704,1218.8026,0.32315
1267.5108,317.6326,328.2442,85.8959,1.67,3.3024,2448.8799,1.9525,1.9713,2.5316,-483.0625,1232.4106,0.33726
1267.6632,318.7512,318.2479,80.6022,6.23,3.4888,2470.7898,2.2938,2.3359,2.9682,-482.375,1287.7487,0.32806
1267.8156,317.0733,298.063,77.4721,11.93,3.7084,2485.1899,2.0471,2.0398,3.4397,-482.2938,1287.2948,0.30924
1267.968,316.7936,289.6046,74.3906,16.45,3.8369,2489.8601,1.9632,1.9456,3.1156,-482.8807,1283.2129,0.31196
1268.1204,316.7936,307.0981,81.8152,13.17,3.7965,2466.3601,1.9177,1.9021,2.6039,-483.4,1241.4821,0.34492
1268.2728,317.9122,324.3674,82.2414,8.21,3.6684,2444.8599,1.8452,1.8246,2.4061,-483.3375,1240.1217,0.36372
1268.4252,316.7936,331.5763,86.634,5.64,3.5724,2430.3501,1.7159,1.686,2.2471,-483.3068,1248.5129,0.36629
1268.5776,316.514,344.328,82.4546,5.73,3.4989,2433.5598,1.6978,1.6671,2.0941,-483.7875,1225.6062,0.37555
1268.73,317.3529,351.4407,84.7983,9.62,3.4567,2448.3398,1.6958,1.6675,1.8601,-484.3864,1237.4001,0.42605
1268.8824,316.514,351.5048,90.0427,16.44,3.4316,2469.72,1.5802,1.5442,1.8011,-484.725,1228.7815,0.45598
1269.0348,316.2343,351.5369,90.9438,15.16,3.4027,2473.8,1.4367,1.3887,1.7341,-484.5057,1231.5031,0.4579
1269.1872,318.1919,352.7544,95.4508,10.74,3.3736,2469.78,1.4554,1.4122,1.7212,-484.075,1227.875,0.42757
1269.3396,317.9122,356.535,87.0924,1.77,3.3831,2453.02,1.4782,1.4342,1.7524,-484.1875,1211.0914,0.393
1269.492,317.3529,357.0156,87.8137,-1.41,3.5241,2436.6501,1.4837,1.4397,1.8101,-484.7875,1226.9674,0.40631
1269.6444,317.3529,351.8893,83.6509,-3.64,3.5941,2420.6199,1.503,1.4605,1.8461,-485.1307,1221.7516,0.41841
1269.7968,316.2343,347.3076,85.7975,-4.86,3.6325,2413.96,1.6759,1.6347,1.974,-485.375,1204.0605,0.43688
1269.9492,315.3951,339.8104,80.4876,-1.73,3.5972,2433.98,2.0227,1.9866,2.1293,-485.7443,1226.74,0.43787
1270.1016,315.3951,323.9829,81.5856,0.1,3.6998,2450.95,2.2617,2.2326,2.5858,-485.9125,1235.3588,0.38693
1270.254,315.3951,313.6342,80.8646,1.03,3.787,2457.7998,2.1892,2.166,2.7629,-485.8921,1205.6482,0.37474
1270.4064,315.1157,315.7809,82.1755,1.25,3.8253,2451.8599,2.1118,2.093,2.9163,-486.25,1196.123,0.34
1270.5588,321.548,324.9121,80.7334,3.87,3.7882,2448.3799,1.9132,1.9028,2.4797,-486.7727,1203.1539,0.35533
1270.7112,320.9887,342.5979,80.4549,6.37,3.7061,2443.01,1.6614,1.6538,2.1923,-487.3563,1251.0082,0.35331
1270.8636,310.9206,350.5436,87.699,8.67,3.6497,2442.0,1.6329,1.6308,1.9956,-487.8921,1249.4205,0.3845
1271.016,310.641,340.9959,86.8959,12.62,3.66,2451.2,1.6064,1.609,2.0546,-488.2437,1253.276,0.39006
1271.1684,310.9206,341.893,84.4701,23.58,3.7485,2475.98,1.5974,1.6034,2.116,-488.4773,1247.3792,0.41538
1271.3208,309.2427,355.1253,81.045,31.13,3.8523,2485.1101,1.5727,1.5742,2.0728,-489.0562,1198.391,0.43065
1271.4732,308.9628,362.8148,85.1421,27.55,3.8978,2468.4299,1.5341,1.53,1.8996,-489.8813,1160.5166,0.43368
1271.6256,308.1238,362.0779,88.9282,21.17,3.8944,2448.99,1.5488,1.5394,1.9076,-490.8466,1232.1832,0.40205
1271.778,310.0817,358.2331,89.5344,12.04,3.8064,2433.4299,1.5976,1.5842,1.9083,-491.2784,1322.4486,0.35219
1271.9304,310.9206,354.1641,90.026,10.3,3.7014,2435.01,1.6281,1.6208,1.9756,-490.8062,1314.0574,0.35997
1272.0828,310.641,346.0261,91.2877,5.34,3.579,2433.79,1.6602,1.6521,2.0308,-490.4063,1266.8832,0.38222
1272.2352,311.4799,341.2522,92.4349,4.07,3.4978,2434.8801,1.7008,1.6884,1.9947,-489.8125,1207.0095,0.41427
1272.3876,312.3189,343.4629,87.5673,3.18,3.4607,2430.7,1.6374,1.6246,1.9769,-489.1875,1239.8944,0.42048
1272.54,312.0393,346.1222,90.3537,1.89,3.4318,2422.22,1.6556,1.6414,1.9428,-487.6307,1257.358,0.41116
1272.6924,312.5985,348.3009,88.4199,1.66,3.427,2417.24,1.6296,1.6154,1.9599,-486.2062,1248.0592,0.44308
1272.8448,313.4375,350.0951,93.943,2.77,3.4039,2423.28,1.5569,1.5395,1.9308,-485.8239,1201.1124,0.45041
1272.9972,314.2765,351.1524,92.5991,3.05,3.421,2429.23,1.5888,1.5769,1.8809,-485.5114,1215.6271,0.43818
1273.1496,312.8782,349.7747,94.3692,3.6,3.4229,2440.3401,1.5675,1.5561,1.8855,-484.675,1244.2036,0.40347
1273.302,312.5985,347.8523,92.4521,3.93,3.4205,2446.48,1.5359,1.522,1.8628,-483.8693,1310.2018,0.4244
1273.4544,313.9968,345.8659,91.9929,5.17,3.4195,2447.1899,1.5682,1.5577,1.8458,-483.8636,1301.3567,0.42827
1273.6068,313.7172,346.0261,89.3706,8.67,3.4589,2448.3298,1.6146,1.6081,1.8554,-484.3182,1276.4094,0.45309
1273.7592,313.4375,349.166,89.9112,7.6,3.5036,2438.6401,1.5452,1.5386,1.8689,-484.7046,1262.3474,0.43102
1273.9116,314.8358,349.8067,89.4198,4.97,3.527,2430.5999,1.5166,1.5127,1.9121,-484.9602,1249.1931,0.41114
1274.064,313.9968,350.8961,93.8449,0.31,3.501,2420.24,1.5742,1.5743,1.8259,-485.2216,1222.6581,0.40312
1274.2164,315.3951,352.498,89.8786,0.01,3.456,2418.3098,1.5957,1.6001,1.7537,-485.4948,1209.2773,0.41357
1274.3688,316.7936,353.4592,92.3371,1.24,3.4059,2416.9299,1.5192,1.5218,1.7089,-485.5454,1238.7604,0.43508
1274.5212,317.0733,352.498,96.0657,2.23,3.393,2413.46,1.4878,1.4959,1.7406,-485.8864,1298.4087,0.4105
1274.6736,317.6326,350.7359,102.8836,3.18,3.4495,2413.79,1.4898,1.4995,1.8033,-486.4716,1299.9954,0.3813
1274.826,321.548,352.1456,96.164,5.3,3.5442,2422.6602,1.4906,1.5044,1.8463,-487.1136,1267.3369,0.37934
1274.9784,322.1073,354.0039,90.4684,4.2,3.6558,2422.1201,1.4581,1.4707,1.8278,-486.9167,1246.0178,0.39912
1275.1308,321.548,355.2855,85.3878,3.37,3.6801,2426.6902,1.5081,1.5213,1.8308,-486.8977,1243.75,0.4001
1275.2832,322.387,353.6515,86.5349,0.22,3.6886,2419.99,1.4947,1.5064,1.7883,-487.3921,1247.8329,0.40529
1275.4356,321.2681,353.4272,88.1742,0.15,3.6757,2420.48,1.4602,1.4717,1.7851,-487.8542,1248.0592,0.42454
1275.588,319.5901,354.6127,92.2716,-1.2,3.7282,2408.22,1.5416,1.5568,1.6747,-488.2443,1229.0089,0.44184
1275.7404,319.3105,355.6059,91.6162,-1.11,3.7881,2400.5798,1.4776,1.4942,1.5882,-487.3807,1255.5439,0.45198
1275.8928,317.9122,358.2972,86.863,6.12,3.8029,2417.1702,1.4076,1.4185,1.5795,-486.849,1268.2445,0.4452
1276.0452,317.6326,359.6108,86.9177,8.18,3.6899,2437.0798,1.4067,1.4155,1.5842,-487.25,1217.6686,0.43986
1276.1976,318.1919,360.7002,90.1955,9.71,3.4915,2462.9399,1.3721,1.3775,1.5863,-487.6307,1145.7745,0.39743
1276.35,318.1919,362.6866,92.1624,2.13,3.3338,2457.75,1.3301,1.3271,1.4836,-487.9716,1069.5712,0.40987
1276.5024,317.3529,363.9682,92.4354,1.1,3.2684,2455.1001,1.2757,1.2668,1.491,-487.9479,1168.9078,0.40615
1276.6548,316.514,363.7759,91.9846,-0.08,3.2749,2441.8599,1.2693,1.2559,1.4951,-487.9716,1438.115,0.41556
1276.8072,317.0733,364.9614,93.2956,1.45,3.3104,2436.5798,1.2961,1.2769,1.499,-488.3296,1443.7847,0.39897
1276.9596,317.0733,369.2547,91.9844,5.38,3.3802,2439.9199,1.2479,1.2204,1.4584,-488.8011,1400.6935,0.41871
1277.112,317.6326,374.381,91.6157,6.17,3.4097,2439.5601,1.1984,1.163,1.413,-489.3693,1333.7888,0.44867
1277.2644,319.0309,377.7772,92.2713,5.45,3.4075,2437.99,1.1534,1.1152,1.3783,-490.1079,1295.9135,0.45208
1277.4168,320.9887,378.5782,91.6159,1.54,3.3718,2425.74,1.1267,1.0839,1.3562,-491.1563,1231.0493,0.4743
1277.5692,321.2681,378.5782,93.2548,0.64,3.3787,2415.9399,1.1299,1.0861,1.3083,-492.1932,1178.8868,0.46195
1277.7216,318.7512,381.0132,90.7692,1.24,3.3563,2410.77,1.1225,1.0788,1.2419,-493.4375,1110.8483,0.50263
1277.874,318.7512,385.9152,91.0968,1.16,3.3426,2403.1799,1.0787,1.04,1.2061,-494.9,1244.2036,0.47232
1278.0264,319.3105,388.7987,89.294,0.27,3.3089,2393.79,1.0034,0.9674,1.1864,-495.5104,1414.9816,0.49005
1278.1788,319.8698,390.593,88.8297,-1.03,3.2828,2380.48,0.9865,0.9554,1.2132,-491.6477,1397.5179,0.47714
1278.3312,318.1919,390.8493,85.3883,-0.66,3.2755,2370.8999,1.0567,1.0261,1.3661,-487.2557,1336.9631,0.48508
1278.4836,317.3529,382.7112,82.4384,0.54,3.3218,2366.1599,1.1576,1.1288,1.5789,-487.4583,1274.5942,0.46447
1278.636,314.8358,372.9072,82.4383,1.99,3.3873,2367.27,1.5776,1.5537,1.7077,-488.4602,1273.0066,0.43568
1278.7884,314.2765,370.6324,84.0769,2.75,3.4495,2370.96,1.5345,1.5191,1.6271,-489.4716,1280.0376,0.41796
1278.9408,314.5562,367.5886,85.388,4.22,3.4997,2384.3101,1.4996,1.493,1.6355,-490.474,1291.6041,0.40557
1279.0932,315.1157,353.6835,87.6824,6.12,3.552,2402.72,1.5216,1.5197,1.7558,-490.9773,1291.3778,0.37298
1279.2456,315.1157,338.7531,88.7479,7.02,3.5616,2418.1799,1.5444,1.5457,1.797,-491.6421,1263.7087,0.35751
1279.398,316.2343,338.0482,88.42,6.82,3.5141,2424.9402,1.6016,1.6147,1.8318,-492.6534,1231.0493,0.36574
1279.5504,316.7936,345.3532,87.2728,6.48,3.4217,2427.3701,1.5899,1.6142,1.7838,-493.8229,1236.0388,0.36579
1279.7028,317.9122,347.532,85.8797,5.04,3.3224,2426.8601,1.8205,1.8407,1.8268,-495.125,1224.6996,0.34772
1279.8552,317.6326,338.4648,90.7829,4.35,3.2367,2432.01,1.8769,1.8957,1.8799,-495.8523,1231.5031,0.34933
1280.0076,315.9547,326.7383,93.4052,1.59,3.2353,2426.5898,1.8791,1.8953,1.9776,-495.8921,1238.9878,0.38618
1280.16,316.514,327.8918,92.4217,1.04,3.2468,2427.8201,1.8152,1.8307,1.963,-496.125,1234.6786,0.41751
1280.3124,317.0733,338.5288,90.7963,0.94,3.2504,2428.6699,1.6504,1.6576,1.9396,-496.25,1224.0194,0.3795
1280.4648,317.6326,346.8591,93.255,1.52,3.2581,2432.1899,1.6024,1.6048,1.8974,-495.25,1213.3593,0.35577
1280.6172,318.4716,350.1912,96.697,0.3,3.3088,2424.6799,1.5973,1.5984,1.907,-493.0,1215.6271,0.36688
1280.7696,319.5901,349.23,94.5664,-0.06,3.3491,2419.1001,1.5957,1.5956,1.8948,-491.875,1248.0592,0.43239
1280.922,317.6326,347.1795,93.2547,1.8,3.3522,2421.03,1.5503,1.5409,1.891,-492.0284,1233.3173,0.47667
1281.0744,316.514,348.0766,94.2379,4.24,3.3188,2428.9602,1.5678,1.539,1.8527,-492.6875,1225.8335,0.47073
1281.2268,316.7936,349.9349,95.2212,4.24,3.3238,2429.3201,1.6211,1.5827,1.8637,-493.5,1235.8124,0.43896
1281.3792,315.675,349.3902,90.7689,2.47,3.3399,2428.5701,1.6194,1.5795,1.8876,-493.8352,1230.1428,0.42393
1281.5316,318.1919,347.6281,90.7689,-0.45,3.3943,2425.2998,1.607,1.5657,1.8592,-493.7386,1236.0388,0.4229
1281.684,318.4716,347.2115,89.1303,-1.59,3.4222,2428.0,1.6023,1.562,1.8289,-493.8438,1239.2142,0.41716
1281.8364,319.3105,349.5184,89.8128,-1.88,3.3816,2430.8201,1.6011,1.5594,1.8108,-494.0454,1225.1533,0.41324
1281.9888,318.4716,352.2097,87.8462,0.14,3.2627,2439.3699,1.5722,1.5302,1.8237,-493.5341,1252.8224,0.39903
1282.1412,319.5901,352.5301,90.4681,1.05,3.1813,2438.4402,1.5654,1.5263,1.8226,-492.0469,1268.6982,0.40118
1282.2936,318.1919,352.0495,92.2716,-0.07,3.1876,2426.6602,1.551,1.5167,1.8139,-491.0104,1246.9253,0.39341
1282.446,318.4716,352.1136,97.0244,-2.07,3.239,2413.8301,1.5452,1.5147,1.7718,-491.0909,1243.75,0.41522
1282.5984,318.7512,351.7291,96.8607,-2.6,3.2482,2414.26,1.5533,1.5214,1.7579,-491.474,1252.3685,0.45619
1282.7508,318.7512,349.0378,97.516,-3.19,3.2359,2420.02,1.5764,1.545,1.7644,-491.8906,1241.4821,0.45698
1282.9032,319.3105,346.4426,92.8316,-1.48,3.2424,2435.4502,1.6245,1.5964,1.7982,-492.0781,1235.1322,0.41766
1283.0556,318.1919,347.1154,94.1425,-1.13,3.292,2442.96,1.5727,1.5478,1.7589,-492.4952,1229.689,0.37659
1283.208,318.4716,349.0698,95.6585,-1.44,3.3791,2442.52,1.5697,1.5511,1.7299,-492.6979,1224.2458,0.38341
1283.3604,318.4716,349.6465,95.6584,-3.28,3.4158,2432.52,1.5538,1.54,1.7151,-492.849,1235.5861,0.40102
1283.5128,318.1919,350.3194,96.3003,-2.15,3.4172,2436.04,1.5457,1.5338,1.6824,-493.2548,1228.1013,0.43405
1283.6652,319.8698,351.5048,92.9954,1.54,3.3706,2451.6799,1.511,1.5013,1.657,-493.8125,1235.5861,0.4233
1283.8176,320.9887,351.0563,94.6479,3.23,3.3691,2459.8899,1.4971,1.4895,1.6342,-494.25,1238.3077,0.44133
1283.97,319.8698,349.6145,90.6149,0.21,3.3775,2449.1501,1.5332,1.5238,1.6357,-494.8125,1214.7206,0.42959
1284.1224,320.1495,348.5251,89.1124,-3.31,3.3672,2439.7,1.5229,1.5132,1.6212,-495.0885,1229.689,0.40577
1284.2748,320.4294,347.6601,89.1123,-1.28,3.3238,2455.01,1.5192,1.5064,1.6307,-495.1563,1259.1721,0.36739
1284.4272,320.7088,346.9232,89.6669,1.5,3.2638,2470.4399,1.5048,1.4963,1.6044,-495.4204,1273.234,0.36296
1284.5796,319.0309,348.4931,93.4227,3.76,3.2409,2476.3201,1.4697,1.459,1.5518,-495.5568,1284.1205,0.36734
1284.732,320.1495,353.6194,93.4228,10.48,3.292,2479.0901,1.3935,1.3846,1.4634,-495.7644,1256.4504,0.38178
1284.8844,318.1919,359.1943,92.0938,18.01,3.3537,2485.5398,1.3218,1.3139,1.5386,-496.9955,1255.3165,0.39241
1285.0368,317.9122,362.1419,94.9479,19.05,3.3549,2485.45,1.2934,1.2844,1.5284,-498.5125,1247.3792,0.41883
1285.1892,317.9122,362.5905,97.1607,13.09,3.3089,2476.6899,1.2773,1.2673,1.5263,-499.9632,1245.1113,0.44218
1285.3416,318.1919,361.9177,100.6705,5.28,3.266,2462.3599,1.2769,1.2653,1.4306,-502.5828,1253.7289,0.43954
1285.494,319.3105,360.7002,99.0415,4.36,3.2995,2456.1802,1.2732,1.2611,1.4435,-506.5104,1242.8434,0.41026
1285.6464,318.7512,359.2584,95.9272,1.82,3.3649,2440.79,1.2668,1.2535,1.4584,-487.4659,1241.4821,0.40872
1285.7988,319.3105,358.2011,94.5508,8.27,3.4362,2452.4099,1.2991,1.287,1.4545,-484.5057,1230.5966,0.39329
1285.9512,319.5901,358.0409,92.8118,10.63,3.4412,2461.3599,1.2962,1.2843,1.4472,-484.4886,1218.1224,0.38847
1286.1036,319.3105,359.2263,94.1987,10.96,3.4211,2465.3999,1.2986,1.2887,1.4054,-484.6719,1215.6271,0.41179
1286.256,318.7512,360.1234,93.2807,3.68,3.4189,2446.6401,1.2948,1.2863,1.3937,-484.8636,1231.9569,0.44479
1286.4084,319.0309,360.1234,88.2496,0.28,3.4627,2434.54,1.2927,1.2859,1.3622,-485.1364,1230.3691,0.45961
1286.5608,317.6326,359.5788,83.9126,-0.72,3.4921,2434.8901,1.2994,1.2935,1.3581,-485.5469,1249.1931,0.42377
1286.7132,318.1919,358.97,85.5517,-0.55,3.4715,2442.6101,1.2961,1.2914,1.3715,-486.0568,1265.9767,0.42822
1286.8656,318.1919,358.6496,88.6658,-0.83,3.4709,2446.45,1.2864,1.2821,1.4179,-486.5,1261.4399,0.45324
1287.018,317.3529,358.2652,88.0102,-1.89,3.4754,2441.8298,1.2867,1.2833,1.4321,-487.0,1251.0082,0.46587
1287.1704,320.1495,358.6496,82.0009,-4.01,3.4901,2429.48,1.2754,1.2709,1.4137,-487.5966,1230.1428,0.46276
1287.3228,318.4716,359.0661,80.6896,-4.69,3.456,2424.8901,1.2751,1.2697,1.4163,-488.2614,1209.7312,0.41559
1287.4752,318.7512,360.3157,82.9843,-4.64,3.451,2424.49,1.2563,1.2528,1.4122,-488.5739,1239.668,0.40994
1287.6276,318.1919,360.3798,85.2242,-4.14,3.4674,2426.75,1.2407,1.2346,1.4172,-488.8352,1260.0796,0.41861
1287.78,318.1919,360.6681,87.8468,-4.34,3.4706,2422.5,1.2536,1.2448,1.4287,-489.5511,1286.3883,0.42297
1287.9324,318.1919,362.7827,87.6827,-2.54,3.4215,2425.5,1.2378,1.2287,1.4487,-490.4375,1260.0796,0.42147
1288.0848,317.6326,363.7439,88.1744,-1.03,3.3749,2426.0901,1.2318,1.2225,1.4429,-491.3438,1194.7627,0.42218
1288.2372,318.7512,364.4488,88.5016,3.27,3.3451,2439.97,1.2264,1.2165,1.3931,-492.125,1177.9792,0.41166
1288.3896,317.9122,364.3206,90.632,4.95,3.3266,2444.3401,1.2154,1.2044,1.3553,-492.8068,1280.4912,0.40394
1288.542,319.5901,362.8468,94.0903,4.7,3.3246,2440.3999,1.2082,1.1962,1.3255,-493.7557,1375.7461,0.39566
1288.6944,319.5901,363.4876,90.3209,2.34,3.3237,2427.9001,1.1793,1.1673,1.3183,-494.2938,1344.4479,0.40769
1288.8468,319.3105,365.3779,91.4685,0.86,3.3185,2419.6301,1.1567,1.1442,1.284,-494.375,1273.6877,0.39853
1288.9992,317.6326,364.673,89.3212,1.47,3.2822,2423.8501,1.191,1.1788,1.2776,-494.7614,1237.8539,0.39014
1289.1516,318.4716,362.7507,86.3715,1.69,3.2771,2429.1401,1.2338,1.2193,1.2898,-495.5938,1261.8938,0.40147
1289.304,318.1919,360.8604,85.8798,3.86,3.3177,2441.1799,1.2622,1.2483,1.3625,-496.6421,1272.7802,0.41458
1289.4564,318.4716,358.6817,85.5029,5.19,3.369,2447.0,1.2628,1.2489,1.3735,-497.6375,1229.689,0.41497
1289.6088,318.1919,359.771,87.4695,7.08,3.3923,2451.27,1.2647,1.2496,1.3751,-498.1875,1178.6593,0.40076
1289.7612,319.0309,360.4759,83.7,5.86,3.3731,2441.55,1.2642,1.2506,1.3886,-496.275,1181.1547,0.39614
1289.9136,319.8698,359.5147,85.683,5.98,3.3683,2436.5999,1.2495,1.2353,1.3979,-493.9546,1294.3258,0.39434
1290.066,318.7512,360.1875,85.5189,4.76,3.3542,2429.22,1.246,1.2358,1.3953,-493.5625,1365.7671,0.38453
1290.2184,319.3105,360.9565,84.7321,3.41,3.3346,2425.6401,1.2174,1.2186,1.3694,-493.8864,1318.3667,0.40512
1290.3708,320.9887,363.0711,85.2568,0.86,3.3211,2417.8701,1.235,1.2284,1.3652,-494.3807,1282.7592,0.40987
1290.5232,320.7088,363.3594,85.0767,-0.3,3.3,2418.2998,1.2391,1.2332,1.364,-494.7443,1248.7394,0.40829
1290.6756,318.7512,363.007,85.5353,-1.14,3.2826,2419.78,1.2422,1.2357,1.357,-495.0796,1225.6062,0.41782
1290.828,318.4716,363.4876,84.2244,0.58,3.2524,2430.78,1.2401,1.2335,1.367,-495.1818,1245.5649,0.38596
1290.9804,318.7512,363.2633,83.9127,1.67,3.2509,2432.6899,1.2414,1.2337,1.3799,-495.5568,1265.0691,0.35656
1291.1328,319.3105,363.2953,90.3048,5.42,3.2842,2439.3201,1.2357,1.2273,1.3859,-496.4546,1313.1498,0.38747
1291.2852,317.9122,363.039,90.3045,7.68,3.3183,2440.98,1.2301,1.2218,1.4118,-497.1932,1294.5521,0.42535
1291.4376,318.7512,362.0138,91.452,11.66,3.3609,2448.8,1.2264,1.217,1.4362,-497.4659,1271.4198,0.4578
1291.59,318.1919,360.9885,85.1421,11.25,3.3545,2448.8699,1.2247,1.2157,1.4085,-497.3011,1231.9569,0.43527
1291.7424,318.4716,362.7507,80.7171,6.9,3.3232,2434.5601,1.2218,1.2094,1.34,-497.5,1224.6996,0.45346
1291.8948,321.548,366.3711,80.0613,0.3,3.2995,2409.78,1.1856,1.172,1.3354,-497.8977,1241.4821,0.44434
1292.0472,316.514,369.4469,78.6684,14.48,3.3036,2426.0901,1.1154,1.0997,1.6243,-498.6193,1282.3054,0.43442
1292.1996,315.9547,372.2023,79.4877,39.99,3.3476,2462.5901,1.1063,1.0889,2.1983,-499.2671,1260.0796,0.44317
1292.352,317.6326,375.214,82.7331,47.87,3.379,2473.3401,1.0898,1.0729,2.7371,-500.0966,1202.9266,0.4701
1292.5044,318.1919,377.9053,82.5691,64.23,3.4158,2484.8,1.0285,1.0043,2.8949,-500.5966,1153.2583,0.46859
1292.6568,317.6326,379.219,83.3887,64.04,3.4221,2479.5,1.0213,0.9855,2.9497,-499.4034,1212.4528,0.43599
1292.8092,317.9122,380.885,77.8489,63.52,3.4224,2483.54,0.9843,0.9451,2.7513,-497.8807,1331.52,0.42041
1292.9616,318.1919,383.7365,77.8489,49.97,3.4412,2465.95,0.9628,0.9256,2.511,-498.0454,1360.5502,0.47001
1293.114,318.1919,386.8443,75.3905,33.98,3.5019,2441.55,0.9623,0.9248,2.4189,-498.7898,1306.7999,0.46665
1293.2664,318.1919,388.6065,75.8821,44.08,3.5589,2458.04,0.9588,0.9209,2.4301,-499.3875,1250.5544,0.52525
1293.4188,317.9122,388.6065,74.407,39.76,3.5881,2459.3,0.9551,0.9215,2.3922,-500.1477,1247.3792,0.44995
1293.5712,318.1919,388.222,75.2265,46.21,3.5693,2480.8501,0.9392,0.9109,2.3681,-500.8068,1244.8838,0.49912
1293.7236,317.6326,386.7482,71.9488,44.79,3.5386,2479.1802,0.9732,0.9501,2.2225,-501.1818,1237.4001,0.43943
1293.876,317.9122,384.121,69.4906,38.57,3.5099,2460.6299,0.984,0.9639,2.0033,-500.5966,1221.2977,0.44512
1294.0284,318.1919,382.0384,70.1463,39.66,3.5141,2448.55,1.0272,1.0123,1.8202,-499.0568,1234.2247,0.39359
1294.1808,318.7512,378.7704,72.1128,35.77,3.5225,2435.9299,1.098,1.0876,1.6781,-498.7443,1266.4294,0.38483
1294.3332,317.9122,352.1456,72.7357,29.67,3.5266,2425.8699,1.2735,1.2672,1.7336,-498.8813,1240.3481,0.35792
1294.4856,318.7512,323.6946,68.1466,16.39,3.491,2405.49,1.5611,1.559,1.7276,-498.9432,1240.1217,0.36229
1294.638,318.1919,320.9712,64.5409,12.17,3.432,2400.4299,1.7331,1.7328,1.6789,-498.6938,1247.3792,0.36524
1294.7904,318.4716,325.4247,62.771,10.65,3.334,2396.97,1.9584,1.9719,1.5222,-494.0057,1242.616,0.39451
1294.9428,318.7512,337.5677,67.0323,9.04,3.2635,2393.6101,1.6251,1.6344,1.4447,-484.0688,1239.2142,0.3692
1295.0952,318.7512,352.3058,70.8675,2.46,3.2206,2379.99,1.3917,1.4004,1.4315,-481.4829,1232.8644,0.36668
1295.2476,318.7512,359.0982,74.6367,1.22,3.2056,2382.1299,1.2982,1.3068,1.4194,-481.0341,1247.8329,0.37154
1295.4,317.9122,360.8604,77.7176,0.48,3.2065,2381.4199,1.271,1.2772,1.4608,-481.1812,1246.2451,0.41118
1295.5524,317.3529,357.5283,80.4383,1.38,3.198,2385.01,1.2693,1.2714,1.4959,-481.1136,1228.7815,0.41819
1295.7048,317.3529,347.6281,80.2418,1.33,3.2085,2384.0798,1.3403,1.337,1.5321,-481.0398,1217.4423,0.41156
1295.8572,317.6326,347.4358,79.4553,0.95,3.2076,2386.9199,1.5112,1.4973,1.4879,-481.4,1264.1616,0.39906
1296.0096,317.3529,354.068,80.8811,0.99,3.2368,2394.5,1.4063,1.3814,1.4601,-481.8011,1251.0082,0.41543
1296.162,317.3529,354.7408,85.5027,5.62,3.3009,2417.1802,1.2348,1.205,1.4495,-481.9438,1225.3796,0.43971
1296.3144,317.3529,355.0612,86.4861,11.74,3.3528,2449.22,1.2093,1.1758,1.4867,-482.3352,1195.6693,0.43828
1296.4668,317.9122,350.864,81.438,11.17,3.3945,2459.3,1.1888,1.1551,1.5171,-482.4602,1213.8131,0.42769
1296.6192,317.0733,357.0156,78.9796,7.28,3.3935,2459.1401,1.2367,1.1995,1.544,-482.4937,1269.151,0.41571
1296.7716,317.6326,363.7439,82.3888,2.44,3.3935,2450.74,1.2917,1.2514,1.5737,-482.3636,1308.1603,0.43194
1296.924,318.1919,349.5504,84.2078,3.03,3.3733,2458.1101,1.2629,1.2236,1.5931,-482.5812,1259.6259,0.41704
1297.0764,316.7936,343.8154,89.0755,2.59,3.3748,2459.6802,1.2633,1.2238,1.5734,-482.8864,1238.9878,0.41337
1297.2288,317.0733,349.3582,86.8139,2.32,3.3816,2461.4202,1.2644,1.2241,1.5596,-482.9602,1205.6482,0.4039
1297.3812,316.514,350.3514,93.1077,2.27,3.4054,2460.48,1.4619,1.4483,1.5543,-482.7938,1245.5649,0.41858
1297.5336,317.6326,349.6465,92.6653,3.17,3.4195,2463.2002,1.4127,1.3852,1.5586,-482.7784,1278.2234,0.37788
1297.686,317.0733,347.3717,94.3859,4.53,3.4634,2468.5901,1.2371,1.2084,1.5813,-482.9602,1260.7598,0.36063
1297.8384,317.6326,345.0649,90.0589,11.94,3.5433,2488.1899,1.2444,1.2166,1.7133,-483.2313,1286.3883,0.35421
1297.9908,317.6326,348.6854,87.2724,11.89,3.6015,2487.3801,1.2455,1.2182,1.7802,-483.7102,1285.7072,0.39454
1298.1432,318.4716,354.2282,87.8134,10.53,3.5941,2478.95,1.2504,1.2224,1.7864,-484.1023,1257.358,0.4115
1298.2956,319.8698,358.4254,92.4024,2.7,3.5057,2456.4399,1.2486,1.2206,1.7277,-484.35,1201.5663,0.43369
1298.448,319.8698,360.4759,91.1243,0.72,3.4015,2451.2898,1.2517,1.2232,1.7328,-484.3409,1120.3734,0.43167
1298.6004,319.0309,358.5535,88.8622,0.33,3.3099,2454.7998,1.2522,1.223,1.7375,-484.3523,1048.4783,0.39925
1298.7528,318.1919,357.4321,86.797,-0.14,3.2937,2454.4302,1.2515,1.2225,1.7019,-484.45,982.0275,0.41325
1298.9052,318.7512,356.0544,90.2062,1.08,3.3169,2456.79,1.25,1.2224,1.6783,-484.4432,948.9152,0.41372
1299.0576,319.8698,356.2146,86.9283,2.15,3.3938,2455.6101,1.2527,1.2243,1.5911,-484.5625,1339.9122,0.43803
1299.21,324.0649,355.6379,88.9117,5.11,3.4249,2463.0698,1.2542,1.2248,1.5031,-484.7687,1738.6202,0.427
1299.3624,318.4716,358.1049,85.3057,6.59,3.4477,2463.2102,1.2517,1.2217,1.4441,-484.9148,1665.1375,0.42793
1299.5148,317.0733,362.3021,89.4029,6.21,3.4455,2457.7898,1.2478,1.2181,1.4366,-484.9204,1620.0048,0.44091
1299.6672,317.3529,362.206,89.944,3.66,3.451,2447.04,1.2436,1.2134,1.4362,-484.9773,1565.3469,0.44509
1299.8196,317.0733,362.4944,90.5996,1.14,3.4463,2439.3899,1.239,1.2111,1.4396,-485.375,1510.009,0.44709
1299.972,317.6326,363.2313,91.6815,0.43,3.4182,2439.22,1.2401,1.2118,1.4137,-485.5187,1465.3302,0.43282
1300.1244,318.7512,364.2245,92.0417,1.74,3.3829,2444.5701,1.2405,1.2124,1.386,-485.3977,1398.652,0.41041
1300.2768,317.3529,364.0002,92.2058,1.67,3.3708,2441.53,1.2412,1.2138,1.3642,-485.4034,1337.6443,0.39692
1300.4292,318.4716,364.0323,88.4199,0.1,3.3791,2431.8899,1.2449,1.2159,1.3688,-485.4716,1298.635,0.3966
1300.5816,318.1919,364.9614,85.7978,-2.15,3.3746,2422.8201,1.2439,1.2158,1.3412,-485.4659,1214.2668,0.41131
1300.734,318.4716,364.7051,85.7978,-1.17,3.3393,2429.74,1.2784,1.2516,1.3136,-485.1989,1249.8733,0.45439
1300.8864,318.4716,364.0323,85.2239,-0.43,3.3174,2434.5,1.2576,1.2315,1.3097,-485.3182,1268.2445,0.42172
1301.0388,318.1919,362.6546,76.7016,-0.76,3.3352,2429.3899,1.2747,1.2474,1.3409,-485.4438,1221.7516,0.39205
1301.1912,318.1919,362.3021,79.9794,-1.58,3.4088,2418.02,1.2764,1.249,1.3185,-485.3409,1171.1758,0.39418
1301.3436,318.1919,364.0963,83.438,-0.26,3.446,2418.1099,1.2748,1.2484,1.3248,-485.2671,1182.0621,0.38877
1301.496,317.3529,365.5381,91.9604,1.55,3.459,2420.8901,1.2753,1.2514,1.3324,-485.1534,1327.8917,0.41646
1301.6484,318.4716,368.0372,94.2549,3.37,3.4433,2425.75,1.2571,1.236,1.3762,-484.9773,1401.1472,0.42027
1301.8008,318.7512,370.5042,93.4188,3.2,3.4044,2424.72,1.2116,1.1883,1.3785,-484.9716,1347.8497,0.44815
1301.9532,318.4716,369.6712,95.0575,3.05,3.3724,2427.01,1.0382,1.0067,1.336,-485.3239,1296.5936,0.42184
1302.1056,318.4716,367.877,90.4846,1.8,3.3525,2424.0601,1.0359,1.0053,1.2923,-485.2727,1242.8434,0.43075
1302.258,318.4716,368.2615,88.0265,1.45,3.3879,2417.3901,1.0331,1.0031,1.2677,-485.0,1234.6786,0.45305
1302.4104,318.7512,369.8314,81.9626,1.83,3.4465,2405.02,1.0297,1.0005,1.2491,-484.8687,1266.4294,0.46222
1302.5628,316.514,374.6693,78.177,3.34,3.4746,2392.8799,1.0296,1.0009,1.1763,-484.9034,1271.8727,0.43149
1302.7152,317.0733,384.7618,76.0461,3.78,3.4709,2378.03,1.0294,1.0004,1.1503,-485.1875,1244.2036,0.44486
1302.8676,317.6326,390.0162,74.5712,2.33,3.4413,2361.28,1.0231,0.9957,1.1449,-485.1193,1241.4821,0.48209
1303.02,317.3529,388.222,75.8823,0.27,3.4293,2348.2002,1.0115,0.9846,1.1571,-485.0966,1236.4926,0.47778
1303.1724,318.1919,387.9978,75.7184,0.48,3.4066,2348.8401,1.0102,0.9836,1.1205,-485.0284,1240.5756,0.42374
1303.3248,318.1919,389.824,74.8989,2.39,3.3675,2358.79,0.987,0.963,1.0812,-485.0875,1251.6884,0.38995
1303.4772,318.1919,391.1697,74.571,4.08,3.3398,2365.1799,0.9628,0.9416,1.0843,-485.2216,1210.1849,0.38118
1303.6296,317.6326,392.0347,75.0627,4.22,3.3626,2364.54,1.0488,1.0333,1.0691,-485.3579,1209.9575,0.41875
1303.782,318.1919,391.9706,76.21,3.52,3.436,2366.8699,1.3101,1.2958,1.1084,-484.9716,1227.4211,0.43808
1303.9344,316.7936,387.0045,72.7028,3.55,3.4959,2385.8999,1.4173,1.4048,1.2379,-484.625,1217.2148,0.415
1304.0868,317.0733,379.9879,68.7693,3.57,3.5776,2409.3599,1.5291,1.5189,1.6079,-484.6591,1219.2563,0.39786
1304.2392,317.6326,375.9509,72.047,3.13,3.6186,2427.1099,1.5504,1.5412,1.9483,-484.7687,1227.4211,0.37803
1304.3916,316.7936,382.7753,79.9795,2.54,3.5851,2434.0,1.5664,1.5584,1.8507,-484.8182,1231.0493,0.41912
1304.544,317.6326,391.6182,86.699,5.67,3.4972,2443.9399,1.4417,1.4397,1.5914,-485.0562,1237.8539,0.42571
1304.6964,316.7936,392.291,83.5031,8.02,3.4084,2452.1501,1.1957,1.2087,1.419,-485.3693,1217.4423,0.4475
1304.8488,316.514,392.9959,79.2418,9.34,3.4138,2451.75,1.3391,1.3482,1.3721,-485.375,1224.4722,0.4429
1305.0012,317.0733,393.7328,77.9472,8.21,3.4934,2439.3499,1.3025,1.309,1.441,-485.3182,1229.689,0.45496
1305.1536,316.7936,393.7649,80.6516,19.06,3.6135,2440.0798,1.2273,1.2321,1.4613,-485.3921,1221.7516,0.42862
1305.306,317.6326,393.2522,79.3403,21.66,3.6389,2430.1099,1.1684,1.1716,1.4335,-485.6375,1219.4827,0.41312
1305.4584,315.675,393.1561,77.898,19.37,3.5467,2417.8801,1.1574,1.1587,1.2666,-485.4546,1238.7604,0.42591
1305.6108,316.514,393.7649,78.4386,5.38,3.463,2388.05,1.2113,1.2113,1.2809,-485.3875,1238.3077,0.4328
1305.7632,316.514,394.4377,79.7499,1.52,3.4367,2383.01,1.2992,1.2954,1.3615,-485.3239,1221.9779,0.42219
1305.9156,317.0733,394.7901,83.1424,1.7,3.4906,2385.5701,1.2827,1.2754,1.3812,-485.2614,1151.9735,0.4107
1306.068,315.9547,395.495,83.8635,1.84,3.6242,2394.28,1.215,1.2039,1.3426,-485.4688,1051.7292,0.41004
1306.2204,316.2343,396.6805,81.2741,9.61,3.906,2434.8198,1.2273,1.214,1.4574,-485.8523,806.8871,0.36134
1306.3728,315.9547,395.9756,71.6046,29.23,4.3141,2517.98,1.2307,1.2183,2.2396,-486.15,1143.0529,0.31929
1306.5252,315.9547,394.3416,65.7538,41.59,4.5999,2573.3799,1.2297,1.217,2.2236,-486.2727,2387.4829,0.26538
1306.6776,317.3529,393.9891,71.1621,42.84,4.5893,2558.8501,1.3102,1.2954,1.6373,-486.4943,2367.5251,0.28185
1306.83,318.4716,394.5018,83.7817,28.58,4.2265,2488.24,1.2726,1.239,1.1361,-486.625,2281.1165,0.33464
1306.9824,318.7512,394.1173,89.9933,16.45,3.7619,2428.1001,1.1282,1.0788,1.223,-486.8011,2232.1282,0.39093
1307.1348,319.3105,392.7716,92.419,6.66,3.4378,2396.9099,1.1745,1.1178,1.204,-486.9716,2169.9856,0.42688
1307.2872,317.0733,391.6823,87.699,2.36,3.3092,2385.3801,1.1828,1.125,1.2048,-487.1,2118.2769,0.44256
1307.4396,316.514,389.2794,87.7154,8.93,3.3026,2402.8499,1.1856,1.1269,1.2061,-487.2273,2053.4126,0.42806
1307.592,315.3951,386.6521,83.4868,15.31,3.3409,2421.1199,1.1968,1.1394,1.2539,-487.1875,1961.7872,0.4243
1307.7444,317.0733,385.9152,85.257,14.87,3.3885,2429.8699,1.2029,1.1452,1.2857,-487.2727,1927.9948,0.42463
1307.8968,318.4716,385.3705,81.6511,8.47,3.496,2433.28,1.1981,1.14,1.3518,-487.4148,1899.8721,0.40031
1308.0492,319.3105,385.5948,78.0459,2.1,3.7142,2439.4199,1.1731,1.1199,1.5114,-487.5812,1809.3804,0.38957
1308.2016,314.5562,378.45,74.7678,12.46,3.9755,2469.8101,1.2857,1.2352,1.7982,-487.8579,1765.1543,0.38074
1308.354,314.2765,372.4586,77.8161,19.11,4.0388,2475.7,1.3342,1.2884,1.7026,-488.075,1717.9812,0.37592
1308.5064,314.8358,374.7975,81.7166,19.15,3.8255,2458.4702,1.1937,1.1398,1.4034,-488.2216,1663.7771,0.41787
1308.6588,315.3951,374.6693,85.6501,9.35,3.5027,2427.54,1.1732,1.1113,1.2318,-488.2386,1590.068,0.41612
1308.8112,316.7936,374.0606,88.1741,5.56,3.2902,2414.3901,1.1589,1.0914,1.1878,-488.2386,1524.0709,0.43967
1308.9636,317.3529,373.9324,89.3214,6.94,3.2002,2416.0,1.1336,1.069,1.1598,-488.525,1464.1963,0.41798
1309.116,317.6326,374.0927,89.0593,6.29,3.1702,2408.1899,1.127,1.0629,1.1624,-488.6704,1412.9402,0.44368
1309.2684,316.514,374.2528,90.0426,3.98,3.1525,2396.3101,1.1443,1.0809,1.1631,-488.9091,1330.386,0.44654
1309.4208,317.0733,374.1247,87.6988,2.99,3.1994,2386.28,1.1525,1.0931,1.1943,-489.0909,1257.358,0.45683
1309.5732,317.0733,373.1955,84.6831,1.29,3.2688,2380.3101,1.1773,1.1248,1.2425,-489.2954,1271.4198,0.44242
1309.7256,316.514,372.2984,77.7998,2.18,3.3703,2406.5,1.2211,1.1818,1.3105,-489.4125,1284.1205,0.4325
1309.878,316.2343,370.4081,76.5379,4.63,3.5181,2454.4202,1.2991,1.2641,1.5887,-489.3011,1273.0066,0.45504
1310.0304,315.3951,329.0131,72.6044,11.94,3.6924,2500.2798,1.7842,1.7633,1.759,-489.4886,1215.6271,0.39246
1310.1828,315.1157,326.9306,72.6043,10.0,3.753,2481.5701,1.8201,1.8072,1.8085,-489.7216,1122.4149,0.3667
1310.3352,318.1919,362.0779,76.7018,7.69,3.6294,2441.22,1.32,1.2993,1.4496,-489.9829,1075.4672,0.3603
1310.4876,318.7512,360.8604,82.9297,1.03,3.4485,2399.21,1.3543,1.3298,1.4849,-490.0511,1026.2527,0.40946
1310.64,319.8698,362.4623,85.2243,3.3,3.3378,2402.72,1.3637,1.336,1.4731,-490.1023,1304.5321,0.41765
1310.7924,319.3105,362.6546,84.0767,5.78,3.3394,2414.0698,1.3235,1.2947,1.4641,-490.3563,1653.3444,0.42785
1310.9448,318.1919,361.9177,84.0768,10.52,3.3786,2429.25,1.3591,1.3296,1.4556,-490.4943,1597.5526,0.41516
1311.0972,318.1919,361.1167,85.7158,11.57,3.4255,2431.4302,1.3863,1.3562,1.5266,-490.7671,1544.4825,0.43337
1311.2496,318.7512,362.5264,83.0936,11.87,3.4373,2432.77,1.3866,1.3522,1.5358,-491.0227,1490.0511,0.40411
1311.402,318.7512,365.0896,78.226,8.05,3.3916,2425.02,1.3513,1.3189,1.4522,-491.2614,1432.8981,0.41715
1311.5544,318.4716,364.8333,79.2093,6.86,3.3541,2423.78,1.2861,1.2599,1.3708,-491.3636,1378.9205,0.41643
1311.7068,319.8698,363.7119,86.4203,5.26,3.322,2420.79,1.2677,1.247,1.3281,-491.575,1337.1906,0.42529
1311.8592,319.0309,363.007,93.5828,5.79,3.3287,2423.5,1.2848,1.265,1.3357,-491.6761,1314.9639,0.42118
1312.0116,319.3105,362.4623,91.5013,6.44,3.3189,2426.1201,1.3162,1.2954,1.3756,-491.7898,1251.2346,0.39223
1312.164,318.4716,362.9109,86.2568,6.4,3.308,2428.5701,1.2868,1.2655,1.3678,-491.9886,1198.8446,0.38344
1312.3164,318.1919,362.8148,83.1425,5.0,3.3038,2427.3501,1.3318,1.3077,1.3882,-492.0739,1235.1322,0.37786
1312.4688,318.4716,361.8536,81.7822,5.35,3.3418,2431.2698,1.3266,1.3019,1.3855,-492.0852,1311.3357,0.39117
1312.6212,319.3105,363.1992,81.9462,4.98,3.3737,2430.0398,1.2957,1.2679,1.3539,-492.1989,1323.5824,0.39505
1312.7736,318.7512,365.7303,86.7319,4.69,3.347,2431.6699,1.2572,1.2305,1.3118,-492.5227,1299.0889,0.40825
1312.926,318.1919,366.5313,89.1901,1.68,3.2991,2424.47,1.2118,1.1859,1.2563,-493.0341,1280.4912,0.3981
1313.0784,318.1919,366.5313,96.4013,0.49,3.2729,2424.21,1.1847,1.16,1.2557,-493.4312,1219.2563,0.3848
1313.2308,317.9122,368.8382,90.1407,2.68,3.2921,2434.4399,1.1768,1.1525,1.2551,-493.8239,1150.9904,0.39786
1313.3832,318.7512,371.2732,90.7964,4.45,3.3057,2443.8901,1.1677,1.1428,1.2799,-494.1761,1145.5472,0.42745
1313.5356,319.0309,371.0489,85.2241,6.44,3.3187,2460.6499,1.1772,1.1518,1.2745,-494.4312,1290.4703,0.45746
1313.688,317.9122,371.7858,88.6657,4.92,3.305,2455.52,1.1595,1.1338,1.2538,-494.8011,1442.4233,0.46555
1313.8404,319.5901,373.1955,86.9121,5.57,3.2898,2454.2898,1.1603,1.1329,1.2307,-495.0398,1380.7355,0.46308
1313.9928,318.1919,374.0286,85.1096,4.59,3.2597,2439.73,1.2092,1.1809,1.256,-495.35,1325.3966,0.41776
1314.1452,319.3105,374.7014,83.2411,4.0,3.2917,2431.1699,1.2075,1.1788,1.2945,-495.4432,1290.6967,0.38375
1314.2976,320.4294,375.0859,81.2249,1.4,3.3469,2415.8799,1.216,1.1873,1.3217,-495.7563,1243.2971,0.34977
1314.45,319.3105,375.7907,82.7,0.58,3.3951,2407.6599,1.2036,1.1765,1.309,-496.2727,1233.9984,0.36492
1314.6024,319.5901,376.6558,84.6833,0.5,3.4129,2404.4199,1.1763,1.15,1.2761,-496.5562,1247.8329,0.39033
1314.7548,318.1919,376.9121,86.1585,1.45,3.4038,2408.51,1.1692,1.1437,1.237,-496.7841,1269.151,0.44926
1314.9072,317.9122,376.7519,84.7324,3.4,3.4162,2415.3901,1.1655,1.1423,1.2414,-496.6989,1302.4907,0.43078
1315.0596,319.3105,375.4703,83.1424,5.94,3.4164,2428.27,1.1653,1.1455,1.2638,-497.025,1261.4399,0.42727
1315.212,319.8698,371.2732,82.4212,7.11,3.4184,2434.3901,1.1976,1.1766,1.3118,-497.6307,1198.391,0.40736
1315.3644,318.7512,368.5818,82.0445,6.95,3.4221,2436.3301,1.2246,1.2042,1.342,-498.125,1148.95,0.40141
1315.5168,319.8698,371.2732,81.8317,4.42,3.3988,2427.8601,1.1889,1.1684,1.3606,-498.7813,1048.252,0.40163
1315.6692,317.9122,373.9645,86.6502,2.51,3.3966,2421.3301,1.1874,1.1686,1.3499,-499.4659,1149.1763,0.39354
1315.8216,317.6326,373.4198,89.2723,-0.43,3.4094,2413.5798,1.2167,1.1998,1.3427,-500.4813,1495.9482,0.4086
1315.974,318.1919,370.4081,89.6327,-1.36,3.4589,2415.6101,1.2321,1.2169,1.3586,-500.1477,1565.3469,0.41243
1316.1264,318.1919,367.4925,91.9271,-1.26,3.4292,2429.72,1.228,1.2104,1.4027,-496.8188,1525.885,0.42308
1316.2788,318.7512,366.4673,90.4029,-1.34,3.3766,2439.02,1.2078,1.1904,1.4217,-494.8125,1463.2887,0.43832
1316.4312,319.5901,365.0255,90.7472,0.18,3.3219,2448.6201,1.1778,1.1582,1.4051,-494.9432,1409.7648,0.44287
1316.5836,317.6326,363.4235,86.8793,2.77,3.3639,2450.1699,1.2221,1.1979,1.3993,-495.4375,1353.293,0.47442
1316.736,318.1919,362.8788,89.7146,6.78,3.4277,2456.7002,1.2746,1.2469,1.4255,-495.9375,1294.7795,0.46056
1316.8884,317.6326,362.9749,89.731,8.5,3.4763,2459.72,1.2787,1.2467,1.4537,-496.4602,1280.9451,0.42342
1317.0408,318.7512,363.2953,88.8462,7.22,3.4671,2459.4299,1.268,1.2323,1.466,-496.8068,1258.0382,0.39851
1317.1932,317.6326,364.0963,89.5021,4.64,3.4554,2456.3601,1.2781,1.2367,1.4625,-496.7273,1237.4001,0.3976
1317.3456,317.3529,365.1536,91.7799,3.15,3.4465,2454.49,1.3154,1.268,1.4586,-497.2727,1246.699,0.43742
1317.498,317.3529,366.0508,91.7797,1.57,3.4838,2445.8,1.3244,1.2743,1.4392,-497.5562,1267.7908,0.42957
1317.6504,319.0309,367.076,89.6488,0.79,3.5165,2440.48,1.3053,1.2508,1.4666,-497.9091,1267.3369,0.4233
1317.8028,320.9887,367.4605,87.7314,-2.13,3.608,2425.5,1.2967,1.2422,1.4784,-498.6063,1290.6976,0.37965
1317.9552,320.7088,367.6207,86.7481,-3.91,3.6281,2415.3398,1.2389,1.1882,1.4533,-499.5057,1265.7493,0.40832
1318.1076,319.5901,368.3255,89.6982,-4.13,3.5958,2409.99,1.2105,1.1668,1.3996,-499.0284,1254.6364,0.43041
1318.26,318.7512,368.0372,89.1576,0.06,3.5091,2420.4299,1.2091,1.1676,1.3806,-497.4829,1275.0481,0.4537
1318.4124,318.7512,365.7624,88.3383,5.92,3.4709,2435.51,1.2411,1.2003,1.4155,-497.3693,1270.5123,0.44633
1318.5648,318.4716,364.3847,85.716,6.51,3.5891,2427.95,1.2869,1.2469,1.4621,-497.5568,1284.5732,0.43052
1318.7172,317.0733,357.1117,86.2565,2.03,3.7298,2402.1299,1.3841,1.3428,1.5083,-497.6125,1286.3883,0.39923
1318.8696,317.3529,332.6016,83.1425,-0.44,3.9065,2398.2798,1.6567,1.6124,1.77,-497.75,1245.7914,0.4086
1319.022,317.9122,296.9417,79.5371,10.5,4.0964,2439.4299,2.4802,2.4293,2.4416,-498.0909,1224.2458,0.40395
1319.1744,320.1495,264.8701,75.7514,22.81,4.2881,2487.05,2.9647,2.9262,3.1081,-498.4716,1227.1938,0.42171
1319.3268,317.0733,279.5763,79.5208,30.23,4.3375,2497.8499,2.164,2.135,2.7856,-498.3921,1254.1826,0.41863
1319.4792,315.9547,331.1598,80.1763,22.15,4.1343,2456.6299,1.544,1.5276,1.9192,-498.3352,1287.5222,0.39699
1319.6316,317.9122,354.7408,79.9795,13.56,3.9056,2413.0,1.5588,1.5541,1.7811,-498.6534,1284.5732,0.37144
1319.784,318.7512,346.6989,76.2101,6.37,3.8083,2379.6501,1.7033,1.701,1.8583,-499.375,1266.6569,0.38228
1319.9364,320.4294,335.5172,77.8327,3.7,3.9083,2359.54,1.8117,1.8058,2.1641,-500.1591,1268.4708,0.39706
1320.0888,320.1495,329.6539,76.6853,2.27,4.0385,2343.9099,1.9548,1.9383,2.2556,-500.6136,1262.8013,0.40485
1320.2412,320.4294,324.5917,79.4715,0.25,4.1398,2337.25,2.0805,2.0443,2.3806,-498.8864,1261.2136,0.38973
1320.3936,319.5901,320.3945,74.8988,-1.11,4.1877,2351.7,2.1872,2.1313,2.53,-497.0284,1267.5634,0.38858
1320.546,319.8698,312.673,76.7018,-3.53,4.2145,2367.74,2.3136,2.2492,3.0302,-496.7329,1256.9042,0.41069
1320.6984,318.7512,305.4641,75.0303,-4.48,4.2154,2380.75,2.4078,2.359,3.2638,-497.1761,1260.0796,0.39331
1320.8508,317.0733,313.4099,76.6692,-2.86,4.2268,2384.71,2.1638,2.1246,3.2185,-497.8125,1273.0066,0.38987
1321.0032,317.6326,336.4783,74.8664,2.27,4.2021,2398.8098,1.7388,1.7116,2.3333,-498.3921,1301.1294,0.31784
1321.1556,318.4716,351.2805,76.5379,14.29,4.1844,2429.5801,1.5225,1.4987,2.0209,-499.2159,1308.6141,0.28478
1321.308,317.3529,339.6502,79.16,30.01,4.1735,2470.0898,1.7297,1.7073,2.3555,-500.2443,1266.4294,0.25931
1321.4604,316.2343,317.1906,83.9291,46.64,4.2363,2504.6501,2.0791,2.0549,2.4117,-500.7898,1257.5854,0.26688
1321.6128,317.0733,329.2374,81.6348,57.11,4.3086,2519.8701,1.6101,1.5641,2.2026,-500.2954,1267.3369,0.30491
1321.7652,317.6326,356.5671,76.5543,57.1,4.2863,2518.1001,1.3957,1.3364,1.7886,-499.4091,1268.6982,0.37483
1321.9176,317.6326,362.9109,73.5879,52.55,4.16,2522.8201,1.3576,1.2838,1.7897,-499.25,1245.5649,0.4354
1322.07,318.1919,363.0711,76.0461,43.71,4.0068,2520.3701,1.3537,1.2707,1.7127,-499.75,1254.1826,0.43057
1322.2224,317.0733,363.9361,79.4877,27.85,3.8439,2503.04,1.3541,1.2652,1.6371,-500.5187,1236.4926,0.42778
1322.3748,317.6326,368.5498,80.6515,12.69,3.6789,2461.4102,1.2865,1.2015,1.5247,-501.2102,1261.2136,0.40845
1322.5272,319.3105,370.0877,82.1266,-1.61,3.5589,2410.3799,1.2766,1.1896,1.4597,-501.8296,1260.306,0.41239
1322.6796,316.2343,369.4469,84.4212,-2.33,3.483,2383.4099,1.2796,1.1883,1.3964,-502.1193,1257.8118,0.42944
1322.832,317.6326,371.6897,84.4047,-2.21,3.4674,2371.8401,1.2578,1.1721,1.3798,-502.3813,1265.5229,0.42604
1322.9844,317.6326,372.0101,79.8156,0.31,3.4115,2382.04,1.2387,1.1589,1.3934,-502.4602,1252.1422,0.41601
1323.1368,317.9122,368.9023,77.1278,0.64,3.3818,2387.76,1.2959,1.2173,1.4044,-502.4773,1270.0586,0.38702
1323.2892,317.6326,366.7556,76.9638,0.29,3.3606,2390.6902,1.3019,1.227,1.386,-502.8312,1277.9971,0.40639
1323.4416,317.9122,370.2159,80.8973,-0.95,3.381,2388.3,1.2482,1.1797,1.3514,-503.0682,1251.4611,0.39912
1323.594,318.1919,374.4771,85.9449,-1.72,3.4206,2387.74,1.202,1.1452,1.3157,-503.3636,1258.7194,0.4406
1323.7464,318.1919,376.015,85.4534,-1.85,3.4893,2388.8901,1.1588,1.1106,1.328,-503.225,1245.1113,0.45479
1323.8988,318.4716,376.816,85.4537,-1.08,3.5537,2394.04,1.1612,1.1198,1.4076,-503.3239,1246.0178,0.47365
1324.0512,319.0309,373.0674,82.9296,-0.2,3.6319,2398.2,1.2531,1.2155,1.4805,-503.575,1261.8938,0.4229
1324.2036,319.8698,365.6983,81.2905,0.89,3.6737,2402.9099,1.3528,1.3227,1.5678,-503.7841,1281.6252,0.37955
1324.356,319.3105,360.0594,79.3566,-0.34,3.9259,2394.3101,1.3995,1.3756,1.6546,-503.8182,1285.2544,0.37453
1324.5084,318.7512,350.8,71.1622,-2.48,4.0962,2377.5999,1.6445,1.6294,1.9131,-503.9937,1295.9135,0.37985
1324.6608,318.1919,343.3668,70.9982,-5.61,4.235,2347.5901,1.7466,1.7372,2.0836,-504.2727,1317.6855,0.38113
1324.8132,318.7512,337.856,69.3756,-4.95,4.0384,2331.29,1.8462,1.8466,2.1611,-505.0375,1326.5304,0.3763
1324.9656,319.3105,328.1481,73.8004,-0.2,3.8329,2330.04,2.1091,2.1251,2.2297,-505.7784,1304.9849,0.39309
1325.118,319.3105,328.4685,70.867,4.63,3.6782,2328.3301,2.0087,2.0264,2.3793,-506.0375,1286.3883,0.40136
1325.2704,318.1919,334.4278,67.0482,13.68,3.6588,2326.8799,1.8822,1.8975,2.4298,-505.4375,1284.5732,0.40707
1325.4228,319.0309,334.1074,63.6069,13.38,3.6789,2308.97,1.9846,2.0027,2.358,-505.0341,1276.8621,0.41017
1325.5752,319.8698,338.5609,67.9336,10.37,3.7962,2299.6899,1.8785,1.8893,2.24,-505.2625,1241.4821,0.4155
1325.7276,320.1495,348.5892,70.7198,0.43,3.8016,2290.6101,1.7663,1.7717,2.1209,-505.5398,1257.8118,0.43782
1325.88,320.7088,352.466,73.3418,-3.98,3.7539,2297.45,1.6701,1.6651,2.0603,-506.0227,1269.151,0.41796
1326.0324,319.8698,348.8776,67.5728,-3.19,3.5203,2322.0898,1.7653,1.7502,2.0406,-506.7046,1272.3264,0.42467
1326.1848,319.8698,343.8474,69.2119,-1.48,3.3747,2344.0701,1.7977,1.767,2.0945,-506.9688,1270.0586,0.426
1326.3372,319.8698,341.893,69.3758,-0.7,3.4387,2352.8499,1.8224,1.7896,2.0954,-506.9148,1240.1217,0.45193
1326.4896,319.3105,342.1493,73.1617,-1.56,3.6656,2345.7998,1.8322,1.7986,2.122,-506.5454,1256.9042,0.44677
1326.642,318.7512,345.8659,72.8338,-3.26,4.0149,2329.25,1.7734,1.7375,2.0361,-506.775,1272.7802,0.42548
1326.7944,319.3105,349.999,71.5227,-4.85,4.2097,2323.02,1.7198,1.6851,2.0254,-507.375,1269.6049,0.42424
1326.9468,314.2765,346.4426,72.965,-12.07,4.3688,2327.3599,1.8132,1.7805,1.9558,-508.1364,1267.3369,0.41132
1327.0992,315.675,340.8677,76.4068,-27.65,4.6242,2334.49,1.7937,1.7648,1.994,-508.8693,1271.1925,0.41811
1327.2516,316.7936,347.596,76.374,-43.71,5.1683,2333.3,1.769,1.7404,1.9013,-509.8625,1285.9346,0.46643
1327.404,318.1919,358.6817,72.4077,-47.18,5.6196,2336.5701,1.7688,1.7428,1.8185,-509.2671,1267.1106,0.49578
1327.5564,314.8358,351.3446,59.788,-44.64,5.6977,2346.26,1.7716,1.7477,1.7737,-507.3062,1258.2656,0.45692
1327.7088,315.675,319.5294,55.3956,-33.8,5.4086,2371.95,1.77,1.7465,1.984,-506.4688,1272.7802,0.42563
1327.8612,314.8358,313.3779,52.3312,-28.19,5.0898,2355.96,1.7491,1.723,2.1124,-506.6875,1294.0994,0.41288
1328.0136,314.2765,345.3853,55.4615,-6.31,4.8672,2331.0398,2.0142,1.9938,2.2621,-507.0,1270.7386,0.46276
1328.166,319.8698,361.3409,54.9699,2.05,4.7018,2301.8501,1.5915,1.5463,2.2514,-507.2046,1272.7802,0.49301
1328.3184,310.9206,354.8049,60.165,8.96,4.4827,2309.3101,1.3297,1.2905,2.4663,-507.2557,1263.7087,0.50385
1328.4708,311.2003,346.2504,71.4572,2.75,4.2158,2327.6001,1.3334,1.2919,2.5475,-507.25,1267.3369,0.48569
1328.6232,311.4799,340.0347,77.603,3.85,3.9018,2347.1301,1.3286,1.2912,2.2757,-507.3977,1263.9352,0.50159
1328.7756,311.4799,340.3231,79.2419,3.67,3.7251,2354.3899,1.3317,1.2934,2.108,-507.5454,1258.2656,0.48399
1328.928,311.4799,348.4931,78.0947,3.08,3.6328,2362.27,1.3326,1.2954,1.9318,-507.625,1251.4611,0.44912
1329.0804,310.9206,358.3933,78.9961,2.45,3.6769,2362.98,1.3213,1.2816,1.8041,-507.5313,1261.8938,0.41709
1329.2328,311.4799,364.9294,80.3072,5.15,3.8482,2373.54,1.3095,1.268,1.6771,-507.6307,1251.0082,0.41319
1329.3852,311.2003,366.243,80.3072,11.26,4.108,2387.01,1.3047,1.2641,1.5968,-507.8636,1261.4399,0.4603
1329.5376,310.0817,368.1653,81.2907,12.43,4.226,2394.71,1.287,1.2445,1.5519,-508.0227,1268.6982,0.50245
1329.69,311.7596,371.5936,82.8805,9.77,4.1036,2397.95,1.2929,1.2495,1.562,-508.3921,1258.7194,0.47662
1329.8424,311.7596,365.9546,80.586,3.85,3.8448,2398.8799,1.2946,1.251,1.5939,-508.5057,1255.5439,0.43457
1329.9948,311.7596,357.8166,80.9139,2.03,3.702,2404.0798,1.3986,1.3481,1.704,-508.7557,1259.6259,0.4184
1330.1472,312.5985,360.0594,83.4216,4.02,3.6798,2417.8,1.255,1.212,1.673,-508.8125,1259.6259,0.47266
1330.2996,312.8782,363.4876,83.1431,7.41,3.7244,2429.1899,1.1911,1.1602,1.6213,-508.5438,1255.5439,0.46662
1330.452,312.0393,366.4993,84.7819,8.38,3.7424,2429.71,1.2299,1.1983,1.5856,-508.1761,1238.7604,0.46761
1330.6044,311.7596,372.6829,78.5541,3.65,3.7991,2403.04,1.2324,1.2003,1.501,-507.9659,1258.2656,0.456
1330.7568,311.4799,376.3034,79.488,-0.46,3.783,2383.5801,1.2198,1.1902,1.4515,-508.0227,1282.079,0.45304
1330.9092,311.7596,371.0489,77.0299,-1.0,3.7206,2379.22,1.2002,1.172,1.4339,-508.0796,1275.5018,0.41232
1331.0616,310.641,367.108,80.2088,1.57,3.6197,2391.48,1.1974,1.1672,1.4193,-508.2102,1270.0586,0.4105
1331.214,311.4799,371.5936,78.734,2.43,3.6436,2395.9199,1.1879,1.1588,1.357,-508.3579,1258.9457,0.42235
1331.3664,310.3611,371.6256,79.8808,1.88,3.7525,2391.8901,1.2547,1.2231,1.3205,-508.5562,1248.0592,0.41457
1331.5188,310.641,369.7673,78.3406,1.49,3.7861,2387.45,1.2249,1.1918,1.3453,-508.5796,1262.1211,0.40976
1331.6712,310.641,371.2091,77.1931,1.33,3.682,2381.9202,1.1926,1.1624,1.3408,-508.4034,1264.1616,0.42091
1331.8236,310.9206,374.5732,77.8487,0.9,3.5322,2375.5701,1.1905,1.1602,1.2984,-508.0682,1272.5538,0.4634
1331.976,311.4799,379.7316,78.4878,0.79,3.411,2375.8599,1.1916,1.1609,1.2691,-508.0398,1258.7194,0.48165
1332.1284,311.4799,381.5899,79.4713,0.81,3.3411,2380.1001,1.1208,1.096,1.2844,-507.9188,1254.6364,0.46034
1332.2808,311.4799,380.5326,77.8326,1.14,3.3136,2381.45,1.1271,1.1176,1.2764,-507.7614,1248.2866,0.4649
1332.4332,310.9206,379.6355,79.1602,0.18,3.3323,2374.6399,1.3703,1.3764,1.2792,-507.3977,1273.234,0.49416
1332.5856,311.4799,375.5665,80.9466,1.97,3.3615,2383.9299,1.3826,1.3936,1.3053,-507.5227,1269.152,0.52543
1332.738,311.4799,365.5061,80.4548,5.7,3.3625,2410.52,1.3813,1.3915,1.4434,-507.8693,1271.8727,0.53422
1332.8904,311.7596,357.4642,80.2908,6.23,3.326,2431.0801,1.3737,1.3846,1.6082,-508.125,1258.7194,0.44749
1333.0428,310.9206,354.5165,74.571,3.52,3.3206,2433.1501,1.3597,1.3701,1.7232,-508.3296,1243.0698,0.42937
1333.1952,310.3611,353.2029,72.7846,0.33,3.3207,2428.1299,1.3588,1.37,1.7331,-508.4034,1267.3369,0.36451
1333.3476,311.4799,354.2923,69.6709,0.84,3.3498,2428.03,1.3567,1.3669,1.7197,-508.4034,1280.2649,0.39386
1333.5,311.2003,357.4001,75.2432,0.67,3.4395,2418.5701,1.2656,1.2737,1.7385,-508.3875,1289.11,0.38007
1333.6524,310.9206,359.6108,80.1435,0.85,3.4855,2414.8601,1.1347,1.1313,1.6523,-508.2954,1300.903,0.40584
1333.8048,311.4799,359.5467,82.995,0.67,3.4766,2411.0798,1.1351,1.1234,1.4857,-508.3239,1265.7493,0.40247
1333.9572,312.0393,359.1623,84.962,0.43,3.3398,2408.3801,1.1347,1.1203,1.3368,-508.4125,1258.7194,0.39627
1334.1096,313.7172,359.1943,86.6008,-0.63,3.1627,2398.8499,1.1313,1.1142,1.2487,-508.3182,1272.1,0.40743
1334.262,315.0225,359.1943,89.3052,-0.99,3.0118,2393.45,1.1289,1.1132,1.2054,-508.3687,1269.6049,0.42071
1334.4144,315.1157,360.604,89.1411,-1.8,2.9506,2390.3799,1.1117,1.0961,1.1488,-508.5625,1275.5018,0.44915
1334.5668,315.3951,362.8468,87.0105,-1.63,2.9888,2387.47,1.0928,1.076,1.0554,-508.8239,1279.5837,0.4193
1334.7192,314.8358,360.7642,82.8641,-1.38,3.0851,2383.6902,1.0512,1.0342,1.0782,-508.7313,1256.9042,0.38118
1334.8716,315.675,358.2972,83.3556,-0.4,3.1757,2384.0598,1.1058,1.0918,1.1405,-508.3977,1275.5018,0.3642
1335.024,315.675,358.5215,86.8794,1.16,3.1861,2394.4099,1.176,1.1632,1.2647,-508.1591,1310.2018,0.35801
1335.1764,316.2343,358.4574,81.2085,1.42,3.1851,2398.5601,1.2037,1.1939,1.2965,-508.1812,1294.5521,0.37706
1335.3288,317.0733,358.7778,77.4392,1.8,3.1989,2401.4001,1.2148,1.2038,1.3425,-508.4773,1253.276,0.37202
1335.4812,316.7936,359.4827,71.1292,1.12,3.3251,2396.45,1.2423,1.2302,1.4002,-509.0,1220.1639,0.37343
1335.6336,319.0309,359.3224,75.8821,12.23,3.5077,2420.1301,1.2791,1.2658,1.4533,-509.5625,1256.9042,0.35286
1335.786,317.3529,358.6817,77.1441,18.47,3.7202,2435.6001,1.2436,1.2284,1.4763,-509.0739,1290.0165,0.34016
1335.9384,319.3105,359.0661,77.6359,26.34,3.8718,2454.0,1.199,1.1819,1.467,-508.0125,1294.0994,0.37378
1336.0908,318.1919,359.4827,79.8156,19.97,3.8605,2446.99,1.2018,1.1831,1.4631,-507.6648,1240.5756,0.40423
1336.2432,318.1919,360.1875,78.8816,15.83,3.6827,2444.5601,1.2207,1.1999,1.4916,-507.9091,1176.8453,0.43088
1336.3956,318.1919,359.5788,78.39,10.3,3.4691,2436.6802,1.2216,1.1971,1.4829,-508.0966,1104.9513,0.41481
1336.548,318.4716,360.3157,77.1934,4.86,3.5687,2417.9399,1.1572,1.131,1.4341,-507.8188,1046.6643,0.41338
1336.7004,315.3951,361.3089,74.8985,1.98,3.7684,2403.1602,1.1934,1.1663,1.4222,-507.7443,953.9047,0.37921
1336.8528,314.8358,358.8739,73.9975,-2.22,3.9289,2390.4399,1.2071,1.1782,1.4484,-507.8864,1033.7373,0.35453
1337.0052,314.8358,356.6952,79.7339,-2.85,3.745,2394.8201,1.2176,1.1907,1.5077,-508.0511,1513.6382,0.32187
1337.1576,315.675,356.0544,84.1589,-1.39,3.5815,2405.71,1.2712,1.2401,1.5199,-508.1187,1755.4027,0.35657
1337.31,315.3951,355.9263,87.9446,1.44,3.4476,2418.3701,1.3206,1.2918,1.535,-507.8011,1702.1052,0.37881
1337.4624,314.8358,355.4777,85.978,4.25,3.4127,2429.9199,1.3352,1.3023,1.5728,-507.3239,1653.7982,0.42098
1337.6148,315.9547,354.5806,88.4364,4.43,3.3547,2435.1599,1.3271,1.2975,1.6024,-507.5284,1588.9341,0.40823
1337.7672,316.7936,354.5806,85.7321,5.33,3.3311,2446.74,1.3333,1.3032,1.6177,-507.9716,1517.04,0.37731
1337.9196,317.3529,354.8369,81.6346,4.41,3.2764,2451.6799,1.3411,1.3102,1.6057,-508.1079,1488.9172,0.38804
1338.072,317.0733,354.6447,80.8154,3.07,3.2404,2449.75,1.3401,1.3109,1.6093,-507.9829,1441.5167,0.39182
1338.2244,315.9547,353.5233,84.8961,-1.52,3.2377,2429.1101,1.3511,1.32,1.6425,-508.1534,1381.1884,0.44836
1338.3768,315.9547,352.1136,86.9616,-3.52,3.2679,2417.3101,1.419,1.3858,1.6851,-507.9546,1331.7473,0.42447
1338.5292,316.514,352.0815,85.6505,-1.83,3.2587,2424.2402,1.3845,1.3519,1.7069,-508.1125,1300.6765,0.42861
1338.6816,316.7936,350.9281,82.8644,-0.32,3.2505,2432.6401,1.3845,1.3515,1.6987,-508.7898,1238.9878,0.39835
1338.834,316.7936,353.0107,83.913,0.13,3.2289,2439.0801,1.3815,1.3472,1.6627,-509.6364,1191.5874,0.42988
1338.9864,316.514,357.336,84.4045,-1.04,3.2043,2440.5999,1.3831,1.3488,1.6468,-510.5114,1281.8516,0.43161
1339.1388,316.7936,359.0021,83.749,0.39,3.152,2452.29,1.3813,1.3472,1.5806,-511.6875,1501.8441,0.44877
1339.2912,318.7512,359.8351,85.388,2.14,3.1239,2459.24,1.3743,1.3407,1.5744,-511.3466,1479.6184,0.44158
1339.4436,318.5648,360.2516,85.175,3.18,3.1432,2458.3799,1.2753,1.2407,1.5415,-507.2954,1416.7958,0.448
1339.596,318.1919,360.7642,85.3389,4.21,3.1766,2456.6399,1.1909,1.1516,1.5642,-504.8636,1382.0958,0.43335
1339.7484,317.9122,360.8283,82.5525,4.4,3.2004,2454.4402,1.1912,1.1502,1.5297,-504.9773,1349.4374,0.41364
1339.9008,317.6326,361.2448,83.8145,4.38,3.231,2450.0999,1.1915,1.1504,1.5172,-505.3296,1316.0988,0.41408
1340.0532,317.0733,362.4944,87.0925,3.63,3.2433,2441.05,1.1944,1.1531,1.5002,-505.7159,1240.1217,0.39927
1340.2056,317.3529,364.2565,85.2899,3.8,3.25,2434.99,1.1988,1.1572,1.4938,-505.7216,1244.6575,0.43263
1340.358,317.0733,366.2109,85.2245,3.21,3.253,2427.5999,1.2216,1.1788,1.4482,-506.0171,1300.6765,0.45299
1340.5104,317.3529,367.5886,85.9207,4.78,3.25,2433.99,1.231,1.1885,1.4287,-506.4489,1260.0796,0.46936
1340.6628,317.0733,368.1333,87.5595,4.52,3.2219,2439.0901,1.2312,1.187,1.4123,-506.9659,1204.7417,0.46281
1340.8152,317.3529,367.909,82.6427,4.33,3.1657,2448.71,1.2393,1.1932,1.4335,-507.1364,1151.2178,0.42921
1340.9676,317.9122,367.7809,78.5045,1.26,3.1603,2443.3301,1.2299,1.1841,1.4302,-507.7102,1109.4869,0.44836
1341.12,318.4716,368.4857,84.4046,-1.73,3.2258,2426.5,1.2115,1.1643,1.4292,-508.6364,1307.7064,0.44195
1341.2724,319.0309,369.9275,89.7476,-1.66,3.2914,2415.3799,1.1924,1.1481,1.3881,-509.4813,1551.5125,0.45226
1341.4248,319.8698,371.4334,94.8281,1.12,3.3106,2416.23,1.1785,1.1362,1.3769,-509.3011,1528.6066,0.43194
1341.5772,318.4716,372.747,88.764,4.42,3.2656,2431.0801,1.1617,1.1216,1.3764,-507.9432,1490.5049,0.43685
1341.7296,319.8698,373.3237,89.3211,4.42,3.2285,2438.79,1.1407,1.1023,1.3717,-506.7386,1402.9612,0.47169
1341.882,320.1495,372.5547,87.6824,2.21,3.2221,2435.95,1.1219,1.0861,1.3462,-506.8579,1365.7671,0.51408
1342.0344,319.8698,372.4586,91.7798,0.71,3.3001,2422.77,1.0993,1.0658,1.2843,-507.1079,1290.2438,0.5154
1342.1868,319.8698,374.8936,91.7635,5.85,3.3791,2425.74,1.1047,1.0716,1.3003,-507.4148,1217.8961,0.47079
1342.3392,317.9122,370.7285,95.3691,5.64,3.3909,2417.6899,1.1572,1.1229,1.3108,-507.8813,1208.3699,0.42082
1342.4916,316.7936,363.6798,91.2718,5.83,3.3186,2420.3201,1.167,1.1327,1.3711,-507.875,1322.6749,0.43535
1342.644,316.7936,366.1469,85.8796,6.08,3.2507,2422.79,1.1672,1.1336,1.3342,-507.7614,1484.1542,0.43291
1342.7964,316.2343,371.1771,80.3072,8.11,3.2125,2429.8501,1.1818,1.1513,1.3471,-507.6063,1453.3097,0.43583
1342.9488,316.7936,372.8752,79.2913,9.05,3.2232,2431.1699,1.2156,1.1882,1.3761,-507.6534,1390.7145,0.44568
1343.1012,316.7936,371.145,82.5691,7.13,3.3199,2425.22,1.2492,1.2239,1.4375,-508.125,1319.0468,0.45239
1343.2536,317.6326,368.0372,83.8801,10.04,3.5123,2430.4099,1.2934,1.2658,1.5309,-508.9943,1293.6456,0.43968
1343.406,317.0733,367.2682,81.3562,16.17,3.6869,2443.3301,1.3313,1.303,1.5447,-509.3807,1259.1721,0.43056
1343.5584,317.9122,366.5634,78.898,12.05,3.6596,2431.74,1.316,1.2856,1.5456,-508.1812,1244.6575,0.41465
1343.7108,318.1919,367.3003,79.9798,6.8,3.467,2413.6401,1.3132,1.2806,1.4554,-506.9261,1263.9352,0.44988
1343.8632,317.6326,370.9207,81.553,-0.17,3.2431,2388.6001,1.2484,1.2117,1.4593,-506.6591,1307.934,0.44324
1344.0156,318.7512,375.182,80.5369,1.91,3.1206,2383.6902,1.2419,1.202,1.4567,-507.3188,1342.1801,0.4591
1344.168,319.5901,378.9306,78.4717,8.78,3.0899,2390.4199,1.2547,1.2069,1.4279,-507.9546,1305.8925,0.43154
1344.3204,319.3105,379.8918,79.9631,11.93,3.0753,2399.04,1.1555,1.1069,1.3269,-508.2671,1290.924,0.42515
1344.4728,318.1919,380.2762,83.2737,11.12,3.0543,2406.46,1.1046,1.0542,1.2168,-508.0114,1266.8832,0.44977
1344.6252,317.9122,380.7568,85.7326,4.05,3.035,2393.3799,1.0517,1.0029,1.1559,-508.0438,1257.358,0.44747
1344.7776,318.1919,382.2627,83.2087,-0.53,3.0685,2375.52,1.0145,0.9668,1.1201,-507.9773,1290.4703,0.4501
1344.93,317.6326,379.5073,79.6028,0.35,3.1065,2366.8599,0.9956,0.9499,1.096,-507.7159,1273.6877,0.43772
1345.0824,317.9122,375.1179,76.4886,5.43,3.1337,2376.03,0.9955,0.9511,1.0796,-507.625,1226.0598,0.47961
1345.2348,317.6326,361.1487,74.5054,9.08,3.1139,2385.6101,1.0404,0.995,1.0747,-507.6023,1240.1217,0.491
1345.3872,317.6326,337.3754,72.3752,7.52,3.0635,2381.8901,1.1862,1.1372,1.0837,-507.8296,1274.5942,0.44276
1345.5396,317.6326,326.6102,61.7222,5.59,3.0292,2383.74,1.9658,1.9156,1.1241,-508.4937,1292.2843,0.32936
1345.692,317.6326,327.251,63.3448,10.81,3.08,2413.8301,1.5424,1.4955,1.2205,-509.1989,1256.9042,0.29964
1345.8444,316.514,298.7679,67.114,11.14,3.1946,2429.4399,1.2529,1.2078,1.2656,-509.8125,1180.7008,0.27187
1345.9968,316.2343,322.381,73.6696,8.76,3.3528,2436.1201,1.2079,1.1644,1.2703,-509.65,1201.5663,0.30308
1346.1492,318.4716,378.6422,75.833,0.78,3.4839,2420.3999,1.162,1.1204,1.2536,-508.1136,1292.7382,0.3089
1346.3016,319.0309,378.2257,81.8969,-0.27,3.6086,2424.23,1.1327,1.0921,1.2218,-506.9886,1355.3345,0.37555
1346.454,319.0309,374.7975,88.1248,-1.06,3.6726,2426.3301,1.121,1.0809,1.1585,-507.2443,1346.0355,0.40366
1346.6064,318.4716,373.9645,86.8627,-0.4,3.6616,2431.46,1.1071,1.0674,1.1266,-507.7386,1308.1603,0.39874
1346.7588,318.1919,373.0674,83.0932,0.22,3.6176,2432.1101,1.0864,1.0464,1.0969,-508.1437,1262.3474,0.40311
1346.9112,317.6326,371.3052,83.5032,3.08,3.5857,2439.5498,1.1432,1.1039,1.1184,-508.6648,1233.3173,0.37393
1347.0636,317.0733,367.7488,88.7478,4.33,3.5569,2439.3899,1.2101,1.1799,1.1939,-508.9829,1230.1428,0.37828
1347.216,317.3529,364.2565,87.4367,7.29,3.5947,2442.3599,1.2103,1.1837,1.2366,-509.1079,1276.182,0.37094
1347.3684,317.6326,363.4235,85.388,8.61,3.6357,2441.4102,1.198,1.172,1.2072,-509.3239,1368.0349,0.40674
1347.5208,319.0309,362.9109,83.7493,8.62,3.6468,2443.8901,1.1981,1.172,1.1828,-509.2841,1342.6339,0.42809
1347.6732,318.7512,361.6613,85.5522,6.7,3.6103,2442.1301,1.1962,1.1732,1.2284,-509.2273,1301.3567,0.42511
1347.8256,319.3105,363.0711,92.1076,4.57,3.5329,2436.8999,1.1791,1.1617,1.2495,-509.3579,1231.5031,0.38936
1347.978,319.3105,365.8905,90.6325,6.37,3.5213,2436.48,1.2011,1.1851,1.2485,-509.4318,1158.2477,0.36961
1348.1304,318.7512,365.7303,89.3215,9.01,3.5013,2443.74,1.2082,1.1902,1.2038,-509.6648,1065.4883,0.36534
1348.2828,319.0309,366.3711,86.0436,8.92,3.4541,2447.28,1.1982,1.1805,1.1924,-509.7159,1198.1644,0.39204
1348.4352,319.8698,369.4149,85.7159,5.26,3.4061,2438.8999,1.1836,1.1661,1.1889,-509.9312,1476.8967,0.42097
1348.5876,319.3105,366.6274,86.3713,0.47,3.378,2424.0798,1.1091,1.0909,1.1749,-509.9773,1553.1002,0.41204
1348.74,319.3105,363.007,82.9296,-1.88,3.3956,2415.7,1.1454,1.128,1.1992,-509.8352,1490.5049,0.37456
1348.8924,319.5901,362.7186,88.8298,-1.69,3.3816,2419.02,1.1594,1.1414,1.2177,-509.4773,1429.7227,0.36298
1349.0448,319.8698,363.5837,88.6659,-1.17,3.3798,2419.74,1.1548,1.1372,1.2356,-508.6421,1362.3644,0.38809
1349.1972,319.8698,366.2109,90.6326,0.63,3.3749,2424.54,1.1451,1.1284,1.1999,-508.6136,1315.645,0.37389
1349.3496,319.8698,368.4857,86.5352,2.3,3.3882,2428.22,1.114,1.1015,1.172,-508.2954,1290.924,0.40195
1349.502,319.8698,369.3828,88.6657,3.81,3.3762,2435.4802,1.0972,1.0829,1.1409,-508.0341,1270.5123,0.40708
1349.6544,320.1495,368.4537,88.174,3.99,3.3879,2436.1802,1.1009,1.086,1.1365,-507.8068,1263.0276,0.43465
1349.8068,320.4294,367.3323,86.0437,2.49,3.3931,2431.02,1.1088,1.0937,1.1787,-507.7625,1264.1616,0.44297
1349.9592,320.9887,366.5634,85.2241,3.11,3.408,2432.6201,1.1351,1.1184,1.2588,-507.8182,1277.3159,0.40615
1350.1116,321.2681,365.6983,85.3881,5.23,3.4127,2438.52,1.2029,1.184,1.3038,-507.3864,1260.0796,0.4133
1350.264,319.3105,363.8721,87.8462,6.11,3.4117,2440.0,1.2365,1.2167,1.3048,-507.1818,1258.2656,0.37512
1350.4164,319.8698,362.9429,84.1263,4.13,3.414,2431.55,1.2136,1.1899,1.2627,-506.7443,1263.9352,0.38396
1350.5688,319.8698,363.4876,87.404,1.13,3.3713,2424.0698,1.2048,1.1826,1.2638,-506.4546,1252.8224,0.38961
1350.7212,319.8698,363.9361,87.8956,0.45,3.3382,2423.5,1.2056,1.1818,1.2796,-506.525,1259.1721,0.39639
1350.8736,320.7088,363.84,88.1738,2.3,3.3093,2431.26,1.2053,1.1817,1.306,-506.6704,1241.9358,0.40059
1351.026,320.9887,364.0323,81.9461,3.56,3.3294,2432.8899,1.2049,1.1821,1.271,-506.4886,1253.7289,0.41557
1351.1784,320.7088,365.9546,81.4874,2.05,3.35,2426.9299,1.2084,1.1875,1.2543,-505.875,1283.2129,0.41365
1351.3308,321.548,367.6207,79.0292,0.83,3.2987,2427.74,1.1782,1.1531,1.2672,-505.2216,1290.2438,0.40588
1351.4832,320.9887,367.7809,80.3402,0.79,3.2401,2435.5701,1.1745,1.1416,1.2839,-504.6875,1301.3567,0.38437
1351.6356,320.9887,367.909,80.9628,4.83,3.204,2456.3,1.1966,1.1637,1.2971,-504.4432,1301.3567,0.37781
1351.788,320.9887,368.2935,84.585,5.81,3.2316,2458.05,1.1971,1.1639,1.2931,-504.8125,1292.2843,0.39591
1351.9404,321.2681,367.6207,85.8963,5.37,3.2638,2453.6799,1.1993,1.1659,1.2814,-505.1437,1289.5626,0.3925
1352.0928,321.548,365.7624,81.4714,4.05,3.2528,2449.8799,1.1962,1.1633,1.2641,-504.8807,1269.151,0.4093
1352.2452,321.548,363.4235,81.9465,3.89,3.2216,2454.9001,1.2004,1.1664,1.2638,-504.5568,1267.3369,0.40098
1352.3976,321.8276,361.3409,80.6843,3.11,3.1989,2455.5,1.208,1.1741,1.3159,-504.7125,1253.7289,0.38976
1352.55,321.2681,361.1487,87.7316,1.71,3.2381,2448.1599,1.2092,1.1746,1.3721,-505.2557,1255.9977,0.40318
1352.7024,321.2681,362.6546,91.9435,0.68,3.2692,2441.9602,1.2271,1.1935,1.3583,-505.9375,1270.7386,0.41996
1352.8548,321.8276,361.6293,96.8113,0.51,3.3041,2438.9099,1.2909,1.2568,1.3143,-506.2188,1264.1616,0.44698
1353.0072,321.548,357.9448,96.4833,2.02,3.3077,2452.01,1.2996,1.2674,1.3043,-505.0,1236.0388,0.41042
1353.1596,323.2259,356.3428,96.1231,3.6,3.3169,2460.5801,1.3002,1.2675,1.3728,-503.6818,1242.3896,0.4042
1353.312,322.9463,358.7458,96.7784,4.75,3.2991,2469.1301,1.2986,1.2663,1.4282,-503.2386,1259.1721,0.4011
1353.4644,323.2259,361.0205,93.5007,4.41,3.2669,2462.5801,1.2104,1.1838,1.4503,-503.1875,1253.5026,0.41023
1353.6168,321.548,358.3613,91.878,4.1,3.2662,2458.6301,1.3386,1.3153,1.4642,-503.6534,1252.3685,0.40084
1353.7692,319.8698,357.4001,84.8306,4.29,3.2634,2457.6499,1.5026,1.476,1.4587,-504.1307,1260.9872,0.39024
1353.9216,319.3105,357.7205,88.9283,4.78,3.2863,2459.8601,1.5067,1.4812,1.4602,-503.7784,1260.9872,0.39094
1354.074,319.8698,356.503,88.0266,5.66,3.3387,2465.05,1.5036,1.4771,1.5029,-503.7125,1264.1616,0.36417
1354.2264,319.3105,354.6447,95.0743,5.24,3.3976,2466.6799,1.4985,1.4727,1.5322,-503.7443,1252.3685,0.35189
1354.3788,320.1495,347.3076,92.9434,3.83,3.434,2465.4099,1.4762,1.45,1.5586,-503.6875,1258.2656,0.34521
1354.5312,321.2681,348.397,97.9915,2.22,3.3779,2463.95,1.3988,1.3739,1.4921,-503.5909,1285.7072,0.35876
1354.6836,320.7088,355.5739,94.5495,3.21,3.3141,2466.5698,1.3348,1.3119,1.5073,-503.8,1270.0586,0.33468
1354.836,321.548,356.3108,96.3524,6.27,3.258,2473.1699,1.2614,1.24,1.4743,-504.1648,1274.5942,0.3568
1354.9884,320.4294,356.5991,92.0258,7.52,3.2571,2471.3999,1.2207,1.197,1.457,-503.875,1266.4294,0.35684
1355.1408,319.8698,356.0865,91.3702,6.95,3.2919,2465.73,1.2114,1.1863,1.4071,-502.275,1281.6252,0.36644
1355.2932,320.7088,353.9398,90.7146,6.74,3.3589,2462.8,1.2106,1.1866,1.3872,-501.4318,1265.0691,0.38022
1355.4456,319.3105,352.7223,95.2213,7.12,3.4435,2463.1702,1.2072,1.1804,1.3878,-501.4261,1246.4716,0.40181
1355.598,319.8698,352.4019,95.5493,8.39,3.4934,2468.8599,1.2382,1.2023,1.4033,-501.6307,1239.2142,0.41872
1355.7504,321.2681,353.3311,96.3691,5.86,3.4451,2465.6001,1.1781,1.1423,1.4369,-501.7102,1265.0691,0.38026
1355.9028,320.9887,358.5215,95.6477,2.83,3.3538,2459.8101,1.1693,1.1328,1.4198,-501.9829,1306.1188,0.39236
1356.0552,321.548,361.8856,96.4669,-1.13,3.2792,2447.27,1.1696,1.1334,1.4108,-502.35,1302.717,0.39244
1356.2076,321.2681,361.5011,92.3693,-1.69,3.2522,2443.49,1.1703,1.1349,1.3588,-502.1193,1276.8621,0.41733
1356.36,320.7088,361.6293,89.977,0.25,3.2707,2448.8,1.1793,1.145,1.3458,-502.0454,1207.0095,0.43766
1356.5124,320.9887,361.2448,91.0095,3.01,3.3123,2457.6199,1.1746,1.1422,1.2775,-502.4034,1151.2178,0.45172
1356.6648,320.4294,360.6681,94.4513,3.0,3.3728,2456.24,1.1806,1.1499,1.2643,-502.9204,1240.5756,0.45368
1356.8172,319.8698,361.0205,91.9929,2.0,3.388,2453.49,1.1857,1.1543,1.2691,-503.7188,1425.187,0.46266
1356.9696,320.4294,361.6293,91.4523,3.44,3.3816,2460.76,1.1832,1.1546,1.3248,-504.5057,1435.6198,0.45478
1357.122,323.5056,361.9497,92.8616,4.31,3.343,2466.51,1.1729,1.1451,1.3608,-504.6875,1361.2303,0.46349
1357.2744,322.9463,362.174,92.8614,5.08,3.3386,2466.51,1.1804,1.1548,1.3645,-501.8693,1294.3258,0.43093
1357.4268,323.7852,362.2701,92.2056,3.34,3.3635,2456.3201,1.2172,1.1919,1.3703,-498.5909,1302.0369,0.42643
1357.5792,321.2681,362.1099,91.485,3.9,3.4379,2456.75,1.2267,1.2006,1.3618,-498.0454,1315.4176,0.41455
1357.7316,319.0309,362.0779,89.3544,3.4,3.5168,2458.1699,1.2239,1.1997,1.3503,-498.3977,1296.3672,0.44325
1357.884,319.3105,362.0458,90.5017,1.84,3.5293,2457.3901,1.2233,1.2001,1.3364,-498.7292,1242.616,0.42839
1358.0364,319.0309,362.5905,92.1077,1.05,3.4818,2457.7798,1.1882,1.1693,1.3451,-499.0227,1224.6996,0.42964
1358.1888,318.4716,364.2565,99.9742,0.7,3.4036,2457.8398,1.1475,1.1304,1.3507,-499.0682,1292.2843,0.40539
1358.3412,319.3105,364.8653,99.8105,3.03,3.3454,2467.5,1.1223,1.1029,1.3543,-499.4375,1348.077,0.4204
1358.4936,319.0309,364.8653,97.8436,4.02,3.302,2470.3901,1.132,1.1125,1.3275,-499.9261,1338.3245,0.40856
1358.646,319.0309,365.1216,96.8605,5.9,3.2565,2475.4099,1.135,1.1178,1.2942,-500.2784,1287.976,0.42626
1358.7984,319.8698,365.442,95.7132,5.12,3.208,2469.6902,1.1461,1.1274,1.2583,-500.4375,1269.3784,0.4145
1358.9508,319.0309,365.8585,92.7632,5.76,3.2106,2471.6899,1.1535,1.1336,1.2528,-500.4602,1308.1603,0.42744
1359.1032,319.5901,366.243,89.3215,5.15,3.2178,2473.96,1.1345,1.1134,1.2621,-500.3864,1312.2432,0.44111
1359.2556,319.3105,366.5313,88.338,6.68,3.2496,2482.03,1.1298,1.1089,1.2764,-500.3579,1300.4492,0.46024
1359.408,319.5901,366.3391,92.7629,3.56,3.2693,2471.22,1.1334,1.112,1.2732,-500.375,1257.8118,0.47149
1359.5604,318.1919,365.9546,95.877,1.73,3.2817,2461.74,1.1296,1.1072,1.244,-500.2614,1197.9371,0.44303
1359.7128,318.1919,365.9546,98.6633,0.82,3.285,2456.1702,1.159,1.1349,1.2153,-500.0,1128.5382,0.39547
1359.8652,319.3105,365.474,98.3357,4.33,3.2685,2468.8499,1.1424,1.1195,1.2008,-499.9432,1071.6117,0.39182
1360.0176,318.7512,365.5702,97.8604,5.46,3.2583,2468.73,1.1002,1.078,1.2031,-499.9659,991.3261,0.39017
1360.17,319.8698,367.9731,98.68,4.12,3.2367,2462.8899,1.0917,1.0691,1.2076,-500.0341,1025.1187,0.41722
1360.3224,319.0309,369.3828,95.566,2.53,3.2233,2455.79,1.1171,1.0954,1.2003,-499.825,1410.0676,0.43445
1360.4748,319.0309,368.9663,92.7633,2.25,3.2251,2457.7,1.1018,1.0805,1.1847,-499.5057,1742.4747,0.43879
1360.6272,319.8698,368.2615,94.7461,1.67,3.2335,2457.21,1.0943,1.072,1.1835,-499.3125,1696.662,0.43697
1360.7796,319.5901,367.5886,92.6156,0.92,3.249,2453.1401,1.1161,1.0938,1.1964,-499.3807,1637.4685,0.42853
1360.932,320.1495,367.7168,94.4184,0.63,3.2773,2448.49,1.1161,1.0942,1.2085,-499.3625,1574.4194,0.42326
1361.0844,319.3105,368.0052,92.2553,0.57,3.3227,2443.6499,1.1136,1.0897,1.2013,-499.1591,1524.2972,0.42113
1361.2368,319.0309,366.9478,95.2054,0.89,3.3321,2444.4001,1.142,1.1189,1.2113,-498.7159,1475.9893,0.40859
1361.3892,319.5901,365.0896,95.5334,3.48,3.3591,2453.7202,1.1669,1.1462,1.2443,-498.2046,1416.3419,0.41701
1361.5416,319.8698,364.0002,95.3527,10.81,3.4253,2469.3,1.1699,1.1493,1.2816,-497.9375,1355.7871,0.39477
1361.694,320.4294,363.4235,97.1555,14.37,3.5208,2475.6001,1.1973,1.1777,1.2888,-498.1136,1323.5824,0.41155
1361.8464,320.7088,363.0711,97.9748,14.52,3.5748,2477.1299,1.2104,1.1913,1.2734,-498.5,1294.7795,0.40526
1361.9988,320.7088,362.8468,94.5494,8.13,3.5454,2471.1799,1.2048,1.1849,1.2496,-499.1688,1233.7709,0.43677
1362.1512,321.548,364.0963,90.616,4.72,3.4752,2470.22,1.2003,1.1805,1.2268,-498.9829,1153.9395,0.43156
1362.3036,321.2681,364.8333,92.4188,1.93,3.4168,2460.97,1.1618,1.1435,1.2267,-506.7216,1195.8966,0.43877
1362.456,321.2681,364.3206,95.7133,1.55,3.3835,2456.9199,1.1787,1.1602,1.256,-499.9546,1395.704,0.4683
1362.6084,321.548,364.2886,95.0249,2.34,3.3807,2460.3701,1.1558,1.1362,1.3226,-494.6938,1490.0511,0.49314
1362.7608,320.9887,364.0323,96.3361,2.43,3.3482,2467.55,1.1592,1.1367,1.3723,-494.5682,1431.7642,0.47304
1362.9132,320.9887,364.7051,91.4194,0.83,3.3493,2465.9399,1.1605,1.1377,1.4054,-494.5454,1374.3848,0.46676
1363.0656,320.9887,365.3779,93.7468,-0.83,3.338,2460.1499,1.173,1.1431,1.4118,-494.5,1329.2521,0.46876
1363.218,321.2681,365.3138,90.3049,-2.12,3.3558,2454.99,1.1929,1.1621,1.4063,-493.5852,1279.131,0.47844
1363.3704,321.548,364.8653,95.7134,-0.58,3.3195,2462.97,1.2082,1.1746,1.388,-492.1648,1247.3792,0.45495
1363.5228,321.2681,364.1604,96.6965,-0.75,3.308,2462.8601,1.216,1.1799,1.3659,-491.9937,1266.6569,0.43594
1363.6752,320.9887,364.3206,93.091,0.73,3.2766,2467.1499,1.2215,1.1842,1.3521,-492.0682,1299.5427,0.43633
1363.8276,319.8698,364.5449,91.7796,-0.79,3.3245,2453.4199,1.2307,1.1934,1.3561,-492.3523,1302.717,0.44712
1363.98,315.9547,364.1284,92.5993,2.21,3.3758,2456.3799,1.2204,1.1833,1.3624,-492.1534,1273.234,0.4701
1364.1324,315.675,363.9682,92.4189,5.26,3.449,2458.3899,1.2212,1.1799,1.3845,-491.4034,1210.6377,0.45278
1364.2848,315.9547,364.0963,92.5829,8.13,3.4629,2465.5601,1.2571,1.2124,1.3952,-490.8625,1158.9288,0.44083
1364.4372,315.9547,364.9934,91.7635,7.47,3.4583,2461.3098,1.2583,1.2116,1.3742,-490.7614,1272.1,0.4172
1364.5896,315.9547,365.6342,93.9106,6.31,3.4269,2458.76,1.2557,1.2101,1.3653,-490.7443,1434.9396,0.43223
1364.742,316.514,365.8265,96.8608,5.01,3.3898,2458.0901,1.2538,1.2092,1.3729,-490.5739,1418.3834,0.44867
1364.8944,316.2343,365.2177,94.0743,2.6,3.357,2454.8398,1.2385,1.1909,1.386,-490.4937,1382.5496,0.45005
1365.0468,316.514,364.8973,93.4186,0.62,3.3636,2446.8999,1.2484,1.2026,1.349,-489.1307,1298.635,0.44397
1365.1992,315.675,365.2818,89.3213,4.31,3.5196,2436.29,1.2046,1.1636,1.3296,-486.9546,1283.6667,0.44232
1365.3516,315.3951,364.4167,95.1069,21.59,4.029,2427.01,1.2126,1.1723,1.3307,-486.1563,1306.5726,0.44728
1365.504,316.514,365.3138,96.9097,40.3,4.7747,2425.3799,1.2152,1.1743,0.848,-486.3296,1298.1814,0.46153
1365.6564,317.9122,369.0945,99.745,59.17,5.3968,2448.75,1.2176,1.1779,0.7461,-486.6421,1294.0994,0.47489
1365.8088,318.1919,368.8702,95.2708,54.88,5.4216,2465.6799,1.2451,1.2046,0.7611,-486.3921,1286.3883,0.44189
1365.9612,315.675,361.6934,96.5822,37.81,4.9546,2465.2,1.4646,1.4189,1.3657,-485.2708,1292.7382,0.39933
1366.1136,317.0733,350.9281,91.8946,19.28,4.3735,2460.8401,1.5258,1.4776,1.5916,-485.0682,1314.0574,0.36942
1366.266,317.6326,342.0211,89.7639,7.41,3.9268,2456.6802,1.4956,1.4495,1.6166,-485.2404,1325.3966,0.36045
1366.4184,317.3529,341.893,88.7806,6.07,3.7181,2461.8398,1.4523,1.4112,1.6204,-485.1875,1268.4708,0.33928
1366.5708,317.0733,345.4814,89.6492,2.16,3.6284,2452.45,1.4278,1.3879,1.5702,-485.125,1210.1849,0.32996
1366.7232,317.0733,345.5455,91.056,2.71,3.6469,2453.45,1.4255,1.3867,1.5994,-484.8594,1127.6307,0.32789
1366.8756,317.6326,342.6299,93.3231,3.94,3.6632,2459.0701,1.4276,1.3878,1.6719,-484.8077,1172.5359,0.36241
1367.028,317.3529,339.1056,93.8967,6.21,3.7141,2464.0901,1.5341,1.5084,1.7931,-485.3385,1375.5187,0.37606
1367.1804,317.3529,336.3181,94.047,9.03,3.8354,2466.6799,1.5889,1.5723,1.8038,-486.0288,1506.6073,0.38652
1367.3328,316.7936,335.4851,91.1925,11.37,3.9591,2470.6499,1.5604,1.5489,1.8168,-486.8365,1453.7635,0.35547
1367.4852,317.3529,337.3113,95.9771,9.17,3.9542,2469.8801,1.559,1.5471,1.8043,-486.5781,1386.1787,0.32882
1367.6376,317.0733,338.1764,98.2306,5.85,3.8251,2471.28,1.5515,1.5394,1.8279,-483.3798,1339.4584,0.34183
1367.79,320.9887,337.7279,94.128,3.34,3.6452,2474.7,1.5449,1.5299,1.8046,-481.375,1278.6772,0.37481
1367.9424,321.548,338.1444,90.9961,4.22,3.6057,2478.26,1.5404,1.5274,1.7967,-481.6125,1280.4912,0.44028
1368.0948,319.3105,339.9066,91.3083,4.04,3.7188,2468.71,1.532,1.5161,1.7953,-481.9453,1290.0165,0.43307
1368.2472,319.8698,342.0532,96.6125,14.41,3.8619,2475.99,1.5287,1.512,1.8079,-482.5,1278.6772,0.42497
1368.3996,319.5901,343.9435,97.2777,13.74,3.9459,2468.8799,1.5086,1.4899,1.7966,-483.257,1274.5942,0.38719
1368.552,319.8698,345.962,96.3347,12.75,3.9299,2467.3401,1.5021,1.4842,1.7874,-484.4201,1300.4492,0.37032
1368.7044,320.4294,346.5387,94.8703,1.96,3.9131,2448.1799,1.4996,1.4826,1.7937,-485.9271,1302.717,0.36917
1368.8568,316.514,342.694,93.7918,7.76,3.9131,2460.71,1.4986,1.4816,1.8173,-488.0433,1290.6967,0.38098
1369.0092,315.9547,341.4124,93.9191,12.72,3.9514,2472.1101,1.5024,1.4865,1.8395,-505.0,1286.8411,0.40066
1369.1616,315.3951,343.3348,91.5395,13.18,3.97,2473.46,1.4765,1.4607,1.8459,-522.155,1276.8621,0.40931
1369.314,315.9547,342.7581,91.2874,22.82,4.0039,2483.5701,1.492,1.468,1.8389,-528.52,1269.151,0.40841
1369.4664,315.675,342.2775,89.8841,26.96,3.9897,2489.4299,1.4796,1.4563,1.7915,-536.8325,1283.6667,0.36258
1369.6188,315.9547,343.6552,92.6767,27.15,3.9417,2495.8999,1.468,1.4439,1.7344,-541.3702,1289.7902,0.35669
1369.7712,317.0733,344.4241,91.942,9.82,3.8992,2475.25,1.4657,1.4438,1.7078,-531.1225,1297.2737,0.35016
1369.9236,316.514,343.5911,93.2595,-0.49,3.7735,2464.55,1.4689,1.4438,1.714,-527.1775,1297.7275,0.38673
1370.076,317.9122,343.2066,93.1845,-2.8,3.6755,2465.5701,1.4657,1.4418,1.7459,-525.7725,1275.5018,0.38869
1370.2284,317.0733,342.5979,94.7708,-1.43,3.5198,2475.29,1.4678,1.443,1.7602,-528.56,1271.8727,0.40722
1370.3808,317.0733,342.5658,95.3256,0.52,3.4598,2481.76,1.4624,1.4388,1.7392,-535.1025,1263.0276,0.40719
1370.5332,317.6326,343.1105,93.117,1.46,3.4725,2475.0601,1.4602,1.4369,1.701,-548.1803,1269.6049,0.3902
1370.6856,316.514,345.5775,93.4056,2.2,3.5479,2462.6001,1.4409,1.4187,1.6415,-572.7981,1306.3462,0.37978
1370.838,315.3951,348.2368,91.7274,2.52,3.6793,2448.1101,1.3705,1.3483,1.6369,-581.1,1292.7382,0.37176
1370.9904,315.1157,349.2621,96.1263,6.16,3.7633,2453.96,1.3751,1.3543,1.6452,-605.0575,1253.9562,0.37065
1371.1428,315.1157,349.4864,91.7994,8.18,3.7818,2464.2998,1.3967,1.3748,1.6504,-630.525,1271.4198,0.36622
1371.2952,315.1157,349.3902,91.3973,8.87,3.7215,2474.0701,1.3867,1.3651,1.6579,-632.6394,1267.7908,0.36713
1371.4476,315.675,349.5184,90.7483,6.07,3.7135,2467.1499,1.3876,1.3668,1.6402,-621.8486,1306.3462,0.37486
1371.6,316.514,350.1592,94.4981,5.29,3.7218,2462.5498,1.3776,1.3564,1.6099,-593.8625,1310.4281,0.39113
1371.7524,317.0733,351.7291,98.8665,5.6,3.7729,2461.03,1.3798,1.3579,1.6032,-597.0481,1277.0896,0.41322
1371.9048,318.1919,352.3379,97.0304,7.13,3.7572,2469.3201,1.3788,1.3582,1.6321,-617.8822,1257.8118,0.43285
1372.0572,318.4716,351.7932,94.648,6.33,3.7091,2472.25,1.3722,1.3518,1.6528,-648.3221,1280.4912,0.43845
1372.2096,318.4716,351.601,94.4316,5.09,3.6578,2473.1699,1.3622,1.3416,1.592,-673.175,1320.4071,0.43848
1372.362,317.3529,351.2485,93.0449,0.82,3.6447,2462.46,1.3739,1.3553,1.5287,-681.774,1338.0972,0.42814
1372.5144,316.2343,350.864,93.336,-0.38,3.621,2462.22,1.3542,1.337,1.499,-708.0144,1307.0262,0.40743
1372.6668,314.5562,352.0815,90.2933,0.2,3.54,2471.71,1.3412,1.3241,1.5102,-738.9976,1281.3989,0.40374
1372.8192,315.675,352.6903,90.6399,2.16,3.4882,2481.1201,1.3422,1.3257,1.5524,-775.27,1246.9253,0.40242
1372.9716,316.7936,352.1776,91.6497,2.19,3.5073,2479.3799,1.3511,1.3337,1.5968,-853.1298,1254.8639,0.38869
1373.124,317.6326,351.8573,91.9272,2.98,3.5055,2478.47,1.3552,1.3375,1.5965,-962.2975,1312.2432,0.38583
1373.2764,319.0309,351.7291,94.7701,3.51,3.426,2477.1699,1.3492,1.3271,1.5553,-1134.427,1302.717,0.40451
1373.4288,319.5901,351.8252,98.5201,3.97,3.3024,2477.4302,1.3663,1.344,1.5063,-1395.762,1249.647,0.41768
1373.5812,319.3105,351.9214,98.5892,3.33,3.2002,2477.22,1.3608,1.338,1.4976,-1872.1851,1194.309,0.43219
1373.7336,319.3105,353.7155,95.6658,2.68,3.1712,2479.26,1.36,1.3355,1.5116,-2048.0,1158.2477,0.41499
1373.886,319.5901,355.4136,92.1322,1.93,3.2041,2478.97,1.358,1.3361,1.4991,-774.67,1278.6772,0.43177
1374.0384,318.4716,355.3175,94.3686,-0.11,3.3226,2463.8101,1.3509,1.3279,1.483,-520.9475,1457.3927,0.4201
1374.1908,317.0733,354.6127,96.6679,-0.59,3.3956,2452.1699,1.3092,1.2864,1.4458,-520.5841,1416.5695,0.41552
1374.3432,317.3529,354.1961,99.363,0.01,3.4078,2446.5,1.3277,1.3035,1.4303,-520.9825,1373.4772,0.42245
1374.4956,317.0733,354.3884,94.3422,3.53,3.4206,2454.2,1.3038,1.2828,1.4357,-563.6394,1342.6339,0.43366
1374.648,316.7936,354.4204,91.7766,9.01,3.4543,2468.5901,1.3013,1.2821,1.4756,-557.79,1273.6877,0.44646
1374.8004,316.8866,354.4525,90.0909,12.65,3.4903,2480.6599,1.3056,1.2857,1.4869,-486.43,1306.1188,0.42127
1374.9528,317.0733,354.7408,91.6774,11.35,3.4539,2481.3298,1.3051,1.2853,1.4719,-485.3173,1358.7362,0.41679
1375.1052,316.7004,354.9971,90.2851,7.03,3.4198,2472.0601,1.3076,1.2875,1.443,-486.4946,1340.366,0.397
1375.2576,316.2343,355.1573,89.564,3.08,3.407,2458.78,1.3221,1.3061,1.4268,-487.8333,1330.1597,0.39826
1375.41,316.6537,355.0612,89.4919,1.76,3.4395,2448.8298,1.418,1.4065,1.4312,-489.0331,1310.4281,0.38782
1375.5624,316.7936,355.0933,89.6361,1.26,3.4668,2443.5,1.4323,1.4201,1.4626,-489.7792,1245.5649,0.40059
1375.7148,316.2902,355.5098,88.0618,1.61,3.5283,2443.4199,1.4356,1.4247,1.511,-490.5402,1172.9897,0.39628
1375.8672,316.2343,353.1709,88.3929,2.9,3.5783,2453.5999,1.4402,1.4286,1.5736,-491.2188,1207.4634,0.3926
1376.0196,316.0944,355.3175,92.3781,3.79,3.6633,2461.8699,1.5054,1.4954,1.6679,-492.4327,1379.3741,0.37909
1376.172,315.9547,360.7642,91.2291,4.66,3.7636,2465.3298,1.4912,1.4785,1.7234,-493.8304,1462.8359,0.37882
1376.3244,316.2343,361.4371,87.8692,6.31,3.9096,2464.45,1.5355,1.5225,1.7385,-495.8702,1409.0847,0.36044
1376.4768,315.0598,361.373,84.1414,8.68,3.9556,2471.03,1.5487,1.5383,1.7513,-495.4241,1379.3741,0.35019
1376.6292,315.3951,361.373,83.187,8.59,3.8543,2478.74,1.5504,1.5378,1.7913,-489.1116,1352.6128,0.34513
1376.7816,316.514,361.3089,84.861,6.21,3.6676,2480.4202,1.5555,1.5435,1.744,-486.6652,1308.3876,0.36677
1376.934,316.7936,361.1487,86.6838,3.04,3.5538,2471.4602,1.5541,1.5434,1.616,-487.433,1260.9872,0.37867
1377.0864,318.6394,360.8924,86.2977,5.37,3.6071,2469.8401,1.2366,1.2174,1.4806,-488.442,1286.6146,0.37624
1377.2388,319.1241,360.2516,85.7331,6.32,3.7013,2464.27,1.2566,1.217,1.4499,-489.4821,1278.9036,0.37158
1377.3912,318.3318,359.9312,83.5241,8.93,3.8137,2466.47,1.2322,1.1921,1.4604,-490.4286,1232.8644,0.38369
1377.5436,316.9333,357.8486,84.5543,7.48,3.814,2460.9001,1.2279,1.1892,1.4951,-491.2723,1159.8354,0.4016
1377.696,315.8147,356.1505,85.7627,7.09,3.7928,2455.0901,1.2291,1.1895,1.518,-492.1071,1121.2799,0.41736
1377.8484,314.5562,358.2331,90.0123,6.06,3.7077,2446.72,1.2746,1.2386,1.4513,-492.7366,1042.8087,0.4312
1378.0008,314.6961,359.6108,94.648,5.59,3.6345,2440.0798,1.2429,1.2072,1.3515,-493.3413,983.8419,0.4609
1378.1532,314.8358,357.1758,95.0344,6.28,3.5931,2441.8499,1.2271,1.1917,1.294,-494.3125,1306.5726,0.44121
1378.3056,315.675,356.1505,93.7467,3.37,3.6529,2430.5898,1.2127,1.176,1.2735,-495.3482,1754.4951,0.44263
1378.458,314.6961,358.7778,90.3986,20.04,3.657,2434.3101,1.1955,1.1594,1.3254,-496.4423,1717.301,0.43287
1378.6104,315.5351,360.8604,93.8754,50.46,3.6429,2447.7,1.2088,1.1726,1.3797,-497.5673,1663.7771,0.4269
1378.7628,315.2554,361.9497,91.0425,90.1,3.5859,2471.4602,1.2526,1.2153,1.4735,-498.0893,1584.6248,0.41605
1378.9152,314.8358,362.6225,94.004,118.03,3.6314,2485.0701,1.2515,1.2121,1.5133,-496.6683,1527.2452,0.41054
1379.0676,314.6123,363.1352,90.4579,137.56,3.6724,2490.78,1.2538,1.2138,1.5215,-496.6161,1472.3611,0.40444
1379.22,315.5351,362.8148,92.3991,153.1,3.668,2492.6902,1.2536,1.2135,1.4966,-498.274,1400.2396,0.39822
1379.3724,315.9547,362.8148,89.824,163.73,3.6114,2489.24,1.2538,1.214,1.5134,-491.0,1351.7053,0.40782
1379.5248,315.5351,364.3847,89.4077,171.92,3.5401,2480.52,1.2368,1.1993,1.5563,-471.6339,1297.955,0.41297
1379.6772,316.0944,366.5954,86.4361,178.77,3.4732,2473.8101,1.2915,1.2571,1.5943,-471.5481,1276.8621,0.41119
1379.8296,315.9547,365.442,89.5269,186.84,3.4234,2468.95,1.2809,1.2486,1.5702,-470.9286,1291.3778,0.40589
1379.982,314.2765,362.9749,92.0726,195.93,3.3535,2470.22,1.2802,1.248,1.5847,-470.649,1280.9451,0.40834
1380.1344,313.9968,362.6866,93.7467,187.05,3.2593,2457.53,1.2773,1.2466,1.5767,-470.5385,1295.6871,0.3894
1380.2868,313.9968,362.5264,88.4766,194.35,3.0505,2462.1101,1.2759,1.2457,1.5892,-470.7135,1290.924,0.40104
1380.4392,312.8782,362.6225,86.2876,192.02,2.8535,2440.8201,1.275,1.2461,1.5428,-470.7452,1286.1609,0.40728
1380.5916,312.8782,362.8468,87.1693,204.2,2.4974,2403.98,1.2399,1.2247,0.9271,-469.8413,1319.9543,0.41875
1380.744,292.7421,362.6546,88.8336,199.74,1.9878,2328.1501,1.1739,1.176,0.3722,-469.0,1302.2633,0.41007
1380.8964,159.2014,361.0526,88.5118,209.64,1.3297,2279.2002,1.1024,1.1223,0.235,-470.4598,1269.3784,0.41207
1381.0488,97.1154,357.6564,85.8768,225.1,0.8051,2264.9099,1.0637,1.1008,0.1936,-471.7292,1249.1931,0.40979
1381.2012,97.2551,355.5418,83.3807,240.46,0.5468,2281.5,1.0483,1.1007,0.1984,-473.1071,1280.4912,0.42113
1381.3536,97.1433,355.734,84.5824,260.04,0.4679,2301.5,1.04,1.0941,0.2057,-484.25,1312.696,0.45417
1381.506,97.5347,355.7981,84.0178,265.43,0.4595,2319.0,1.0299,1.0826,0.2147,-488.9816,1316.7789,0.46276
1381.6584,97.2551,355.8942,89.0892,268.05,0.457,2326.9602,1.0763,1.1317,0.2188,-491.707,1280.9451,0.43422
1381.8108,97.4418,355.7661,87.9174,260.98,0.4332,2332.72,1.0864,1.1255,0.2256,-497.8309,1264.1616,0.40419
1381.9632,97.5347,358.2972,94.3561,295.36,0.4014,2340.5701,1.0774,1.1314,0.2323,-482.5504,1292.7382,0.3803
1382.1156,96.9754,359.771,92.5694,294.44,0.3773,2342.75,1.0853,1.1413,0.2392,-491.5042,1309.9744,0.38007
1382.268,96.6958,358.6817,88.821,291.51,0.3685,2340.8201,1.0686,1.1263,0.242,-492.1786,1341.0461,0.38661
1382.4204,97.2551,358.8419,83.6057,268.4,0.3659,2337.1602,1.0501,1.1043,0.2434,-487.8125,1322.2222,0.36737
1382.5728,96.6958,358.8098,83.5546,289.97,0.3671,2338.6899,1.0328,1.0902,0.2451,-490.0268,1264.8428,0.38546
1382.7252,97.8146,358.7458,87.2669,321.5,0.3784,2346.02,1.0127,1.0687,0.2488,-472.9732,1199.9786,0.37287
1382.8776,96.9754,358.7458,87.2025,300.92,0.4015,2321.27,1.0105,1.0635,0.2109,-480.4152,1112.8887,0.41781
1383.03,96.9754,359.3224,87.4954,271.57,0.3751,2293.6699,1.0269,1.0801,0.1869,-471.3333,1155.0732,0.44096
1383.1824,96.9754,359.6108,85.9687,237.42,0.3108,2269.03,1.0394,1.0924,0.1685,-470.433,1411.1261,0.44535
1383.3348,97.2551,359.6749,85.1961,242.87,0.2226,2274.1399,1.0403,1.0948,0.1776,-471.0144,1578.0475,0.42609
1383.4872,97.8146,359.2263,82.3629,245.91,0.1857,2281.5901,1.041,1.0947,0.1785,-471.3482,1522.2557,0.38565
1383.6396,97.5347,357.6884,80.998,244.17,0.1848,2280.8599,1.0417,1.0995,0.1796,-471.8884,1471.681,0.37856
1383.792,97.5347,354.6127,80.2251,244.98,0.1939,2285.95,1.0271,1.0857,0.182,-472.0625,1382.0958,0.37962
1383.9444,96.9754,352.7864,82.672,246.75,0.1965,2291.6702,1.0177,1.0793,0.1843,-472.1875,1324.9437,0.38947
1384.0968,97.5347,353.0427,85.8911,249.27,0.1878,2299.1299,1.0463,1.1088,0.1872,-472.6027,1339.4584,0.36524
1384.2492,97.2551,353.1068,87.397,251.73,0.1726,2304.21,1.112,1.1855,0.1911,-472.6964,1461.7009,0.3879
1384.4016,97.0686,352.5301,87.0107,253.99,0.1585,2308.9299,1.0832,1.1589,0.1957,-471.8125,1420.6512,0.4036
1384.554,97.0686,353.5874,86.6246,252.79,0.1572,2309.3301,1.061,1.1346,0.2007,-471.4107,1353.5193,0.45175
1384.7064,97.2551,356.0865,86.2087,249.84,0.183,2305.3999,1.0945,1.1744,0.2042,-471.6779,1289.3363,0.4644
1384.8588,96.6958,356.7273,88.9127,247.59,0.2337,2303.26,1.0954,1.1799,0.2062,-471.9688,1297.7275,0.45404
1385.0112,97.2551,357.5603,87.0007,241.79,0.302,2289.6899,1.0698,1.1532,0.1991,-472.0673,1365.3134,0.44973
1385.1636,96.9754,360.1234,87.9714,230.88,0.3521,2259.5698,1.0531,1.1382,0.1755,-472.2054,1363.7257,0.43792
1385.316,97.5347,362.3983,84.8712,223.5,0.3605,2234.1199,1.0254,1.1084,0.1572,-472.5433,1341.2726,0.44607
1385.4684,97.2551,362.4944,85.3665,220.77,0.3349,2219.99,0.9818,1.0582,0.1489,-473.0096,1260.9872,0.4565
1385.6208,97.4418,362.4303,84.5344,224.05,0.3062,2226.78,0.9815,1.0582,0.1515,-473.0089,1218.5762,0.44889
1385.7732,96.6958,362.8468,87.0306,224.42,0.3083,2230.7798,0.9522,1.0196,0.1544,-472.4087,1138.0635,0.44562
1385.9256,97.5347,362.6225,89.4773,228.11,0.3287,2241.4099,0.9806,1.0475,0.1599,-472.4643,1249.8733,0.44844
1386.078,97.2551,363.2953,87.952,238.05,0.3548,2265.1602,0.9932,1.0596,0.1678,-472.7692,1524.5237,0.47883
1386.2304,96.9754,364.0963,88.6453,262.67,0.3668,2303.8899,0.9967,1.0558,0.1901,-472.9554,1534.0498,0.48983
1386.3828,96.6958,363.84,87.2289,283.44,0.3885,2342.25,1.0328,1.0921,0.2173,-472.5865,1464.1963,0.44644
1386.5352,96.6958,363.1352,93.6083,315.11,0.4225,2355.8801,1.0132,1.0735,0.2446,-472.4955,1406.1367,0.4063
1386.6876,97.5347,362.1099,91.0724,321.62,0.4717,2352.2,1.0225,1.0808,0.2462,-472.8942,1369.1689,0.3884
1386.84,97.2551,361.7574,90.7951,306.25,0.5134,2334.1702,1.0312,1.0759,0.2383,-473.4152,1482.1127,0.41986
1386.9924,96.9754,361.8215,87.9322,273.85,0.5408,2322.1799,1.0472,1.0584,0.2261,-473.7837,1434.0321,0.43971
1387.1448,97.2551,362.2701,89.6359,254.46,0.5556,2313.8799,1.0401,1.0504,0.2174,-473.1384,1377.1063,0.4267
1387.2972,97.5347,363.1672,89.9135,258.34,0.5791,2316.2898,1.0365,1.0453,0.2091,-472.1731,1354.6532,0.42477
1387.4496,97.5347,363.5837,85.02,257.82,0.6274,2312.2202,1.0351,1.0434,0.199,-472.1741,1304.0784,0.40862
1387.602,97.5347,364.2245,80.8596,249.31,0.7054,2295.6899,0.9758,0.9817,0.1963,-472.6058,1310.882,0.44384
1387.7544,96.6958,379.5073,85.0199,237.23,0.7852,2269.24,0.8198,0.8258,0.1982,-472.75,1294.3258,0.44456
1387.9068,97.4418,392.1949,87.9817,232.44,0.8436,2256.5,0.7646,0.7703,0.207,-472.5913,1228.3276,0.47548
1388.0592,97.4418,388.4143,82.2957,233.71,0.8672,2254.9399,0.7612,0.7679,0.2085,-472.6786,1181.1547,0.46205
1388.2116,96.8822,385.2103,70.1514,233.24,0.861,2250.9502,0.7984,0.8046,0.1958,-472.8413,1126.9506,0.4465
1388.364,97.8146,340.6435,60.1072,221.57,0.8245,2223.8,0.9871,0.9948,0.1768,-473.4911,1122.8677,0.38437
1388.5164,97.3996,299.6009,61.2961,216.47,0.7654,2193.1902,0.8308,0.8456,0.1615,-474.2788,1493.6793,0.31449
1388.6688,97.2551,327.0587,66.3676,216.9,0.6985,2173.9299,0.8958,0.8985,0.1583,-475.058,1669.2203,0.26463
1388.8212,97.2551,356.2787,73.5789,218.32,0.6524,2176.1702,0.8663,0.8972,0.1586,-475.1346,1591.6556,0.2941
1388.9736,97.5347,364.8973,80.156,209.87,0.6314,2174.55,0.8665,0.8983,0.1592,-472.0223,1554.3096,0.33
1389.126,96.6958,373.1635,80.6217,206.71,0.6146,2181.4202,0.8659,0.8979,0.1596,-468.9464,1488.8418,0.41044
1389.2784,97.628,377.4888,83.9499,211.03,0.5979,2186.2,0.8632,0.896,0.1604,-468.8795,1457.8455,0.43901
1389.4308,97.2551,375.214,83.6728,216.65,0.5792,2195.8899,0.8607,0.8956,0.1613,-469.1205,1402.8104,0.43526
1389.5832,97.628,370.4081,85.9908,217.81,0.57,2201.5901,0.8607,0.8964,0.1621,-469.3214,1346.4894,0.43276
1389.7356,97.628,370.4402,85.02,218.69,0.564,2207.8901,0.8587,0.895,0.163,-469.5804,1299.6559,0.41295
1389.888,97.4418,373.0033,86.3174,221.0,0.5532,2212.0801,0.858,0.8969,0.1639,-469.9063,1290.0165,0.41297
1390.0404,97.5347,372.779,85.8023,224.14,0.5253,2216.1301,0.8548,0.8941,0.1686,-470.3214,1282.4186,0.42725
1390.1928,96.9754,372.1382,84.8612,228.43,0.4934,2224.3398,0.8528,0.8942,0.1751,-470.6116,1285.1401,0.44652
1390.3452,97.2551,374.1567,84.3462,229.92,0.4674,2230.1199,0.8513,0.8959,0.1814,-470.7019,1259.5127,0.47162
1390.4976,97.5347,374.9257,82.0282,228.58,0.4347,2230.8901,0.8504,0.8946,0.1804,-471.2723,1313.8298,0.44824
1390.65,96.6958,371.6256,84.7326,235.57,0.3798,2248.3301,0.8516,0.8964,0.1817,-471.5848,1270.5123,0.41639
1390.8024,97.5347,356.9515,82.4145,247.71,0.3302,2278.26,0.9414,1.0167,0.1912,-471.0913,1261.5541,0.40314
1390.9548,97.2551,344.9367,86.0697,257.52,0.3045,2303.5901,1.006,1.1112,0.2057,-470.6741,1255.7704,0.43809
1391.1072,97.2551,350.5116,85.6832,258.89,0.2929,2314.74,0.9897,1.0938,0.2169,-470.8348,1286.8422,0.45001
1391.2596,97.2551,359.0661,87.0997,257.82,0.274,2321.4399,0.9843,1.09,0.2271,-473.5288,1269.8322,0.45035
1391.412,97.2551,360.7642,84.465,280.22,0.2548,2334.71,0.9805,1.0854,0.2408,-475.9018,1292.9655,0.39982
1391.5644,97.5347,358.8419,85.3664,276.96,0.2413,2334.53,0.9764,1.0826,0.2485,-475.726,1278.0419,0.40416
1391.7168,97.5347,358.6496,88.1204,273.54,0.2268,2332.52,0.9382,1.0395,0.2455,-485.3221,1266.7017,0.38415
1391.8692,97.5347,359.4506,91.8645,247.83,0.2237,2323.75,0.8469,0.9372,0.2452,-497.9107,1262.3474,0.42689
1392.0216,97.0686,363.0711,93.6079,248.93,0.2356,2325.3201,0.7947,0.8765,0.2543,-498.808,1270.3992,0.44273
1392.174,97.5347,363.6478,92.1417,251.34,0.2685,2327.9099,0.8521,0.9406,0.2661,-499.7548,1225.7203,0.46138
1392.3264,96.9754,359.7069,92.6967,267.4,0.3088,2337.8,0.8766,0.9674,0.2734,-501.0446,1267.1106,0.41851
1392.4788,97.4418,360.4118,87.9815,280.35,0.3751,2340.98,0.9392,1.032,0.2625,-501.3654,1250.894,0.41557
1392.6312,96.9754,363.4876,88.2392,273.3,0.4419,2319.01,0.9305,1.0134,0.2371,-495.3616,1234.1116,0.4078
1392.7836,97.8146,365.7944,86.268,251.1,0.478,2286.01,0.903,0.9793,0.2078,-504.0913,1246.0178,0.40015
1392.936,96.6958,367.6527,87.3774,231.73,0.4687,2257.9199,0.899,0.975,0.1889,-505.7188,1240.4613,0.41136
1393.0884,96.6958,367.8449,86.3473,231.43,0.4336,2252.95,0.8906,0.9632,0.1817,-490.4732,1244.2036,0.43114
1393.2408,97.0686,367.3323,84.574,232.77,0.4001,2255.03,0.8684,0.9346,0.1815,-481.149,1296.5487,0.44405
1393.3932,97.2551,366.3391,85.129,230.71,0.3664,2252.8501,0.8633,0.9258,0.1816,-482.0134,1251.6884,0.45948
1393.5456,97.628,367.1401,88.3481,223.57,0.3344,2240.1599,0.8619,0.924,0.1812,-481.351,1289.5626,0.45268
1393.698,97.8146,368.5818,92.9544,220.09,0.3049,2232.8899,0.861,0.9235,0.1814,-479.2188,1278.0419,0.45118
1393.8504,97.8146,368.1013,92.954,219.98,0.2784,2232.3201,0.8611,0.9237,0.183,-479.0,1274.0273,0.46133
1394.0028,97.2551,369.3828,90.6362,224.21,0.2494,2243.46,0.8612,0.9244,0.1849,-479.6786,1289.835,0.4513
1394.1552,97.4418,367.8129,89.0807,229.66,0.2319,2259.25,1.0036,1.0583,0.1884,-480.1346,1253.843,0.40532
1394.3076,97.2551,361.1808,91.9932,233.85,0.2378,2270.23,1.0033,1.0569,0.1924,-480.625,1302.3774,0.38546
1394.46,96.6958,357.6564,90.3191,236.32,0.2667,2276.1799,1.0038,1.0575,0.1946,-481.1442,1298.0682,0.37906
1394.6124,97.5347,357.5283,85.3267,237.8,0.2976,2277.51,1.0022,1.0559,0.195,-481.3036,1294.8243,0.40109
1394.7648,97.5347,358.9059,81.0177,240.68,0.3174,2279.1399,1.0038,1.0566,0.1949,-481.476,1380.8486,0.42103
1394.9172,97.5347,361.7254,82.5036,248.38,0.3279,2289.04,1.0041,1.0563,0.1949,-481.6442,1301.2435,0.40849
1395.0696,97.5347,360.3477,87.7636,249.63,0.3415,2289.6099,1.0032,1.0561,0.1949,-481.6538,1351.4788,0.39074
1395.222,97.5347,355.734,92.6273,243.37,0.3496,2278.28,1.0026,1.0552,0.1876,-481.7813,1313.5128,0.38665
1395.3744,96.9754,352.0495,93.3205,238.2,0.3477,2271.75,1.0027,1.0553,0.1875,-481.9567,1251.9147,0.3873
1395.5268,97.2551,349.9669,88.2984,239.17,0.3399,2273.6199,1.0046,1.056,0.1908,-481.9038,1191.4059,0.41316
1395.6792,96.9754,349.5184,84.6928,246.89,0.3308,2289.04,1.0037,1.0559,0.2004,-481.75,1183.5735,0.39012
1395.8316,96.9754,349.198,86.4959,249.93,0.3327,2295.0698,1.0087,1.0586,0.2027,-481.808,1405.3423,0.40537
1395.984,96.9754,349.23,90.9731,251.78,0.3461,2301.4399,1.0187,1.0682,0.2034,-481.9663,1355.3345,0.40633
1396.1364,97.8146,349.4864,88.6155,248.73,0.3721,2298.1702,1.0187,1.0691,0.2044,-481.8317,1290.924,0.415
1396.2888,97.8146,349.7426,86.6742,244.62,0.395,2292.0798,1.0634,1.1189,0.2046,-481.7366,1229.9908,0.40737
1396.4412,97.5347,349.9349,83.0685,239.62,0.4017,2282.5999,1.0974,1.1534,0.2047,-481.9471,1246.4716,0.38973
1396.5936,97.628,349.999,87.001,240.94,0.3941,2285.98,1.1223,1.1791,0.2055,-481.8365,1259.475,0.39919
1396.746,97.2551,350.063,86.0302,246.13,0.39,2295.6799,1.1289,1.1883,0.2065,-481.7768,1231.2013,0.41872
1396.8984,97.5347,350.1912,90.6065,249.54,0.3992,2301.1401,1.1342,1.1926,0.206,-482.0048,1179.7933,0.42252
1397.0508,97.2551,350.2232,88.7544,251.92,0.4171,2302.1799,1.1277,1.1879,0.201,-482.4135,1072.4437,0.40216
1397.2032,97.5347,349.9029,86.2677,251.76,0.4484,2297.6101,1.1783,1.2423,0.1985,-482.4271,924.8748,0.39207
1397.3556,97.2551,347.1795,85.9905,252.53,0.4803,2293.1399,1.2142,1.2818,0.195,-482.1442,947.5544,0.41498
1397.508,97.5347,345.962,88.625,250.46,0.5043,2285.51,1.245,1.3156,0.1823,-482.0577,1610.2533,0.41303
1397.6604,97.2551,347.7562,89.8633,248.07,0.4867,2278.8201,1.1767,1.2441,0.1717,-482.3646,1846.1207,0.3958
1397.8128,97.0686,348.6213,88.8927,245.65,0.4288,2279.2102,1.1453,1.2131,0.172,-482.55,1784.8857,0.4087
1397.9652,96.9754,348.6854,85.5994,241.59,0.3468,2276.1199,1.1594,1.229,0.1808,-482.35,1738.0145,0.3963
1398.1176,96.8822,347.8203,86.5704,237.69,0.2633,2270.25,1.1637,1.2351,0.1846,-482.0966,1679.6521,0.39799
1398.27,97.2551,347.8203,83.3574,235.9,0.1956,2264.04,1.2171,1.2909,0.1836,-482.2437,1607.3796,0.37562
1398.4224,96.9754,347.0193,87.6596,237.13,0.1488,2263.1099,1.247,1.3177,0.1843,-482.8438,1565.8008,0.38547
1398.5748,97.628,347.6601,87.9231,239.19,0.1223,2266.7998,1.2249,1.2935,0.185,-483.7329,1527.85,0.3896
1398.7272,97.2551,351.633,88.7154,240.27,0.1123,2266.9001,1.2033,1.2697,0.1863,-484.725,1445.1449,0.38997
1398.8796,97.0686,354.6767,85.4046,241.49,0.1066,2266.6399,1.2033,1.2684,0.1866,-485.2898,1393.6625,0.39167
1399.032,97.8146,356.9515,80.3567,244.92,0.105,2272.1201,1.1402,1.2,0.1875,-483.6,1330.386,0.35582
1399.1844,97.8146,357.8807,82.2085,249.6,0.1025,2280.1899,1.0478,1.0985,0.1889,-480.9188,1282.3054,0.38832
1399.3368,97.2551,358.1049,80.6027,254.16,0.101,2291.5298,1.017,1.0584,0.1909,-480.0568,1224.6996,0.42555
1399.4892,97.2551,358.938,87.4531,252.84,0.1013,2291.21,1.0367,1.0783,0.1912,-480.35,1158.4751,0.45706
1399.6416,96.9754,359.9312,86.3716,247.59,0.1004,2286.24,1.0441,1.0878,0.1913,-480.5966,1171.9313,0.40648
1399.794,96.8822,360.0273,88.158,238.71,0.1004,2273.6499,1.0685,1.1119,0.19,-481.0,1408.1771,0.37372
1399.9464,97.5347,359.3224,85.9784,234.15,0.1002,2265.96,1.0859,1.1285,0.1837,-483.1591,1437.2828,0.36518
1400.0988,97.5347,358.6496,87.0599,234.65,0.1007,2268.3401,1.0439,1.085,0.188,-501.5187,1388.6731,0.35446
1400.2512,97.8146,358.2011,89.2068,240.23,0.1068,2281.1401,1.0245,1.0648,0.1938,-485.2898,1336.7368,0.38133
1400.4036,97.2551,357.9448,91.5668,244.45,0.1255,2293.4202,1.0243,1.0646,0.2059,-483.275,1286.3883,0.39105
1400.556,97.5347,357.5283,89.7147,243.79,0.1511,2292.3201,1.0264,1.0663,0.2073,-483.0063,1255.5439,0.44575
1400.7084,96.9754,357.7846,91.8945,243.88,0.1767,2288.8301,1.0344,1.0752,0.2081,-482.7687,1308.4631,0.42433
1400.8608,96.9754,358.2011,91.0095,249.45,0.1977,2296.54,0.9827,1.0235,0.2099,-483.0114,1299.0889,0.46125
1401.0132,97.2551,358.169,98.4502,258.81,0.2182,2312.3801,1.0046,1.0548,0.2135,-483.3563,1305.4386,0.42808
1401.1656,97.628,358.1049,93.2222,265.61,0.2335,2325.5601,0.9921,1.0482,0.2187,-483.4562,1239.5171,0.43214
1401.318,97.0686,358.2972,89.7803,264.82,0.2264,2324.1301,0.9959,1.0537,0.2236,-483.1938,1232.7124,0.44335
1401.4704,97.4418,358.5535,85.2899,261.88,0.1937,2321.05,1.0019,1.0596,0.2264,-482.8875,1316.5515,0.43537
1401.6228,97.2551,358.4894,89.2561,263.69,0.1518,2325.3401,1.0059,1.0626,0.2244,-483.0625,1347.6233,0.42677
1401.7752,97.2551,358.2652,95.2055,265.42,0.1207,2327.77,1.007,1.0647,0.2199,-483.7813,1320.8608,0.42077
1401.9276,97.2551,357.8166,97.3523,264.28,0.1067,2323.6001,1.016,1.0741,0.2176,-484.5938,1272.3264,0.41883
1402.08,97.2551,357.4642,94.1071,257.85,0.1017,2310.3298,1.0192,1.0789,0.2146,-485.3375,1270.3615,0.41718
1402.2324,97.2551,357.7205,87.9938,254.68,0.1,2305.4299,1.0343,1.0938,0.2125,-485.2188,1301.3567,0.41573
1402.3848,96.9754,357.2719,85.1096,253.08,0.1,2301.8,1.0113,1.0711,0.2088,-483.9312,1245.5649,0.4263
1402.5372,97.5347,357.1438,86.0106,253.05,0.1,2302.1499,1.0044,1.0654,0.2076,-482.5688,1167.0928,0.42572
1402.6896,97.628,357.5603,88.5182,253.93,0.1,2305.7,0.9994,1.0596,0.2061,-482.2062,1107.9746,0.42653
1402.842,97.0686,358.4574,88.3377,253.53,0.1,2307.98,0.9945,1.0504,0.2043,-482.2898,946.738,0.41388
1402.9944,97.2551,357.0797,91.9436,250.68,0.1,2301.6602,1.0181,1.0733,0.2022,-482.5063,1917.7886,0.4109
1403.1468,97.2551,355.5098,96.2705,248.62,0.1,2291.8701,1.0213,1.0747,0.1993,-482.9813,1854.0592,0.42199
1403.2992,96.9754,357.0156,95.91,249.51,0.1,2288.1301,1.0172,1.071,0.1963,-483.5688,1772.9419,0.43356
1403.4516,96.9754,358.2972,87.9776,249.7,0.1,2286.4102,1.0031,1.0581,0.1907,-483.65,1729.094,0.45473
1403.604,97.8146,356.7593,80.0452,243.42,0.1044,2273.6499,0.9861,1.0364,0.186,-483.5625,1687.817,0.43449
1403.7564,97.5347,356.7914,78.603,236.24,0.1252,2258.6301,0.9351,0.9833,0.1725,-483.4312,1626.8093,0.4109
1403.9088,97.8146,358.7458,81.6678,227.83,0.1589,2240.4102,0.7489,0.7845,0.1671,-483.25,1565.3469,0.40475
1404.0612,97.5347,366.0828,87.0273,228.32,0.1758,2243.99,0.8641,0.9087,0.1669,-483.1437,1495.7207,0.41234
1404.2136,96.9754,358.5535,83.9025,234.41,0.1782,2260.1599,1.0054,1.0627,0.1815,-483.3937,1450.3617,0.41896
1404.366,96.6958,343.8794,81.1983,243.16,0.184,2281.76,1.0268,1.0856,0.1884,-483.6761,1415.6617,0.41887
1404.5184,96.9754,344.9047,75.4782,241.14,0.2142,2277.4402,1.0402,1.1003,0.1877,-483.6875,1326.3041,0.39155
1404.6708,96.9754,344.8086,79.1438,233.14,0.2491,2255.1501,1.004,1.0634,0.1839,-483.4937,1343.3894,0.38042
1404.8232,97.5347,353.7155,77.9801,229.34,0.2665,2240.25,0.9047,0.9567,0.1813,-482.8563,1339.4584,0.37034
1404.9756,96.6958,352.2097,78.341,233.27,0.2714,2239.22,1.0294,1.0918,0.1799,-482.325,1276.182,0.40112
1405.128,97.2551,347.2756,74.0142,235.85,0.2682,2240.9402,1.0648,1.1302,0.1789,-482.4188,1281.1714,0.42259
1405.2804,96.9754,355.4777,78.9639,233.0,0.2606,2232.8401,1.0631,1.1287,0.1791,-482.9034,1391.621,0.43928
1405.4328,97.5347,355.8942,77.882,226.34,0.2512,2219.3,1.0867,1.1556,0.1811,-483.4188,1393.1332,0.44716
1405.5852,97.2551,357.9768,78.2426,223.54,0.2384,2213.02,0.8146,0.8492,0.1888,-483.6563,1347.3959,0.44324
1405.7376,96.9754,366.9158,76.0793,227.42,0.2304,2224.3398,0.8078,0.8423,0.1962,-483.4,1306.3462,0.43171
1405.89,96.6958,372.2984,75.8988,228.39,0.2271,2230.3,0.8543,0.8933,0.2021,-483.0938,1289.11,0.4207
1406.0424,96.9754,371.6256,75.3579,227.28,0.2264,2231.3799,0.8629,0.9015,0.2021,-483.0284,1312.3942,0.42089
1406.1948,97.2551,369.7993,70.49,224.93,0.2191,2226.29,0.8656,0.905,0.202,-483.0625,1260.0796,0.46204
1406.3472,97.5347,367.9731,72.8334,226.97,0.2067,2231.6301,0.87,0.9085,0.2019,-483.0187,1231.9569,0.43632
1406.4996,97.8146,366.275,76.439,229.12,0.1938,2240.46,0.8704,0.9113,0.2007,-482.9875,1270.2095,0.42726
1406.652,97.2551,365.8905,79.0123,228.29,0.1903,2242.97,0.872,0.9172,0.198,-483.2557,1338.0972,0.39663
1406.8044,97.5347,365.9546,76.4887,226.66,0.1888,2241.03,0.8764,0.9276,0.195,-483.3625,1314.8129,0.40389
1406.9568,97.8146,365.1857,76.1281,225.58,0.1908,2237.9099,0.8929,0.951,0.1907,-483.4438,1253.7289,0.4064
1407.1092,97.2551,364.8012,77.341,222.11,0.1959,2229.3701,0.913,0.9767,0.1889,-483.4625,1238.3066,0.43483
1407.2616,97.2551,365.6342,75.3579,220.23,0.207,2226.95,0.9284,0.999,0.1891,-483.3693,1299.0889,0.4249
1407.414,97.5347,363.9361,73.7191,218.88,0.2329,2223.1902,0.9108,0.9819,0.1885,-483.325,1309.2188,0.41119
1407.5664,97.8146,356.9195,74.6204,220.7,0.2537,2222.2,0.9283,1.0031,0.1841,-483.5,1274.5942,0.37791
1407.7188,96.6958,350.9601,80.3896,229.63,0.2486,2235.4299,1.0079,1.0915,0.1841,-483.575,1219.2563,0.37693
1407.8712,96.9754,349.0057,79.6847,236.3,0.2147,2245.4299,1.0632,1.1561,0.1875,-483.5562,1182.0621,0.3858
1408.0236,97.5347,348.4611,79.0457,240.28,0.1676,2256.7698,1.1102,1.212,0.1918,-483.6136,1316.5515,0.38702
1408.176,97.5347,348.1407,77.2425,237.24,0.147,2256.4399,1.1112,1.21,0.1922,-483.7062,1418.3834,0.40197
1408.3284,96.9754,347.596,78.5047,229.87,0.148,2251.98,1.0866,1.1737,0.192,-483.85,1378.0138,0.4527
1408.4808,97.2551,347.564,78.5046,222.42,0.1622,2246.4399,1.0985,1.1796,0.195,-483.8409,1347.6233,0.46312
1408.6332,97.5347,347.532,77.964,210.67,0.1692,2225.3398,1.1297,1.2025,0.1913,-483.8687,1283.6667,0.4578
1408.7856,97.2551,344.7766,78.3245,203.84,0.1592,2201.4402,1.1424,1.2053,0.1833,-484.0,1297.2737,0.41124
1408.938,97.5347,343.0785,80.9466,209.64,0.1366,2179.6899,1.1607,1.2203,0.1749,-484.0682,1311.7894,0.38886
1409.0904,96.9754,344.2639,82.2086,219.7,0.1165,2171.9402,1.0984,1.1498,0.1732,-484.1063,1270.7386,0.37394
1409.2428,97.2551,347.3076,80.2255,225.74,0.1032,2187.0,0.8711,0.9054,0.1736,-484.1079,1203.2294,0.39008
1409.3952,97.8146,350.864,77.5213,221.36,0.1022,2201.6799,0.702,0.7235,0.1725,-483.9688,1152.729,0.39545
1409.5476,97.2551,343.6552,79.4878,217.09,0.1015,2211.51,0.8232,0.8468,0.1736,-483.9937,1061.2554,0.36472
1409.7,97.5347,334.0433,77.5048,219.28,0.1023,2213.7,0.9735,1.0039,0.1796,-484.125,1017.6346,0.31359
1409.8524,96.9754,327.7636,71.0309,223.23,0.1026,2224.9602,1.2624,1.306,0.1844,-484.0938,1354.2004,0.29147
1410.0048,97.2551,323.8548,63.2953,244.17,0.1012,2259.8701,1.6379,1.6938,0.1915,-483.8438,1642.458,0.27671
1410.1572,97.8146,306.6816,58.4277,266.3,0.1031,2297.75,2.5669,2.6677,0.1964,-483.8312,1622.0463,0.27625
1410.3096,97.2551,284.9589,57.1494,272.77,0.1242,2314.3201,2.2177,2.2845,0.2005,-483.9773,1561.265,0.25992
1410.462,96.9754,300.0174,58.1655,258.75,0.1514,2302.6799,2.1107,2.1719,0.2012,-484.1437,1504.5658,0.26465
1410.6144,97.8146,313.442,61.0498,241.62,0.1813,2284.4399,2.1085,2.1707,0.2033,-484.1187,1467.8253,0.27449
1410.7668,97.2551,310.6545,63.754,237.15,0.1941,2274.8699,2.1074,2.1688,0.2052,-484.0682,1389.9579,0.29209
1410.9192,97.5347,315.6527,63.6393,235.75,0.2041,2267.04,1.9344,2.0026,0.2005,-484.0625,1354.2759,0.31679
1411.0716,97.8146,321.3237,66.7043,238.49,0.2132,2268.49,1.3996,1.4611,0.193,-484.2437,1319.0468,0.31336
1411.224,97.8146,335.2608,67.4092,240.19,0.2521,2273.45,1.1286,1.1288,0.1952,-484.3,1310.6555,0.34427
1411.3764,97.5347,323.5023,63.4428,237.08,0.3107,2268.21,1.1248,1.1177,0.2027,-484.2375,1272.3264,0.32074
1411.5288,97.2551,321.9324,67.5894,231.43,0.3692,2252.8501,1.1263,1.1178,0.2095,-484.1063,1239.4417,0.30185
1411.6812,97.2551,343.3348,70.1298,226.25,0.3991,2234.4302,1.1269,1.1185,0.2089,-483.9773,1305.8925,0.31422
1411.8336,97.2551,343.6872,77.9804,224.55,0.4052,2227.22,1.1305,1.122,0.2073,-483.7062,1356.8456,0.36056
1411.986,97.8146,347.3076,77.0789,222.52,0.4024,2222.6501,1.1324,1.123,0.2019,-483.7062,1294.8551,0.404
1412.1384,97.8146,350.0951,76.5379,226.37,0.3927,2233.1399,1.1451,1.1347,0.1959,-483.6938,1267.1106,0.38391
1412.2908,96.9754,347.8844,74.9973,231.77,0.4,2249.4099,1.1554,1.1439,0.1901,-483.875,1258.2656,0.34509
1412.4432,97.5347,348.3009,72.2932,233.72,0.4125,2258.1799,1.2027,1.1974,0.1886,-484.0688,1258.4919,0.32898
1412.5956,97.8146,350.1592,71.5719,233.16,0.43,2259.1199,1.2315,1.2441,0.188,-483.8125,1290.4703,0.35255
1412.748,96.6958,350.0951,71.2115,231.42,0.4304,2252.6299,1.1417,1.173,0.1867,-483.0438,1287.976,0.37713
1412.9004,97.5347,349.9349,70.3099,228.77,0.4217,2240.23,1.1257,1.1667,0.1824,-482.625,1268.6982,0.36769
1413.0528,97.8146,350.3835,70.1298,222.54,0.3986,2218.3799,1.1155,1.163,0.1781,-489.2625,1278.4498,0.34023
1413.2052,97.5347,350.6077,69.4084,222.51,0.3674,2213.71,1.0978,1.16,0.1742,-509.1688,1267.7908,0.34967
1413.3576,97.5347,350.4475,69.5889,227.8,0.3392,2222.24,1.0725,1.149,0.1708,-494.6704,1225.1533,0.34899
1413.51,96.9754,349.9029,70.8509,231.28,0.3019,2230.54,1.0576,1.1458,0.17,-498.9813,1271.1925,0.37055
1413.6624,97.8146,348.9096,70.4904,229.09,0.2606,2227.25,1.0219,1.11,0.1714,-495.8312,1285.027,0.33768
1413.8148,97.5347,350.4796,71.3916,224.08,0.2278,2222.03,1.0165,1.1042,0.1733,-485.425,1292.5117,0.35286
1413.9672,97.2551,352.8185,71.3917,224.22,0.2236,2207.3301,1.0157,1.1025,0.173,-485.8312,1250.4026,0.35998
1414.1196,97.8146,352.1776,69.5888,233.5,0.2312,2188.0901,1.012,1.099,0.171,-485.9829,1178.6593,0.36895
1414.272,97.2551,350.9281,70.6705,243.9,0.2296,2171.7,0.9918,1.084,0.1674,-486.0438,1114.0226,0.35559
1414.4244,97.5347,351.601,71.2604,233.39,0.219,2163.5999,0.8426,0.9284,0.1617,-486.1313,1212.4528,0.35344
1414.5768,97.8146,353.0748,77.3901,215.02,0.1976,2159.26,0.9254,1.0191,0.1584,-486.2437,1518.1738,0.36538
1414.7292,97.5347,352.7864,76.4887,198.74,0.1724,2155.1199,1.0431,1.1477,0.1569,-486.575,1518.6277,0.35463
1414.8816,97.2551,351.3446,82.7494,217.44,0.1388,2174.7798,1.0556,1.1602,0.157,-487.3125,1464.9519,0.34263
1415.034,97.8146,348.5572,79.8649,227.58,0.1155,2198.26,1.0628,1.1669,0.1612,-488.0313,1413.3939,0.32693
1415.1864,97.8146,342.694,75.7184,236.76,0.1019,2223.71,1.0636,1.1672,0.1703,-488.1938,1377.5602,0.3458
1415.3388,97.5347,341.092,71.5884,225.47,0.1,2224.1899,1.0633,1.1665,0.1807,-487.725,1286.3883,0.33361
1415.4912,97.8146,343.8794,71.7685,219.06,0.1014,2215.97,1.0401,1.138,0.1842,-486.9688,1283.9685,0.34559
1415.6436,97.8146,344.8727,75.915,214.66,0.1132,2210.0898,1.0273,1.1226,0.1847,-487.1477,1300.903,0.33367
1415.796,97.5347,344.2319,71.752,216.73,0.1476,2216.96,0.991,1.0831,0.1854,-487.9188,1266.4304,0.33988
1415.9484,97.8146,343.8794,70.3098,221.06,0.1993,2227.3301,0.9653,1.0546,0.1867,-488.4312,1267.1106,0.3286
1416.1008,97.2551,344.5523,72.8336,221.24,0.2536,2230.1299,0.9405,1.0272,0.1874,-488.5125,1256.2996,0.35986
1416.2532,96.9754,344.1678,73.555,218.06,0.2881,2223.8301,0.9348,1.0194,0.1852,-488.4148,1249.4205,0.36547
1416.4056,97.5347,341.6687,72.4241,218.82,0.3076,2230.26,1.0271,1.1199,0.1852,-488.775,1257.8118,0.35023
1416.558,97.8146,334.4278,71.3425,221.22,0.3256,2236.1702,1.2637,1.3771,0.186,-489.3875,1266.6569,0.345
1416.7104,97.5347,333.4987,72.4242,226.42,0.3318,2244.5901,1.2571,1.3612,0.1873,-490.1136,1260.9872,0.34475
1416.8628,97.2551,340.8677,73.7354,229.36,0.3214,2242.23,1.1841,1.2728,0.1857,-489.8937,1268.2445,0.35494
1417.0152,97.2551,343.495,67.6056,234.25,0.2953,2242.9099,1.2216,1.3078,0.1846,-489.2188,1251.0082,0.34313
1417.1676,97.2551,343.0464,70.1294,239.42,0.2868,2249.1902,1.2138,1.2944,0.185,-488.6875,1265.5229,0.3348
1417.32,97.2551,343.3348,68.8185,239.89,0.2965,2247.47,1.2117,1.2923,0.1843,-489.0313,1251.0082,0.3383
1417.4724,97.5347,344.1678,73.6862,238.98,0.3072,2249.3,1.2141,1.2933,0.1828,-489.4,1244.6575,0.33997
1417.6248,96.9754,344.2639,71.5228,233.42,0.3081,2241.9299,1.2398,1.3158,0.1818,-489.5625,1276.8621,0.33296
1417.7772,97.5347,342.9182,73.4897,231.23,0.3051,2241.22,1.209,1.2714,0.1818,-489.5812,1270.285,0.32562
1417.9296,96.9754,342.0532,71.1459,229.57,0.319,2238.1799,1.1947,1.2469,0.1829,-489.5313,1231.5031,0.33159
1418.082,97.2551,342.0211,68.442,231.2,0.3457,2241.8301,1.2286,1.2784,0.1849,-489.575,1254.1826,0.32724
1418.2344,97.8146,341.6046,66.9668,231.41,0.3748,2243.6899,1.282,1.3337,0.1871,-489.7159,1295.7626,0.32712
1418.3868,97.2551,341.2522,66.6061,229.14,0.3841,2239.8901,1.2818,1.3274,0.1857,-490.0125,1322.6749,0.32631
1418.5392,97.8146,341.092,65.5242,227.13,0.3783,2235.6702,1.2765,1.3218,0.1828,-490.0938,1296.1399,0.35449
1418.6916,97.2551,341.06,65.8027,226.89,0.383,2236.53,1.2806,1.3247,0.1802,-489.9432,1239.668,0.36031
1418.844,97.2551,341.0279,67.0649,225.61,0.4155,2234.55,1.3095,1.3527,0.1807,-489.625,1279.5837,0.3642
1418.9964,97.8146,339.9386,71.2117,222.97,0.4621,2229.97,1.3466,1.3873,0.1814,-489.25,1329.9332,0.36582
1419.1488,97.5347,338.3687,71.0971,218.66,0.4979,2219.8401,1.3499,1.3862,0.182,-489.225,1303.1708,0.38101
1419.3012,97.2551,336.6706,70.0153,219.98,0.515,2223.79,1.4228,1.4613,0.1813,-489.1534,1268.6982,0.3637
1419.4536,97.8146,334.7162,65.1475,223.19,0.5319,2231.3699,1.4917,1.5354,0.1814,-489.225,1202.02,0.32786
1419.606,97.2551,333.4346,65.8027,224.29,0.5416,2231.3899,1.5491,1.5954,0.1812,-489.4438,1135.5681,0.27884
1419.7584,97.8146,331.32,71.0309,225.43,0.5293,2228.4399,1.5325,1.5806,0.179,-489.5568,1057.7771,0.28812
1419.9108,97.2551,332.153,76.0791,227.08,0.4944,2227.0,1.4665,1.5156,0.1802,-489.55,1218.5762,0.32898
1420.0632,97.8146,334.6841,77.3412,229.23,0.4591,2232.75,1.4434,1.4944,0.1832,-489.4937,1564.8943,0.38565
1420.2156,97.8146,325.5208,69.6219,226.0,0.4343,2235.47,1.4964,1.553,0.1885,-489.5562,1579.8627,0.37077
1420.368,96.9754,308.5079,61.8695,242.44,0.4099,2265.1101,1.7631,1.8441,0.1903,-489.75,1499.1226,0.33834
1420.5204,97.5347,298.4475,52.6752,276.87,0.4033,2309.8601,2.425,2.5695,0.1946,-490.1,1440.6091,0.26261
1420.6728,97.2551,282.3317,54.0846,284.59,0.4302,2324.24,1.7685,1.8411,0.1944,-490.2188,1408.4045,0.23675
1420.8252,97.2551,273.9053,58.3784,265.3,0.4737,2291.5901,1.545,1.5942,0.1927,-489.6761,1332.2012,0.25391
1420.9776,97.8146,307.2583,65.5897,234.29,0.5085,2255.99,1.3054,1.3345,0.1876,-489.3813,1310.4281,0.30223
1421.13,97.5347,335.7735,65.5897,230.4,0.5239,2243.3301,1.2543,1.275,0.1897,-489.9562,1272.7802,0.33541
1421.2824,96.9754,337.0871,66.3436,232.02,0.5254,2248.1799,1.3941,1.4226,0.1932,-490.975,1250.7809,0.33673
1421.4348,97.8146,337.1191,65.983,229.52,0.5129,2241.8699,1.381,1.412,0.1958,-491.9659,1286.3883,0.34862
1421.5872,97.2551,336.7346,66.3764,232.92,0.493,2247.4001,1.3981,1.4316,0.1938,-491.7,1318.593,0.33111
1421.7396,97.8146,337.2793,66.737,240.38,0.4794,2258.1401,1.4319,1.4701,0.1916,-490.4875,1284.1205,0.33482
1421.892,97.2551,338.0803,65.1145,246.72,0.4649,2268.6001,1.3808,1.4231,0.1934,-489.7898,1262.3474,0.31032
1422.0444,96.9754,339.8104,67.2453,245.34,0.4324,2267.54,1.392,1.4462,0.1966,-490.4,1247.3792,0.30265
1422.1968,97.5347,338.4968,66.4586,240.68,0.3784,2265.1401,1.4517,1.5138,0.1998,-491.1437,1286.8411,0.27564
1422.3492,97.8146,295.9805,67.1796,266.35,0.3283,2289.75,1.9329,2.0314,0.2022,-491.8813,1351.9316,0.27499
1422.5016,96.9754,271.9188,70.9655,270.62,0.3175,2308.3,3.1333,3.3508,0.2047,-492.0812,1347.6233,0.24807
1422.654,97.2551,304.1826,76.5376,272.54,0.338,2312.1299,2.1484,2.2685,0.2013,-492.2437,1310.4281,0.25416
1422.8064,97.2551,324.015,83.5687,244.57,0.3699,2287.49,1.7241,1.8188,0.1944,-492.7313,1257.8118,0.29311
1422.9588,97.8146,332.6336,82.4868,241.69,0.3907,2273.47,1.4497,1.5269,0.1894,-493.15,1175.2576,0.33173
1423.1112,97.5347,343.5911,80.0452,237.07,0.4106,2258.3301,1.2602,1.3222,0.1844,-493.7188,1182.515,0.34446
1423.2636,97.2551,348.7815,77.8816,231.31,0.4158,2241.26,1.2036,1.2602,0.1788,-494.05,1333.1077,0.33139
1423.416,96.6958,348.1407,76.2592,225.22,0.4012,2223.8101,1.191,1.2452,0.1734,-494.4875,1473.7214,0.34797
1423.5684,97.8146,347.4999,70.3097,223.98,0.3732,2219.5898,1.1764,1.2232,0.1713,-494.8188,1476.443,0.3416
1423.7208,97.8146,346.2824,69.8292,228.22,0.3477,2227.1299,1.1815,1.2176,0.1699,-494.825,1428.136,0.34701
1423.8732,97.2551,345.6096,68.2559,233.65,0.3248,2239.5698,1.2108,1.2444,0.1684,-494.9445,1394.3427,0.33329
1424.0256,97.8146,345.3853,71.1406,233.92,0.2998,2242.8101,1.2335,1.2709,0.1666,-495.125,1360.3239,0.3563
1424.178,97.8146,341.3163,69.9387,231.29,0.2664,2241.6799,1.2917,1.335,0.168,-495.4236,1277.7697,0.37142
1424.3304,97.8146,335.7735,72.0529,231.67,0.2383,2247.0801,1.315,1.3618,0.1714,-495.9028,1283.2129,0.39059
1424.4828,96.6958,338.2725,75.7386,233.64,0.2171,2253.7798,1.2936,1.3404,0.175,-496.2,1299.5427,0.35008
1424.6352,97.2551,343.0785,73.9957,236.0,0.2069,2258.9399,1.2262,1.2697,0.1757,-496.1719,1333.1077,0.32852
1424.7876,97.8146,343.7513,75.9788,233.61,0.2148,2254.04,1.2028,1.247,0.1748,-496.3516,1347.1696,0.33505
1424.94,96.9754,344.36,74.5767,231.45,0.2438,2250.22,1.1504,1.1969,0.1728,-496.6406,1335.1492,0.3518
1425.0924,97.2551,344.8727,80.5261,228.27,0.2837,2245.0901,1.1411,1.1899,0.1715,-497.1172,1324.7164,0.35623
1425.2448,97.8146,344.4882,81.1269,225.26,0.3154,2237.8799,1.1385,1.1882,0.1717,-497.4821,1293.6456,0.35728
1425.3972,97.5347,344.6484,82.4036,225.17,0.3337,2235.24,1.1164,1.1698,0.1717,-497.8203,1270.7386,0.36621
1425.5496,97.5347,346.795,78.1222,228.41,0.3554,2237.54,1.0727,1.1308,0.1707,-498.0781,1325.3966,0.42576
1425.702,97.5347,345.7698,75.2035,236.23,0.3819,2252.98,1.1036,1.1748,0.1716,-498.3214,1363.952,0.40648
1425.8544,97.2551,337.2152,75.6542,240.03,0.4191,2264.24,1.2322,1.3199,0.174,-498.5234,1427.0021,0.40051
1426.0068,96.9754,331.352,76.3299,236.4,0.446,2262.0498,1.3124,1.41,0.1763,-498.7344,1400.2396,0.37195
1426.1592,97.5347,331.4802,73.6899,225.59,0.4532,2242.97,1.3955,1.5051,0.1778,-498.9453,1339.4584,0.34302
1426.3116,97.5347,330.3908,66.2534,217.22,0.4331,2228.72,1.4583,1.5723,0.1768,-499.0982,1286.8411,0.31548
1426.464,97.2551,317.9916,65.4811,221.54,0.4152,2243.7698,1.7636,1.913,0.1788,-499.4766,1273.234,0.27243
1426.6164,97.2551,297.0378,64.3542,234.45,0.4219,2274.03,1.579,1.6984,0.1803,-499.8594,1286.3883,0.25219
1426.7688,97.8146,284.7987,67.0588,249.3,0.4435,2301.5598,1.6581,1.7894,0.1855,-500.0357,1324.0363,0.25556
1426.9212,97.8146,297.5504,65.5131,250.8,0.4541,2293.8,1.4876,1.6004,0.1848,-500.2656,1308.1603,0.26553
1427.0736,97.5347,333.6588,67.3161,255.45,0.4286,2254.6101,1.1949,1.2816,0.1812,-500.4297,1287.2948,0.32003
1427.226,97.8146,356.2467,76.5553,240.67,0.3846,2217.3601,0.8828,0.9445,0.1725,-500.375,1297.955,0.3489
1427.3784,97.2551,357.2079,83.6056,234.15,0.3451,2205.1899,1.0148,1.0856,0.17,-500.1786,1312.2432,0.37038
1427.5308,97.8146,346.8591,85.5692,216.73,0.325,2210.6699,1.4593,1.556,0.1705,-500.2422,1278.4498,0.32253
1427.6832,97.2551,333.1142,73.851,216.53,0.3034,2214.3198,1.5241,1.6215,0.1734,-500.5089,1285.9346,0.31373
1427.8356,97.8146,325.8412,62.4222,216.18,0.2829,2218.29,1.5265,1.6237,0.1754,-500.7031,1263.7087,0.31451
1427.988,97.2551,321.7402,62.2617,217.6,0.2838,2226.9102,1.6213,1.7255,0.1779,-500.7734,1281.3989,0.32206
1428.1404,97.5347,320.0421,68.5714,217.37,0.3104,2227.9001,1.6645,1.7701,0.1776,-500.7344,1318.3667,0.30705
1428.2928,96.9754,320.2023,73.2073,217.11,0.3353,2226.54,1.5784,1.6887,0.1775,-500.7734,1320.8608,0.33894
1428.4452,97.2551,325.7772,74.3342,216.89,0.3443,2224.04,1.4461,1.5496,0.1779,-500.7656,1302.9445,0.33912
1428.5976,97.5347,331.1277,72.306,218.4,0.3573,2226.3201,1.4317,1.5354,0.1801,-500.6964,1301.8105,0.36218
1428.75,96.9754,332.986,72.8213,226.17,0.3913,2239.8701,1.4276,1.534,0.182,-500.7422,1309.0677,0.32332
1428.9024,97.8146,338.8172,67.4126,238.75,0.4559,2262.02,1.2745,1.3513,0.1887,-504.3438,1311.3357,0.32314
1429.0548,96.9754,343.9435,70.342,247.64,0.5308,2281.98,1.373,1.436,0.1978,-500.8828,1293.6456,0.32876
1429.2072,97.8146,339.5862,74.1407,247.93,0.5988,2284.6001,1.2782,1.3274,0.2057,-500.125,1295.4597,0.39526
1429.3596,97.5347,334.8763,77.9717,242.97,0.652,2278.1101,1.2516,1.2984,0.2041,-500.0078,1297.7275,0.3925
1429.512,97.5347,338.9774,74.5274,238.09,0.6978,2267.3899,1.1872,1.2297,0.1968,-499.9063,1298.635,0.37823
1429.6644,97.2551,350.063,71.3724,232.57,0.7368,2253.9102,1.0722,1.107,0.1881,-499.7031,1288.6561,0.34229
1429.8168,97.2551,357.4321,71.3721,228.34,0.7621,2241.1101,1.0562,1.0924,0.1881,-499.6518,1289.11,0.35033
1429.9692,97.8146,356.3108,73.9473,229.8,0.7761,2242.3999,1.0733,1.1182,0.1939,-499.6641,1284.8007,0.38651
1430.1216,98.3739,355.3816,70.7925,232.4,0.7903,2251.5701,1.0946,1.1478,0.2,-501.2734,1304.3048,0.35826
1430.274,97.8146,345.5455,70.1168,239.08,0.8165,2273.6199,1.1842,1.2521,0.2049,-509.3828,1299.9954,0.34807
1430.4264,97.2551,325.4247,70.0843,243.12,0.8693,2288.5798,1.3572,1.4445,0.2108,-499.4107,1290.4703,0.32294
1430.5788,97.8146,312.0002,72.8531,237.45,0.9234,2277.0,1.4626,1.5623,0.223,-499.2031,1291.3778,0.35674
1430.7312,97.2551,304.567,68.5712,223.41,0.9388,2245.7,1.7135,1.8486,0.218,-499.2969,1287.976,0.35561
1430.8836,97.8146,297.0378,60.4591,211.63,0.9046,2223.8201,1.9996,2.1846,0.2076,-499.5078,1295.9135,0.32162
1431.036,97.8146,290.1172,53.6339,208.64,0.8539,2225.9399,2.0185,2.2329,0.1959,-499.5938,1303.1708,0.33
1431.1884,97.2551,287.2978,47.3563,216.91,0.8128,2250.8398,2.0092,2.2345,0.1985,-499.375,1280.7178,0.3344
1431.3408,97.2551,278.6792,45.5535,229.75,0.7995,2278.5798,2.0393,2.2773,0.2049,-499.1641,1292.2843,0.32577
1431.4932,97.8146,273.7451,47.807,237.37,0.8179,2288.24,2.0865,2.3514,0.2098,-498.9141,1292.9655,0.30431
1431.6456,97.2551,283.1647,51.6703,228.36,0.8578,2260.1099,2.1074,2.3877,0.2015,-498.9219,1305.4386,0.28599
1431.798,97.2551,292.1678,57.9802,215.56,0.8936,2225.49,2.1535,2.4576,0.1854,-498.9609,1313.8298,0.32323
1431.9504,97.2551,299.1844,60.2336,210.34,0.9211,2207.72,2.1187,2.4155,0.1757,-499.0446,1313.1498,0.31252
1432.1028,97.8146,294.8591,59.944,218.39,0.9433,2220.03,2.2878,2.5835,0.1762,-499.125,1306.5726,0.33958
1432.2552,97.8146,291.0143,62.2938,227.74,0.974,2237.48,2.2304,2.4848,0.1821,-498.9609,1303.6246,0.29254
1432.4076,97.8146,295.8843,61.3924,229.64,1.0166,2241.2,2.2255,2.4544,0.1852,-498.6339,1294.5521,0.30668
1432.56,96.6958,294.9552,67.7022,226.93,1.0578,2235.3599,2.42,2.6439,0.1829,-498.2578,1303.851,0.29895
1432.7124,97.8146,291.3988,61.972,224.64,1.0817,2226.6799,2.7407,2.9496,0.1771,-498.3359,1330.1597,0.28522
1432.8648,97.8146,286.7851,61.8434,224.97,1.0707,2227.6899,2.9463,3.0882,0.1736,-498.5078,1319.0468,0.29048
1433.0172,97.2551,295.0513,58.6883,228.13,1.0432,2236.0598,1.9903,2.0425,0.172,-498.6484,1322.6749,0.29879
1433.1696,97.8146,314.0507,65.8997,220.39,1.0189,2228.1101,1.9043,1.9488,0.1699,-498.8047,1294.0994,0.33691
1433.322,96.9754,321.1635,69.5052,215.32,1.0194,2222.75,1.9038,1.9459,0.1689,-499.2031,1251.4611,0.31997
1433.4744,97.2551,319.7537,68.6037,212.65,1.0434,2220.1799,1.8385,1.8758,0.173,-499.4911,1246.9253,0.32815
1433.6268,97.2551,317.7673,64.3222,226.53,1.0721,2249.1201,2.0891,2.1292,0.18,-499.7734,1305.8925,0.30196
1433.7792,97.2551,289.8609,61.7465,243.03,1.1058,2286.25,1.7617,1.7641,0.1859,-500.0,1342.6339,0.28106
1433.9316,97.2551,292.1678,69.4087,244.76,1.147,2288.96,1.6337,1.6079,0.1818,-500.2266,1328.5719,0.24789
1434.084,97.2551,322.9577,72.5634,236.55,1.1867,2268.3499,1.6322,1.6017,0.1754,-502.7578,1269.151,0.28686
1434.2364,97.8146,325.5529,75.9114,223.49,1.2014,2233.99,1.6327,1.6021,0.1695,-503.1563,1265.9767,0.33642
1434.3888,97.2551,326.6422,71.1789,226.13,1.195,2236.3601,1.6343,1.607,0.1724,-499.875,1293.8721,0.39438
1434.5412,96.6958,326.8985,71.855,232.14,1.1906,2248.8401,1.6103,1.5752,0.1783,-500.3594,1304.5321,0.38339
1434.6936,97.8146,328.116,68.9578,234.9,1.1974,2253.1099,1.637,1.6022,0.1806,-500.9554,1309.5216,0.38312
1434.846,97.8146,329.2054,70.3098,232.33,1.1913,2245.27,1.651,1.6191,0.1769,-501.3359,1292.7382,0.35487
1434.9984,97.2551,329.1093,70.7606,231.93,1.1779,2242.45,1.632,1.606,0.1739,-501.5234,1279.5837,0.33303
1435.1508,97.8146,329.2374,70.3097,229.24,1.1854,2242.3799,1.6356,1.6287,0.1702,-501.6719,1288.2024,0.32709
1435.3032,97.2551,328.4044,66.1247,221.46,1.2334,2233.01,1.6253,1.648,0.1653,-501.7946,1319.0468,0.34812
1435.4556,97.2551,324.4315,62.2937,208.09,1.3044,2209.8301,1.6979,1.7566,0.1615,-502.4063,1336.7368,0.34575
1435.608,96.6958,311.3594,63.4208,207.87,1.3566,2206.3501,1.8623,1.9641,0.1624,-504.8281,1334.469,0.30434
1435.7604,97.2551,302.4845,65.5778,213.07,1.3854,2211.9802,2.1816,2.3591,0.1656,-522.4141,1294.5521,0.2577
1435.9128,97.5347,304.3107,64.5797,219.33,1.3928,2219.8301,2.1629,2.3641,0.167,-528.8516,1247.1516,0.25672
1436.0652,96.6958,305.3039,61.6499,218.42,1.4056,2217.71,2.0865,2.2991,0.1665,-500.0234,1260.0796,0.26831
1436.2176,97.2551,306.7137,60.2977,214.81,1.4396,2210.0,2.0465,2.2678,0.1646,-500.2589,1327.2115,0.26559
1436.37,97.8146,312.4808,59.7182,210.76,1.5004,2204.4001,1.8901,2.1016,0.1655,-500.1094,1432.8981,0.25627
1436.5224,97.2551,315.5565,60.2334,209.65,1.5701,2203.1099,1.9368,2.1699,0.1667,-499.8203,1377.5602,0.25493
1436.6748,97.2551,308.6681,62.9375,211.18,1.6232,2212.79,2.1763,2.4422,0.1704,-499.4063,1307.934,0.2575
1436.8272,97.2551,302.6126,59.5574,210.39,1.6653,2215.3201,2.0783,2.3212,0.172,-499.3571,1283.2129,0.26661
1436.9796,97.8146,306.4894,61.0704,213.21,1.7032,2221.03,1.9093,2.1158,0.1721,-499.5781,1290.6967,0.29306
1437.132,97.8146,312.5449,60.3943,216.26,1.7459,2220.7798,1.9812,2.1902,0.1696,-499.75,1307.2528,0.30022
1437.2844,97.2551,309.9817,64.4506,224.53,1.7773,2230.8501,2.0457,2.2506,0.1684,-500.5859,1323.5824,0.30429
1437.4368,97.2551,309.4691,62.648,230.43,1.8027,2241.76,1.9059,2.0814,0.1703,-501.8125,1264.6154,0.28717
1437.5892,97.8146,319.4013,64.451,228.72,1.8285,2241.6799,1.6589,1.8029,0.1723,-484.0591,1233.9984,0.30139
1437.7416,97.2551,325.2004,67.4451,226.54,1.8389,2237.46,1.5757,1.7039,0.1759,-484.1935,1262.8013,0.28648
1437.894,97.2551,322.5091,72.6279,228.79,1.8194,2238.51,1.6401,1.7692,0.1797,-493.2613,1350.345,0.29323
1438.0464,96.9754,318.1838,76.2336,238.96,1.7971,2255.95,1.7852,1.9197,0.186,-488.3789,1407.4969,0.28569
1438.1988,97.2551,313.8585,79.5726,249.09,1.7905,2278.1702,1.8472,1.9894,0.1885,-482.3216,1361.004,0.28441
1438.3512,96.6958,315.1721,91.7897,256.93,1.8181,2301.5,1.7425,1.8742,0.1919,-524.9239,1298.1814,0.2748
1438.5036,96.6958,320.0741,100.0613,275.72,1.8695,2325.71,1.7398,1.862,0.1933,-471.5521,1303.3972,0.28638
1438.656,97.8146,311.9681,107.557,292.01,1.961,2366.8699,1.779,1.9092,0.2049,-470.1537,1297.5012,0.30147
1438.8084,97.8146,310.4943,104.442,325.86,2.0937,2378.8901,1.4044,1.4875,0.2138,-469.0365,1312.2432,0.31151
1438.9608,97.2551,325.3606,102.6841,346.56,2.2394,2387.95,1.341,1.4166,0.2201,-467.6275,1316.0988,0.30611
1439.1132,97.8146,332.7297,100.7989,332.2,2.3816,2358.02,1.3383,1.4076,0.2151,-466.4141,1318.1392,0.3047
1439.2656,97.8146,332.4734,97.2554,298.35,2.4872,2346.78,1.3373,1.4015,0.2159,-465.9107,1320.4071,0.33291
1439.418,97.2551,334.3317,96.9764,274.71,2.576,2332.3901,1.337,1.3987,0.2099,-458.8545,1308.1603,0.37491
1439.5704,97.8146,337.3113,94.5726,271.77,2.6533,2326.8799,1.331,1.3902,0.203,-457.8188,1305.4386,0.37046
1439.7228,97.8146,337.1832,95.3238,269.12,2.7463,2323.97,1.3328,1.3942,0.1978,-457.8969,1361.6842,0.416
1439.8752,97.8146,337.1512,97.5484,287.42,2.8582,2329.53,1.3316,1.3958,0.2104,-458.0511,1359.87,0.42458
1440.0276,97.2551,337.1191,100.2225,308.3,2.9758,2338.8101,1.3239,1.3932,0.2251,-457.7931,1343.7677,0.28487
1440.18,96.9754,334.8763,102.4745,334.87,3.0893,2341.98,1.2895,1.3664,0.2354,-453.1546,1344.4479,0.19342
1440.3324,97.5347,331.0637,99.9644,322.02,3.1909,2340.6401,1.2913,1.3712,0.2442,-452.6739,1315.645,0.14542
1440.4848,97.5347,329.75,104.832,309.55,3.3095,2357.0,1.3204,1.41,0.2507,-447.2963,1311.7894,0.17048
1440.6372,97.8146,329.5578,103.5484,288.37,3.4734,2374.1099,1.3154,1.4028,0.2691,-447.1906,1320.8608,0.19966
1440.7896,97.2551,330.0384,104.313,284.4,3.6552,2384.5898,1.3345,1.4232,0.2962,-447.9813,1309.9744,0.21043
1440.942,97.8146,333.1462,98.8378,285.14,3.8284,2390.1301,1.3376,1.4259,0.3392,-456.7301,1310.882,0.2197
1441.0944,97.2551,338.3687,98.4588,281.44,3.9825,2389.5901,1.3028,1.383,0.3618,-476.7031,1314.9639,0.22479
1441.2468,97.8146,340.4512,96.8273,264.62,4.1382,2383.3301,1.2703,1.3516,0.3388,-478.7961,1302.2633,0.22592
1441.3992,97.2551,336.7987,94.7307,250.72,4.3051,2354.8701,1.2799,1.3621,0.2851,-480.9167,1276.182,0.22408
1441.5516,97.8146,335.5172,94.4416,240.68,4.4593,2324.1501,1.2585,1.345,0.2399,-483.4079,1279.131,0.22186
1441.704,97.8146,334.3317,92.0635,234.32,4.6008,2296.47,1.2019,1.2897,0.2278,-485.5812,1359.1899,0.21874
1441.8564,97.2551,332.5054,93.9564,232.33,4.7433,2282.8401,1.251,1.3451,0.2243,-487.7156,1373.9309,0.22066
1442.0088,97.8146,328.2762,96.27,226.44,4.9031,2272.1802,1.2803,1.3816,0.2113,-489.9112,1319.0468,0.21071
1442.1612,97.8146,349.166,98.3432,222.08,5.0665,2273.25,1.3631,1.47,0.2001,-492.1349,1265.0691,0.22001
1442.3136,97.8146,342.4377,96.5358,224.12,5.2412,2288.46,1.7757,1.9167,0.2012,-492.7368,1225.1533,0.22591
1442.466,97.5347,301.267,92.2994,235.84,5.4555,2313.76,1.9713,2.1342,0.2139,-493.9539,1248.0592,0.2365
1442.6184,97.8146,278.6151,95.4543,247.46,5.7398,2336.8,2.248,2.4373,0.2096,-495.8684,1397.0643,0.23594
1442.7708,97.8146,264.4216,96.2132,244.93,6.068,2326.5801,2.389,2.5978,0.1906,-498.0724,1539.9459,0.23575
1442.9232,97.8146,275.8276,98.4526,225.53,6.3594,2281.27,2.2128,2.4051,0.163,-491.6736,1495.4944,0.23542
1443.0756,97.2551,327.0267,97.162,208.11,6.5651,2237.1199,1.883,2.0386,0.1504,-484.7313,1432.8981,0.23663
1443.228,97.2551,351.1204,101.3371,198.95,6.6905,2215.0601,1.7747,1.9225,0.1474,-502.5695,1360.3239,0.22846
1443.3804,97.2551,332.0569,99.5342,194.7,6.7779,2212.78,1.7037,1.8472,0.1542,-503.102,1374.3848,0.23484
1443.5328,97.5347,322.5412,99.4025,187.82,6.8344,2212.49,1.8773,2.0293,0.1565,-504.148,1368.7151,0.22649
1443.6852,97.2551,309.405,94.0625,176.66,6.895,2208.1799,1.7878,1.9257,0.1563,-504.3195,1326.0778,0.23277
1443.8376,97.2551,301.6835,93.5358,176.8,6.973,2225.5801,1.8125,1.9528,0.16,-504.0625,1322.6749,0.22757
1443.99,97.2551,308.636,91.3324,176.19,7.1018,2244.1299,1.8704,2.0123,0.1645,-504.1743,1312.696,0.23526
1444.1424,96.6958,317.2226,89.1765,171.38,7.2511,2259.5999,1.9908,2.1479,0.1673,-504.941,1295.6871,0.23455
1444.2948,97.395,310.3662,86.883,153.39,7.3571,2261.46,1.9939,2.1594,0.1646,-504.1086,1316.5515,0.23405
1444.4472,96.8357,281.6909,85.7075,125.79,7.3469,2277.3198,2.4874,2.7226,0.194,-504.125,1326.7579,0.22342
1444.5996,97.8146,253.2719,87.0622,115.19,7.2797,2376.46,3.0441,3.3116,0.315,-504.4507,1338.5509,0.22581
1444.752,97.8146,246.4154,89.8823,83.42,6.7715,2454.24,3.1229,3.3354,0.821,-504.602,1365.5397,0.23082
1444.9044,312.4586,237.4123,90.4517,53.12,5.8589,2501.4199,4.4867,4.7871,1.8753,-505.4653,1349.2109,0.23894
1445.0568,312.3189,222.5781,104.5739,15.17,4.8772,2474.53,6.1332,6.5569,1.8544,-506.3947,1337.1906,0.24631
1445.2092,312.3189,224.0519,118.5798,6.62,4.313,2472.8,5.3114,5.6083,1.83,-506.1974,1302.2633,0.25019
1445.3616,312.0393,232.0618,121.1416,7.17,4.1982,2478.8899,4.7306,4.9359,1.7983,-505.6809,1314.9639,0.25372
1445.514,312.2257,240.1677,106.1181,5.6,4.1528,2474.4102,4.4493,4.6365,1.7571,-506.3783,1353.9731,0.24893
1445.6664,312.263,248.4339,91.9224,4.15,4.141,2467.1499,3.8962,4.033,1.7091,-507.191,1375.0648,0.24637
1445.8188,312.263,253.6563,86.0396,2.78,4.1345,2461.6699,3.1846,3.2407,1.6647,-507.3289,1356.241,0.2523
1445.9712,312.2991,254.3932,80.1303,3.28,4.1174,2467.3,3.4859,3.5272,1.6334,-506.9474,1359.87,0.23603
1446.1236,312.1792,247.2485,73.0328,4.33,4.0627,2474.48,3.3386,3.3201,1.6307,-507.6354,1343.0865,0.23656
1446.276,312.5985,238.6619,70.3497,4.74,4.028,2475.96,3.2514,3.2167,1.6415,-508.2969,1330.8398,0.23714
1446.4284,312.3189,258.0457,68.2465,3.36,4.0701,2468.1699,2.6091,2.5505,1.6701,-508.8993,1356.241,0.24894
1446.5808,312.3748,302.1961,70.0303,0.53,4.1908,2455.6301,2.3408,2.2828,1.7085,-508.7697,1345.3555,0.25638
1446.7332,312.4586,288.1308,70.7208,-2.03,4.2248,2444.0601,2.4258,2.3586,1.7652,-509.398,1346.262,0.28858
1446.8856,312.5985,265.8954,78.2325,-3.2,4.1763,2438.1101,2.5282,2.4486,1.8062,-510.6184,1333.1077,0.32245
1447.038,312.4121,277.3335,79.1814,-1.55,4.0887,2440.79,2.9576,2.8561,1.8409,-509.7188,1343.0865,0.35273
1447.1904,312.2257,263.108,79.3712,-0.27,4.0909,2444.53,2.7425,2.6041,1.8655,-508.9441,1361.6842,0.35302
1447.3428,312.0393,252.0864,74.2632,1.09,4.1095,2448.1799,3.2132,3.0283,1.8955,-510.007,1349.4374,0.33326
1447.4952,312.3189,265.1906,67.811,0.89,4.1038,2446.6702,3.2876,3.091,1.926,-510.8059,1331.2936,0.3247
1447.6476,312.0393,264.9983,65.8184,1.3,4.0868,2446.99,3.0894,2.9053,1.9469,-510.8015,1343.0865,0.30525
1447.8,312.5985,272.848,67.8427,0.38,4.0502,2443.98,2.6388,2.4737,1.9609,-511.6507,1332.2012,0.29283
1447.9524,312.179,292.2639,74.9275,0.64,4.0349,2445.1699,2.4431,2.2877,1.9641,-512.375,1317.6855,0.27198
1448.1048,312.4121,292.4882,77.7423,1.63,4.0063,2449.9199,2.3186,2.1695,1.963,-512.3052,1334.9227,0.27436
1448.2572,312.4121,304.567,81.5272,3.13,4.0212,2453.6499,2.0167,1.8821,1.9484,-512.2031,1328.7993,0.28115
1448.4096,312.5985,320.7149,81.704,3.78,3.9835,2458.03,1.6861,1.5645,1.918,-512.7242,1359.87,0.31495
1448.562,312.5985,327.1869,83.5776,3.72,3.9123,2463.0598,1.4839,1.37,1.8619,-513.5195,1352.6128,0.32678
1448.7144,312.785,335.0366,82.2002,3.92,3.7601,2473.4099,1.4673,1.3526,1.7745,-509.8164,1324.7164,0.34706
1448.8668,312.5985,333.4025,86.4422,3.75,3.6205,2479.51,1.4632,1.3479,1.7067,-498.75,1348.077,0.35444
1449.0192,312.5985,329.6219,89.902,3.6,3.5292,2480.02,1.4884,1.3734,1.7213,-489.1328,1350.345,0.37237
1449.1716,312.7385,333.8511,94.5549,1.98,3.5004,2470.49,1.5151,1.3986,1.8162,-488.3672,1355.3345,0.39666
1449.324,312.5985,332.8258,96.2583,1.56,3.4756,2467.0999,1.5181,1.4025,1.9247,-492.5184,1333.7888,0.3906
1449.4764,312.5985,328.5646,94.7935,1.67,3.4509,2465.28,1.5186,1.4028,1.9434,-494.0333,1322.2222,0.4061
1449.6288,312.4586,332.8258,90.0355,5.56,3.5498,2461.9199,1.5129,1.4919,1.8858,-489.1728,1330.386,0.38894
1449.7812,312.4586,338.625,87.1654,17.23,3.9726,2452.8601,1.5359,1.5147,1.8337,-498.2461,1336.283,0.36809
1449.9336,313.1579,331.9928,85.3625,31.02,4.5817,2454.0901,1.5454,1.5226,1.557,-503.5515,1327.6654,0.34835
1450.086,312.785,329.3656,88.8479,43.5,4.981,2480.29,1.5503,1.5278,1.3342,-510.3125,1324.0363,0.37121
1450.2384,314.4629,331.2879,88.2248,39.77,4.8397,2503.3601,1.5519,1.529,1.3307,-511.3164,1331.2936,0.3651
1450.3908,315.0225,329.1733,88.0327,29.41,4.3482,2509.24,1.5543,1.5289,1.5974,-511.2695,1306.3462,0.36148
1450.5432,315.5818,327.9238,87.1314,16.29,3.934,2493.7998,1.5567,1.53,1.8582,-511.0078,1320.4071,0.36467
1450.6956,315.5818,326.45,87.3569,15.42,3.7886,2493.7698,1.5585,1.531,1.72,-511.8051,1313.6035,0.38305
1450.848,315.9547,324.816,87.463,15.69,3.8102,2499.52,1.5587,1.5299,1.761,-512.8594,1304.5321,0.39505
1451.0004,317.3529,317.6071,84.9839,17.45,3.8502,2508.6401,1.5637,1.5335,1.7353,-513.207,1330.386,0.36203
1451.1528,320.6158,308.1234,82.7305,11.24,3.8332,2501.3599,1.5647,1.5344,1.9511,-512.9633,1329.0258,0.34997
1451.3052,323.5988,317.7032,84.0562,6.59,3.8105,2496.71,1.5646,1.533,1.983,-513.4531,1343.9941,0.35944
1451.4576,324.531,332.7297,84.6198,2.08,3.8178,2491.9199,1.5676,1.5347,2.4971,-514.5883,1346.4894,0.36324
1451.61,320.9887,317.9916,82.8168,0.86,3.9203,2482.4099,1.5645,1.5331,2.0947,-514.918,1314.9639,0.35947
1451.7624,319.3105,308.9565,80.4504,3.24,4.0857,2469.8301,1.5606,1.5299,1.8311,-514.772,1302.2633,0.33315
1451.9148,316.514,323.0538,76.5066,7.69,4.2453,2458.6899,1.5613,1.5309,1.6715,-514.6367,1304.5321,0.33621
1452.0672,316.3275,328.7248,78.5348,17.63,4.3346,2465.5601,1.5607,1.5303,1.7727,-515.9117,1316.5515,0.32465
1452.2196,315.768,326.1296,80.6358,21.95,4.3014,2476.1501,1.5597,1.5307,1.8992,-518.0469,1343.9941,0.33988
1452.372,315.5818,324.3033,85.5937,21.34,4.1767,2482.53,1.5593,1.5307,1.9293,-516.9922,1370.3027,0.34904
1452.5244,315.5818,326.1616,90.4587,17.08,4.0343,2486.0598,1.5594,1.5313,1.9139,-512.6765,1365.3134,0.36308
1452.6768,315.8147,327.6354,90.9492,13.72,3.9129,2486.6199,1.559,1.5313,2.0034,-513.7022,1353.0654,0.35981
1452.8292,314.8358,329.0452,88.6162,9.85,3.8571,2480.8701,1.5612,1.5331,1.995,-515.0478,1333.1077,0.36808
1452.9816,315.2089,330.3908,84.878,3.76,3.8149,2469.6401,1.5595,1.5313,2.107,-515.6484,1328.1182,0.3997
1453.134,315.8147,328.7248,84.878,0.24,3.8011,2459.73,1.5608,1.5331,2.0606,-516.7095,1338.5509,0.41297
1453.2864,315.768,324.015,85.9385,0.58,3.7645,2458.1599,1.5599,1.5329,2.0988,-517.9727,1327.2115,0.3954
1453.4388,316.514,320.7149,87.7412,2.09,3.772,2455.6702,1.5608,1.5332,2.0112,-517.5515,1341.2726,0.39054
1453.5912,316.8866,320.8431,84.3875,6.54,3.8818,2459.1802,1.5602,1.5324,2.0323,-516.8438,1320.8608,0.39236
1453.7436,316.8866,319.6897,82.2797,8.09,4.0644,2458.1399,1.5608,1.5323,2.0564,-518.1914,1313.1498,0.3834
1453.896,316.0944,334.4278,78.2763,10.42,4.3103,2463.3801,1.562,1.533,1.7795,-520.3125,1333.1077,0.35253
1454.0484,314.2765,345.3853,76.8976,17.29,4.4957,2479.8801,1.558,1.5299,1.6954,-518.9805,1331.7473,0.33373
1454.2008,314.6496,337.4716,76.0359,18.65,4.5428,2490.9402,1.5584,1.5314,1.8582,-516.0742,1338.5509,0.34801
1454.3532,315.0225,335.6453,82.4056,19.82,4.4332,2493.3101,1.5611,1.5336,1.9798,-517.1406,1333.1077,0.35681
1454.5056,315.675,337.2473,85.6731,11.97,4.239,2474.6301,1.5592,1.5317,1.914,-519.0331,1324.0363,0.37312
1454.658,315.3951,338.2405,90.9293,10.82,4.0462,2468.72,1.5606,1.5317,1.7584,-521.6094,1321.3146,0.36138
1454.8104,315.9547,344.0396,86.9857,6.4,3.869,2459.8,1.5601,1.5325,1.9532,-523.6985,1343.9941,0.34466
1454.9628,316.2343,347.6601,84.5665,4.86,3.8239,2453.1602,1.5592,1.5307,1.9044,-525.1953,1335.3755,0.35776
1455.1152,314.0901,341.7007,83.7778,6.55,3.9601,2446.3699,1.5575,1.529,1.8062,-523.6406,1373.0244,0.3553
1455.2676,315.3951,340.2269,84.2286,13.94,4.1576,2455.52,1.5592,1.5311,1.5977,-502.6417,1363.952,0.37237
1455.42,315.675,345.962,87.41,19.72,4.2047,2472.45,1.5331,1.5051,1.6249,-500.8971,1338.0972,0.38592
1455.5724,316.2343,350.0951,86.1705,18.74,4.0257,2484.4602,1.5298,1.5047,1.6681,-500.7031,1319.5005,0.41088
1455.7248,317.0733,349.6145,81.8887,10.71,3.7889,2473.3101,1.5486,1.5287,1.7806,-501.4492,1286.8411,0.38746
1455.8772,316.1411,347.4999,81.3444,5.09,3.6657,2459.4399,1.4719,1.4518,1.7359,-502.4453,1323.5824,0.36645
1456.0296,317.0733,344.8086,79.8796,3.97,3.6947,2446.9099,1.4446,1.4236,1.3299,-501.6797,1379.828,0.36776
1456.182,316.1411,337.4716,78.6335,6.93,3.781,2452.97,1.406,1.3842,1.228,-501.5993,1402.9612,0.38302
1456.3344,315.5818,335.6453,77.0635,7.44,3.8029,2456.1802,1.4443,1.4183,1.3143,-502.8867,1411.58,0.37099
1456.4868,315.768,336.222,77.2889,7.24,3.7299,2462.6501,1.4842,1.4566,1.7364,-503.0898,1351.7053,0.35692
1456.6392,316.3275,333.6588,81.8026,4.45,3.6145,2456.0598,1.4832,1.4503,1.8463,-501.9219,1345.3555,0.33622
1456.7916,315.9547,334.9725,79.7745,3.01,3.5295,2451.1499,1.5034,1.4663,1.8202,-501.9228,1325.8502,0.33451
1456.944,317.3529,335.4531,78.873,3.98,3.5315,2448.8298,1.5374,1.4973,1.8572,-503.2695,1300.903,0.34987
1457.0964,316.8866,335.1967,77.0702,6.41,3.5678,2451.9199,1.5157,1.4708,1.8813,-505.3125,1271.4198,0.36218
1457.2488,316.8866,335.2288,76.7321,7.8,3.6066,2454.1899,1.5165,1.4664,1.8453,-507.4963,1286.3883,0.36452
1457.4012,316.8866,335.0366,78.4024,6.08,3.5782,2450.52,1.5233,1.4722,1.8029,-509.5547,1316.3252,0.36587
1457.5536,316.514,335.2608,77.9891,4.25,3.5496,2445.9299,1.4894,1.4365,1.7213,-510.9961,1400.6935,0.37778
1457.706,317.0733,335.4531,76.0007,2.3,3.4995,2438.71,1.4759,1.4183,1.7213,-500.0699,1405.4556,0.38924
1457.8584,316.514,335.4851,69.3728,2.25,3.4849,2433.49,1.4439,1.3836,1.6762,-490.3088,1392.0747,0.37176
1458.0108,316.7936,335.2929,66.293,1.02,3.4919,2422.5601,1.3583,1.3021,1.669,-491.5919,1367.1274,0.33997
1458.1632,317.4461,335.0045,69.4747,0.77,3.4824,2420.5698,1.3897,1.3303,1.6279,-493.2978,1308.1603,0.34598
1458.3156,316.7004,335.5172,74.8831,-0.7,3.4827,2417.5999,1.4301,1.3746,1.7205,-494.7978,1277.3159,0.3526
1458.468,318.7512,335.4531,77.0239,-0.83,3.4314,2424.1299,1.4176,1.3656,1.7569,-496.3672,3178.175,0.37086
1458.6204,317.819,335.4531,70.0246,-1.08,3.5624,2425.6699,1.4003,1.3594,1.7972,-498.2684,3215.1018,0.35243
1458.7728,317.9122,335.7735,63.8208,3.55,4.1572,2446.1301,1.4012,1.3699,1.8535,-499.9449,3248.9241,0.34702
1458.9252,316.3275,335.6773,60.4472,3.47,4.9827,2467.1099,1.4108,1.3862,1.5806,-501.4961,3280.7432,0.34543
1459.0776,316.1411,335.8696,60.6593,2.16,5.7469,2485.1899,1.8184,1.8245,1.3615,-502.6836,3180.3521,0.3203
1459.23,316.8866,335.7094,62.9195,-3.35,5.9104,2496.0798,2.1642,2.1864,1.5203,-503.625,3221.7537,0.29861
1459.3824,317.0733,335.2608,60.5865,9.24,5.672,2542.51,2.3636,2.3899,2.4527,-505.4007,3173.6729,0.25001
1459.5348,317.0733,335.6773,59.5325,17.42,5.2358,2587.05,3.3059,3.3402,5.5495,-504.1289,3157.5696,0.22263
1459.6872,318.3783,336.7667,55.6816,23.21,4.8891,2615.0898,4.1942,4.2194,6.6416,-498.5859,3059.0273,0.222
1459.8396,318.7512,337.7279,57.8953,18.3,4.7112,2595.3901,3.9754,3.9896,7.3337,-496.5919,2993.0293,0.23264
1459.992,315.3951,338.0482,62.0245,28.07,4.6318,2570.2,3.8376,3.8612,8.3177,-497.6211,2970.9165,0.23625
1460.1444,314.8358,337.824,64.0725,51.33,4.627,2557.4299,2.3275,2.3425,5.2506,-499.1875,2870.5593,0.24063
1460.2968,308.4967,337.5997,71.171,63.69,4.6921,2532.1602,1.8508,1.8683,2.1854,-500.3398,2817.8064,0.28354
1460.4492,307.751,338.1123,78.0642,55.73,4.7722,2502.77,1.8066,1.8226,1.5793,-501.7969,2794.582,0.38328
1460.6016,316.1411,339.426,84.1488,32.49,4.8169,2475.03,1.6427,1.6474,1.5773,-502.3676,2698.8748,0.43812
1460.754,316.1411,339.1696,79.1912,14.28,4.7772,2476.5,1.5119,1.5041,1.5729,-502.9766,2701.4832,0.39753
1460.9064,315.3951,338.5288,72.0859,5.61,4.6484,2487.5901,1.4886,1.4615,1.3761,-502.8906,2619.5867,0.34662
1461.0588,315.3951,339.6182,69.607,3.6,4.412,2496.3301,1.6482,1.5999,1.3807,-502.4648,2531.6504,0.356
1461.2112,315.3951,342.5338,73.6633,12.43,4.1756,2506.8901,1.7874,1.7296,1.7219,-502.4375,2533.7673,0.35957
1461.3636,315.9547,343.3348,79.7742,15.32,3.9484,2504.5,1.7465,1.6872,2.0591,-502.4961,2400.8137,0.37854
1461.516,316.3275,343.3668,87.8868,14.51,3.7866,2488.55,1.5464,1.4872,1.8014,-501.9492,2391.1877,0.37125
1461.6684,316.514,345.6416,89.2323,5.54,3.68,2461.8499,1.6064,1.543,1.7847,-501.7813,2345.5256,0.37141
1461.8208,317.0733,341.2842,90.0212,5.9,3.7038,2458.05,1.6355,1.5726,1.7557,-502.0313,2258.6631,0.37957
1461.9732,315.9547,338.5288,81.5706,21.46,3.9025,2476.6699,1.7211,1.6604,2.1865,-501.9688,2242.7874,0.39943
1462.1256,312.5985,316.5498,74.2535,37.99,4.2225,2489.73,1.9074,1.8468,2.3909,-502.0234,2191.4558,0.37298
1462.278,315.9547,307.6428,73.8027,51.73,4.5199,2499.26,1.8887,1.8267,2.2466,-502.4779,2135.5132,0.34324
1462.4304,315.3951,323.0538,77.6337,49.08,4.5925,2502.0,1.991,1.9332,1.7939,-502.7188,2052.2788,0.34038
1462.5828,312.2257,326.2578,83.2675,34.07,4.3546,2495.8,1.7366,1.6892,1.8098,-503.043,2009.4139,0.36124
1462.7352,313.1579,349.5184,80.5632,18.69,3.9738,2487.5901,1.5932,1.5558,1.9605,-503.5195,1970.1029,0.36491
1462.8876,314.0901,352.3699,79.8869,5.13,3.6872,2465.6602,1.518,1.4906,2.1016,-503.4007,1911.4387,0.35488
1463.04,315.0225,333.0822,78.8727,3.73,3.5643,2459.3401,1.6157,1.597,2.0072,-503.3555,1824.6884,0.34951
1463.1924,315.9547,329.3335,81.0137,1.85,3.59,2439.79,1.6736,1.6659,1.8445,-503.5156,1776.155,0.32453
1463.3448,314.8358,329.4617,83.8904,0.06,3.6277,2423.8501,1.5251,1.5192,1.5635,-503.6581,1719.1151,0.33975
1463.4972,315.3951,339.3298,84.2285,-0.58,3.6559,2416.1101,1.467,1.4639,1.5322,-504.3438,1655.3093,0.35699
1463.6496,314.8358,350.3194,86.5943,-0.48,3.6585,2419.77,1.433,1.4305,1.5347,-504.8672,1625.448,0.39156
1463.802,315.2089,352.1456,86.8726,0.29,3.6402,2427.75,1.4992,1.4995,1.5604,-504.636,1558.9972,0.38115
1463.9544,315.3951,349.4223,88.4501,-0.4,3.6273,2429.8601,1.5058,1.5035,1.6388,-504.3906,1498.5555,0.38472
1464.1068,315.1157,347.3717,86.9855,-0.4,3.602,2436.95,1.501,1.5007,1.7635,-504.75,1458.2992,0.3775
1464.2592,318.5648,346.2183,83.9435,-1.28,3.7137,2448.9099,1.503,1.5019,1.8328,-504.9265,1411.428,0.37188
1464.4116,315.2089,346.1222,82.8167,-4.58,3.8173,2458.0601,1.4883,1.4797,1.7959,-513.6948,1367.7322,0.3717
1464.564,315.768,345.8979,84.6194,-9.81,3.9122,2459.3999,1.3927,1.3847,1.6457,-531.1289,1373.0244,0.36982
1464.7164,315.3951,344.9367,91.3801,-10.9,3.8691,2456.5999,1.3814,1.374,1.6064,-532.5772,1368.6396,0.37606
1464.8688,315.3951,347.6281,95.7742,-10.45,3.8151,2457.2,1.3623,1.3549,1.6024,-534.0352,1387.9929,0.39604
1465.0212,315.5818,354.7088,98.5315,-7.9,3.7315,2460.5999,1.357,1.348,1.6222,-532.1992,1345.5063,0.40255
1465.1736,315.675,356.6311,96.9736,-5.95,3.6444,2464.9199,1.3812,1.3697,1.616,-511.4926,1381.3402,0.41069
1465.326,315.9547,352.5942,94.0641,-0.55,3.6075,2466.9001,1.3916,1.3784,1.6399,-511.5664,1377.1063,0.39321
1465.4784,315.1157,345.4494,90.2928,18.16,3.6129,2485.5398,1.4388,1.4252,2.1614,-511.8309,1377.2573,0.38838
1465.6308,314.2765,347.3397,91.7378,33.8,3.6071,2504.54,1.2528,1.2393,2.715,-512.6289,1384.9684,0.36974
1465.7832,315.2089,361.7254,96.4503,37.69,3.553,2509.26,1.2315,1.2163,2.286,-513.4706,1371.8151,0.37491
1465.9356,315.675,368.5178,97.8885,24.09,3.4765,2489.76,1.2212,1.2088,1.6682,-513.5938,1350.7976,0.37535
1466.088,316.514,365.8905,94.9589,10.36,3.426,2463.3701,1.226,1.213,1.4213,-513.8383,1373.1754,0.38655
1466.2404,317.0733,362.4944,95.1248,10.06,3.4285,2459.52,1.2659,1.2512,1.3844,-514.6912,1405.8339,0.40431
1466.3928,317.819,361.0526,92.7852,14.0,3.4772,2460.24,1.2689,1.2539,1.3543,-516.3984,1380.2819,0.40881
1466.5452,317.2597,359.3545,94.8133,15.93,3.5493,2460.6199,1.263,1.2479,1.3451,-515.2383,1386.7834,0.39023
1466.6976,317.6326,358.1049,92.7982,17.43,3.5999,2460.25,1.2594,1.2455,1.3749,-513.3456,1391.1682,0.39206
1466.85,316.7936,357.9127,94.9258,15.7,3.5955,2461.8699,1.2612,1.2481,1.4124,-513.7891,1438.946,0.39589
1467.0024,317.2597,357.9768,93.1233,13.21,3.5085,2465.26,1.2764,1.2643,1.4432,-514.9883,1411.1261,0.41016
1467.1548,318.0055,357.9448,93.1695,5.73,3.4208,2458.9199,1.282,1.2711,1.4598,-515.8398,1376.6526,0.42572
1467.3072,317.0733,357.4642,93.8589,0.81,3.367,2452.6301,1.2853,1.274,1.4715,-516.0331,1357.1484,0.42582
1467.4596,316.7004,356.1826,91.8304,-0.21,3.3935,2447.01,1.2993,1.2885,1.4769,-515.0273,1365.6151,0.42134
1467.612,317.0733,354.933,96.2249,0.02,3.4306,2441.5601,1.2841,1.276,1.4679,-514.0234,1351.4034,0.40732
1467.7644,317.4461,356.0865,97.3514,0.39,3.4681,2434.23,1.2396,1.2293,1.4292,-513.4727,1323.8853,0.42371
1467.9168,319.3105,361.6613,103.5488,-0.87,3.5257,2423.74,1.1893,1.1793,1.3398,-514.0977,1352.6128,0.42514
1468.0692,320.2427,366.0187,96.7881,-1.0,3.6272,2423.8401,1.1286,1.1205,1.2879,-514.0367,1402.848,0.42357
1468.2216,318.1919,355.734,95.6617,1.1,3.7622,2437.0698,1.2026,1.1961,1.4176,-513.3242,1359.7192,0.40822
1468.374,317.6326,347.3076,91.8306,5.92,3.82,2457.9502,1.2512,1.2445,1.3709,-514.1094,1349.5883,0.38411
1468.5264,317.2597,354.869,93.5209,5.86,3.7436,2455.3899,1.2414,1.2357,1.3523,-515.1836,1381.1884,0.37011
1468.6788,316.7004,362.0138,93.3615,4.35,3.5516,2446.6299,1.1644,1.1561,1.232,-515.3086,1358.8115,0.35333
1468.8312,317.819,363.1992,94.6011,1.53,3.3776,2437.48,1.1411,1.1307,1.2486,-515.7684,1322.373,0.36635
1468.9836,316.7004,362.8468,100.4606,2.18,3.2748,2444.0801,1.1316,1.1201,1.2589,-517.2656,1347.3204,0.35631
1469.136,316.3275,363.3594,102.9859,1.74,3.2782,2444.23,1.1298,1.1181,1.2385,-515.8594,1372.5707,0.36691
1469.2884,315.675,364.2245,104.3378,0.81,3.3376,2438.53,1.1306,1.1196,1.2426,-513.1914,1373.7046,0.36267
1469.4408,315.768,364.9934,99.718,2.05,3.423,2438.1499,1.131,1.1198,1.2603,-513.75,1359.1134,0.37228
1469.5932,316.514,365.6342,96.3444,4.87,3.4852,2443.27,1.1341,1.1214,1.2712,-515.4531,1347.0187,0.37488
1469.7456,316.7004,365.5061,93.7906,5.94,3.4739,2449.21,1.1677,1.1384,1.302,-516.5588,1364.104,0.38978
1469.898,315.9547,365.3138,91.2717,6.49,3.4465,2455.9399,1.1543,1.1136,1.3219,-517.0859,1368.1859,0.42523
1470.0504,315.3951,365.5702,93.4059,3.47,3.3893,2451.6301,1.1539,1.1136,1.3716,-533.1066,1355.3345,0.42977
1470.2028,315.9547,364.8012,95.3966,3.24,3.349,2454.9202,1.1544,1.1125,1.3703,-531.647,1334.6199,0.41948
1470.3552,315.2089,364.5769,97.8025,1.17,3.3238,2446.78,1.1568,1.1141,1.3648,-521.7461,1375.2922,0.42271
1470.5076,316.1411,365.9867,96.5168,1.32,3.3265,2443.8201,1.1564,1.1149,1.3512,-521.2188,1430.1764,0.4074
1470.66,315.3951,367.3003,98.9095,1.53,3.3069,2441.49,1.1595,1.1168,1.3212,-522.8603,1385.1202,0.42227
1470.8124,315.9547,368.7421,98.9096,0.73,3.3028,2436.03,1.1598,1.1166,1.3167,-523.2463,1371.6631,0.39299
1470.9648,316.1411,368.1653,95.3501,-0.54,3.3256,2428.8799,1.1639,1.119,1.293,-523.7734,1367.1274,0.38008
1471.1172,315.9547,362.3021,88.0328,-1.18,3.4293,2419.0801,1.1706,1.124,1.3424,-526.2978,1339.2321,0.38279
1471.2696,316.1411,357.7846,85.3287,-0.29,3.5119,2416.7,1.176,1.1282,1.3834,-529.2383,1338.0972,0.40885
1471.422,315.3951,357.0797,88.4637,1.57,3.5624,2418.4302,1.1767,1.1276,1.4304,-532.5367,1363.1964,0.41036
1471.5744,315.768,356.8234,88.2051,2.05,3.5799,2417.3501,1.2654,1.2124,1.4723,-537.5703,1355.4852,0.39896
1471.7268,316.1411,357.2719,90.4122,2.62,3.6002,2417.8101,1.3727,1.332,1.4721,-546.5156,1328.1182,0.39352
1471.8792,317.0733,357.6884,89.4179,3.8,3.6523,2421.45,1.6068,1.5735,1.4681,-532.6948,1326.4551,0.37322
1472.0316,318.0055,354.3243,91.6714,3.98,3.7312,2420.9399,1.6882,1.6564,1.4818,-487.6719,1381.642,0.36014
1472.184,318.1919,349.4223,90.0807,9.69,3.8428,2436.0901,1.8135,1.7844,1.5333,-481.2118,1352.9147,0.34778
1472.3364,318.1919,343.3348,92.8976,20.97,3.9481,2465.1101,1.9984,1.9751,1.8028,-482.5625,1331.2936,0.35503
1472.4888,318.1919,327.8277,94.137,30.92,3.9904,2498.04,2.1472,2.1326,2.2723,-484.0382,1335.3755,0.33757
1472.6412,317.4461,325.2004,96.7883,32.7,3.9025,2511.5801,1.9223,1.9078,2.3348,-485.2232,1357.6022,0.33277
1472.7936,317.4461,328.8209,94.1172,23.78,3.7216,2499.6899,1.5983,1.5758,2.0594,-486.4375,1378.3157,0.3451
1472.946,317.0733,319.0168,92.3146,13.91,3.5604,2477.02,1.5854,1.5572,1.8096,-486.7061,1339.9122,0.35685
1473.0984,317.4461,309.1807,90.7119,10.12,3.5209,2463.79,1.6135,1.5746,1.7651,-492.6111,1278.8281,0.35034
1473.2508,319.0309,302.2281,94.4686,18.0,3.5485,2469.25,1.5761,1.5329,1.7323,-494.5757,1334.0151,0.34897
1473.4032,318.1919,283.8375,95.885,31.95,3.5954,2488.6301,1.6472,1.5925,1.8522,-496.4201,1476.443,0.36284
1473.5556,318.4716,237.7327,97.507,43.5,3.5778,2504.4099,1.8572,1.7844,2.0382,-498.3026,1435.1659,0.33643
1473.708,320.0565,191.3396,93.9802,53.32,3.5036,2520.52,1.8204,1.743,1.9822,-500.493,1413.6968,0.31811
1473.8604,319.1241,182.1763,95.7423,58.54,3.3649,2534.99,1.6472,1.5781,1.7623,-502.809,1392.0747,0.31116
1474.0128,316.7004,239.2386,96.2237,43.71,3.2619,2515.9099,1.4504,1.3974,1.5764,-505.0972,1391.3192,0.33945
1474.1652,316.7004,301.5874,99.3707,22.53,3.2345,2487.1099,1.3714,1.3277,1.5103,-507.3421,1359.2654,0.34374
1474.3176,316.3275,317.8634,102.9027,3.52,3.2636,2461.22,1.3565,1.3148,1.5091,-509.6285,1368.3368,0.3614
1474.47,316.8866,325.8412,101.4004,4.24,3.3004,2467.8098,1.3912,1.3514,1.5239,-511.3783,1426.2455,0.37734
1474.6224,315.9547,337.3113,101.6584,4.77,3.3578,2468.4399,1.3847,1.3445,1.5553,-513.2708,1371.6631,0.40073
1474.7748,316.3275,344.296,99.6552,4.79,3.4543,2462.6001,1.4316,1.3884,1.5577,-515.0764,1309.9744,0.4029
1474.9272,316.3275,344.4561,102.1591,3.1,3.5175,2450.9302,1.4563,1.4092,1.5712,-515.2465,1374.1583,0.42092
1475.0796,316.514,347.9485,103.7035,2.04,3.5055,2442.8301,1.3979,1.3514,1.5876,-516.875,1500.181,0.41421
1475.232,317.2597,353.8437,101.7005,1.24,3.4341,2438.1101,1.3566,1.3137,1.5917,-517.6146,1481.5844,0.4019
1475.3844,317.6326,356.8554,101.7005,1.33,3.3766,2438.71,1.3519,1.3114,1.5764,-518.1042,1457.3927,0.39839
1475.5368,317.2597,357.0797,103.1608,1.69,3.3515,2443.3601,1.3635,1.3259,1.5767,-518.0921,1368.7906,0.41034
1475.6892,318.1919,356.6632,100.6569,2.26,3.3216,2450.2102,1.3486,1.3122,1.6038,-517.7083,1358.9625,0.39815
1475.8416,316.514,356.3428,99.6551,2.75,3.2818,2455.1499,1.3782,1.3453,1.6847,-518.2535,1354.2759,0.38233
1475.994,316.8866,356.4709,95.8493,2.81,3.2518,2456.3501,1.3642,1.3329,1.6391,-519.6077,1362.8936,0.38394
1476.1464,317.6326,355.9904,98.3532,2.55,3.2416,2457.25,1.3367,1.3079,1.5543,-521.5278,1344.9017,0.3748
1476.2988,317.9122,356.7914,101.0578,1.74,3.2544,2457.6399,1.3309,1.3051,1.4827,-517.9757,1345.5819,0.37643
1476.4512,318.1919,357.6564,104.7636,0.86,3.2504,2458.9399,1.3361,1.3125,1.5115,-515.8553,1367.5812,0.36992
1476.6036,318.3783,356.9836,105.2378,0.65,3.2139,2461.8699,1.3378,1.3144,1.5639,-517.8055,1366.5227,0.38715
1476.756,316.9333,356.6311,104.4363,1.01,3.1912,2462.1699,1.3443,1.3238,1.5455,-519.3958,1322.6749,0.38829
1476.9084,317.2597,356.503,101.7143,1.47,3.2008,2459.26,1.3421,1.3208,1.5355,-520.5208,1363.3473,0.38056
1477.0608,317.3529,356.4389,103.3273,1.44,3.2304,2453.6599,1.34,1.3219,1.5144,-520.4445,1386.4806,0.35684
1477.2132,317.4461,356.5671,99.9221,1.34,3.2414,2450.4399,1.3354,1.3182,1.527,-519.6423,1364.5566,0.35176
1477.3656,317.4461,356.8234,96.0337,2.39,3.2528,2453.97,1.3575,1.3429,1.5266,-520.5662,1353.8221,0.36929
1477.518,317.4461,356.7914,93.5458,5.89,3.2897,2463.3501,1.3643,1.3495,1.5299,-521.1053,1399.0303,0.37842
1477.6704,317.6326,356.5991,93.7462,12.61,3.3305,2477.71,1.3597,1.3447,1.5401,-521.6354,1398.1981,0.40338
1477.8228,317.4461,356.8234,93.9229,16.17,3.3458,2485.1401,1.3732,1.3582,1.5371,-522.114,1365.3134,0.38192
1477.9752,317.0733,356.8875,98.1297,13.0,3.3483,2475.02,1.3513,1.3361,1.5443,-522.0104,1303.7755,0.3808
1478.1276,317.9122,356.2787,95.4252,6.89,3.3392,2463.7,1.3525,1.3379,1.5486,-523.257,1261.4399,0.36792
1478.28,317.6326,356.7593,96.4503,5.21,3.3601,2462.5701,1.3488,1.3354,1.5793,-525.625,1197.1815,0.38259
1478.4324,315.768,358.938,90.9416,5.43,3.3914,2464.49,1.348,1.3359,1.5888,-527.9448,1101.0201,0.37409
1478.5848,315.9547,360.7642,97.3518,6.79,3.4546,2469.3,1.3396,1.3275,1.6404,-523.8507,1429.2699,0.37151
1478.7372,316.8866,361.6613,101.3108,4.09,3.472,2460.97,1.2953,1.281,1.6777,-515.1979,1791.3875,0.36183
1478.8896,317.6326,361.8856,100.7099,3.13,3.4957,2456.5498,1.2971,1.2832,1.7372,-516.4063,1723.4999,0.36531
1479.042,316.8866,361.5652,93.5986,1.06,3.4641,2448.4502,1.3002,1.2856,1.7377,-518.0417,1689.4801,0.37112
1479.1944,317.4461,360.7642,90.0993,0.93,3.4339,2448.6201,1.3119,1.2962,1.646,-519.7986,1616.7549,0.38041
1479.3468,317.1851,359.1943,91.9019,1.0,3.3881,2451.5701,1.3289,1.3119,1.5828,-521.6493,1573.8147,0.386
1479.4992,317.0733,358.169,92.8035,0.9,3.3553,2454.7,1.3386,1.3221,1.5898,-523.7048,1523.7681,0.39052
1479.6516,317.0733,358.2652,91.0418,0.94,3.3403,2458.8999,1.3555,1.3361,1.6377,-525.2847,1451.4957,0.40641
1479.804,317.3529,357.5283,89.9402,1.35,3.3345,2464.52,1.3786,1.358,1.6438,-525.4514,1417.476,0.38714
1479.9564,317.2597,356.1505,88.8384,2.06,3.3797,2467.6299,1.3903,1.367,1.6216,-526.257,1402.0537,0.39276
1480.1088,317.213,355.702,88.4378,3.94,3.4371,2473.5798,1.3963,1.373,1.6675,-528.3125,1354.8806,0.3885
1480.2612,317.4461,355.6379,86.2226,3.98,3.4734,2474.3601,1.3948,1.3733,1.7256,-527.9063,1299.5427,0.37757
1480.4136,317.0733,356.3748,87.7252,3.52,3.4832,2474.21,1.3857,1.3628,1.7023,-521.8542,1278.2234,0.38709
1480.566,317.0733,357.6244,88.0255,3.48,3.4942,2474.02,1.3729,1.3517,1.6588,-521.9934,1512.4277,0.37701
1480.7184,317.2597,357.0797,89.9403,4.29,3.4911,2475.21,1.4097,1.3882,1.5748,-524.1111,1550.6814,0.39633
1480.8708,317.6326,355.7981,88.8385,4.09,3.4501,2471.6499,1.4098,1.3885,1.5468,-526.0888,1484.0032,0.37055
1481.0232,317.6326,355.6059,88.7385,2.71,3.3771,2464.76,1.4043,1.3833,1.5364,-527.6111,1455.5776,0.37225
1481.1756,317.6326,354.8369,92.0435,3.42,3.3504,2464.76,1.459,1.4387,1.652,-528.8577,1412.1846,0.37065
1481.328,317.9122,352.0495,88.7382,4.39,3.343,2470.1699,1.5031,1.4834,1.7491,-530.8611,1357.7532,0.37334
1481.4804,317.6326,349.8708,88.638,3.92,3.3678,2469.3201,1.5059,1.488,1.7725,-533.5278,1361.6842,0.35513
1481.6328,317.819,349.5825,83.5354,3.17,3.3916,2466.26,1.5108,1.4921,1.7599,-536.1042,1359.1134,0.36078
1481.7852,318.7512,349.5184,86.0395,5.33,3.4232,2471.0901,1.5084,1.4909,1.704,-538.7072,1347.1696,0.36605
1481.9376,317.819,350.031,85.839,5.53,3.4335,2467.4302,1.4826,1.464,1.7148,-541.0863,1393.7379,0.37413
1482.09,317.819,351.3126,86.5349,4.62,3.439,2459.52,1.4884,1.4717,1.6291,-543.1756,1366.8246,0.36676
1482.2424,317.819,355.2534,86.7821,2.43,3.424,2449.5298,1.3984,1.3859,1.6231,-538.5082,1371.4368,0.37907
1482.3948,318.1919,357.9768,87.4149,2.61,3.3935,2452.1201,1.3812,1.3698,1.5682,-505.4131,1390.4116,0.3911
1482.5472,318.1919,355.9904,87.1933,3.14,3.3785,2456.8301,1.3875,1.3787,1.6034,-501.2575,1378.6187,0.4132
1482.6996,318.3783,353.8117,88.4754,2.77,3.4414,2459.3201,1.4058,1.3956,1.6261,-502.8,1370.3027,0.42351
1482.852,316.8866,353.0107,86.9141,3.19,3.6239,2466.6399,1.4648,1.454,1.6879,-504.612,1371.0585,0.3753
1483.0044,317.2597,354.5486,87.7103,2.45,3.8131,2473.72,1.4805,1.4648,1.7675,-512.3158,1390.4871,0.32515
1483.1568,317.0733,348.365,86.4062,1.89,3.9537,2476.5898,1.4762,1.4606,2.0287,-514.5789,1367.3538,0.29806
1483.3092,317.7723,321.0674,88.7448,4.81,3.9639,2485.21,1.4775,1.462,2.4492,-516.8454,1361.2303,0.29272
1483.4616,318.0055,298.1912,85.6714,5.49,3.8457,2491.21,1.4787,1.4624,2.3685,-519.0526,1346.262,0.30125
1483.614,318.3783,313.474,86.0469,4.13,3.6779,2499.3,1.4816,1.4675,1.9213,-521.3355,1349.7391,0.31364
1483.7664,318.7512,339.5221,79.4816,-0.37,3.5354,2499.96,1.3845,1.3736,1.8407,-522.9704,1347.4713,0.3461
1483.9188,317.819,330.4869,80.9049,9.39,3.4995,2518.51,1.7807,1.7466,1.8595,-524.4638,1367.7322,0.37444
1484.0712,316.9333,333.5307,80.0036,13.27,3.4746,2510.3201,1.9966,1.8658,1.9708,-525.7237,1364.5566,0.37437
1484.2236,317.9122,355.0612,84.748,14.0,3.4255,2489.1001,2.1064,1.963,1.714,-527.1146,1372.1169,0.37656
1484.376,318.5648,355.702,85.3226,3.94,3.3812,2450.77,2.1151,1.9699,1.7955,-527.852,1358.6608,0.36892
1484.5284,316.7004,352.1776,84.4526,2.16,3.3491,2440.77,2.1154,1.972,1.7968,-528.7336,1323.5824,0.37311
1484.6808,316.8866,350.0951,83.1241,2.22,3.3582,2438.0901,2.1242,1.9781,1.8267,-528.9618,1370.5292,0.37924
1484.8332,317.0733,348.8776,82.0752,6.91,3.3505,2449.8101,2.1268,1.9811,1.9584,-528.1316,1375.4432,0.34017
1484.9856,316.8866,347.4038,80.6415,31.25,3.3124,2508.3499,2.1398,1.9938,2.2383,-541.9469,1361.3823,0.30516
1485.138,317.3529,351.1524,83.3933,37.31,3.2792,2526.7798,2.1435,1.9959,1.9638,-535.2882,1361.3823,0.27833
1485.2904,316.8868,297.8067,82.3495,33.32,3.2391,2520.54,2.1445,1.9977,1.5182,-530.6349,1373.9309,0.28839
1485.4428,316.8866,232.3181,78.0426,9.25,3.2353,2462.4099,2.1502,2.0009,1.3639,-529.618,1381.7939,0.29774
1485.5952,316.514,221.6489,65.9731,3.35,3.2525,2441.3601,2.1468,1.9967,1.499,-528.3783,1383.3052,0.29543
1485.7476,317.0733,241.3852,66.4634,2.25,3.3094,2430.3701,2.1451,1.9961,1.7985,-529.7928,1370.1509,0.29505
1485.9,316.3275,305.7525,73.5745,1.35,3.3204,2428.74,2.1406,1.9918,2.0556,-530.8618,1370.9829,0.28727
1486.0524,316.1411,344.8406,82.1332,1.52,3.2734,2434.96,2.1365,1.9878,2.2033,-529.1979,1394.1917,0.29504
1486.2048,316.3275,338.0162,79.1759,1.05,3.2316,2438.04,2.1277,1.9805,2.3139,-529.7204,1362.5917,0.30405
1486.3572,315.9547,333.5948,81.1263,0.54,3.2463,2437.25,2.1231,1.9756,2.4849,-531.4445,1390.2607,0.29821
1486.5096,316.8866,332.2491,82.1227,-0.1,3.3181,2432.4299,2.1017,1.9572,2.5063,-531.6908,1383.1543,0.29824
1486.662,317.0733,329.1093,88.1006,0.73,3.3253,2437.71,2.0989,1.9547,2.362,-531.6979,1367.2783,0.29544
1486.8144,317.2597,327.1548,83.7465,1.16,3.3182,2441.3501,2.0719,1.9329,2.3258,-532.6053,1381.7939,0.30553
1486.9668,316.8866,329.1733,80.8525,0.84,3.3159,2442.3201,1.9265,1.8246,2.2632,-533.0938,1393.587,0.299
1487.1192,316.9333,332.4093,77.331,0.51,3.356,2439.28,1.8995,1.8026,2.3675,-532.4757,1365.0859,0.29627
1487.2716,316.7004,334.3637,77.2309,1.41,3.3745,2438.6101,1.8498,1.772,2.3333,-532.4737,1305.8925,0.28983
1487.424,315.9547,334.6841,75.2382,2.86,3.3585,2437.6099,1.8927,1.834,2.3533,-533.6101,1354.7297,0.29416
1487.5764,316.3275,334.2676,75.5387,3.64,3.3247,2432.8699,1.8342,1.7904,2.2436,-533.8958,1447.4137,0.2985
1487.7288,316.3275,336.7346,80.2459,3.05,3.3108,2423.8801,1.7298,1.693,2.1919,-534.1458,1443.3308,0.32301
1487.8812,316.7004,335.1006,83.4721,4.49,3.2451,2430.5999,1.7518,1.7168,2.1727,-533.582,1387.5391,0.33325
1488.0336,316.7004,329.8462,83.1015,4.6,3.1765,2437.3,1.756,1.7221,2.1782,-533.3906,1371.2094,0.32895
1488.186,316.7004,327.8597,80.0969,4.47,3.1301,2443.03,1.7731,1.7367,2.1761,-534.0289,1360.3239,0.30626
1488.3384,316.8866,326.45,76.9124,2.95,3.0816,2444.6001,1.96,1.9313,2.1578,-534.4423,1374.8385,0.29607
1488.4908,316.7004,325.6169,76.9576,2.75,3.0617,2448.75,1.7192,1.6848,2.1505,-534.6071,1390.2607,0.29765
1488.6432,316.7936,327.283,76.4769,2.93,3.0897,2452.75,1.6957,1.662,2.0585,-534.7356,1395.4011,0.32149
1488.7956,315.9547,333.9472,78.0168,4.33,3.2712,2450.6899,1.6612,1.6286,2.0488,-534.7455,1361.5332,0.34515
1488.948,316.2343,339.1696,78.9355,9.15,3.5418,2449.8,1.6375,1.6026,2.0331,-535.4904,1367.2783,0.35955
1489.1004,315.8147,340.0988,81.4963,13.79,3.8677,2443.1401,1.5403,1.51,1.9718,-536.125,1387.3881,0.35659
1489.2528,315.6189,340.4192,84.415,16.14,4.157,2433.9099,1.4904,1.4576,1.8701,-535.5481,1392.0747,0.35722
1489.4052,314.9758,342.4697,84.6922,15.8,4.3632,2428.25,1.4605,1.426,1.8156,-535.0982,1355.6362,0.35584
1489.5576,315.5818,344.6804,82.3544,17.34,4.4985,2429.1799,1.4413,1.4019,1.8682,-535.7115,1371.9659,0.35599
1489.71,314.8358,345.5135,86.4158,22.18,4.6063,2431.1899,1.4175,1.3754,1.9242,-537.6563,1373.0244,0.34529
1489.8624,314.8358,345.8659,86.8317,32.39,4.6755,2438.3298,1.374,1.33,1.9566,-538.8702,1315.1157,0.36343
1490.0148,314.6496,345.8018,88.7535,46.85,4.6561,2459.3599,1.4424,1.4014,2.0833,-536.2321,1370.4537,0.36454
1490.1672,314.6496,344.4241,86.2374,45.26,4.5406,2469.3101,1.4601,1.4187,2.1247,-532.5817,1469.9413,0.36419
1490.3196,315.3951,342.6619,86.5149,30.87,4.4076,2462.3201,1.4602,1.4177,2.0806,-533.4196,1445.5986,0.33921
1490.472,315.768,343.8794,85.6233,10.82,4.3015,2442.3799,1.4635,1.4209,1.9566,-534.9554,1406.1367,0.34341
1490.6244,315.9547,350.2553,86.8913,4.22,4.2143,2435.5,1.5647,1.5499,1.9691,-536.7321,1376.1989,0.32924
1490.7768,315.9547,356.3748,89.863,5.07,4.0904,2441.27,1.5859,1.5921,1.9694,-537.5089,1375.2922,0.33586
1490.9292,316.7004,357.8166,90.3783,4.91,3.9643,2443.8,1.5727,1.5776,1.9474,-536.5529,1362.7427,0.33118
1491.0816,316.1411,357.8486,89.5463,3.97,3.8602,2443.76,1.5681,1.5719,1.8864,-535.933,1383.4572,0.33755
1491.234,317.213,357.6564,86.9712,2.8,3.7731,2445.6301,1.5636,1.5676,1.9497,-537.0491,1384.1373,0.3312
1491.3864,315.768,357.6244,85.812,2.98,3.7066,2451.8499,1.5561,1.5624,1.9587,-538.3393,1368.0349,0.32815
1491.5388,316.7936,357.7525,83.0384,3.89,3.6758,2459.3599,1.557,1.562,1.9276,-539.0289,1317.6855,0.30635
1491.6912,317.819,357.7525,88.4467,4.06,3.6592,2458.99,1.5896,1.5935,1.8709,-538.6741,1362.7427,0.32172
1491.8436,318.0055,357.6564,91.2798,3.14,3.6046,2451.4302,1.5715,1.5749,1.8388,-537.6339,1387.9929,0.3276
1491.996,318.5648,357.4321,95.3013,3.06,3.4225,2447.0698,1.5058,1.507,1.7739,-537.625,1312.696,0.33018
1492.1484,318.5648,357.4001,91.4381,3.8,3.2411,2440.8901,1.5019,1.5032,1.6827,-538.4904,1269.151,0.32459
1492.3008,319.3105,357.4001,94.0235,4.13,3.1128,2432.76,1.2771,1.2762,1.53,-538.4152,1197.4833,0.3279
1492.4532,319.6834,357.4962,97.233,3.45,3.0683,2420.75,1.0798,1.0697,1.4076,-536.3795,1033.5854,0.34064
1492.6056,319.6834,357.5283,96.2029,2.42,3.0516,2410.1401,1.078,1.0671,1.3122,-535.625,830.5276,0.36259
1492.758,319.1241,357.4321,94.5189,1.81,3.0172,2405.0701,1.0753,1.0648,1.2941,-536.7143,955.4168,0.38499
1492.9104,318.3783,357.4001,90.4774,1.39,2.9677,2405.0601,1.0758,1.0647,1.2886,-537.5313,2286.5596,0.37547
1493.0628,319.1241,357.4001,91.2499,0.98,2.9361,2403.6401,1.0756,1.0602,1.2725,-537.1058,2338.2686,0.37861
1493.2152,319.8698,357.5283,90.9923,1.39,2.9337,2402.96,1.0755,1.059,1.2595,-536.7188,2276.2778,0.37829
1493.3676,320.4294,357.7846,89.239,1.1,2.9891,2394.75,1.0713,1.0545,1.2557,-537.2452,2223.2078,0.36033
1493.52,319.8698,357.9127,86.2772,1.02,3.0487,2386.8301,1.0724,1.0539,1.2302,-537.5982,2180.4182,0.37052
1493.6724,320.6158,357.8807,88.0798,0.87,3.0756,2382.3599,1.0725,1.0538,1.2368,-538.274,2089.2466,0.36563
1493.8248,320.0098,357.9127,90.1402,1.18,3.0586,2381.6599,1.0734,1.0551,1.2047,-537.8348,2071.5566,0.37367
1493.9772,321.4081,358.2972,90.17,1.1,3.0097,2380.3899,1.072,1.0541,1.1753,-537.5144,2007.9017,0.3767
1494.1296,321.1751,362.7186,87.8523,0.64,2.961,2375.8901,1.0739,1.0552,1.0982,-537.4615,1967.2303,0.39026
1494.282,321.1751,365.2177,90.5963,1.1,2.9038,2381.1499,1.0434,1.0294,1.0798,-537.9107,1913.1018,0.41621
1494.4344,319.8698,359.1623,97.2529,1.63,2.891,2392.7,0.9943,1.022,1.1566,-538.5433,1843.55,0.39484
1494.5868,321.8276,354.901,100.3434,2.03,2.9198,2406.3,0.9933,1.0204,1.2825,-538.7188,1790.6318,0.37198
1494.7392,320.4294,352.5942,93.2706,1.98,2.943,2415.8398,0.9948,1.0213,1.3361,-538.8077,1768.1033,0.36641
1494.8916,322.1073,352.0175,93.5482,1.88,2.9117,2422.1301,0.9941,1.0209,1.3112,-540.0625,1689.6321,0.37866
1495.044,322.6666,354.901,92.5178,1.56,2.8627,2422.75,0.994,1.0205,1.2863,-540.3029,1646.6541,0.39274
1495.1964,320.1495,355.7661,98.4811,0.26,2.8607,2412.3699,0.993,1.0194,1.2464,-539.5313,1606.3221,0.39103
1495.3488,320.9887,355.9904,96.1234,-0.73,2.8932,2401.53,0.994,1.0197,1.23,-538.726,1551.437,0.38774
1495.5012,321.548,356.535,96.3807,-0.83,2.9095,2395.75,0.9943,1.0212,1.2076,-539.8661,1499.7272,0.37505
1495.6536,321.8276,356.7914,95.1327,-0.18,2.9489,2391.1599,0.9935,1.0199,1.202,-540.4808,1434.1074,0.35951
1495.806,322.387,357.1438,94.3898,0.14,2.9791,2385.73,0.9907,1.0165,1.1827,-540.058,1445.5986,0.36495
1495.9584,320.1495,357.5923,94.2511,0.35,2.9662,2384.8101,0.9909,1.0149,1.1784,-538.9464,1388.1438,0.37412
1496.1108,320.1495,357.6564,96.4402,0.6,2.919,2387.0398,0.9862,1.0122,1.1603,-539.5759,1351.4034,0.39455
1496.2632,320.9887,357.368,100.6501,1.19,2.8458,2392.49,0.9843,1.01,1.1664,-541.8894,1356.6947,0.39488
1496.4156,321.2681,356.4069,100.5116,1.94,2.806,2393.1799,0.9703,0.994,1.1394,-540.1741,1381.4911,0.36344
1496.568,320.9887,353.9398,98.3225,1.68,2.7628,2387.53,0.9777,0.998,1.1171,-535.9039,1395.2501,0.36009
1496.7204,321.2681,354.068,92.31,1.53,2.7368,2378.46,1.0176,1.0371,1.0682,-536.1741,1391.3192,0.37425
1496.8728,320.9887,355.8622,92.0723,1.82,2.7131,2371.8,0.9344,0.9427,1.0538,-538.2098,1348.5298,0.38187
1497.0252,320.9887,356.0865,97.8967,3.5,2.6901,2374.0398,0.8848,0.8835,1.022,-539.9241,1292.1334,0.3831
1497.1776,320.6158,360.604,98.2829,5.84,2.6803,2380.6702,0.8659,0.8612,0.986,-540.4777,1434.864,0.37498
1497.33,320.4294,366.6915,100.3233,8.18,2.7036,2382.79,0.8577,0.8519,1.0097,-540.3571,1495.1915,0.3629
1497.4824,320.1495,368.2294,96.9455,11.82,2.7291,2383.29,0.8727,0.86,0.9943,-538.6298,1457.6945,0.35259
1497.6348,320.4294,367.877,99.2634,10.37,2.7109,2370.0601,0.8025,0.7868,0.936,-536.942,1440.0045,0.35643
1497.7872,320.9887,368.5178,97.7382,6.73,2.699,2349.75,0.7999,0.7836,0.8755,-537.3571,1358.056,0.36695
1497.9396,320.4294,369.1586,99.5408,1.45,2.6981,2335.5,0.7936,0.7776,0.8495,-538.4955,1382.3987,0.37748
1498.092,320.7088,369.3508,102.3738,4.75,2.7523,2356.3298,0.7793,0.7663,0.8675,-538.5357,1410.2186,0.39272
1498.2444,320.4294,363.6798,102.2449,7.04,2.8492,2394.8401,0.8467,0.8349,1.0605,-537.558,1366.6736,0.40804
1498.3968,319.8698,349.9029,97.6093,8.37,2.9998,2433.45,0.9348,0.9247,1.3422,-536.6875,1376.1989,0.36926
1498.5492,319.8698,345.2251,89.2093,4.36,3.1757,2445.8301,1.2217,1.2168,1.5955,-536.7208,1371.3236,0.38091
1498.7016,321.2681,347.2436,86.7625,2.07,3.2828,2446.9399,1.2471,1.2415,1.5522,-536.3571,1371.6631,0.35385
1498.854,320.9887,349.7426,83.5433,0.81,3.2828,2447.05,1.2529,1.2467,1.5435,-535.8417,1405.38,0.38236
1499.0064,320.7088,355.6059,87.0499,-0.05,3.2436,2446.47,1.2628,1.2562,1.5286,-534.65,1356.6947,0.35503
1499.1588,320.1495,357.6244,90.6555,-0.32,3.2172,2446.05,1.2622,1.254,1.5019,-533.7833,1303.0199,0.38033
1499.3112,321.3616,357.5283,95.8237,-0.51,3.2233,2441.6101,1.2392,1.2275,1.4489,-532.7277,1249.9497,0.38595
1499.4636,322.6666,357.9127,100.0731,-0.06,3.2331,2439.8301,1.2131,1.1975,1.4355,-532.0208,1323.7334,0.38576
1499.616,323.5056,357.9448,100.0046,0.76,3.2321,2443.6499,1.1989,1.1748,1.4379,-530.9708,1655.7632,0.36701
1499.7684,325.4634,357.0156,100.0045,1.01,3.2279,2447.3,1.221,1.1868,1.4408,-529.8167,1623.8604,0.39287
1499.9208,328.2599,356.2146,100.5195,0.59,3.2339,2446.72,1.2578,1.2135,1.4731,-528.7833,1572.4534,0.40746
1500.0732,326.3021,356.2467,98.1156,0.4,3.235,2444.45,1.2593,1.2115,1.453,-527.1211,1537.5271,0.41021
1500.2256,325.1835,356.4069,96.3129,0.33,3.2692,2439.3401,1.2354,1.1858,1.4404,-525.1953,1489.2955,0.39998
1500.378,324.6242,356.4069,97.9869,0.99,3.2827,2440.0698,1.2261,1.1746,1.3847,-523.918,1440.0045,0.38419
1500.5304,325.1835,356.3428,103.2602,0.91,3.3432,2436.71,1.2225,1.1694,1.3812,-521.6281,1413.0911,0.4116
1500.6828,322.6666,356.0865,106.3852,1.34,3.3932,2440.0698,1.2351,1.1799,1.4058,-526.5787,1399.3322,0.41075
1500.8352,323.2259,356.7273,100.7997,0.71,3.4791,2441.21,1.279,1.2215,1.4641,-553.9884,1392.9823,0.41948
1500.9876,323.2259,356.9836,96.9687,0.68,3.4878,2450.51,1.3147,1.2551,1.5148,-553.3892,1329.0258,0.40167
1501.14,322.4802,356.503,95.3235,0.69,3.4679,2457.0701,1.3213,1.2643,1.5589,-553.2358,1317.6855,0.40208
1501.2924,318.7512,356.6311,97.2153,0.58,3.4355,2456.49,1.3163,1.261,1.5803,-553.6745,1568.3715,0.39315
1501.4448,318.9376,356.6632,97.9037,0.94,3.3988,2454.52,1.34,1.2852,1.5889,-554.0683,1543.4619,0.39769
1501.5972,319.5901,356.5671,97.4124,0.54,3.4117,2446.53,1.3526,1.2993,1.5808,-554.7227,1476.594,0.38115
1501.7496,319.0309,356.6311,98.3376,1.5,3.39,2450.04,1.3554,1.3021,1.558,-554.8884,1435.1659,0.3841
1501.902,320.7088,356.503,100.7107,3.78,3.4013,2457.5901,1.3604,1.3084,1.5376,-555.4227,1391.9238,0.3882
1502.0544,320.9887,356.1505,106.2892,4.57,3.3615,2467.6899,1.3548,1.311,1.5118,-556.2216,1375.5941,0.37961
1502.2068,321.9209,355.702,106.5728,4.97,3.3418,2475.1699,1.3582,1.3195,1.556,-556.5845,1339.7603,0.38729
1502.3592,318.4716,355.2214,105.7649,3.02,3.3561,2472.8601,1.3618,1.3243,1.5882,-556.8333,1264.3136,0.40037
1502.5116,320.9887,355.1573,103.1105,2.59,3.3994,2472.4099,1.3613,1.3243,1.6145,-557.6771,1217.8961,0.39435
1502.664,321.2681,355.1253,102.917,1.76,3.4373,2469.3101,1.3623,1.3256,1.6021,-559.0532,1158.4751,0.38418
1502.8164,321.2681,354.7088,101.8435,1.94,3.4447,2469.3799,1.3787,1.341,1.5971,-560.0967,1104.1947,0.36604
1502.9688,320.802,355.3495,103.3791,3.57,3.4782,2471.27,1.3706,1.3335,1.5584,-561.2558,1062.3138,0.36481
1503.1212,324.6242,357.0156,104.541,5.34,3.5365,2474.9502,1.3262,1.2906,1.5189,-563.6262,986.2611,0.36124
1503.2736,324.6242,359.9312,106.8985,4.66,3.5659,2474.78,1.3231,1.2868,1.5306,-566.581,2004.7274,0.37201
1503.426,324.1581,360.7642,105.6702,1.9,3.5513,2466.95,1.3261,1.291,1.5403,-571.1295,1986.395,0.38411
1503.5784,323.7852,359.5467,105.7702,-0.48,3.4796,2458.3098,1.3254,1.2902,1.5554,-571.9852,1911.71,0.39198
1503.7308,324.0649,359.739,108.8659,-1.09,3.4476,2447.1099,1.329,1.2935,1.5531,-552.2465,1819.9365,0.39429
1503.8832,323.7852,360.4759,110.0608,-0.61,3.3867,2446.27,1.3129,1.279,1.5678,-544.1364,1849.4094,0.39046
1504.0356,323.5988,360.4759,110.595,0.85,3.3336,2450.26,1.3182,1.2854,1.5727,-545.1215,1775.8143,0.38526
1504.188,322.2938,359.3224,107.4364,1.63,3.2813,2455.6401,1.3253,1.2934,1.5718,-545.5127,1732.4203,0.38613
1504.3404,321.8276,358.6176,106.064,3.24,3.2597,2461.6101,1.3432,1.3122,1.5837,-545.627,1672.6976,0.38637
1504.4928,322.387,358.3613,104.1862,3.04,3.2721,2461.9902,1.3365,1.3082,1.5643,-546.1627,1607.5316,0.38984
1504.6452,322.9463,358.2972,102.648,3.18,3.2821,2464.03,1.3421,1.3149,1.5472,-546.5294,1590.5972,0.39717
1504.7976,322.6666,358.0409,104.2863,2.36,3.311,2458.51,1.3489,1.321,1.5487,-546.6118,1531.781,0.40417
1504.95,322.9463,357.368,105.8703,2.54,3.3332,2455.53,1.3541,1.3261,1.5744,-547.1152,1471.3026,0.38801
1505.1024,322.387,356.6632,106.479,3.18,3.3431,2456.5598,1.3513,1.3261,1.5827,-547.5766,1423.5238,0.37663
1505.2548,322.9463,354.7408,105.801,3.51,3.3879,2455.3398,1.3878,1.3633,1.598,-596.8951,1394.6455,0.37192
1505.4072,323.5988,352.9466,107.5653,3.07,3.4702,2447.8701,1.3627,1.3387,1.5688,,1370.6046,0.37128
1505.5596,325.7428,358.4894,106.1675,3.21,3.5209,2442.4399,1.2653,1.2414,1.5073,,1377.7111,0.38195
1505.712,327.5142,365.6663,107.5162,3.37,3.5001,2440.9001,1.2278,1.2039,1.4574,,1390.7145,0.3848
1505.8644,327.5142,366.6274,110.277,3.74,3.4003,2445.79,1.2248,1.2024,1.4438,,1425.036,0.3895
1506.0168,327.1411,365.442,107.9581,3.29,3.3309,2447.77,1.2374,1.2144,1.4234,,1407.9507,0.38116
1506.1692,325.4634,364.5128,,2.11,3.355,2441.52,1.2395,1.2194,1.4205,,1323.2806,0.37019
1506.3216,323.9717,364.8012,,1.26,3.4461,2431.6199,1.2183,1.2,1.4129,,1388.2947,0.36316
1506.474,324.3445,367.2042,,0.7,3.5021,2424.1599,1.1987,1.1797,1.3897,,1437.5857,0.3645
1506.6264,324.3445,367.5246,,1.11,3.4793,2424.71,1.2145,1.1957,1.3809,,1397.4048,0.37763
1506.7788,323.5988,365.474,,2.17,3.4146,2430.6199,1.2326,1.2137,1.3942,,1360.6257,0.38057
1506.9312,322.1073,365.3459,,2.84,3.4007,2431.5801,1.238,1.2223,1.395,,1433.3519,0.38766
1507.0836,320.802,367.108,,3.5,3.3978,2433.3101,1.2291,1.2135,1.4031,,1429.5718,0.38922
1507.236,320.9326,368.3255,,3.4,3.4473,2430.2002,1.223,1.2095,1.3947,,1400.9952,0.38505
1507.3884,319.6834,367.9411,,3.51,3.5487,2426.1501,1.229,1.2145,1.4125,,1381.3402,0.39016
1507.5408,318.8213,367.5566,,3.86,3.7225,2419.52,1.2264,1.2141,1.4165,,1419.291,0.39053
1507.6932,318.3161,367.1721,,5.92,3.9476,2414.6499,1.2345,1.2224,1.4286,,1396.7625,0.38597
1507.8456,317.9432,367.3643,,17.95,4.1977,2419.8401,1.2356,1.2222,1.4514,,1378.7695,0.38101
1507.998,317.3529,367.044,,32.36,4.4786,2428.9602,1.2383,1.2212,1.4541,,1399.484,
1508.1504,317.011,365.7944,,47.56,4.7318,2444.6799,1.2415,1.2224,1.4263,,1396.7625,
1508.3028,318.0055,365.3779,,53.32,4.8803,2459.8401,1.2468,1.2272,1.4254,,1374.0829,
1508.4552,319.7456,363.1992,,54.48,4.8926,2469.79,1.2744,1.2442,1.4324,,1370.7566,
1508.6076,319.4969,366.9158,,52.52,4.8051,2466.6199,1.1542,1.1114,1.3977,,1352.6128,
1508.76,320.4294,375.5665,,51.67,4.6788,2456.7002,1.1475,1.1,1.3557,,1374.1583,
1508.9124,318.9998,378.6422,,54.41,4.5378,2454.1399,1.1447,1.098,1.3218,,1398.1981,
1509.0648,318.3161,379.283,,56.93,4.4201,2454.5,1.1374,1.0883,1.3253,,1386.4052,
1509.2172,318.8134,379.4112,,58.41,4.3795,2451.8398,1.1267,1.0739,1.3118,,1382.5496,
1509.3696,318.4406,379.251,,58.03,4.4356,2441.6699,1.1208,1.0643,1.3265,,1390.7145,
1509.522,319.3664,378.8665,,60.11,4.5394,2435.49,1.1388,1.0808,1.3078,,1393.8888,
1509.6744,318.627,374.7655,,64.83,4.6166,2442.6301,1.2341,1.1748,1.3274,,1409.312,
1509.8268,317.6948,368.6139,,67.12,4.6224,2454.47,1.2458,1.1872,1.3408,,1394.3427,
1509.9792,316.3895,363.5837,,68.73,4.5616,2465.28,1.2807,1.2233,1.3844,,1364.104,
1510.1316,316.0563,361.2448,,66.65,4.3907,2468.8201,1.3435,1.2932,1.3617,,1402.5074,
1510.284,316.1782,353.0107,,,,,1.4675,1.4229,1.3448,,1424.1285,
1510.4364,316.0166,292.36,,,,,2.4867,2.4657,1.3233,,1419.291,
1510.5888,316.0789,266.2478,,,,,2.2735,2.2449,1.3068,,1366.5227,
1510.7412,315.9547,321.8683,,,,,1.4057,1.3612,1.2899,,1291.6041,
1510.8936,316.0563,364.7692,,,,,1.3015,1.2506,1.2861,,1409.7648,
1511.046,315.5988,366.7877,,,,,1.3177,1.2563,1.2863,,1578.9552,
1511.1984,315.8528,359.771,,,,,1.3094,1.2429,1.2997,,1500.03,
1511.3508,315.7215,365.0255,,,,,1.2688,1.21,1.1596,,1460.5671,
1511.5032,314.3885,366.9158,,,,,1.2168,1.16,0.8885,,1394.1162,
1511.6556,194.0199,368.6139,,,,,1.1708,1.1055,0.6943,,1374.5356,
1511.808,,368.9343,,,,,1.1751,1.1185,0.2614,,1438.7952,
1511.9604,,368.3896,,,,,1.1793,1.1276,,,1424.7332,
1512.1128,,369.3188,,,,,1.1848,1.1299,,,1383.0034,
1512.2652,,369.543,,,,,1.1925,1.1385,,,1364.1794,
1512.4176,,368.1013,,,,,1.1971,1.1465,,,1353.9731,
1512.57,,367.076,,,,,1.1975,1.1482,,,1375.4432,
1512.7224,,366.3391,,,,,1.1999,1.1526,,,1402.9612,
1512.8748,,365.1536,,,,,1.2164,1.1739,,,1413.6204,
1513.0272,,363.1672,,,,,1.2422,1.2103,,,1371.8905,
1513.1796,,360.7322,,,,,1.2783,1.2612,,,1366.8246,
1513.332,,360.8604,,,,,1.2866,1.2763,,,1424.4314,
1513.4844,,357.9127,,,,,1.2827,1.2794,,,1494.5869,
1513.6368,,331.4802,,,,,1.3521,1.3511,,,1430.6302,
1513.7892,,309.405,,,,,1.4284,1.4292,,,1410.2186,
1513.9416,,297.1659,,,,,1.5363,1.539,,,1424.7332,
1514.094,,284.3822,,,,,1.9841,1.9904,,,1426.0945,
1514.2464,,303.6699,,,,,2.5462,2.5688,,,1427.2285,
1514.3988,,343.3668,,,,,1.6603,1.6595,,,1434.7122,
1514.5512,,363.5837,,,,,1.3793,1.3763,,,1378.4677,
1514.7036,,363.3915,,,,,1.3331,1.3306,,,1445.1449,
1514.856,,362.5264,,,,,1.2766,1.2697,,,1426.0945,
1515.0084,,359.9633,,,,,1.2773,1.2645,,,1462.8359,
1515.1608,,357.9768,,,,,1.2925,1.2796,,,1425.187,
1515.3132,,358.6176,,,,,1.3121,1.2979,,,1418.1571,
1515.4656,,359.2904,,,,,1.2998,1.2785,,,1413.9987,
1515.618,,359.9312,,,,,1.2972,1.2701,,,1419.291,
1515.7704,,360.3157,,,,,1.2981,1.2695,,,1363.6501,
1515.9228,,343.527,,,,,1.2988,1.27,,,1383.4572,
1516.0752,,316.71,,,,,1.2991,1.2696,,,1418.2325,
1516.2276,,320.2023,,,,,1.3023,1.273,,,1429.9501,
1516.38,,323.0858,,,,,1.2982,1.2691,,,1412.1846,
1516.5324,,326.482,,,,,1.2987,1.2698,,,1397.2916,
1516.6848,,292.1037,,,,,1.3023,1.2714,,,1418.988,
1516.8372,,258.238,,,,,1.2977,1.2693,,,1461.7775,
1516.9896,,321.0674,,,,,1.3052,1.2733,,,1390.8654,
1517.142,,371.7217,,,,,1.2944,1.2672,,,1361.2303,
1517.2944,,374.6693,,,,,1.2937,1.2659,,,1385.725,
1517.4468,,376.0791,,,,,,,,,1511.8231,
1517.5992,,376.5276,,,,,,,,,1502.9781,
1517.7516,,375.8548,,,,,,,,,1440.1554,
1517.904,,376.816,,,,,,,,,1403.5659,
1518.0564,,376.816,,,,,,,,,1390.2607,
1518.2088,,373.9645,,,,,,,,,1369.3953,
1518.3612,,373.3878,,,,,,,,,1455.1249,
1518.5136,,373.9004,,,,,,,,,1480.2986,
1518.666,,372.9392,,,,,,,,,1445.3723,
1518.8184,,370.5042,,,,,,,,,1393.8888,
1518.9708,,368.1333,,,,,,,,,1406.2876,
1519.1232,,367.3323,,,,,,,,,1412.7893,
1519.2756,,366.9478,,,,,,,,,1420.3494,
1519.428,,369.0304,,,,,,,,,1389.8069,
1519.5804,,372.0742,,,,,,,,,1403.5659,
1519.7328,,374.9897,,,,,,,,,1419.8958,
1519.8852,,377.8092,,,,,,,,,1434.9396,
1520.0376,,361.8536,,,,,,,,,1418.988,
1520.19,,323.5023,,,,,,,,,1396.0059,
1520.3424,,280.6656,,,,,,,,,1344.4479,
1520.4948,,257.0205,,,,,,,,,1436.5272,
1520.6472,,295.3397,,,,,,,,,1505.4733,
1520.7996,,355.3175,,,,,,,,,1476.8967,
1520.952,,371.8178,,,,,,,,,1480.223,
1521.1044,,368.3896,,,,,,,,,1429.4208,
1521.2568,,368.1653,,,,,,,,,1449.5297,
1521.4092,,366.9799,,,,,,,,,1419.5929,
1521.5616,,364.1284,,,,,,,,,1397.619,
1521.714,,361.5652,,,,,,,,,1383.2297,
1521.8664,,361.5332,,,,,,,,,1374.7886,
1522.0188,,,,,,,,,,,1411.58,
1522.1712,,,,,,,,,,,1403.364,
1522.3236,,,,,,,,,,,1410.0167,
1522.476,,,,,,,,,,,1388.7484,
1522.6284,,,,,,,,,,,1384.7042,
1522.7808,,,,,,,,,,,1370.0754,
1522.9332,,,,,,,,,,,1367.5302,
1523.0856,,,,,,,,,,,1345.9785,
1523.238,,,,,,,,,,,1392.2267,
1523.3904,,,,,,,,,,,1361.2303,
1523.5428,,,,,,,,,,,1348.429,
1523.6952,,,,,,,,,,,1386.8334,
1523.8476,,,,,,,,,,,1412.3507,
1524.0,,,,,,,,,,,1390.5625,
1524.1524,,,,,,,,,,,1360.223,
1524.3048,,,,,,,,,,,1401.5499,
1524.4572,,,,,,,,,,,1391.8739,
1524.6096,,,,,,,,,,,1339.6287,
1524.762,,,,,,,,,,,1275.0991,
1524.9144,,,,,,,,,,,1234.0737,
1525.0668,,,,,,,,,,,1188.2303,
1525.2192,,,,,,,,,,,1125.0447,
1525.3716,,,,,,,,,,,1071.7972,
1525.524,,,,,,,,,,,1014.0676,
1525.6764,,,,,,,,,,,948.5853,
1525.8288,,,,,,,,,,,909.5352,
1525.9812,,,,,,,,,,,813.2912,
