DEPTH,DT,GR_CAL,TENS
1463.9544,,,296.7573
1464.1068,,,299.3482
1464.2592,,,298.2701
1464.4116,,,296.5791
1464.564,,,297.9761
1464.7164,,,299.4854
1464.8688,,,299.3232
1465.0212,,,297.3881
1465.1736,,,297.5057
1465.326,,,299.5442
1465.4784,,,300.339
1465.6308,,,298.4857
1465.7832,,,297.9762
1465.9356,,,298.0938
1466.088,,,299.0934
1466.2404,,,301.6415
1466.3928,,,301.2299
1466.5452,,,301.3083
1466.6976,,,304.1309
1466.85,,,302.0531
1467.0024,,,300.2891
1467.1548,,,299.2893
1467.3072,,,299.4266
1467.4596,,,301.0143
1467.612,,,298.7601
1467.7644,,,299.7597
1467.9168,,,302.7196
1468.0692,,,303.1507
1468.2216,,,300.5635
1468.374,,,300.1127
1468.5264,,,300.4458
1468.6788,,,302.0923
1468.8312,,,301.9747
1468.9836,,,301.1711
1469.136,,,301.9747
1469.2884,,,300.143
1469.4408,,,298.721
1469.5932,,,299.8578
1469.7456,,,299.1522
1469.898,,,298.8778
1470.0504,,,298.2506
1470.2028,,,299.1094
1470.3552,,,299.2698
1470.5076,,,298.1329
1470.66,,,297.3881
1470.8124,,,297.5057
1470.9648,,,300.0146
1471.1172,,,302.1386
1471.2696,,,302.8372
1471.422,,,302.495
1471.5744,,,301.1123
1471.7268,,,297.3489
1471.8792,,,297.8978
1472.0316,,,299.3286
1472.184,,,300.4458
1472.3364,,,302.4255
1472.4888,,,303.3147
1472.6412,,,302.4059
1472.7936,,,299.733
1472.946,,,298.9562
1473.0984,,,301.0161
1473.2508,,,301.8179
1473.4032,,,303.3681
1473.5556,,,302.4452
1473.708,,,300.5528
1473.8604,,,296.7805
1474.0128,,,297.5948
1474.1652,,,300.5242
1474.3176,,,301.8357
1474.47,,,301.5827
1474.6224,,,300.1714
1474.7748,,,299.4658
1474.9272,,,299.5015
1475.0796,,,300.0538
1475.232,,,299.701
1475.3844,,,301.6397
1475.5368,,,302.6803
1475.6892,,,301.7644
1475.8416,,,300.6026
1475.994,,,300.6062
1476.1464,,,301.2299
1476.2988,,,303.4644
1476.4512,,,303.6996
1476.6036,,,302.5235
1476.756,,,303.2684
1476.9084,,,303.5037
1477.0608,,,304.5443
1477.2132,,,303.1507
1477.3656,,,299.309
1477.518,,,300.6026
1477.6704,,,302.0923
1477.8228,,,301.7787
1477.9752,,,302.2295
1478.1276,,,303.4751
1478.28,,,305.0128
1478.4324,,,302.994
1478.5848,,,299.8578
1478.7372,,,301.3474
1478.8896,,,302.6411
1479.042,,,302.6376
1479.1944,,,301.4063
1479.3468,,,302.3864
1479.4992,,,301.6397
1479.6516,,,300.2891
1479.804,,,299.5639
1479.9564,,,300.1519
1480.1088,,,300.7202
1480.2612,,,302.8693
1480.4136,,,304.4444
1480.566,,,302.8372
1480.7184,,,300.0004
1480.8708,,,298.5446
1481.0232,,,301.7644
1481.1756,,,304.3304
1481.328,,,303.6212
1481.4804,,,304.6013
1481.6328,,,304.0275
1481.7852,,,300.8575
1481.9376,,,297.6661
1482.09,,,297.8978
1482.2424,,,298.8778
1482.3948,,,300.1323
1482.5472,,,302.3168
1482.6996,,,303.7388
1482.852,,,301.8179
1483.0044,,,298.361
1483.1568,,,293.8991
1483.3092,,,294.8864
1483.4616,,,298.917
1483.614,,,301.0339
1483.7664,,,303.2291
1483.9188,,,303.3325
1484.0712,,,298.7014
1484.2236,,,295.8397
1484.376,,,295.428
1484.5284,,,299.6083
1484.6808,,,304.1505
1484.8332,,,301.916
1484.9856,,,299.7206
1485.138,,,298.165
1485.2904,,,299.6619
1485.4428,,,301.6219
1485.5952,,,301.9551
1485.7476,,,302.8176
1485.9,,,303.8564
1486.0524,,,303.9544
1486.2048,,,301.1711
1486.3572,,,296.8393
1486.5096,,,297.7409
1486.662,,,301.269
1486.8144,,,303.4055
1486.9668,,,303.7388
1487.1192,,,304.072
1487.2716,,,302.8763
1487.424,,,299.6226
1487.5764,,,297.4272
1487.7288,,,295.7417
1487.8812,,,299.9363
1488.0336,,,303.2684
1488.186,,,307.9726
1488.3384,,,308.149
1488.4908,,,303.6604
1488.6432,,,298.1526
1488.7956,,,299.0346
1488.948,,,303.4251
1489.1004,,,306.5614
1489.2528,,,306.5221
1489.4052,,,305.5225
1489.5576,,,304.562
1489.71,,,304.1505
1489.8624,,,303.386
1490.0148,,,301.5631
1490.1672,,,300.9555
1490.3196,,,302.5307
1490.472,,,306.2086
1490.6244,,,308.7566
1490.7768,,,305.7916
1490.9292,,,301.9551
1491.0816,,,300.3478
1491.234,,,301.5684
1491.3864,,,303.9152
1491.5388,,,305.0128
1491.6912,,,305.845
1491.8436,,,303.1704
1491.996,,,300.3282
1492.1484,,,300.4655
1492.3008,,,300.8201
1492.4532,,,301.9943
1492.6056,,,302.7802
1492.758,,,302.2491
1492.9104,,,300.4102
1493.0628,,,300.9555
1493.2152,,,302.0923
1493.3676,,,303.7388
1493.52,,,302.6019
1493.6724,,,303.4251
1493.8248,,,304.9184
1493.9772,,,307.4237
1494.1296,,,306.3083
1494.282,,,301.7983
1494.4344,,,301.8179
1494.5868,,,301.7003
1494.7392,,,303.7388
1494.8916,,,304.5033
1495.044,,,304.4053
1495.1964,,,305.3853
1495.3488,,,305.0717
1495.5012,,,301.1515
1495.6536,,,299.9166
1495.806,,,299.407
1495.9584,,,299.9363
1496.1108,,,304.2092
1496.2632,,,307.1493
1496.4156,,,307.463
1496.568,,,304.9541
1496.7204,,,303.8137
1496.8728,,,303.974
1497.0252,,,302.994
1497.1776,,,304.7972
1497.33,,,302.9547
1497.4824,,,300.0004
1497.6348,,,298.3682
1497.7872,,,297.8585
1497.9396,,,300.093
1498.092,,,304.1166
1498.2444,,,305.4637
1498.3968,,,305.0324
1498.5492,,,302.8764
1498.7016,,,300.3924
1498.854,,,299.5834
1499.0064,,,300.7202
1499.1588,,,304.17
1499.3112,,,306.9534
1499.4636,,,306.8606
1499.616,,,307.6197
1499.7684,,,305.9341
1499.9208,,,303.3681
1500.0732,,,303.493
1500.2256,,,304.366
1500.378,,,305.2089
1500.5304,,,306.3974
1500.6828,,,306.0517
1500.8352,,,307.2527
1500.9876,,,305.6205
1501.14,,,303.8671
1501.2924,,,303.6996
1501.4448,,,304.4195
1501.5972,,,304.4248
1501.7496,,,304.8115
1501.902,,,306.1301
1502.0544,,,305.9875
1502.2068,,,304.4836
1502.3592,,,301.3724
1502.5116,,,300.6418
1502.664,,,303.9028
1502.8164,,,305.8949
1502.9688,,,305.6669
1503.1212,,,305.7185
1503.2736,,,304.6155
1503.426,,,303.1187
1503.5784,,,305.738
1503.7308,,,308.4822
1503.8832,,,305.845
1504.0356,,,300.9269
1504.188,,,301.0143
1504.3404,,,304.473
1504.4928,,,307.463
1504.6452,,,307.3062
1504.7976,,,303.6711
1504.95,,,302.9547
1505.1024,,,302.6198
1505.2548,,,302.5627
1505.4072,,,302.7623
1505.5596,,,303.4644
1505.712,,,303.7388
1505.8644,,,304.5443
1506.0168,,,304.3072
1506.1692,,,302.8763
1506.3216,,,304.0916
1506.474,,,305.4529
1506.6264,,,307.6786
1506.7788,,,305.8753
1506.9312,,,303.9028
1507.0836,,,304.7581
1507.236,,,305.1305
1507.3884,,,305.2088
1507.5408,,,305.6312
1507.6932,,,303.7584
1507.8456,,,302.4772
1507.998,,,301.1515
1508.1504,,,301.3083
1508.3028,,,302.691
1508.4552,,,302.8763
1508.6076,,,301.3474
1508.76,,,302.299
1508.9124,,,302.6803
1509.0648,,,302.4843
1509.2172,,,300.1786
1509.3696,,,300.1127
1509.522,,,301.2299
1509.6744,,,301.907
1509.8268,,,302.1208
1509.9792,,,302.4843
1510.1316,,,302.8763
1510.284,,,303.3147
1510.4364,,,304.8757
1510.5888,,,305.3995
1510.7412,,,304.562
1510.8936,,,306.237
1511.046,,,308.4235
1511.1984,,,308.7495
1511.3508,,,307.0318
1511.5032,,,301.9783
1511.6556,,,301.9748
1511.808,,,304.4053
1511.9604,,,308.8742
1512.1128,,,308.9455
1512.2652,,,305.0324
1512.4176,,,303.3325
1512.57,,,302.0923
1512.7224,,,301.8571
1512.8748,,,304.4053
1513.0272,,,304.9184
1513.1796,,,306.0517
1513.332,,,305.9733
1513.4844,,,302.8372
1513.6368,,,302.1707
1513.7892,,,305.3817
1513.9416,,,309.0703
1514.094,,,307.4237
1514.2464,,,304.5229
1514.3988,,,303.7192
1514.5512,,,305.4637
1514.7036,,,306.1497
1514.856,,,306.7574
1515.0084,,,306.2281
1515.1608,,,308.2078
1515.3132,,,308.3254
1515.4656,,,310.175
1515.618,,,308.2078
1515.7704,,,307.5806
1515.9228,,,307.1886
1516.0752,,,307.6197
1516.2276,,,308.0902
1516.38,,,305.2872
1516.5324,,,302.994
1516.6848,,,300.9946
1516.8372,,,304.562
1516.9896,,,304.5424
1517.142,,,305.7025
1517.2944,,,305.1282
1517.4468,,,307.2866
1517.5992,,,307.6447
1517.7516,,,306.2281
1517.904,,,303.5624
1518.0564,,,301.8964
1518.2088,,,300.7595
1518.3612,,,299.3875
1518.5136,,,300.4637
1518.666,,,303.5232
1518.8184,,,305.3853
1518.9708,,,306.1693
1519.1232,,,302.8336
1519.2756,,,301.9551
1519.428,,,304.0275
1519.5804,,,306.5614
1519.7328,,,305.7576
1519.8852,,,302.1386
1520.0376,,,301.8179
1520.19,,,303.0331
1520.3424,,,304.5977
1520.4948,,,303.6212
1520.6472,,,303.2684
1520.7996,,,303.1187
1520.952,,,304.4053
1521.1044,,,304.17
1521.2568,,,309.031
1521.4092,,,310.9127
1521.5616,,,314.3091
1521.714,,,305.3461
1521.8664,,,299.2698
1522.0188,,,297.5948
1522.1712,,,302.3864
1522.3236,,,306.8161
1522.476,,,307.6269
1522.6284,,,309.0114
1522.7808,,,312.128
1522.9332,,,316.0089
1523.0856,,,316.8126
1523.238,,,313.7566
1523.3904,,,311.5595
1523.5428,,,311.3635
1523.6952,,,313.1472
1523.8476,,,314.1273
1524.0,,,313.6177
1524.1524,,,316.1266
1524.3048,,,318.051
1524.4572,,,317.6162
1524.6096,,,318.4003
1524.762,,,321.3653
1524.9144,,,320.2624
1525.0668,,,319.726
1525.2192,,,315.9502
1525.3716,,,313.1508
1525.524,,,312.814
1525.6764,,,314.3625
1525.8288,,,317.0888
1525.9812,,,318.7138
1526.1336,,,316.3618
1526.286,,,314.113
1526.4384,,,311.2263
1526.5908,,,311.0659
1526.7432,,,312.5004
1526.8956,,,315.0289
1527.048,,,314.8721
1527.2004,,,313.8137
1527.3528,,,313.0974
1527.5052,,,312.9904
1527.6576,,,312.3667
1527.81,,,311.6576
1527.9624,,,311.8536
1528.1148,,,312.6696
1528.2672,,,314.8793
1528.4196,,,314.9897
1528.572,,,313.1865
1528.7244,,,312.6768
1528.8768,,,312.7409
1529.0292,,,312.3828
1529.1816,,,312.2777
1529.334,,,312.3044
1529.4864,,,310.478
1529.6388,,,309.9433
1529.7912,,,309.4034
1529.9436,,,311.7252
1530.096,,,311.7948
1530.2484,,,310.0325
1530.4008,,,306.9676
1530.5532,,,307.4131
1530.7056,,,308.2862
1530.858,,,309.5158
1531.0104,,,310.1679
1531.1628,,,310.5493
1531.3152,,,309.6975
1531.4676,,,305.8629
1531.62,,,304.8757
1531.7724,,,306.7716
1531.9248,,,310.4619
1532.0772,,,307.0745
1532.2296,,,304.5977
1532.382,,,302.3668
1532.5344,,,302.6803
1532.6868,,,303.974
1532.8392,,,307.757
1532.9916,,,309.8542
1533.144,,,306.9142
1533.2964,,,304.4053
1533.4488,,,301.9604
1533.6012,,,300.9947
1533.7536,,,302.2492
1533.906,,,303.8315
1534.0584,,,304.562
1534.2108,,,306.2477
1534.3632,,,306.4153
1534.5156,,,304.6992
1534.668,,,302.3668
1534.8204,,,301.907
1534.9728,,,299.701
1535.1252,435.4528,72.3498,300.4458
1535.2776,423.2634,65.6328,302.2295
1535.43,412.3427,58.979,304.8561
1535.5824,339.5325,53.7991,306.4153
1535.7348,328.2657,50.3248,304.17
1535.8872,300.4158,45.4818,302.4059
1536.0396,317.4486,46.6399,300.7007
1536.192,407.8414,61.232,300.9751
1536.3444,415.7799,81.8673,302.2883
1536.4968,419.4307,99.7021,305.1322
1536.6492,398.9124,105.4084,307.7199
1536.8016,320.7925,98.1229,305.7773
1536.954,307.6962,84.2256,303.0296
1537.1064,298.992,73.0657,302.6411
1537.2588,298.8377,69.5914,308.3646
1537.4112,290.563,68.4123,310.207
1537.5636,286.3506,65.9908,310.6776
1537.716,295.6528,66.8541,308.5892
1537.8684,350.4672,81.4672,308.5215
1538.0208,365.1471,94.2064,305.2285
1538.1732,389.3461,103.3027,304.2056
1538.3256,393.7463,100.2706,305.6009
1538.478,367.0347,103.7449,310.4031
1538.6304,370.1255,106.5244,311.85
1538.7828,370.1063,109.7881,304.8364
1538.9352,370.3223,111.1568,294.9932
1539.0876,368.9867,111.3884,296.8589
1539.24,373.7874,113.9362,302.0531
1539.3924,370.5368,108.8827,304.17
1539.5448,369.767,111.1989,304.2484
1539.6972,369.3221,105.8716,301.0339
1539.8496,369.7761,106.2927,301.3724
1540.002,368.9405,106.756,304.0523
1540.1544,368.8048,110.4619,306.2014
1540.3068,368.8064,108.3563,305.0324
1540.4592,368.7997,109.746,304.7188
1540.6116,368.8348,110.2092,303.19
1540.764,368.8049,116.105,303.288
1540.9164,367.7998,112.3991,302.9048
1541.0688,367.5954,106.8402,303.6015
1541.2212,367.2827,103.2606,306.0588
1541.3736,366.7943,101.6393,309.6778
1541.526,367.8603,106.7349,310.2267
1541.6784,366.8412,107.4719,306.1301
1541.8308,366.33,106.6297,303.7067
1541.9832,365.7733,107.5561,307.5414
1542.1356,365.6884,106.398,315.3817
1542.288,365.5201,107.4719,318.4966
1542.4404,365.3618,103.6186,316.4402
1542.5928,365.0702,106.8613,307.8354
1542.7452,364.7128,107.6825,311.1551
1542.8976,364.0935,108.7564,311.1871
1543.05,363.5139,104.4608,307.855
1543.2024,362.6481,105.261,306.0909
1543.3548,360.1706,104.8188,304.9344
1543.5072,358.9357,100.5443,304.4248
1543.6596,357.9779,101.2182,305.738
1543.812,357.2526,98.0597,306.4045
1543.9644,358.6179,101.9972,305.1696
1544.1168,359.1741,95.2592,301.907
1544.2692,359.7108,99.0493,300.0146
1544.4216,360.8206,98.3545,300.9947
1544.574,360.8475,103.408,307.7374
1544.7264,359.3953,97.9334,308.8386
1544.8788,343.9731,96.312,305.5029
1545.0312,327.2826,88.9423,303.778
1545.1836,310.2776,91.6796,303.6408
1545.336,304.1368,99.8074,303.3681
1545.4884,304.3223,109.1143,304.9148
1545.6408,302.5088,111.22,307.3454
1545.7932,292.6493,103.0922,311.3244
1545.9456,291.9825,93.7852,311.7556
1546.098,311.8643,95.8488,311.5399
1546.2504,328.337,103.9765,307.9477
1546.4028,346.8257,109.8092,301.8179
1546.5552,340.9927,106.2717,304.3464
1546.7076,313.893,92.3534,309.6048
1546.86,294.6888,86.9419,311.7752
1547.0124,300.1693,89.7845,307.365
1547.1648,315.6789,99.7021,300.9269
1547.3172,339.9057,105.1136,299.7794
1547.4696,353.3323,105.5768,307.855
1547.622,356.16,107.2613,315.4316
1547.7744,359.6975,109.5776,321.7324
1547.9268,365.1626,105.4294,317.8906
1548.0792,365.6707,97.5333,315.6811
1548.2316,365.1717,99.1546,309.3838
1548.384,365.0969,98.3124,308.304
1548.5364,366.609,104.7978,310.8931
1548.6888,366.8884,100.0811,311.5008
1548.8412,366.9466,101.8288,311.0481
1548.9936,369.374,102.8184,311.1551
1549.146,368.0974,100.3549,307.9726
1549.2984,369.0859,100.3549,307.4237
1549.4508,368.8438,95.5119,305.1501
1549.6032,368.3713,105.2399,304.4053
1549.7556,369.1683,105.9348,304.1308
1549.908,368.5557,110.3566,306.344
1550.0604,367.732,98.7756,308.6979
1550.2128,365.1549,96.691,309.0346
1550.3652,363.2868,96.5857,308.7763
1550.5176,360.6329,97.9755,309.4231
1550.67,358.6164,93.6168,309.3554
1550.8224,356.5125,87.363,308.7959
1550.9748,352.9638,86.6682,310.5992
1551.1272,341.4834,83.7203,312.1707
1551.2796,327.876,81.1724,311.7556
1551.432,328.1519,78.1614,310.9234
1551.5844,328.2687,80.3723,310.403
1551.7368,336.6232,76.2242,311.2263
1551.8892,342.2133,78.5404,312.5271
1552.0416,336.5058,79.2774,311.2655
1552.194,338.1101,91.069,309.7759
1552.3464,337.8099,94.9644,310.0502
1552.4988,344.5923,99.5547,313.9901
1552.6512,353.7077,98.2913,315.4316
1552.8036,360.5376,105.7453,312.7552
1552.956,360.9344,107.893,311.9213
1553.1084,343.5496,107.0718,310.5599
1553.2608,323.4611,98.9651,312.912
1553.4132,305.848,100.8602,312.438
1553.5656,293.4301,97.6807,313.4804
1553.718,304.2983,95.5961,314.3625
1553.8704,314.1237,86.1207,313.7744
1554.0228,322.7216,88.1421,311.4419
1554.1752,330.6196,90.6689,312.4416
1554.3276,332.398,95.4066,313.6497
1554.48,330.4853,85.6785,317.087
1554.6324,325.9458,83.1518,317.9886
1554.7848,321.5493,82.6885,319.3803
1554.9372,315.7196,87.6578,319.922
1555.0896,306.2061,80.4776,319.8116
1555.242,299.2251,72.8341,321.458
1555.3944,285.9997,68.2017,323.4377
1555.5468,276.172,64.959,323.5215
1555.6992,284.0753,63.6956,319.6154
1555.8516,282.8227,69.8441,313.1668
1556.004,288.0518,80.7303,315.788
1556.1564,291.7142,90.4162,320.2427
1556.3088,296.1583,97.3648,324.4124
1556.4612,298.874,112.6939,322.634
1556.6136,304.2319,118.8634,322.3098
1556.766,303.4991,114.231,318.9491
1556.9184,298.3827,96.1225,316.8714
1557.0708,309.093,89.1739,316.4829
1557.2232,301.7514,94.3959,317.5877
1557.3756,278.2073,93.2378,315.9841
1557.528,255.019,80.9619,313.5
1557.6804,230.6749,65.0854,310.1572
1557.8328,214.8483,55.3573,314.4017
1557.9852,214.7154,56.5154,315.8058
1558.1376,214.5934,53.4412,317.0353
1558.29,223.539,62.2427,314.1665
1558.4424,233.6931,79.8459,309.0168
1558.5948,230.9802,97.049,307.8745
1558.7472,228.495,94.2906,311.6896
1558.8996,216.5421,74.3712,311.2263
1559.052,210.2915,63.9483,308.2862
1559.2044,217.0316,74.4765,305.2748
1559.3568,232.1903,83.0465,310.0895
1559.5092,246.5481,79.1089,311.5649
1559.6616,250.3771,75.7399,313.5196
1559.814,253.5131,68.5386,311.5649
1559.9664,248.414,66.6857,309.6582
1560.1188,247.1696,57.4208,309.2484
1560.2712,247.6754,59.7581,307.5413
1560.4236,245.8046,58.979,307.6197
1560.576,238.2276,53.1885,306.9498
1560.7284,227.7184,51.3355,309.031
1560.8808,225.258,57.9051,308.7673
1561.0332,228.3965,65.1696,308.835
1561.1856,239.6487,67.2542,308.8564
1561.338,243.1857,64.6853,308.3842
1561.4904,236.2639,63.443,311.7609
1561.6428,228.4168,59.9687,313.1081
1561.7952,225.381,58.4947,312.618
1561.9476,225.8194,57.4208,310.2285
1562.1,232.0384,61.8216,315.3033
1562.2524,236.9255,58.6842,319.2092
1562.4048,239.0274,60.1582,322.2029
1562.5572,237.3641,58.5368,321.5756
1562.7096,235.8856,60.1582,317.071
1562.862,244.444,59.3159,309.3054
1563.0144,241.9307,59.7581,305.3105
1563.1668,239.1601,62.5375,310.5207
1563.3192,251.5997,69.4651,319.4391
1563.4716,261.2385,76.4348,324.9862
1563.624,281.2267,84.4362,323.2007
1563.7764,301.9193,88.1421,316.2246
1563.9288,291.3734,83.2781,313.2845
1564.0812,275.5964,76.1189,317.4594
1564.2336,239.9674,64.5379,314.0097
1564.386,217.5504,63.6956,312.7054
1564.5384,212.9897,72.5393,313.2649
1564.6908,201.237,78.5615,318.165
1564.8432,206.8859,79.4037,321.3119
1564.9956,212.945,72.4972,317.8711
1565.148,208.4617,64.0536,311.3048
1565.3004,220.7033,61.9479,306.6201
1565.4528,233.1232,60.3266,307.5378
1565.6052,253.5292,72.3288,312.5396
1565.7576,279.1297,86.0154,318.639
1565.91,273.7761,102.9658,319.2983
1566.0624,260.6039,108.2089,316.8714
1566.2148,233.2982,103.9976,316.6967
1566.3672,206.1042,87.7421,318.3023
1566.5196,204.1022,74.0764,320.7416
1566.672,213.4515,65.317,321.5364
1566.8244,219.1656,70.181,319.6939
1566.9768,227.3559,75.7399,314.3625
1567.1292,227.6631,84.9205,312.3846
1567.2816,218.3861,84.2256,314.1273
1567.434,217.3438,78.4351,315.7345
1567.5864,215.3629,71.0654,316.572
1567.7388,220.0654,66.6646,316.6754
1567.8912,223.3825,68.3702,314.7367
1568.0436,226.1281,65.6328,312.6768
1568.196,222.6216,60.0739,313.7032
1568.3484,212.1461,51.6514,315.7345
1568.5008,215.4015,46.5557,319.0275
1568.6532,215.0369,49.8616,321.7039
1568.8056,218.7523,56.8102,320.4976
1568.958,226.2838,56.5786,315.2641
1569.1104,224.3021,57.2103,315.1465
1569.2628,219.937,52.1567,316.2442
1569.4152,218.3745,54.7046,315.895
1569.5676,220.2923,61.6532,319.89
1569.72,220.1044,80.3934,323.076
1569.8724,230.376,90.1214,322.6536
1570.0248,226.2476,86.1207,318.2827
1570.1772,221.4055,72.8973,308.6426
1570.3296,218.3191,69.1914,315.1661
1570.482,209.1283,68.5597,321.3208
1570.6344,213.1665,66.4751,320.4779
1570.7868,216.9402,68.7913,315.6954
1570.9392,212.2596,69.2124,315.8592
1571.0916,213.3385,69.2124,320.1447
1571.244,213.3406,57.126,322.4969
1571.3964,211.085,54.6203,322.438
1571.5488,208.2173,46.7663,320.7523
1571.7012,204.7996,46.7663,324.0204
1571.8536,209.7636,44.2185,324.5746
1572.006,212.3169,58.3262,324.2021
1572.1584,219.6994,71.5918,320.6348
1572.3108,225.6983,76.2242,317.8729
1572.4632,216.8774,71.5918,320.9287
1572.6156,218.0527,63.6956,318.1454
1572.768,216.2634,60.3266,319.0489
1572.9204,216.4406,61.8006,321.1836
1573.0728,215.4049,62.9587,317.0282
1573.2252,214.8599,64.4326,315.1269
1573.3776,217.286,64.1168,316.989
1573.53,220.0734,68.328,321.5614
1573.6824,228.229,71.2759,326.221
1573.8348,270.1528,86.5629,322.4576
1573.9872,274.0511,94.3538,317.7481
1574.1396,265.8401,89.1318,321.6736
1574.292,258.0386,65.317,322.9477
1574.4444,220.8517,45.903,321.6932
1574.5968,211.1042,43.5447,322.9334
1574.7492,222.9385,49.4404,321.5364
1574.9016,250.3967,63.8009,319.4979
1575.054,272.9018,81.2777,314.3803
1575.2064,278.1701,84.1414,309.8151
1575.3588,279.0103,82.2463,311.6539
1575.5112,265.9638,73.15,315.3817
1575.6636,251.1286,81.2356,317.3739
1575.816,241.1654,79.6564,318.7531
1575.9684,247.914,89.8477,319.6191
1576.1208,247.3756,96.8174,320.6348
1576.2732,231.7879,108.5037,318.6747
1576.4256,241.2496,105.9558,313.1152
1576.578,230.1834,112.4623,314.5781
1576.7304,223.603,118.6107,318.1579
1576.8828,227.6936,121.6218,318.0475
1577.0352,225.8151,110.9462,317.1263
1577.1876,223.4173,97.9755,315.6365
1577.34,221.799,89.6792,315.1287
1577.4924,225.8204,82.2674,314.0292
1577.6448,227.2488,80.4144,313.2933
1577.7972,226.7729,81.0672,313.0688
1577.9496,235.4696,101.2603,313.418
1578.102,244.4043,133.2239,312.8532
1578.2544,245.5059,174.4523,311.262
1578.4068,241.033,182.517,312.9726
1578.5592,245.7096,168.9145,312.6768
1578.7116,257.4997,160.5762,314.808
1578.864,265.368,179.3374,315.421
1579.0164,283.5117,190.1604,314.4159
1579.1688,286.5616,179.0426,308.8207
1579.3212,263.5692,153.0591,307.2082
1579.4736,246.187,129.4337,309.783
1579.626,243.2358,115.9998,313.696
1579.7784,241.3364,133.266,313.418
1579.9308,246.7558,147.1632,310.2855
1580.0832,280.1385,159.6707,308.1686
1580.2356,285.6439,151.0376,307.6626
1580.388,294.7621,153.8171,312.226
1580.5404,303.908,159.1443,307.9726
1580.6928,302.4188,145.8788,310.2072
1580.8452,303.7803,133.8345,314.6298
1580.9976,306.9501,121.9587,313.1865
1581.15,308.0001,124.5487,314.0881
1581.3024,299.537,132.0868,311.4579
1581.4548,295.3848,129.8338,309.7563
1581.6072,289.9781,125.6646,310.5136
1581.7596,300.4266,124.4013,310.854
1581.912,317.279,126.7175,307.4041
1582.0644,332.2347,129.9602,307.4844
1582.2168,331.7722,120.4848,308.051
1582.3692,314.8161,109.5986,309.0346
1582.5216,287.5549,89.1949,306.6005
1582.674,265.8351,70.3916,306.5614
1582.8264,255.4265,60.8951,306.5044
1582.9788,258.3061,68.2649,304.562
1583.1312,278.0766,86.7945,306.5614
1583.2836,290.5802,107.3245,307.4309
1583.436,297.3711,117.8106,307.3453
1583.5884,308.9221,126.928,306.8606
1583.7408,314.1784,135.8138,308.4822
1583.8932,306.0287,136.2771,310.5403
1584.0456,308.2162,127.1597,312.8924
1584.198,311.8499,114.9048,312.4558
1584.3504,300.9197,117.221,313.7549
1584.5028,302.7739,120.4637,314.7189
1584.6552,295.7479,121.1375,315.421
1584.8076,266.5335,121.9798,316.9463
1584.96,252.4256,125.2225,316.3226
1585.1124,255.0968,115.9576,319.6904
1585.2648,261.4401,111.4095,318.3361
1585.4172,268.6732,111.6411,314.9897
1585.5696,273.209,114.4205,319.2271
1585.722,279.9735,107.4719,323.7531
1585.8744,285.8372,110.2935,324.653
1586.0268,305.3801,124.6539,324.8685
1586.1792,326.7093,136.0033,325.9983
1586.3316,321.3039,131.5815,325.2142
1586.484,302.3275,116.7578,325.6526
1586.6364,290.4048,102.6289,325.535
1586.7888,285.7303,95.8909,327.4773
1586.9412,300.4901,104.4608,326.1818
1587.0936,302.5764,107.7035,325.0895
1587.246,282.7568,103.2817,324.2413
1587.3984,267.6874,90.0793,325.8023
1587.5508,261.7704,91.7007,327.9584
1587.7032,274.7773,100.5233,329.2591
1587.8556,296.5876,114.8838,328.6354
1588.008,315.7096,118.8213,326.6131
1588.1604,313.4955,124.1486,326.1943
1588.3128,306.138,119.7478,326.9659
1588.4652,302.0747,121.0112,328.8672
1588.6176,302.5079,116.1471,329.3768
1588.77,304.771,121.0112,329.9185
1588.9224,304.7715,121.6429,330.0789
1589.0748,320.7321,123.7275,329.22
1589.2272,321.5812,119.3267,328.9651
1589.3796,322.4774,123.6853,329.6155
1589.532,325.3697,128.9494,329.1808
1589.6844,311.136,126.17,329.1024
1589.8368,311.3102,128.1283,330.0789
1589.9892,315.0701,123.3274,332.7482
1590.1416,315.9893,127.7282,331.1837
1590.294,320.2104,128.9916,328.0831
1590.4464,321.9859,130.634,328.9847
1590.5988,326.4169,132.0237,332.5521
1590.7512,323.1565,126.1279,332.7874
1590.9036,323.27,130.7393,333.5536
1591.056,322.0493,137.4773,333.1793
1591.2084,318.2043,137.6879,332.3954
1591.3608,309.8941,133.2871,332.4345
1591.5132,295.4123,127.3913,334.4338
1591.6656,292.5685,133.7924,335.2464
1591.818,297.0695,145.1629,335.1786
1591.9704,308.0945,152.9538,334.3162
1592.1228,320.1601,153.8802,334.0222
1592.2752,314.5062,150.7218,335.2285
1592.4276,308.3631,144.4048,338.3932
1592.58,312.5215,139.3934,338.4716
1592.7324,317.1965,134.1925,337.8443
1592.8848,327.7843,141.3517,335.3711
1593.0372,336.6672,147.0369,333.1009
1593.1896,334.9051,149.3531,334.5906
1593.342,323.934,142.1939,336.9231
1593.4944,312.0276,138.2774,335.3177
1593.6468,296.0653,129.5811,331.5329
1593.7992,297.4597,124.317,330.004
1593.9516,310.9842,123.6222,329.1879
1594.104,324.6797,137.0983,328.2007
1594.2564,339.647,146.2999,328.4751
1594.4088,328.7354,145.2261,332.6305
1594.5612,325.1258,140.2146,336.565
1594.7136,324.4056,138.13,337.2368
1594.866,315.6901,134.1293,335.5137
1595.0184,328.1378,128.5704,333.6498
1595.1708,328.1324,124.1907,331.3956
1595.3232,325.2764,128.1072,330.3283
1595.4756,336.2625,140.3831,330.1216
1595.628,337.2467,142.9099,330.7097
1595.7804,342.5287,143.3731,332.0568
1595.9328,344.8621,138.9723,333.3753
1596.0852,346.1581,143.3941,332.9049
1596.2376,343.5473,146.1736,331.4688
1596.39,341.1757,143.8574,329.3768
1596.5424,332.4088,141.7517,329.0988
1596.6948,312.3322,133.9609,331.3956
1596.8472,305.9892,125.8542,334.7082
1596.9996,307.4631,123.7485,334.783
1597.152,319.4763,132.0026,332.0033
1597.3044,340.7078,143.1204,334.1059
1597.4568,350.4106,151.1218,331.7289
1597.6092,352.8222,149.3952,331.1212
1597.7616,355.1371,153.796,333.0422
1597.914,354.8092,149.5847,332.6804
1598.0664,350.4719,150.1532,333.0225
1598.2188,344.1393,143.6679,331.1212
1598.3712,342.2559,142.4045,328.5999
1598.5236,336.308,136.3824,328.8672
1598.676,335.8325,140.7832,328.3575
1598.8284,331.6882,140.5726,327.9655
1598.9808,327.3023,146.1315,326.5346
1599.1332,332.7917,148.7635,329.4944
1599.2856,336.6531,152.5537,333.1793
1599.438,346.6633,159.9655,334.8543
1599.5904,347.0941,152.8064,335.0414
1599.7428,336.9644,151.9641,334.5906
1599.8952,325.5478,144.7839,334.5514
1600.0476,319.2466,137.6247,335.6294
1600.2,313.3734,131.9184,335.1982
1600.3524,323.5819,138.109,334.1398
1600.5048,331.465,147.7949,334.5158
1600.6572,332.6605,147.6054,331.8857
1600.8096,330.8832,142.973,332.5201
1600.962,317.4885,132.2343,332.8658
1601.1144,307.0577,136.6561,334.1202
1601.2668,297.955,134.9716,336.5114
1601.4192,287.9406,133.0765,337.8247
1601.5716,280.7877,117.4948,334.979
1601.724,277.4781,102.5447,333.9634
1601.8764,269.0321,104.0187,332.0229
1602.0288,287.8717,110.9673,332.7089
1602.1812,311.2347,123.3905,333.4644
1602.3336,305.3028,127.9809,333.3753
1602.486,307.7338,124.4013,332.6894
1602.6384,291.914,119.8741,332.1993
1602.7908,283.5804,120.7585,332.4345
1602.9432,291.5084,126.8859,331.5329
1603.0956,284.1302,127.8335,332.8265
1603.248,268.9514,116.2945,331.1124
1603.4004,259.7641,109.5354,331.2192
1603.5528,252.9121,109.2828,332.0388
1603.7052,266.4525,113.9152,333.5714
1603.8576,266.6687,117.9159,332.52
1604.01,266.8187,114.9048,331.4937
1604.1624,272.7934,124.8645,330.3106
1604.3148,277.8764,137.7089,331.2192
1604.4672,301.5464,155.7753,331.0625
1604.6196,309.6404,162.2607,332.3241
1604.772,296.0095,158.6811,332.0229
1604.9244,288.571,143.1625,331.2192
1605.0768,276.7878,132.3606,330.788
1605.2292,259.6982,123.7696,331.9499
1605.3816,262.6881,124.2749,333.2186
1605.534,254.1493,110.0619,335.3533
1605.6864,242.9463,95.0065,332.8586
1605.8388,236.2063,76.4348,332.4345
1605.9912,224.8444,69.802,333.3753
1606.1436,225.5776,70.7285,331.6309
1606.296,227.3276,79.5301,331.6826
1606.4484,230.2542,85.2363,332.7516
1606.6008,235.6526,86.3944,334.5515
1606.7532,232.996,83.615,334.9969
1606.9056,245.7769,92.2271,335.1786
1607.058,263.3591,113.7678,332.0746
1607.2104,271.9451,137.3931,330.2393
1607.3628,276.3947,144.2996,331.3262
1607.5152,275.2679,143.8363,330.8272
1607.6676,273.9523,142.9098,330.6134
1607.82,278.6879,156.5755,333.4733
1607.9724,278.6685,156.2175,336.1373
1608.1248,266.7818,143.0151,335.2178
1608.2772,255.5329,127.0333,332.0033
1608.4296,245.6928,116.9262,331.8073
1608.582,247.5165,122.9273,332.4131
1608.7344,250.3595,116.9052,334.0027
1608.8868,251.2335,116.6946,334.2485
1609.0392,251.6114,106.1664,334.5906
1609.1916,251.484,104.0818,331.5935
1609.344,248.9845,103.8713,328.1223
1609.4964,248.8642,108.3984,332.8853
1609.6488,258.3853,121.8113,333.3575
1609.8012,266.1383,137.5615,332.7874
1609.9536,276.3449,154.0908,335.3177
1610.106,284.6625,153.1854,336.7859
1610.2584,284.8747,151.543,335.7809
1610.4108,285.0165,152.3852,332.1208
1610.5632,286.1336,154.0066,331.8857
1610.7156,286.3096,157.7967,331.2015
1610.868,285.9384,153.3749,333.6106
1611.0204,284.8041,159.1654,333.4466
1611.1728,283.0043,152.4273,335.2285
1611.3252,281.6887,153.6065,337.6876
1611.4776,280.837,154.2592,339.3982
1611.63,279.8493,153.059,337.9227
1611.7824,278.4078,147.2475,336.7075
1611.9348,276.6283,138.0248,336.5649
1612.0872,275.0936,139.6461,338.8441
1612.2396,273.727,142.9099,337.4132
1612.392,273.0558,148.3424,335.2464
1612.5444,272.3637,147.6475,334.3162
1612.6968,271.3648,141.4359,332.8765
1612.8492,270.0719,136.6982,330.8076
1613.0016,268.2885,134.8452,328.7067
1613.154,267.5881,141.5201,326.9249
1613.3064,267.9134,147.7318,326.7306
1613.4588,269.0231,145.1839,329.7047
1613.6112,271.6016,146.8053,332.0621
1613.7636,272.3128,148.0055,330.8985
1613.916,272.186,154.9541,324.8401
1614.0684,272.9893,155.8806,320.1251
1614.2208,273.3614,156.1122,322.2919
1614.3732,274.8441,156.1122,329.4908
1614.5256,277.2045,151.9431,334.9435
1614.678,278.6306,143.7732,333.215
1614.8304,279.7021,143.5415,336.2799
1614.9828,280.4507,145.3945,338.158
1615.1352,280.5094,151.0166,335.87
1615.2876,280.6147,158.4284,334.0881
1615.44,281.8122,163.2924,335.5706
1615.5924,282.3031,169.0408,339.2556
1615.7448,282.8899,165.5665,333.7674
1615.8972,283.4984,156.9545,331.2192
1616.0496,283.8681,156.9966,333.7495
1616.202,285.073,150.7428,337.3348
1616.3544,284.3319,153.6907,337.8658
1616.5068,286.2104,149.8585,337.6092
1616.6592,287.1577,149.1636,334.2662
1616.8116,283.0209,150.6375,332.4934
1616.964,279.489,144.0469,333.3575
1617.1164,273.6553,132.1711,333.1009
1617.2688,267.1173,111.8095,331.768
1617.4212,264.9558,97.9755,327.1815
1617.5736,264.8398,92.943,330.4887
1617.726,264.6242,90.1636,333.3362
1617.8784,264.6493,91.8481,332.1815
1618.0308,264.3075,89.7214,331.572
1618.1832,256.632,90.6478,329.2591
1618.3356,237.8005,78.4351,328.974
1618.488,218.4691,72.9605,327.4755
1618.6404,201.7598,66.0118,326.8091
1618.7928,201.0803,67.9069,324.0026
1618.9452,212.3693,71.6971,324.2164
1619.0976,228.1436,79.8038,325.9662
1619.25,243.317,86.1207,328.5732
1619.4024,258.5859,91.5533,331.1016
1619.5548,266.7355,84.1835,328.5535
1619.7072,271.1256,85.868,325.9627
1619.8596,271.4755,77.5297,325.1234
1620.012,265.6617,84.4783,325.1822
1620.1644,261.3579,90.5847,324.7509
1620.3168,258.6584,104.6504,321.3796
1620.4692,258.4807,110.5462,316.8518
1620.6216,259.6014,107.3245,313.0439
1620.774,259.2957,108.7985,314.7349
1620.9264,258.7163,110.2724,319.0667
1621.0788,259.9471,110.9673,323.9082
1621.2312,260.1064,109.7039,332.0817
1621.3836,259.9908,108.8616,333.2577
1621.536,260.3332,113.2624,335.6027
1621.6884,258.1393,108.4194,333.9045
1621.8408,252.9093,111.1568,331.1409
1621.9932,251.5952,108.3773,330.4709
1622.1456,246.904,111.5358,331.5133
1622.298,247.8888,112.8834,331.8786
1622.4504,248.3707,113.1571,330.3996
1622.6028,244.8516,117.937,328.0439
1622.7552,245.7116,112.1675,327.9405
1622.9076,247.0604,111.4305,330.2588
1623.06,248.6418,113.1782,332.6626
1623.2124,250.3863,121.9587,332.8265
1623.3648,250.3796,126.6964,331.9142
1623.5172,249.1552,125.8752,332.0746
1623.6696,247.7562,118.5686,332.2385
1623.822,248.398,120.5479,331.0589
1623.9744,252.2137,123.8959,332.9638
1624.1268,253.988,133.7503,333.0813
1624.2792,257.1855,133.8766,333.6248
1624.4316,258.2341,134.9295,334.4142
1624.584,259.7463,139.5619,335.5314
1624.7364,260.3916,142.9099,335.9235
1624.8888,260.6082,141.6465,332.2171
1625.0412,262.413,139.3303,332.4737
1625.1936,264.0831,142.5098,329.5799
1625.346,267.5623,150.0269,327.4951
1625.4984,268.7368,147.0159,323.5749
1625.6508,267.3028,144.6996,324.9274
1625.8032,262.3394,138.4459,324.6263
1625.9556,253.5298,137.9195,327.6127
1626.108,249.3918,137.5194,334.3732
1626.2604,247.0903,133.9398,336.2763
1626.4128,250.235,134.4662,337.6698
1626.5652,254.9704,135.9191,337.0995
1626.7176,258.1826,136.4876,336.041
1626.87,260.0843,138.9091,336.3333
1627.0224,260.9776,133.9819,333.6694
1627.1748,262.1603,139.9409,332.7481
1627.3272,265.928,144.7839,331.572
1627.4796,270.5824,149.8795,331.4152
1627.632,274.2833,152.8274,329.808
1627.7844,274.7524,143.5626,328.1811
1627.9368,272.3064,152.5958,327.5343
1628.0892,270.4812,148.8056,328.1027
1628.2416,271.7393,164.7032,329.9452
1628.394,275.2917,159.5023,334.694
1628.5464,279.8606,159.7129,338.2756
1628.6988,282.3972,151.3956,337.8443
1628.8512,283.2682,149.5005,333.5126
1629.0036,284.0683,154.5961,324.7902
1629.156,282.2161,153.417,317.5877
1629.3084,278.5942,148.1529,317.9886
1629.4608,267.005,135.4138,322.9084
1629.6132,250.9929,118.5055,327.798
1629.7656,236.5852,102.5026,325.4173
1629.918,228.1286,93.4694,320.2427
1630.0704,234.2455,90.9216,318.9099
1630.2228,245.5711,97.049,320.2962
1630.3752,258.1679,100.4601,323.1117
1630.5276,264.6479,108.5668,320.1055
1630.68,265.2661,114.8627,314.7153
1630.8324,266.0975,123.9591,304.7046
1630.9848,266.3138,133.9188,302.0923
1631.1372,265.5738,141.4991,301.7823
1631.2896,264.8298,145.8999,309.1487
1631.442,261.9949,147.4159,323.8956
1631.5944,257.8933,145.3524,330.4709
1631.7468,255.1618,140.9516,329.1416
1631.8992,252.742,126.4227,329.9006
1632.0516,252.7824,124.3381,334.8454
1632.204,253.776,124.8013,333.3219
1632.3564,255.1744,135.0347,329.6155
1632.5088,255.8215,142.3413,326.9658
1632.6612,256.1017,143.4994,328.9741
1632.8136,257.2285,144.2153,331.3083
1632.966,258.9951,146.8685,331.7289
1633.1184,262.3489,149.8795,330.3461
1633.2708,264.1641,161.0394,329.3839
1633.4232,265.7331,160.3446,329.6512
1633.5756,268.0092,164.2821,329.2591
1633.728,269.3838,162.8082,327.6732
1633.8804,273.103,160.4919,327.2403
1634.0328,277.6856,169.7568,328.5642
1634.1852,281.1154,165.9666,330.2749
1634.3376,285.6356,171.5255,330.2749
1634.49,290.5216,170.1358,329.6512
1634.6424,291.8663,177.7161,329.473
1634.7948,295.6673,175.3999,329.3304
1634.9472,300.0955,173.7785,329.277
1635.0996,305.5237,168.9356,328.8476
1635.252,310.8948,174.0312,328.4216
1635.4044,314.0031,171.4834,328.6515
1635.5568,316.4709,175.3367,329.4017
1635.7092,317.9399,174.305,331.2549
1635.8616,319.5417,179.6322,331.4545
1636.014,320.1495,177.5477,326.0874
1636.1664,320.4598,186.6861,323.5161
1636.3188,321.1441,192.4135,323.1829
1636.4712,322.9489,197.5091,322.9869
1636.6236,324.8775,192.1608,322.2563
1636.776,325.8553,184.5805,317.1458
1636.9284,326.686,193.2978,317.4452
1637.0808,327.878,196.0983,320.5955
1637.2332,327.7441,206.8371,320.4922
1637.3856,328.3552,198.1197,319.5175
1637.538,329.3869,198.8988,321.5078
1637.6904,319.1707,189.0865,321.3011
1637.8428,291.9848,174.4944,319.2983
1637.9952,262.5282,145.2261,320.4779
1638.1476,243.8804,119.2846,322.1138
1638.3,250.5813,122.7589,324.7117
1638.4524,276.6298,143.1836,328.0118
1638.6048,294.2784,165.8824,329.318
1638.7572,292.1792,170.0515,327.406
1638.9096,290.6673,167.5248,328.1811
1639.062,302.5709,163.5872,326.2798
1639.2144,308.4156,160.0919,330.8272
1639.3668,311.0123,158.1758,329.3964
1639.5192,301.3597,156.6386,327.201
1639.6716,277.4168,142.7625,325.731
1639.824,257.8206,130.9919,327.7695
1639.9764,248.4854,122.801,328.2256
1640.1288,245.8301,127.2018,326.5542
1640.2812,243.1997,120.2532,324.6084
1640.4336,239.7526,110.7567,326.1053
1640.586,237.3506,105.0715,329.6904
1640.7384,235.6347,108.5037,329.5086
1640.8908,232.5069,104.2924,326.123
1641.0432,231.2704,99.7863,320.5991
1641.1956,231.4466,100.9865,319.9398
1641.348,234.6329,108.1457,320.8665
1641.5004,239.3329,124.1275,325.3782
1641.6528,247.1597,129.4127,325.4459
1641.8052,254.973,136.1507,323.6925
1641.9576,262.289,139.1618,324.3055
1642.11,271.4119,147.5633,324.3393
1642.2624,279.3224,154.3224,323.5571
1642.4148,286.9187,163.8399,323.9473
1642.5672,292.8031,169.104,323.9847
1642.7196,298.2504,179.19,323.8493
1642.872,301.8159,181.2536,323.3789
1643.0244,304.7289,181.4852,321.8465
1643.1768,307.3809,176.0105,320.3995
1643.3292,309.713,173.4627,319.4979
1643.4816,311.5303,178.0741,322.8443
1643.634,313.6075,191.2975,324.9114
1643.7864,315.7001,197.0459,324.457
1643.9388,318.4889,204.4788,322.7909
1644.0912,320.3309,202.2047,322.6733
1644.2436,322.2877,201.5519,319.6743
1644.396,324.0656,198.1198,319.7082
1644.5484,320.7212,194.1401,320.4388
1644.7008,312.3612,187.6337,319.7794
1644.8532,298.01,169.2935,321.7324
1645.0056,271.9471,145.6682,320.4031
1645.158,255.8193,121.0322,318.7727
1645.3104,262.8019,115.4734,313.4216
1645.4628,268.6944,120.3374,309.979
1645.6152,277.6985,137.3931,310.1091
1645.7676,282.4801,152.4484,313.4413
1645.92,268.0457,153.7118,316.3422
1646.0724,263.5165,159.6918,315.9841
1646.2248,261.8299,151.6904,320.2428
1646.3772,263.9114,159.0601,322.3632
1646.5296,263.2747,153.038,324.3981
1646.682,263.9318,154.0908,323.2613
1646.8344,264.6965,156.6176,319.4195
1646.9868,262.8766,158.0073,317.0531
1647.1392,265.092,159.9024,315.8522
1647.2916,262.6628,154.533,319.9683
1647.444,260.8886,149.3952,322.488
1647.5964,260.9019,144.7207,320.7132
1647.7488,259.9579,144.1943,317.5378
1647.9012,259.4617,144.6154,315.0218
1648.0536,260.7884,138.8249,315.6561
1648.206,261.3148,134.1925,318.2043
1648.3584,258.5523,128.5073,318.4787
1648.5108,257.9374,124.3381,319.3412
1648.6632,254.6478,115.9155,320.0075
1648.8156,252.7248,101.7656,316.7146
1648.968,256.2451,87.1314,312.8336
1649.1204,259.4673,69.6546,312.4808
1649.2728,264.456,65.0222,315.895
1649.4252,271.0311,57.0208,314.7349
1649.5776,272.7271,61.0215,309.9719
1649.73,272.5245,67.9701,305.5029
1649.8824,268.1761,77.4455,302.8514
1650.0348,261.299,80.3934,301.0535
1650.1872,257.3703,83.8677,301.8891
1650.3396,260.0316,83.0254,304.464
1650.492,264.8913,81.8884,307.0567
1650.6444,271.0697,64.1378,307.5022
1650.7968,273.4556,55.6731,306.148
1650.9492,273.4403,47.3348,302.994
1651.1016,269.5771,49.1035,301.8964
1651.254,267.8219,46.5557,302.9048
1651.4064,269.3606,49.2931,303.68
1651.5588,267.9178,45.8187,303.0652
1651.7112,271.1317,51.5672,301.3867
1651.8636,271.4946,48.3666,300.2107
1652.016,267.8965,50.2195,301.1515
1652.1684,268.9468,48.1771,302.2634
1652.3208,269.1405,49.0614,302.0531
1652.4732,268.8591,50.4512,300.8379
1652.6256,269.364,51.6093,299.309
1652.778,270.8659,52.8095,300.4994
1652.9304,268.4663,54.8941,303.1508
1653.0828,265.7823,54.0939,305.5421
1653.2352,266.3885,55.4836,307.128
1653.3876,264.2667,51.0197,307.9334
1653.54,263.5182,49.9669,307.2705
1653.6924,263.8748,43.9447,304.464
1653.8448,263.0928,40.5336,305.0431
1653.9972,263.834,38.428,310.3532
1654.1496,260.377,36.8066,313.1081
1654.302,257.968,40.2809,312.0282
1654.4544,254.6046,40.2809,304.4195
1654.6068,252.2533,42.8287,301.7591
1654.7592,254.0504,41.2074,301.4972
1654.9116,254.3019,42.8498,302.1315
1655.064,253.9914,41.3548,305.6312
1655.2164,255.9037,41.5864,306.2477
1655.3688,256.5478,39.944,305.9875
1655.5212,259.0685,40.5125,305.2677
1655.6736,259.9142,43.1025,304.5977
1655.826,259.8345,45.4187,307.169
1655.9784,261.0709,50.2827,307.7766
1656.1308,260.5817,49.0825,307.1102
1656.2832,261.6754,46.1346,306.6005
1656.4356,264.4646,42.8077,308.1436
1656.588,263.7551,39.565,309.3447
1656.7404,265.4564,42.0707,310.2997
1656.8928,263.4845,44.808,310.8147
1657.0452,263.3213,50.8302,311.3867
1657.1976,262.7542,50.2195,312.1084
1657.35,262.8794,47.5664,311.8322
1657.5024,265.8239,44.3027,311.5988
1657.6548,265.237,38.8912,311.654
1657.8072,264.9126,35.8591,311.8536
1657.9596,265.5448,36.8066,311.6539
1658.112,261.1238,38.428,311.4224
1658.2644,254.3641,40.323,311.6183
1658.4168,230.9003,40.5546,310.9591
1658.5692,209.5322,50.6617,312.9904
1658.7216,203.6847,63.1482,313.8457
1658.874,205.6044,74.8134,314.0685
1659.0264,212.4117,76.2874,313.5196
1659.1788,217.5926,68.2228,312.9369
1659.3312,215.3932,58.8737,314.2253
1659.4836,211.8727,55.3994,319.334
1659.636,212.3579,60.2424,322.4345
1659.7884,217.3413,68.8123,317.4095
1659.9408,215.731,72.7499,304.4837
1660.0932,211.8433,70.8548,302.8514
1660.2456,209.7656,66.2224,302.103
1660.398,206.3463,65.5275,304.4248
1660.5504,202.6464,67.0015,304.9718
1660.7028,215.3479,74.4134,304.0916
1660.8552,215.1377,82.2253,302.2634
1661.0076,211.834,82.1621,301.7395
1661.16,208.971,69.1914,302.6732
1661.3124,196.1569,54.0308,304.3482
1661.4648,193.5897,53.1043,305.3817
1661.6172,194.9216,62.8323,304.072
1661.7696,194.5948,64.5168,304.4373
1661.922,195.1877,61.2742,306.5614
1662.0744,195.2695,54.3255,306.1123
1662.2268,195.6542,60.2213,305.2213
1662.3792,195.5837,64.6642,304.6013
1662.5316,195.9996,66.7488,304.366
1662.684,191.2952,62.327,305.6133
1662.8364,186.0923,55.7995,305.4245
1662.9888,187.4552,53.7149,305.1857
1663.1412,184.1607,54.5572,305.2088
1663.2936,181.3057,55.252,306.2014
1663.446,183.6167,53.8623,306.041
1663.5984,181.0485,52.1146,306.8749
1663.7508,179.0142,53.5254,305.0254
1663.9032,180.901,54.4519,305.5421
1664.0556,178.0554,55.3783,305.6312
1664.208,178.3977,53.4833,305.4049
1664.3604,180.424,56.4944,306.2727
1664.5128,184.1434,58.3684,308.4431
1664.6652,188.1485,71.1285,310.2463
1664.8176,192.5291,83.2992,309.1094
1664.97,196.2082,88.837,306.8072
1665.1224,194.0373,82.8149,307.5806
1665.2748,193.8727,70.181,310.0325
1665.4272,192.5116,65.7802,310.0503
1665.5796,190.182,63.464,308.9919
1665.732,198.6231,69.9915,307.0122
1665.8844,199.2532,75.1714,308.2862
1666.0368,205.6315,77.0665,311.3048
1666.1892,207.3905,71.0022,312.1476
1666.3416,202.709,67.6332,308.8546
1666.494,213.0166,73.1078,307.6197
1666.6464,221.8531,90.0162,305.9163
1666.7988,232.784,100.1232,303.6212
1666.9512,238.9414,104.1029,302.5235
1667.1036,231.2942,91.7849,304.5264
1667.256,221.7892,87.7421,308.0902
1667.4084,206.5142,74.7081,311.834
1667.5608,193.166,68.3912,311.9569
1667.7132,194.2327,60.9794,311.0304
1667.8656,199.9709,65.8223,308.737
1668.018,208.7668,76.9822,307.8407
1668.1704,217.7492,86.4787,308.9919
1668.3228,220.3115,92.585,308.4431
1668.4752,222.9722,94.059,308.933
1668.6276,227.1656,94.1221,311.9034
1668.78,229.1759,89.953,314.9113
1668.9324,232.6398,91.0058,316.5577
1669.0848,228.1762,92.4798,319.1024
1669.2372,233.3922,94.3327,319.2449
1669.3896,248.3689,93.2588,317.4986
1669.542,258.2547,103.5765,316.6254
1669.6944,264.036,121.6429,323.7318
1669.8468,263.8514,127.5597,332.912
1669.9992,248.0513,115.9366,341.8037
1670.1516,234.6112,102.0394,340.6455
1670.304,232.6799,100.1443,340.7061
1670.4564,232.855,97.1332,337.9192
1670.6088,235.2193,92.5429,337.4719
1670.7612,238.3383,83.4255,338.452
1670.9136,243.6534,77.1717,338.4894
1671.066,250.0581,74.0133,336.4937
1671.2184,254.794,69.3809,335.061
1671.3708,262.6207,65.4223,335.1038
1671.5232,266.4925,63.443,338.158
1671.6756,266.3955,60.8951,342.6413
1671.828,263.5201,62.1585,338.4912
1671.9804,252.3051,62.6218,336.7253
1672.1328,241.9895,70.4969,333.5517
1672.2852,234.1626,83.8466,329.2948
1672.4376,231.5978,96.9437,335.2963
1672.59,235.463,105.282,335.8344
1672.7424,243.1497,116.1471,330.2784
1672.8948,254.5419,128.5283,325.9627
1673.0472,265.7522,142.9309,324.3786
1673.1996,278.103,158.4705,338.0617
1673.352,289.1566,161.25,352.6822
1673.5044,293.1018,170.3042,350.7025
1673.6568,296.8968,161.9659,349.0917
1673.8092,296.503,172.073,350.7809
1673.9616,295.7029,167.0194,348.5464
1674.114,296.2354,166.093,346.2762
1674.2664,297.4214,165.4612,345.4495
1674.4188,298.6002,165.4613,345.0468
1674.5712,299.9593,171.3992,343.019
1674.7236,302.4064,167.0194,340.2749
1674.876,303.3893,171.6519,336.8251
1675.0284,303.8269,172.1993,335.175
1675.1808,304.2159,175.5262,336.4723
1675.3332,304.3006,174.2628,337.0603
1675.4856,304.3858,168.8724,332.7339
1675.638,305.9527,167.1879,329.5532
1675.7904,306.4475,172.2835,329.9256
1675.9428,306.2288,178.811,333.0012
1676.0952,306.3297,184.4963,334.8259
1676.2476,303.4236,180.0955,334.6939
1676.4,303.7039,175.2525,337.0799
1676.5524,305.8033,171.4623,336.982
1676.7048,302.5944,172.452,333.019
1676.8572,305.2434,169.5041,326.7895
1677.0096,304.6533,164.8085,326.5346
1677.162,304.0644,159.9655,326.1943
1677.3144,307.5302,167.5458,325.1038
1677.4668,299.9297,165.0822,321.7128
1677.6192,288.6356,163.8188,326.2602
1677.7716,277.5342,145.2892,334.4801
1677.924,270.0085,135.6033,330.2392
1678.0764,274.0146,141.8781,333.1402
1678.2288,282.9843,160.871,349.6975
1678.3812,293.5227,174.7682,355.364
1678.5336,297.2875,173.1468,348.0564
1678.686,295.5777,170.3674,339.9149
1678.8384,292.9426,168.4723,331.7182
1678.9908,287.8893,164.0715,327.6911
1679.1432,283.5443,163.8399,326.5863
1679.2956,284.9924,165.9456,330.8807
1679.448,286.637,164.3242,334.2485
1679.6004,290.7712,178.4531,335.8451
1679.7528,294.8453,181.8221,334.7474
1679.9052,297.5433,189.6972,331.5756
1680.0576,298.2222,180.664,328.0439
1680.21,300.3623,179.4006,326.7288
1680.3624,300.5461,178.2425,331.4545
1680.5148,301.7502,179.8638,336.654
1680.6672,303.3669,178.3899,336.8322
1680.8196,302.1856,180.0112,337.1975
1680.972,302.7237,168.8934,336.654
1681.1244,302.5892,169.3146,336.2442
1681.2768,303.1605,170.4727,337.2955
1681.4292,302.7214,183.4434,342.5521
1681.5816,303.4573,191.2343,342.333
1681.734,303.7845,190.7711,342.9085
1681.8864,303.5887,187.9916,337.7766
1682.0388,303.5978,181.4641,331.0945
1682.1912,303.1244,179.3796,323.6925
1682.3436,301.9136,172.1993,315.2891
1682.496,300.6933,174.7261,310.6917
1682.6484,299.7218,176.8107,307.4843
1682.8008,297.5705,175.8842,306.6005
1682.9532,298.135,170.6201,301.8571
1683.1056,298.2629,174.7892,306.6112
1683.258,299.4057,184.0751,310.3247
1683.4104,302.5737,195.4456,310.8165
1683.5628,304.36,196.1404,312.3633
1683.7152,305.9124,195.7193,324.4765
1683.8676,304.9645,196.2457,334.0222
1684.02,302.2699,190.6658,342.766
1684.1724,300.4316,183.4224,345.5671
1684.3248,299.3822,177.8424,342.6234
1684.4772,298.3714,178.79,339.4908
1684.6296,300.416,185.8228,335.355
1684.782,300.8807,190.6658,339.8793
1684.9344,299.8606,188.8128,341.1765
1685.0868,301.3535,183.5487,342.1423
1685.2392,301.3955,172.0098,341.3137
1685.3916,300.9352,176.4948,338.7032
1685.544,298.6125,184.6857,335.9235
1685.6964,296.906,193.4873,338.1687
1685.8488,295.6117,189.9078,336.4723
1686.0012,295.137,185.2753,337.8123
1686.1536,287.2048,172.0098,334.4338
1686.306,273.3781,147.2475,330.6134
1686.4584,259.0778,137.372,332.7089
1686.6108,243.3064,125.8542,331.1124
1686.7632,234.9597,132.2974,334.375
1686.9156,235.2951,128.7178,334.8062
1687.068,236.264,131.9605,328.6889
1687.2204,238.6258,138.2774,321.8892
1687.3728,241.6127,136.9088,318.2827
1687.5252,243.9267,144.3417,318.354
1687.6776,245.7477,147.7107,318.1846
1687.83,249.2363,153.5012,311.8143
1687.9824,249.8086,151.185,305.1501
1688.1348,252.2389,139.9198,309.1094
1688.2872,254.2017,139.4987,316.6967
1688.4396,257.9239,139.246,316.793
1688.592,268.1413,153.8381,309.6405
1688.7444,278.1906,163.7346,301.7644
1688.8968,286.8379,170.9149,304.5424
1689.0492,289.838,169.2935,316.9818
1689.2016,288.6808,167.3985,317.659
1689.354,285.6928,166.472,318.3023
1689.5064,277.732,163.0819,316.679
1689.6588,273.4214,149.9427,314.2253
1689.8112,270.5138,146.0473,313.6319
1689.9636,268.24,141.7939,317.9084
1690.116,270.7153,148.5109,319.7617
1690.2684,275.1267,148.3003,323.0065
1690.4208,276.7611,153.6276,325.9091
1690.5732,280.9211,159.2075,324.1986
1690.7256,283.6757,162.6186,320.3853
1690.878,286.6725,169.5462,319.9291
1691.0304,283.5846,161.3342,318.3183
1691.1828,275.6969,150.6797,319.3412
1691.3352,269.2322,121.2007,320.6348
1691.4876,252.2502,99.7442,320.4779
1691.64,251.5079,84.4573,319.8151
1691.7924,256.2984,75.5083,316.989
1691.9448,261.1654,64.959,312.0496
1692.0972,272.0474,54.9993,311.2976
1692.2496,273.7852,49.4404,310.0503
1692.402,272.571,49.0193,310.9323
1692.5544,269.2701,46.3451,308.9811
1692.7068,267.3261,49.1246,307.9334
1692.8592,271.9073,48.7035,307.0122
1693.0116,271.5671,50.8091,307.4309
1693.164,272.1046,51.1671,311.6967
1693.3164,275.0186,48.4297,313.3432
1693.4688,272.6184,49.4826,310.763
1693.6212,273.2523,48.2192,311.8143
1693.7736,273.046,54.3255,309.0168
1693.926,270.491,55.6942,304.366
1694.0784,267.6044,62.8534,303.6212
1694.2308,260.7212,66.0118,302.8693
1694.3832,249.3811,68.6439,304.17
1694.5356,237.9068,70.1178,303.4251
1694.688,224.6982,77.4876,302.3668
1694.8404,213.7211,93.1535,302.7266
1694.9928,206.2941,97.5754,302.4843
1695.1452,199.1446,89.1528,302.3703
1695.2976,187.5358,72.2235,301.3671
1695.45,181.9614,68.1807,303.1312
1695.6024,187.5948,67.9701,310.8735
1695.7548,189.673,68.1807,320.9555
1695.9072,188.0812,57.9051,326.5935
1696.0596,184.1546,54.9572,323.0065
1696.212,184.599,61.948,323.9491
1696.3644,198.2142,89.1107,322.8889
1696.5168,221.664,119.8531,323.1045
1696.6692,227.5923,135.1822,323.5392
1696.8216,224.0575,123.6222,322.2206
1696.974,200.6431,100.6707,320.2036
1697.1264,186.517,79.1932,317.3026
1697.2788,183.7415,77.6982,311.8536
1697.4312,184.5229,75.7399,318.6212
1697.5836,189.7007,74.8976,318.9099
1697.736,189.8936,73.4237,317.0531
1697.8884,189.9775,78.0561,317.1422
1698.0408,190.2061,86.8998,317.9299
1698.1932,187.0841,85.0047,319.9576
1698.3456,184.5429,84.0151,319.7082
1698.498,180.916,77.9087,321.5952
1698.6504,179.3459,73.9712,319.726
1698.8028,179.2985,66.6014,320.2428
1698.9552,178.4947,71.8655,320.0645
1699.1076,181.8984,74.645,324.2217
1699.26,181.1115,71.4865,327.798
1699.4124,183.6497,63.6956,327.2991
1699.5648,182.6374,57.4419,322.1244
1699.7172,183.1519,56.1785,319.8311
1699.8696,183.2235,51.6093,319.4766
1700.022,181.5564,49.3352,319.7723
1700.1744,180.7415,51.0197,320.2784
1700.3268,181.0787,56.5786,322.577
1700.4792,182.1257,65.0011,329.7884
1700.6316,186.2547,82.12,329.0631
1700.784,196.8385,94.6065,328.3326
1700.9364,199.8977,96.7963,328.2987
1701.0888,199.0477,89.1528,330.1501
1701.2412,192.5989,74.1186,328.2987
1701.3936,188.3883,66.2435,323.9313
1701.546,192.9556,60.9794,323.9473
1701.6984,202.5375,68.2228,327.9762
1701.8508,208.2702,82.5411,328.3184
1702.0032,208.0935,89.8898,326.4615
1702.1556,206.2851,88.2053,323.7121
1702.308,201.265,87.7842,324.5016
1702.4604,196.9712,87.3841,318.4199
1702.6128,195.7554,96.8595,304.6796
1702.7652,200.3314,85.6996,300.0538
1702.9176,198.0075,87.9526,306.5614
1703.07,200.5195,79.1089,309.1415
1703.2224,202.0275,85.2153,307.8941
1703.3748,193.4482,77.1086,308.6069
1703.5272,186.4873,76.0557,309.4231
1703.6796,189.7683,79.2142,307.6197
1703.832,198.6393,99.8284,303.3325
1703.9844,241.7727,135.4138,308.051
1704.1368,267.1893,184.3278,310.8343
1704.2892,277.9247,201.1519,309.1683
1704.4416,283.3835,182.2011,308.8207
1704.594,258.1406,141.9202,307.4826
1704.7464,246.8706,112.0201,308.8209
1704.8988,242.9574,99.1757,313.5393
1705.0512,243.6931,80.0144,316.1266
1705.2036,251.996,67.8016,318.7727
1705.356,259.6137,59.3791,315.4673
1705.5084,265.8667,65.317,310.1483
1705.6608,269.1992,83.636,312.1351
1705.8132,267.9189,101.7446,313.8333
1705.9656,259.2347,116.2314,316.3582
1706.118,260.2404,110.9252,316.2833
1706.2704,263.232,95.3434,309.7117
1706.4228,262.3493,76.1821,308.5535
1706.5752,264.9257,65.0643,311.4045
1706.7276,262.8485,61.3373,314.8329
1706.88,262.3207,58.3894,318.7816
1707.0324,263.3083,58.3894,325.731
1707.1848,262.2171,68.6439,327.2278
1707.3372,259.6444,93.701,325.6419
1707.4896,257.9877,116.8631,322.5556
1707.642,255.7406,138.13,330.7025
1707.7944,256.2099,143.1625,330.7025
1707.9468,255.1724,149.0583,323.6462
1708.0992,254.5542,155.7964,320.6704
1708.2516,256.531,158.1336,323.2185
1708.404,259.6101,164.7453,331.1016
1708.5564,263.4524,157.7967,333.8564
1708.7088,266.2427,158.2389,338.8048
1708.8612,269.2733,159.4181,338.9171
1709.0136,272.5971,167.4827,340.1287
1709.166,274.4495,179.0426,341.0197
1709.3184,274.8508,179.6743,338.632
1709.4708,272.9604,183.1487,334.2128
1709.6232,267.7291,178.5162,335.2178
1709.7756,257.0125,166.7457,333.2328
1709.928,244.3168,138.7828,334.0525
1710.0804,238.1048,113.5572,332.3365
1710.2328,239.4639,105.3242,328.0652
1710.3852,246.1578,114.589,323.6462
1710.5376,251.3817,119.2214,318.5678
1710.69,253.5875,107.6404,313.8992
1710.8424,247.9983,89.5108,312.3631
1710.9948,245.6196,78.0982,313.7744
1711.1472,243.8246,76.6243,314.7189
1711.2996,243.1577,74.3291,317.7142
1711.452,242.8754,70.918,321.8642
1711.6044,241.9405,69.6546,321.9534
1711.7568,240.5635,77.0244,317.6554
1711.9092,239.4459,89.2792,314.8257
1712.0616,242.4227,94.9223,316.8571
1712.214,248.1868,90.0793,319.89
1712.3664,249.7841,86.7103,318.8172
1712.5188,254.5711,83.236,320.0824
1712.6712,254.9052,83.236,322.2616
1712.8236,254.1276,79.0247,328.0831
1712.976,256.0794,80.1828,332.5521
1713.1284,256.0603,93.8695,329.7225
1713.2808,257.5919,110.0829,318.8172
1713.4332,257.1315,118.337,313.5196
1713.5856,254.2184,108.8616,313.222
1713.738,250.4915,100.4391,311.6379
1713.8904,248.547,100.2285,313.4537
1714.0428,248.8292,106.9666,315.9502
1714.1952,251.7689,109.9145,314.1487
1714.3476,255.3302,109.4933,309.9719
1714.5,256.6948,114.5258,305.738
1714.6524,257.2867,116.2103,302.0139
1714.8048,259.5874,123.1589,307.912
1714.9572,263.1181,129.4969,309.9078
1715.1096,265.497,138.9723,308.1686
1715.262,265.1931,144.7839,311.2263
1715.4144,263.9663,141.836,313.2756
1715.5668,262.6175,146.7632,317.659
1715.7192,261.6698,148.1108,320.8129
1715.8716,261.7728,157.4598,317.5343
1716.024,263.3877,151.2692,312.6875
1716.1764,266.2155,148.9951,312.0103
1716.3288,266.7387,150.1743,311.5827
1716.4812,269.0308,160.9973,307.0318
1716.6336,272.6405,171.2728,305.4174
1716.786,276.4542,176.9581,306.6789
1716.9384,281.0971,172.8731,310.0681
1717.0908,283.6885,179.2743,312.7409
1717.2432,285.7014,179.4848,313.6569
1717.3956,287.3006,186.2229,307.4666
1717.548,290.0981,179.5059,304.3304
1717.7004,292.8854,181.401,304.1309
1717.8528,294.3814,176.7685,307.1458
1718.0052,286.4873,169.9252,316.5577
1718.1576,271.127,154.7014,302.4059
1718.31,272.0774,147.7528,300.2141
1718.4624,280.8168,150.4902,298.7708
1718.6148,284.6123,152.4484,299.3482
1718.7672,285.3149,151.8167,306.5221
1718.9196,263.4323,156.8492,317.3917
1719.072,245.9347,152.0062,317.2848
1719.2244,238.9617,146.1104,316.8571
1719.3768,236.742,124.8013,313.4359
1719.5292,236.5029,117.221,311.3689
1719.6816,236.1913,110.0619,312.9369
1719.834,235.6271,110.3356,313.0296
1719.9864,234.9601,107.3666,309.8721
1720.1388,234.9073,109.2617,309.6191
1720.2912,234.4213,108.2089,309.2663
1720.4436,233.726,108.2299,310.4958
1720.596,233.9368,106.756,318.165
1720.7484,233.9413,106.3349,323.7709
1720.9008,232.1287,103.8081,324.4961
1721.0532,231.3414,99.5968,324.4659
1721.2056,235.4803,105.0715,323.9135
1721.358,241.1619,120.8638,322.3596
1721.5104,249.0781,144.447,319.6904
1721.6628,255.2214,155.3963,315.9127
1721.8152,257.7883,164.3453,309.3838
1721.9676,261.5757,159.2917,307.8586
1722.12,265.4716,172.3467,307.9726
1722.2724,271.7749,175.1893,309.6227
1722.4248,272.5765,187.402,311.2976
1722.5772,272.0957,188.3075,312.6375
1722.7296,271.7845,192.0274,307.4843
1722.882,271.8929,184.026,308.4466
1723.0344,274.8994,178.6987,308.9919
1723.1868,277.7458,177.5055,308.1971
1723.3392,278.529,181.2957,303.5428
1723.4916,279.9383,187.402,306.1479
1723.644,280.7792,191.1922,311.9516
1723.7964,282.563,195.614,315.9662
1723.9488,285.4696,184.2436,313.418
1724.1012,284.841,183.6119,315.6169
1724.2536,284.4637,181.5062,316.1266
1724.406,285.12,196.0352,317.5182
1724.5584,285.7563,194.5612,318.0332
1724.7108,288.8227,199.7621,316.6254
1724.8632,290.9962,193.8664,315.8129
1725.0156,290.0783,190.0762,317.3382
1725.168,282.3374,178.1372,317.3739
1725.3204,271.2087,159.9445,313.9313
1725.4728,256.1984,140.7832,309.9078
1725.6252,244.976,113.6204,314.6298
1725.7776,239.8304,101.2813,325.1429
1725.93,239.2595,89.4898,335.061
1726.0824,240.7433,91.3848,333.3219
1726.2348,239.506,86.963,329.9006
1726.3872,241.5303,83.1728,326.4081
1726.5396,244.7318,73.908,332.4345
1726.692,245.7898,68.2017,343.1045
1726.8444,250.3042,64.6221,349.4481
1726.9968,250.4791,71.7813,346.1694
1727.1492,250.5327,73.2763,339.5586
1727.3016,251.6829,73.3605,333.1972
1727.454,249.3911,71.8866,327.6377
1727.6064,247.146,74.4134,324.0916
1727.7588,243.8721,80.6671,321.1337
1727.9112,243.5641,83.8256,320.9911
1728.0636,242.8757,86.984,323.6141
1728.216,243.4267,90.332,327.9227
1728.3684,245.384,105.7032,330.1323
1728.5208,250.2563,125.8542,330.1412
1728.6732,254.8444,154.4909,326.4081
1728.8256,258.3919,170.4938,321.2584
1728.978,262.9299,177.9267,319.8864
1729.1304,264.9072,185.3175,324.4961
1729.2828,266.0236,184.0541,329.7296
1729.4352,268.2497,186.3878,328.0475
1729.5876,268.9176,171.6273,331.4688
1729.74,270.5319,176.0491,328.5143
1729.8924,272.8741,174.8524,329.8472
1730.0448,275.2243,184.5384,329.4374
1730.1972,277.2317,184.3278,331.9677
1730.3496,277.7017,187.402,330.5421
1730.502,279.4775,184.4541,328.0047
1730.6544,278.5712,179.4006,328.1365
1730.8068,274.1688,173.5048,328.1722
1730.9592,267.8835,170.7675,327.0639
1731.1116,268.1028,177.0844,326.4616
1731.264,269.7156,183.8224,326.5151
1731.4164,272.4937,182.7696,328.3682
1731.5688,277.2192,177.7161,323.5161
1731.7212,272.782,172.1783,323.6105
1731.8736,270.6406,171.7571,322.4166
1732.026,268.7757,173.0205,323.0404
1732.1784,268.64,174.7682,322.8889
1732.3308,265.1921,182.8328,322.2919
1732.4832,262.7739,175.0419,320.118
1732.6356,257.9157,170.4095,317.659
1732.788,250.7022,159.6076,318.8904
1732.9404,245.3197,150.1322,314.5942
1733.0928,240.0203,146.1315,312.6341
1733.2452,236.5588,137.9405,317.1244
1733.3976,239.6053,148.6793,321.4973
1733.55,244.1034,147.4159,321.294
1733.7024,247.3948,153.438,319.2092
1733.8548,244.1894,153.6486,318.8528
1734.0072,240.4091,144.3838,319.53
1734.1596,236.5184,129.0758,324.4124
1734.312,228.9319,112.6518,329.8828
1734.4644,225.1278,103.8923,331.5578
1734.6168,221.8839,97.5754,328.1009
1734.7692,223.2666,91.8902,323.2007
1734.9216,224.4886,84.0151,324.6263
1735.074,236.4615,80.8566,329.1701
1735.2264,242.8447,74.7503,328.6354
1735.3788,239.7946,77.9929,325.3925
1735.5312,239.1563,82.4148,321.8108
1735.6836,229.6955,83.257,321.4544
1735.836,221.9079,82.5622,324.5727
1735.9884,223.3042,89.0897,325.8023
1736.1408,224.595,100.5865,322.3098
1736.2932,228.8974,118.6739,324.1095
1736.4456,231.5662,119.0951,322.7418
1736.598,228.366,112.1464,320.3497
1736.7504,226.3834,97.8281,321.6682
1736.9028,225.833,93.1746,320.1715
1737.0552,228.8968,96.6279,319.8864
1737.2076,234.4143,107.9141,321.7752
1737.36,239.982,121.4112,324.9114
1737.5124,243.7707,137.6457,320.6704
1737.6648,250.6026,152.4695,317.0531
1737.8172,256.8111,167.9249,307.6626
1737.9696,260.9035,176.9581,306.2673
1738.122,266.5684,180.4324,305.4886
1738.2744,269.7967,185.1911,305.738
1738.4268,271.1407,185.886,305.9697
1738.5792,271.4497,184.5173,308.892
1738.7316,272.1125,176.7264,310.952
1738.884,272.3347,174.7682,308.892
1739.0364,273.3265,182.3906,308.0545
1739.1888,275.5028,184.2857,313.7567
1739.3412,276.048,187.2336,323.3076
1739.4936,276.605,180.8746,328.9919
1739.646,275.4157,184.8753,330.1323
1739.7984,275.7023,181.7168,333.7495
1739.9508,276.8022,187.402,333.7281
1740.1032,277.8071,189.5077,337.3668
1740.2556,281.008,189.7182,339.9684
1740.408,283.5925,188.0337,347.8444
1740.5604,286.3997,178.5583,340.0218
1740.7128,288.486,181.7168,340.1288
1740.8652,289.3345,180.8746,346.7823
1741.0176,290.3217,187.4652,341.5721
1741.17,287.3159,183.8856,345.5671
1741.3224,286.7021,182.8328,343.5856
1741.4748,284.2529,181.0851,343.4431
1741.6272,282.4396,180.4534,338.9883
1741.7796,280.0826,181.9274,341.1444
1741.932,275.5349,179.8217,341.5881
1742.0844,274.3764,176.4527,342.374
1742.2368,272.5784,178.1372,341.8928
1742.3892,270.8348,176.4527,337.2064
1742.5416,263.4727,173.7154,338.746
1742.694,241.5709,147.7107,339.4517
1742.8464,223.64,123.917,337.3668
1742.9988,209.3039,106.2296,339.6833
1743.1512,205.4961,106.9666,342.1066
1743.3036,217.0819,118.9266,348.771
1743.456,231.2558,133.9187,347.7197
1743.6084,240.9534,147.3949,347.2564
1743.7608,244.7248,156.1964,347.3454
1743.9132,246.0439,155.9438,345.4923
1744.0656,245.104,157.0176,343.4252
1744.218,245.5084,155.8385,343.158
1744.3704,244.5788,160.0287,340.2357
1744.5228,244.7585,155.8595,338.5607
1744.6752,244.8142,155.4384,341.7254
1744.8276,242.1587,157.7546,344.0905
1744.98,237.0902,161.271,339.9612
1745.1324,234.7159,155.9227,336.1729
1745.2848,236.2401,155.9438,334.4445
1745.4372,240.6844,162.0501,334.4801
1745.5896,252.2287,174.5576,333.689
1745.742,264.6725,177.295,334.3019
1745.8944,284.7003,174.8524,334.1238
1746.0468,333.5936,166.4299,328.5642
1746.1992,373.2908,155.4805,326.3368
1746.3516,388.3954,138.3406,326.2656
1746.504,385.4698,135.1821,324.1273
1746.6564,358.1049,142.215,327.2599
1746.8088,310.557,162.6748,330.56
1746.9612,282.9931,164.0645,331.9499
1747.1136,260.9127,146.0823,329.1024
1747.266,249.6565,122.8852,324.3767
1747.4184,244.9466,107.1771,321.6682
1747.5708,242.2684,99.5968,325.428
1747.7232,242.8552,101.0708,332.8265
1747.8756,243.0783,104.2292,335.1216
1748.028,243.7684,110.7567,332.4131
1748.1804,244.1411,105.9137,332.2706
1748.3328,244.0777,99.8074,332.6109
1748.4852,244.7912,97.07,334.2128
1748.6376,246.9311,94.7538,334.9613
1748.79,248.5626,97.7017,342.8194
1748.9424,248.173,101.913,344.5283
1749.0948,245.7787,109.0722,348.575
1749.2472,239.8264,114.3363,349.1148
1749.3996,232.9222,117.0736,339.4695
1749.552,230.2669,119.1793,336.5507
1749.7044,231.0441,125.2856,339.1487
1749.8568,235.3418,126.9701,343.0154
1750.0092,239.2528,137.9195,342.5093
1750.1616,243.9333,146.1315,342.5343
1750.314,251.4849,166.1351,340.3532
1750.4664,257.8608,175.6104,338.8636
1750.6188,262.677,177.7161,336.761
1750.7712,267.8929,174.9788,337.0799
1750.9236,271.383,172.452,340.3426
1751.076,275.0443,179.6112,340.9413
1751.2284,274.7595,177.7161,340.3336
1751.3808,274.0383,180.8746,336.9035
1751.5332,272.9164,173.8733,335.3747
1751.6856,267.9391,175.7684,333.6694
1751.838,257.4364,162.924,331.2549
1751.9904,245.7108,142.3413,334.1202
1752.1428,229.6997,121.7692,338.9349
1752.2952,218.0908,105.9769,335.5671
1752.4476,215.893,105.7663,330.494
1752.6,217.3476,99.8074,333.0903
1752.7524,220.4063,104.2292,336.8678
1752.9048,227.3696,109.9145,330.8451
1753.0572,228.6591,112.4412,327.0139
1753.2096,230.0989,108.0194,326.5507
1753.362,232.1355,103.5554,331.7895
1753.5144,232.4178,105.8716,338.6141
1753.6668,235.0976,109.0301,341.5364
1753.8192,238.2549,116.6736,334.2662
1753.9716,238.6627,119.4109,329.7938
1754.124,242.0361,125.9384,331.7716
1754.2764,243.473,129.918,334.0525
1754.4288,243.5839,137.0772,336.1195
1754.5812,246.5938,149.8795,343.2471
1754.7336,250.914,154.7225,346.0268
1754.886,254.0886,159.9866,341.0732
1755.0384,256.3835,157.4388,340.4316
1755.1908,257.8276,157.0176,339.2378
1755.3432,258.9504,164.5979,342.1779
1755.4956,259.8762,165.7561,343.8886
1755.648,260.196,169.5462,342.7303
1755.8004,261.3783,167.6511,339.0204
1755.9528,261.9083,176.916,339.027
1756.1052,263.824,175.6526,340.5885
1756.2576,265.6059,179.0216,340.2001
1756.41,267.4576,172.8731,337.7589
1756.5624,268.6042,177.5055,333.5891
1756.7148,268.6797,170.3463,327.2991
1756.8672,269.1035,167.8196,327.2812
1757.0196,269.0226,166.9773,331.1801
1757.172,270.8883,171.8203,339.7367
1757.3244,272.0497,182.7696,337.3935
1757.4768,273.3734,184.033,332.7339
1757.6292,274.5061,185.3315,328.4751
1757.7816,274.4764,177.0353,329.5086
1757.934,276.0345,178.9303,337.6092
1758.0864,277.2311,186.0544,336.1586
1758.2388,279.0487,196.0352,332.5913
1758.3912,281.7708,196.6879,330.4744
1758.5436,283.0267,192.0731,331.1837
1758.696,286.3285,196.916,333.5321
1758.8484,284.3766,198.1584,333.2328
1759.0008,286.5695,197.2986,333.0546
1759.1532,287.0106,186.4124,332.7695
1759.3056,287.8293,184.7279,333.5126
1759.458,289.2916,183.2539,334.7474
1759.6104,289.0988,192.245,334.7117
1759.7628,286.0389,191.8239,334.5871
1759.9152,280.2653,192.7293,332.3775
1760.0676,273.512,177.3581,331.4545
1760.22,273.762,170.4095,329.9185
1760.3724,277.6094,176.0316,335.0681
1760.5248,281.2991,187.6126,338.1865
1760.6772,288.0794,200.8781,338.9171
1760.8296,290.9546,207.1951,337.634
1760.982,308.0263,214.3542,334.1202
1761.1344,314.7192,223.4085,337.4915
1761.2868,306.4998,212.8803,335.4988
1761.4392,292.5348,196.351,332.4131
1761.5916,270.7852,163.503,333.3932
1761.744,257.5255,140.9726,333.8208
1761.8964,254.0397,122.9694,331.932
1762.0488,251.7526,120.2321,323.5571
1762.2012,248.7885,120.4427,320.7773
1762.3536,247.5992,118.337,323.9669
1762.506,248.6772,116.6525,327.709
1762.6584,251.527,124.0222,326.7823
1762.8108,252.0956,131.392,324.4301
1762.9632,249.7635,148.0266,324.6084
1763.1156,249.462,157.5019,327.3169
1763.268,248.3454,177.9266,327.103
1763.4204,250.1094,183.5908,330.453
1763.5728,258.0018,190.1183,331.736
1763.7252,263.2556,186.6019,328.5241
1763.8776,269.6707,186.4124,327.2991
1764.03,274.5062,185.8018,331.8251
1764.1824,276.8711,184.2646,329.1879
1764.3348,278.2403,189.0865,328.1901
1764.4872,282.7008,192.8556,327.4238
1764.6396,285.6095,197.1722,333.5536
1764.792,288.071,196.9827,335.9769
1764.9444,291.7189,194.3717,335.8344
1765.0968,300.815,194.6876,334.0703
1765.2492,327.7338,186.5387,334.0525
1765.4016,361.2324,173.9891,335.1216
1765.554,365.1923,158.1968,337.3312
1765.7064,356.6247,158.4284,337.2776
1765.8588,327.129,161.1658,335.7988
1766.0112,300.9627,170.4306,341.3938
1766.1636,287.0673,175.1893,345.5279
1766.316,289.9293,181.9274,343.1937
1766.4684,293.8515,186.9809,336.2799
1766.6208,297.4514,186.8546,322.7713
1766.7732,298.0448,180.9588,323.0404
1766.9256,297.9342,182.6433,323.2007
1767.078,299.2651,183.1908,323.2898
1767.2304,300.5134,192.3924,319.8116
1767.3828,301.535,189.4445,317.0888
1767.5352,304.2514,185.8649,317.3917
1767.6876,304.9909,179.8217,318.1223
1767.84,306.806,183.1908,320.3015
1767.9924,312.1843,185.7175,323.8778
1768.1448,317.6161,186.5598,324.056
1768.2972,326.955,176.6633,321.508
1768.4496,344.0336,164.4506,318.7531
1768.602,357.0453,149.5005,316.8037
1768.7544,331.3145,125.4962,317.1779
1768.9068,300.9918,103.387,319.4979
1769.0592,243.6324,84.6468,321.1337
1769.2116,216.6557,88.858,316.3939
1769.364,212.8093,97.7017,313.9705
1769.5164,215.6464,115.8102,312.0638
1769.6688,221.0147,117.7053,314.1308
1769.8212,224.0187,113.2835,318.5855
1769.9736,228.4622,100.8602,323.2221
1770.126,231.0816,96.4383,318.4966
1770.2784,233.9627,92.8588,323.7353
1770.4308,237.4465,85.0679,322.5414
1770.5832,240.1167,92.8588,317.3204
1770.7356,244.3409,109.2407,315.0158
1770.888,247.5656,140.8253,316.2442
1771.0404,250.2383,153.1854,319.8686
1771.1928,252.0614,154.4909,323.7175
1771.3452,252.5401,154.912,323.2898
1771.4976,254.4531,159.3128,318.6034
1771.65,256.2318,167.9669,321.0802
1771.8024,260.1201,171.7571,323.2185
1771.9548,265.3785,174.305,330.4744
1772.1072,269.746,178.7057,334.1059
1772.2596,273.0204,178.3478,336.2799
1772.412,276.0406,182.2011,336.7076
1772.5644,278.6477,181.2746,331.0625
1772.7168,280.1616,181.6326,332.3062
1772.8692,281.8252,179.8638,333.6248
1773.0216,283.3111,183.7382,330.5956
1773.174,284.2602,181.422,330.1501
1773.3264,285.9317,183.275,329.8864
1773.4788,287.8319,191.2764,323.6818
1773.6312,286.1942,205.1736,322.0068
1773.7836,287.038,205.7211,327.3525
1773.936,286.2411,192.224,337.0407
1774.0884,288.0196,175.3788,343.6748
1774.2408,292.8611,176.6422,343.2471
1774.3932,294.4148,181.2957,330.9876
1774.5456,293.9586,185.9281,319.6384
1774.698,286.1628,173.2942,313.2578
1774.8504,282.2343,164.0084,312.716
1775.0028,283.1188,169.6936,315.0396
1775.1552,285.8476,181.9063,313.5072
1775.3076,290.8628,188.0337,310.2819
1775.46,304.3437,188.6654,311.3867
1775.6124,315.4115,190.7711,316.8518
1775.7648,338.0693,205.0894,319.8151
1775.9172,365.8364,211.8275,318.247
1776.0696,351.0153,195.1929,314.3625
1776.222,319.9988,157.2914,311.1088
1776.3744,274.8352,111.1568,315.1465
1776.5268,235.1588,96.1541,323.1116
1776.6792,219.8938,92.7851,327.1387
1776.8316,221.0895,110.4935,326.5935
1776.984,226.3571,116.6525,324.8757
1777.1364,231.4809,136.4455,324.7902
1777.2888,234.7493,141.4991,325.1429
1777.4412,239.4184,150.9744,320.2624
1777.5936,241.5674,146.342,319.8151
1777.746,242.7817,145.9209,320.2071
1777.8984,244.714,147.816,315.8914
1778.0508,244.9474,149.9216,319.3019
1778.2032,246.653,146.7632,324.252
1778.3556,247.1361,138.9723,325.1822
1778.508,248.0276,143.1836,324.2698
1778.6604,247.924,144.2364,322.1315
1778.8128,245.1323,144.6575,323.4965
1778.9652,244.8795,135.8138,321.6504
1779.1176,245.8698,146.693,320.2249
1779.27,246.8859,149.8514,319.4587
1779.4224,249.9542,161.7483,322.9156
1779.5748,250.6235,160.3445,328.9384
1779.7272,251.5407,166.2404,329.9006
1779.8796,253.8924,163.6083,328.4751
1780.032,257.0601,166.7668,327.7499
1780.1844,259.5803,176.4527,325.9627
1780.3368,261.6902,183.9488,325.8201
1780.4892,264.2737,181.6326,327.8692
1780.6416,266.687,181.422,328.5927
1780.794,269.3973,186.7703,328.6533
1780.9464,271.8739,191.4238,328.6354
1781.0988,272.9151,190.5816,330.4174
1781.2512,273.8318,187.002,334.5871
1781.4036,272.7112,185.8439,332.7161
1781.556,272.1347,180.5798,329.1611
1781.7084,272.8573,181.422,328.2969
1781.8608,273.8894,188.8339,328.7246
1782.0132,275.1795,198.9409,328.386
1782.1656,274.4393,194.7297,327.7802
1782.318,273.9789,187.402,333.3219
1782.4704,272.1218,185.8649,333.0903
1782.6228,270.6154,192.3924,332.7339
1782.7752,269.9381,185.6543,328.5642
1782.9276,266.3291,181.2957,329.3483
1783.08,264.3651,178.7689,328.7424
1783.2324,256.0841,184.2436,327.7624
1783.3848,255.2278,186.3492,329.7225
1783.5372,257.9267,190.9816,324.8401
1783.6896,261.3972,206.1422,322.9477
1783.842,268.1538,210.143,325.731
1783.9944,269.584,205.0894,323.2898
1784.1468,270.0731,192.6661,322.2563
1784.2992,271.4803,184.033,323.5749
1784.4516,278.7962,183.8224,324.2698
1784.604,288.2825,197.7197,322.7517
1784.7564,306.9312,207.8268,322.3098
1784.9088,322.391,223.619,322.8301
1785.0612,333.035,217.5127,324.1095
1785.2136,352.6581,208.2479,323.4377
1785.366,353.2906,172.8731,325.0058
1785.5184,323.4137,147.1843,325.3212
1785.6708,296.7237,143.0362,325.3925
1785.8232,260.2829,154.6172,326.3974
1785.9756,235.4869,159.4602,326.123
1786.128,236.4188,154.3435,328.9651
1786.2804,237.3783,147.8371,327.1743
1786.4328,237.4149,152.68,322.0068
1786.5852,235.0245,152.68,315.7345
1786.7376,235.6059,154.7646,317.6234
1786.89,238.09,151.185,321.5364
1787.0424,258.406,160.4709,324.2698
1787.1948,264.491,158.5758,322.4166
1787.3472,263.2711,155.2068,322.2028
1787.4996,264.7844,132.6554,324.8401
1787.652,242.7348,121.0743,325.9983
1787.8044,239.8294,128.4441,324.6084
1787.9568,250.6015,126.549,322.0781
1788.1092,253.7876,118.9687,323.3397
1788.2616,263.7769,84.8994,322.6929
1788.414,274.2926,68.4754,320.4779
1788.5664,273.9337,57.3155,317.3205
1788.7188,276.5386,55.7995,317.7125
1788.8712,278.2428,55.5889,323.1651
1789.0236,276.854,54.6835,320.3141
1789.176,274.3863,59.9476,317.9619
1789.3284,271.5782,64.1589,317.6234
1789.4808,270.0645,67.5911,316.0375
1789.6332,271.6789,65.4854,316.1801
1789.7856,273.2454,63.3798,310.9056
1789.938,275.5551,65.2749,304.7224
1790.0904,274.8454,72.0129,309.783
1790.2428,273.4818,72.3077,317.3561
1790.3952,272.5944,71.676,317.3382
1790.5476,271.8134,60.5161,315.1465
1790.7,271.7395,56.5786,311.2798
1790.8524,269.8231,58.2631,312.4915
1791.0048,267.7048,71.6971,316.5542
1791.1572,268.4681,90.2899,317.8253
1791.3096,265.7859,98.7335,313.3467
1791.462,262.4888,113.9362,305.9697
1791.6144,255.2988,120.8217,296.0356
1791.7668,246.6756,142.6993,298.7887
1791.9192,241.1774,154.0697,300.9982
1792.0716,240.6891,163.3346,301.711
1792.224,241.3286,164.3874,303.092
1792.3764,241.4476,163.124,302.0317
1792.5288,241.1855,164.5137,302.5663
1792.6812,241.6392,162.8292,307.1636
1792.8336,242.7469,158.8285,314.9861
1792.986,244.927,162.766,312.7231
1793.1384,247.8996,163.3977,311.6896
1793.2908,248.2603,173.3574,315.9662
1793.4432,250.4638,175.6736,311.1017
1793.5956,253.2075,187.2547,308.5356
1793.748,256.9604,189.7183,308.3842
1793.9004,262.2349,189.0865,307.7338
1794.0528,265.4982,195.1929,318.2648
1794.2052,269.0095,197.5091,316.768
1794.3576,271.4525,208.0373,313.0688
1794.51,270.2068,204.6051,313.0082
1794.6624,271.1247,205.0262,314.2199
1794.8148,273.2581,207.3425,313.222
1794.9672,273.2474,202.3521,316.1069
1795.1196,276.2022,205.0894,317.6412
1795.272,276.8869,201.7204,321.5364
1795.4244,277.151,206.5634,324.1095
1795.5768,277.2962,211.4063,323.1116
1795.7292,270.5156,215.5334,317.6768
1795.8816,259.6981,210.0587,316.8927
1796.034,247.7524,185.8439,317.3026
1796.1864,239.2174,152.8695,320.2249
1796.3388,236.669,131.6026,322.9869
1796.4912,240.1718,134.5504,326.034
1796.6436,244.8692,156.028,327.8515
1796.796,248.2854,178.7689,327.3525
1796.9484,259.2856,193.0452,325.0718
1797.1008,258.6381,198.5198,325.5706
1797.2532,257.2074,194.5191,326.2299
1797.4056,258.9857,187.1915,330.061
1797.558,254.1181,184.6647,336.4723
1797.7104,259.4631,185.9281,340.7094
1797.8628,263.9821,193.5084,339.6298
1798.0152,265.1547,190.9816,339.9328
1798.1676,267.7106,198.3303,339.8614
1798.32,268.7494,201.7836,333.5179
1798.4724,269.9738,202.4153,328.9563
1798.6248,271.8509,192.9188,326.6932
1798.7772,273.137,180.2007,321.2406
1798.9296,274.8228,181.6747,318.4608
1799.082,275.857,193.4873,315.1857
1799.2344,277.8993,197.4881,316.679
1799.3868,279.438,204.6051,318.9954
1799.5392,281.4185,206.9424,313.6497
1799.6916,281.8996,218.1023,308.3842
1799.844,284.0916,214.1647,305.4174
1799.9964,286.6129,200.2675,307.5556
1800.1488,291.9205,195.972,307.4487
1800.3012,293.9968,191.5291,309.2663
1800.4536,293.3874,193.6348,304.7384
1800.606,293.0799,182.517,300.8735
1800.7584,296.0347,179.7796,301.2299
1800.9108,315.9138,177.1897,304.4836
1801.0632,353.3858,163.5451,304.7758
1801.2156,360.6172,149.0162,306.9142
1801.368,349.9885,138.3617,304.6511
1801.5204,320.6193,143.0116,305.4174
1801.6728,276.5793,145.9595,305.7025
1801.8252,257.6457,153.3082,303.1543
1801.9776,260.9981,145.4998,302.887
1802.13,262.6652,155.3963,305.845
1802.2824,261.3397,158.7021,305.7382
1802.4348,253.4726,183.1276,302.4238
1802.5872,249.1151,190.2868,301.5239
1802.7396,253.6076,190.7711,305.6846
1802.892,256.852,188.876,308.999
1803.0444,256.8678,182.7696,325.2499
1803.1968,248.8506,181.0851,331.6292
1803.3492,247.1422,174.9788,336.7859
1803.5016,253.786,161.9238,336.1373
1803.654,259.9076,146.7632,332.1458
1803.8064,264.1885,128.4441,331.3172
1803.9588,261.3383,120.8638,325.0718
1804.1112,255.9948,117.9159,323.5357
1804.2636,251.3739,126.1279,323.468
1804.416,246.1395,138.3406,322.5236
1804.5684,242.5679,153.2907,323.4573
1804.7208,242.2203,159.8181,323.2007
1804.8732,245.3983,161.9238,322.6929
1805.0256,250.1094,166.2053,323.3611
1805.178,256.4259,171.0482,322.0068
1805.3304,281.5095,176.5229,323.9135
1805.4828,323.5608,173.2942,326.6131
1805.6352,335.0157,160.6604,330.8628
1805.7876,335.4918,145.9209,324.1986
1805.94,302.5796,133.2871,320.7132
1806.0924,278.3593,119.6004,322.2919
1806.2448,273.2393,107.8088,324.1986
1806.3972,278.4866,92.4376,330.1857
1806.5496,281.8972,94.9644,324.1986
1806.702,279.1255,100.0179,324.4177
1806.8544,278.3726,103.1764,323.86
1807.0068,271.9865,93.701,319.1202
1807.1592,272.1362,78.1193,313.0616
1807.3116,277.1208,70.1178,311.9926
1807.464,277.9497,65.9066,312.4558
1807.6164,273.3016,75.2556,316.205
1807.7688,266.2747,84.3099,316.0731
1807.9212,262.1463,85.7838,317.267
1808.0736,260.6268,72.6446,317.7659
1808.226,264.2991,54.3466,314.5229
1808.3784,268.7359,47.6085,312.9904
1808.5308,267.5478,46.3451,314.8079
1808.6832,268.0291,49.6931,313.1865
1808.8356,268.9792,49.8616,312.6162
1808.988,267.8834,55.5468,309.5602
1809.1404,268.1281,61.8637,309.1059
1809.2928,269.3249,61.8637,312.0103
1809.4452,271.0739,53.4412,311.9034
1809.5976,272.8235,48.3876,315.0218
1809.75,274.4579,58.958,315.1821
1809.9024,271.1684,81.4251,313.6141
1810.0548,266.6775,112.3781,316.9106
1810.2072,263.6903,132.8028,321.5168
1810.3596,258.3694,145.9209,324.8222
1810.512,251.7924,152.4484,317.6234
1810.6644,248.0911,159.9024,315.6098
1810.8168,241.5723,167.9038,320.7416
1810.9692,242.0997,172.3256,327.798
1811.1216,244.685,179.6989,335.4245
1811.274,247.0194,182.2257,333.5357
1811.4264,249.2287,179.6989,331.0589
1811.5788,250.8634,186.5598,324.9862
1811.7312,252.4048,193.0873,320.0111
1811.8836,254.5128,203.1944,311.9516
1812.036,256.3776,200.457,310.8735
1812.1884,257.9411,199.8253,312.8122
1812.3408,258.5789,195.1929,314.1308
1812.4932,257.9946,193.5084,313.2256
1812.6456,257.2769,182.7696,314.9327
1812.798,258.3267,180.9447,315.4851
1812.9504,259.5586,182.9451,317.5378
1813.1028,264.1185,193.6839,318.1579
1813.2552,269.3986,194.0348,318.5963
1813.4076,272.4712,188.876,319.8863
1813.56,270.6888,183.6119,328.5536
1813.7124,262.3574,180.0323,324.6618
1813.8648,272.6463,179.6322,326.5863
1814.0172,292.9291,179.8428,325.7506
1814.1696,303.8544,167.6301,322.577
1814.322,305.6055,145.7103,324.0382
1814.4744,289.0203,135.6033,327.4167
1814.6268,265.0476,140.2357,320.3675
1814.7792,259.8684,143.5872,317.5877
1814.9316,256.6283,128.7424,311.5988
1815.084,263.3222,105.3698,307.1992
1815.2364,268.5316,87.6999,304.8115
1815.3888,272.9728,79.3827,306.7003
1815.5412,276.3203,74.3291,311.8536
1815.6936,273.5964,69.065,320.7416
1815.846,275.153,63.2534,319.1913
1815.9984,276.6104,63.2535,313.8101
1816.1508,277.3311,64.3063,317.0353
1816.3032,279.7597,72.0129,322.7017
1816.4556,271.4347,91.3848,324.3411
1816.608,262.7081,121.0743,322.88
1816.7604,256.4682,146.9527,319.3875
1816.9128,251.6605,161.6922,313.5428
1817.0652,253.8171,168.2197,306.237
1817.2176,251.6886,167.0616,300.232
1817.37,249.2063,151.2692,290.8592
1817.5224,244.1085,136.5087,291.7145
1817.6748,240.5787,120.0005,295.8485
1817.8272,240.0843,115.9998,303.2968
1817.9796,241.5462,104.6504,307.0745
1818.132,243.7729,103.5975,305.0075
1818.2844,244.6617,111.6832,303.3325
1818.4368,242.9894,127.8966,306.5578
1818.5892,242.0084,141.7517,306.1836
1818.7416,240.9123,145.8788,304.1166
1818.894,240.3028,146.1104,303.7602
1819.0464,242.9595,150.7849,301.1586
1819.1988,242.5752,159.397,301.0339
1819.3512,240.7665,166.7457,299.8043
1819.5036,260.5607,164.8506,300.0004
1819.656,269.3593,158.9759,299.2342
1819.8084,307.0264,144.6786,291.6255
1819.9608,330.1298,121.7482,294.3695
1820.1132,365.4315,95.4276,292.748
1820.2656,434.6268,82.9833,295.0645
1820.418,418.8828,80.4355,301.2299
1820.5704,362.6296,97.9123,304.0275
1820.7228,319.6299,127.3913,299.8756
1820.8752,277.2094,156.8702,294.8506
1821.0276,239.2219,166.7668,296.2121
1821.18,238.1122,166.7668,296.8107
1821.3324,238.2156,164.0294,302.299
1821.4848,246.2444,162.3449,305.0717
1821.6372,268.5611,169.7147,306.6038
1821.7896,288.7605,171.694,309.9523
1821.942,293.6511,185.8018,306.4687
1822.0944,295.3303,178.8531,309.8365
1822.2468,271.6694,168.4513,310.7167
1822.3992,260.5176,133.2871,323.2898
1822.5516,254.8613,100.8602,329.3661
1822.704,246.1149,91.1111,330.7292
1822.8564,241.6926,97.2174,324.6797
1823.0088,237.386,113.852,318.2292
1823.1612,236.7377,118.5476,315.3247
1823.3136,231.822,126.549,313.1508
1823.466,229.0694,122.9694,311.6575
1823.6184,229.7768,119.432,315.9484
1823.7708,229.71,122.3799,318.7638
1823.9232,232.0707,134.1714,323.1472
1824.0756,234.8792,147.1843,324.5941
1824.228,236.9456,150.5112,323.9492
1824.3804,237.912,161.25,324.8044
1824.5328,241.7284,168.1986,321.6682
1824.6852,245.5673,177.295,319.3696
1824.8376,251.6466,178.5583,323.3967
1824.99,255.3821,188.0337,313.7032
1825.1424,261.0107,186.5808,309.8187
1825.2948,272.3204,188.897,306.2771
1825.4472,306.5336,184.9384,302.6376
1825.5996,314.095,188.2864,304.17
1825.752,313.9505,184.4752,311.0838
1825.9044,305.6139,183.3803,317.0175
1826.0568,278.1541,181.4852,315.1821
1826.2092,272.0619,182.4117,311.0125
1826.3616,285.0142,195.5509,311.7609
1826.514,322.4419,203.9734,309.7118
1826.6664,339.6022,210.4588,299.0025
1826.8188,346.5848,201.952,296.3296
1826.9712,350.9396,203.6576,303.083
1827.1236,355.7054,210.164,308.4626
1827.276,368.7035,212.8803,314.6832
1827.4284,372.4613,217.0705,303.8137
1827.5808,346.6848,213.7015,287.7231
1827.7332,311.7511,212.775,289.8614
1827.8856,262.2038,202.6679,303.5464
1828.038,237.0792,196.2878,318.8707
1828.1904,231.7497,182.4959,319.8864
1828.3428,227.7951,180.5376,310.8165
1828.4952,224.5149,166.9142,313.0439
1828.6476,220.0637,161.8606,316.1266
1828.8,219.4077,149.7111,325.927
1828.9524,215.3814,148.0476,328.8672
1829.1048,213.2536,144.8891,327.1209
1829.2572,214.9578,150.1532,324.6975
1829.4096,212.5797,157.9231,325.3391
1829.562,216.7762,176.4527,329.3304
1829.7144,224.4184,170.978,335.9592
1829.8668,223.2506,171.6097,339.9149
1830.0192,222.218,156.6597,338.3344
1830.1716,218.1194,154.554,329.1344
1830.324,215.082,149.9216,326.123
1830.4764,221.4188,141.0779,322.274
1830.6288,230.1934,121.9166,324.3981
1830.7812,244.9197,90.7005,329.8828
1830.9336,255.4209,71.3286,331.3441
1831.086,262.0269,59.9581,334.0025
1831.2384,272.5381,54.9572,329.2591
1831.3908,271.6605,48.2192,319.5567
1831.5432,277.0618,46.5347,308.3218
1831.6956,278.4333,42.1128,294.4765
1831.848,274.3657,44.8502,291.5862
1832.0004,272.7584,45.903,305.4174
1832.1528,270.0976,51.0793,307.1298
1832.3052,266.7535,49.1843,308.7495
1832.4576,266.9579,48.1314,310.6579
1832.61,266.3738,47.5875,308.8564
1832.7624,264.8622,48.6403,309.6975
1832.9148,262.6091,46.1135,305.7559
1833.0672,260.4124,43.5868,304.2592
1833.2196,258.9741,42.3234,303.6604
1833.372,259.5694,41.9023,303.0118
1833.5244,259.8997,43.7973,296.2121
1833.6768,261.0266,43.1656,292.0887
1833.8292,260.4744,44.2711,288.0188
1833.9816,257.9649,43.4288,292.6945
1834.134,254.833,42.5866,301.3903
1834.2864,252.8342,46.7452,311.5399
1834.4388,251.2334,46.6399,308.3753
1834.5912,249.1697,47.4822,310.8165
1834.7436,253.3494,42.2181,313.5606
1834.896,256.166,43.7973,313.0795
1835.0484,256.2778,41.6917,308.9277
1835.2008,256.2166,42.1128,306.5755
1835.3532,256.8741,42.3234,312.2955
1835.5056,255.0714,41.7549,319.7617
1835.658,255.051,44.2816,318.7638
1835.8104,255.6331,40.702,311.4224
1835.9628,256.0168,45.0607,307.0923
1836.1152,256.1884,50.9565,307.953
1836.2676,256.2512,51.7988,307.3062
1836.42,256.9269,49.7563,306.7716
1836.5724,258.0095,43.8605,305.1144
1836.7248,258.8586,46.8084,303.1009
1836.8772,258.6811,46.1135,302.7089
1837.0296,257.875,46.7452,295.2908
1837.182,256.5298,43.3762,292.7837
1837.3344,255.8754,46.1557,289.8614
1837.4868,254.9406,43.2077,286.5292
1837.6392,254.4905,46.661,285.9804
1837.7916,255.12,44.0921,288.5962
1837.944,254.5953,45.3766,290.9127
1838.0964,253.5875,44.4501,292.9975
1838.2488,253.1402,48.6614,294.5834
1838.4012,253.8418,50.5354,292.4986
1838.5536,254.2582,51.5882,288.9348
1838.706,257.7526,49.9458,286.7608
1838.8584,258.5554,50.3669,289.897
1839.0108,259.7573,51.6303,295.8984
1839.1632,260.6178,54.115,302.1208
1839.3156,259.195,54.3255,300.3282
1839.468,258.234,53.2727,301.5328
1839.6204,257.5559,50.9039,300.1251
1839.7728,259.4971,50.6933,300.5635
1839.9252,263.0452,48.3771,302.798
1840.0776,261.894,46.7452,303.8315
1840.23,260.4037,51.5882,303.484
1840.3824,261.116,64.8011,299.8934
1840.5348,261.8913,74.6976,298.0546
1840.6872,266.3119,74.6976,303.7246
1840.8396,271.6722,68.2228,306.9534
1840.992,274.9782,70.9601,305.3105
1841.1444,273.1692,92.5429,306.2281
1841.2968,271.481,131.9184,310.2106
1841.4492,270.1107,171.2939,311.8339
1841.6016,267.7005,199.6147,308.1971
1841.754,264.5084,207.6162,297.8193
1841.9064,261.7093,205.5105,287.9725
1842.0588,256.2989,199.6569,296.4366
1842.2112,252.3535,195.8667,318.5571
1842.3636,251.8622,199.8674,358.1972
1842.516,250.16,206.1422,344.7438
1842.6684,249.3238,201.7204,310.8343
1842.8208,247.8271,201.4467,306.8072
1842.9732,249.1585,202.4995,308.8386
1843.1256,254.4713,210.922,310.011
1843.278,259.0833,211.4063,312.0816
1843.4304,266.294,215.4071,312.3207
1843.5828,272.2824,212.396,311.4224
1843.7352,285.4084,203.5523,312.7765
1843.8876,335.7501,167.5458,313.4537
1844.04,381.1521,128.8652,314.1308
1844.1924,420.2342,95.5961,314.6654
1844.3448,440.3964,83.1728,313.6319
1844.4972,444.8945,84.0993,312.7054
1844.6496,455.6229,89.9951,311.9926
1844.802,420.6621,95.2592,318.5143
1844.9544,374.4754,112.1675,318.1847
1845.1068,310.8777,129.6443,315.6277
1845.2592,233.9077,149.6479,303.6711
1845.4116,224.521,156.6597,300.5171
1845.564,221.0193,155.4595,299.9469
1845.7164,220.5535,154.8278,300.4458
1845.8688,222.9467,156.6176,301.1586
1846.0212,227.829,158.8706,300.1251
1846.1736,233.0614,162.4502,307.3062
1846.326,245.0172,170.5569,310.2136
1846.4784,253.5909,174.3471,310.0503
1846.6308,263.7918,175.5894,310.763
1846.7832,278.0846,165.9034,308.3397
1846.9356,307.0634,162.1133,309.9078
1847.088,379.4315,145.7103,315.4673
1847.2404,392.9275,132.2343,316.9818
1847.3928,381.0806,123.18,321.2228
1847.5452,347.7328,136.8667,320.9911
1847.6976,274.8664,147.7528,320.2428
1847.85,239.2977,154.7014,327.4558
1848.0024,234.7781,151.7535,323.2364
1848.1548,232.3198,154.3435,322.0603
1848.3072,231.4587,149.7111,315.8237
1848.4596,234.3882,141.2885,314.701
1848.612,237.377,136.0244,317.3026
1848.7644,242.1786,140.0251,319.4053
1848.9168,243.1529,144.6575,318.4394
1849.0692,236.5623,142.973,316.8571
1849.2216,230.3762,138.9723,318.5321
1849.374,222.4088,143.1836,319.53
1849.5264,220.2187,144.2364,320.4031
1849.6788,221.327,149.7111,321.5793
1849.8312,222.6989,143.8153,320.8307
1849.9836,224.6316,150.1322,320.1358
1850.136,225.3372,158.3442,313.4715
1850.2884,230.1992,163.1872,313.5072
1850.4408,235.3064,150.3428,307.8158
1850.5932,241.0873,143.3941,303.5285
1850.7456,246.836,147.816,303.5285
1850.898,252.0667,160.2393,311.3332
1851.0504,248.0196,160.6604,315.2249
1851.2028,245.1082,160.0287,317.6768
1851.3552,243.568,162.5555,321.4544
1851.5076,240.5081,174.3471,324.1826
1851.66,241.0583,180.8746,324.4124
1851.8124,243.3569,183.8224,324.5371
1851.9648,244.486,184.033,322.3989
1852.1172,245.2058,176.6633,319.0667
1852.2696,246.0193,182.5591,319.2628
1852.422,243.9271,178.5373,322.0425
1852.5744,243.2095,183.5908,323.6462
1852.7268,243.4323,176.2211,337.1887
1852.8792,242.9898,186.1387,337.9014
1853.0316,243.2178,187.4442,331.9142
1853.184,243.2404,190.392,327.5664
1853.3364,241.7745,184.412,328.4573
1853.4888,240.3839,185.0016,335.2701
1853.6412,240.8162,183.7382,336.2799
1853.7936,241.4736,187.6758,338.2043
1853.946,243.1878,190.2025,336.3511
1854.0984,244.8463,200.3096,332.431
1854.2508,246.9738,197.9303,329.5443
1854.4032,249.2093,206.3949,330.5421
1854.5556,252.7919,203.6576,334.1594
1854.708,255.9767,205.1315,333.9812
1854.8604,261.0166,215.6176,328.2079
1855.0128,262.653,228.8831,326.9962
1855.1652,265.8206,239.0534,331.7717
1855.3176,266.7657,233.5787,344.1559
1855.47,267.7534,230.2097,340.9804
1855.6224,269.9191,230.2097,342.4452
1855.7748,294.5003,223.6822,337.6698
1855.9272,329.4048,214.628,331.932
1856.0796,361.8482,192.3924,327.1815
1856.232,374.6224,183.3382,323.2363
1856.3844,366.5671,175.9684,331.1658
1856.5368,346.0736,177.5898,332.1637
1856.6892,319.5309,172.9574,333.5536
1856.8416,311.8105,166.2193,334.4623
1856.994,301.6928,174.5576,334.4445
1857.1464,284.8398,178.9795,329.3376
1857.2988,270.2574,180.664,323.2185
1857.4512,273.9636,167.3458,322.8443
1857.6036,264.7937,157.4493,324.555
1857.756,263.7148,141.0253,325.1608
1857.9084,265.4907,132.0237,326.8358
1858.0608,254.5991,126.9701,323.8493
1858.2132,247.1567,131.392,318.4074
1858.3656,246.0538,136.1472,317.0531
1858.518,244.6997,137.2001,317.3614
1858.6704,245.69,148.5705,318.7816
1858.8228,242.8726,150.8867,324.9469
1858.9752,238.705,148.9916,324.9291
1859.1276,236.0405,132.1465,325.2678
1859.28,235.004,117.2842,320.8503
1859.4324,236.0423,104.2292,322.1672
1859.5848,238.6461,96.0172,327.5128
1859.7372,243.4042,92.0165,336.2372
1859.8896,245.4237,85.4364,331.8251
1860.042,244.0947,90.0688,326.1053
1860.1944,243.3891,89.6477,330.494
1860.3468,241.1971,100.2285,329.7581
1860.4992,238.8713,104.8609,330.3461
1860.6516,240.3322,118.9687,328.4752
1860.804,240.8771,126.1454,322.8978
1860.9564,239.7878,141.7272,319.726
1861.1088,239.1305,148.6758,319.4391
1861.2612,240.5335,167.3985,321.0446
1861.4136,241.3448,178.5583,326.2121
1861.566,245.8167,192.6661,334.5515
1861.7184,251.3134,199.4042,333.9438
1861.8708,256.5523,201.7204,333.1793
1862.0232,259.9731,208.4584,333.3219
1862.1756,259.9656,212.2486,332.5378
1862.328,256.7433,214.9859,330.8599
1862.4804,252.8442,209.2375,333.8458
1862.6328,250.9035,199.7621,339.4338
1862.7852,251.6834,197.0248,343.639
1862.9376,253.314,193.5084,340.2357
1863.09,254.1967,190.9816,333.3932
1863.2424,255.719,189.0866,331.8607
1863.3948,257.3004,189.7182,331.9854
1863.5472,258.1358,193.5084,327.7267
1863.6996,258.6575,185.2964,332.6625
1863.852,260.2566,186.7703,339.2556
1864.0044,262.8955,194.1401,339.0775
1864.1568,268.0544,212.038,340.5565
1864.3092,269.8292,211.4063,335.5671
1864.4616,269.9381,204.4577,334.4266
1864.614,269.309,192.245,330.6668
1864.7664,269.7036,201.2993,328.7424
1864.9188,271.3029,205.3,329.5265
1865.0712,274.0009,212.4592,335.9948
1865.2236,278.7808,213.7226,338.7003
1865.376,282.3129,219.6183,333.1615
1865.5284,287.2036,229.5149,321.8465
1865.6808,308.3185,239.2008,317.7303
1865.8332,331.4002,229.6552,319.3215
1865.9856,320.6294,211.9678,321.1337
1866.138,305.2595,195.1227,325.0539
1866.2904,277.0263,190.5605,327.9262
1866.4428,233.0699,193.8944,328.7246
1866.5952,230.7104,185.2613,327.406
1866.7476,230.8187,186.1036,321.066
1866.9,229.7768,189.9288,318.1936
1867.0524,230.1396,202.9838,321.0446
1867.2048,229.8718,201.7204,333.4146
1867.3572,229.8835,190.7711,340.4673
1867.5096,230.5542,188.2443,332.5735
1867.662,230.6856,185.0858,331.2585
1867.8144,228.7787,180.4534,329.7402
1867.9668,226.5026,156.6597,330.4887
1868.1192,225.6549,155.8174,324.056
1868.2716,226.9165,168.2407,329.3483
1868.424,231.0176,180.8746,330.4887
1868.5764,236.1529,184.033,326.7111
1868.7288,264.831,170.1358,316.7146
1868.8812,282.8398,171.8203,313.8636
1869.0336,289.9218,168.6618,325.5154
1869.186,286.8733,173.9259,325.927
1869.3384,264.469,171.1886,327.0674
1869.4908,243.4738,182.3485,327.2456
1869.6432,236.1102,187.0336,329.22
1869.7956,235.3772,192.5082,333.9278
1869.948,235.9615,191.666,341.3921
1870.1004,233.9377,185.9281,331.2371
1870.2528,234.8179,181.5062,337.8479
1870.4052,235.2431,181.9484,337.4559
1870.5576,237.7469,185.7386,326.7645
1870.71,241.0274,195.214,317.9263
1870.8624,242.2866,197.088,314.1487
1871.0148,245.7297,205.9317,312.242
1871.1672,260.6627,203.2154,307.3419
1871.3196,258.1009,191.4238,306.9142
1871.472,261.0994,177.7371,312.9726
1871.6244,264.441,154.9752,329.8829
1871.7768,295.8543,132.4659,333.1259
1871.9292,351.947,102.5658,331.8429
1872.0816,384.0577,94.1432,330.5005
1872.234,402.9492,114.5469,332.8586
1872.3864,385.8371,158.3021,335.4958
1872.5388,359.9525,190.3078,329.4879
1872.6912,354.5034,204.4156,331.7182
1872.8436,346.6939,202.1415,326.9783
1872.996,315.5083,202.9838,326.4615
1873.1484,311.4314,202.7732,324.9143
1873.3008,311.7485,198.3513,325.1608
1873.4532,342.2849,179.0847,327.994
1873.6056,387.8999,140.5515,325.4637
1873.758,417.2175,96.3331,325.6494
1873.9104,440.3604,63.8009,330.2214
1874.0628,443.8113,52.8516,346.1872
1874.2152,426.1007,62.5375,348.5393
1874.3676,378.0263,94.7538,344.7438
1874.52,335.5968,125.6857,335.4171
1874.6724,291.6977,149.4795,332.324
1874.8248,260.4804,155.5858,325.2499
1874.9772,257.2854,164.4506,324.2877
1875.1296,254.58,163.3977,319.0471
1875.282,244.9498,156.4491,322.7909
1875.4344,236.0564,136.6982,324.5905
1875.5868,225.3241,128.4862,331.1124
1875.7392,225.0124,125.1172,319.7794
1875.8916,227.4491,133.7082,319.423
1876.044,231.3912,133.4976,318.247
1876.1964,238.6333,129.2863,318.3183
1876.3488,239.1529,121.0743,323.8422
1876.5012,240.9956,126.907,323.3789
1876.6536,242.0595,148.5951,324.6921
1876.806,243.4496,174.2839,322.0558
1876.9584,247.0526,189.5077,326.8091
1877.1108,249.4492,202.7732,326.5967
1877.2632,248.1556,198.9831,327.0139
1877.4156,246.5361,192.6661,324.7154
1877.568,244.7782,174.7682,321.1871
1877.7204,242.8819,167.1879,328.1722
1877.8728,244.1879,164.4506,339.7901
1878.0252,247.9364,173.5048,343.4252
1878.1776,255.2575,174.5576,338.0083
1878.33,260.6112,190.3499,331.2728
1878.4824,269.7293,196.2457,331.0054
1878.6348,277.6076,209.7218,333.8208
1878.7872,286.9815,207.6162,335.0147
1878.9396,332.3169,206.9845,330.9164
1879.092,352.713,206.3528,329.2414
1879.2444,341.4616,202.9838,326.5685
1879.3968,320.9796,176.0316,329.0276
1879.5492,285.2148,136.7824,331.5756
1879.7016,240.076,100.776,331.9379
1879.854,232.9342,83.9308,335.2285
1880.0064,235.3265,86.4787,337.8658
1880.1588,235.5606,98.0597,330.8807
1880.3112,234.9056,103.1132,319.9161
1880.4636,242.1057,99.4073,318.55
1880.616,247.1216,84.6678,327.4951
1880.7684,253.8633,83.8256,326.3903
1880.9208,260.2986,92.3955,326.034
1881.0732,262.5038,105.0294,326.1053
1881.2256,267.9468,115.4944,325.9983
1881.378,268.8914,117.4316,322.9156
1881.5304,274.6588,120.59,313.5621
1881.6828,272.3029,120.4427,305.3995
1881.8352,267.8027,124.9908,301.0161
1881.9876,270.4945,132.7817,302.0674
1882.14,277.2495,135.2453,300.428
1882.2924,272.2028,131.1183,302.1921
1882.4448,271.1225,129.4337,300.2143
1882.5972,262.1595,137.9195,298.5036
1882.7496,250.2473,153.6276,300.4815
1882.902,248.5157,162.8924,303.8671
1883.0544,250.2175,163.7346,325.1252
1883.2068,249.6878,170.22,331.0767
1883.3592,248.8842,164.9559,332.0388
1883.5116,248.4022,170.4306,324.8935
1883.664,248.2179,164.1768,325.8557
1883.8164,248.7276,178.0741,327.3525
1883.9688,249.3843,186.0755,325.3033
1884.1212,250.0171,196.2457,320.4031
1884.2736,249.8085,198.3514,318.3896
1884.426,248.2158,193.0873,314.9327
1884.5784,249.0285,195.8246,319.0862
1884.7308,253.3299,187.9109,319.5656
1884.8832,258.7652,189.5954,321.793
1885.0356,263.5791,177.8038,324.4124
1885.188,269.7095,170.978,325.2802
1885.3404,281.1332,168.6618,322.4345
1885.4928,292.9911,167.609,320.9733
1885.6452,294.9536,174.5576,317.071
1885.7976,288.1024,169.083,319.2628
1885.95,270.9231,159.397,322.8265
1886.1024,266.7903,133.0765,320.5813
1886.2548,269.3632,103.387,322.0461
1886.4072,271.4822,76.8559,320.8486
1886.5596,277.7902,61.6953,319.8507
1886.712,279.1526,54.9572,318.1045
1886.8644,279.4884,52.0093,316.8322
1887.0168,282.3592,53.7991,312.9726
1887.1692,284.22,56.1153,309.2128
1887.3216,279.9318,57.7998,308.9277
1887.474,279.1458,57.9051,308.7566
1887.6264,277.2336,60.2213,308.6604
1887.7788,279.6206,74.9608,311.5115
1887.9312,283.7649,79.3827,312.1173
1888.0836,286.1436,80.4355,313.9527
1888.236,289.5246,72.0129,313.1329
1888.3884,287.8143,67.8016,312.3311
1888.5408,288.4305,58.7474,311.7359
1888.6932,286.2158,50.7459,311.5115
1888.8456,284.4858,52.0093,314.8079
1888.998,283.4474,64.2221,317.2314
1889.1504,283.7842,78.3298,315.5564
1889.3028,285.3694,90.1214,311.9569
1889.4552,286.5917,103.5975,306.7359
1889.6076,289.5023,114.1257,305.4352
1889.76,290.5987,110.7567,302.6019
1889.9124,288.8888,89.3423,302.4415
1890.0648,287.8111,65.338,304.2413
1890.2172,283.4908,54.3887,308.4822
1890.3696,282.7487,52.641,310.6917
1890.522,282.5941,54.9783,312.2776
1890.6744,284.5897,58.1367,303.3147
1890.8268,285.0215,62.8569,305.3461
1890.9792,288.9753,77.3648,310.674
1891.1316,289.8113,95.0732,311.3867
1891.284,292.1723,104.882,309.0898
1891.4364,292.5528,92.0376,304.669
1891.5888,289.6171,72.3498,302.4238
1891.7412,291.0242,58.6632,298.5927
1891.8936,287.2762,56.9786,291.5185
1892.046,289.2176,55.7995,284.2127
1892.1984,288.8665,57.9051,283.7851
1892.3508,286.2801,56.0732,284.4444
1892.5032,288.3592,59.0211,282.6091
1892.6556,285.2523,69.5493,283.0723
1892.808,280.9598,94.9644,281.9621
1892.9604,279.6683,113.9152,282.3061
1893.1128,275.4812,112.6518,288.026
1893.2652,278.8921,99.8074,295.2606
1893.4176,281.6524,85.489,301.7288
1893.57,282.9207,85.2785,299.4266
1893.7224,287.4457,95.8067,298.8956
1893.8748,287.8806,105.0013,298.2506
1894.0272,294.7339,98.8949,299.7866
1894.1796,294.5647,84.5766,299.84
1894.332,302.9134,86.1207,298.4073
1894.4844,305.2484,88.6475,299.4658
1894.6368,295.541,90.5426,300.7488
1894.7892,288.4065,71.1707,301.1515
1894.9416,277.9357,61.0636,305.6846
1895.094,273.8576,49.6931,308.1258
1895.2464,281.8705,50.1143,309.5869
1895.3988,284.0627,56.2206,308.4822
1895.5512,286.3575,73.0657,302.887
1895.7036,280.4612,99.3863,300.1323
1895.856,282.9784,115.1786,297.9512
1896.0084,284.0291,101.8077,295.0752
1896.1608,282.7414,75.2767,295.1536
1896.3132,283.6852,62.0111,292.3382
1896.4656,274.5591,75.1714,299.8043
1896.618,281.8227,87.1735,304.7581
1896.7704,286.5368,82.5411,308.5535
1896.9228,287.9882,64.9801,296.1871
1897.0752,291.3206,50.2406,289.8025
1897.2276,284.9767,43.292,285.1037
1897.38,283.5515,45.0607,279.8649
1897.5324,282.9167,41.2495,280.2926
1897.6848,279.2988,40.2177,281.8962
1897.8372,277.4919,36.6381,280.2035
1897.9896,274.8343,38.5543,279.3125
1898.142,273.3333,41.9022,280.2747
1898.2944,271.7944,39.3123,280.7737
1898.4468,269.3005,40.9968,280.9519
1898.5992,267.9878,40.7863,282.511
1898.7516,267.1403,42.3234,282.5199
1898.904,263.92,38.7227,281.3439
1899.0564,262.6584,38.9333,281.13
1899.2088,261.0062,39.1439,281.2904
1899.3612,262.9083,42.8498,280.4351
1899.5136,266.0104,41.1653,279.9719
1899.666,267.4163,44.7449,279.9896
1899.8184,268.2079,40.3441,279.8115
1899.9708,267.6499,40.5546,279.9896
1900.1232,268.5029,37.0803,280.0966
1900.2756,269.9197,39.9019,280.4886
1900.428,270.8832,42.8919,280.8271
1900.5804,273.2385,47.2085,281.3617
1900.7328,273.0093,45.545,281.6467
1900.8852,269.1651,39.8177,281.0053
1901.0376,262.528,35.6064,278.9205
1901.19,257.187,36.7645,279.6867
1901.3424,256.8366,42.2392,282.0863
1901.4948,256.0185,47.2295,285.0502
1901.6472,257.1621,50.6828,284.5157
1901.7996,258.4738,46.6821,283.1436
1901.952,256.6556,42.7445,281.2726
1902.1044,255.8345,42.0707,282.0923
1902.2568,257.2349,45.2292,283.304
1902.4092,256.5806,45.2292,284.7117
1902.5616,256.5191,43.5868,284.4622
1902.714,256.7937,40.8494,284.6047
1902.8664,253.8696,43.5868,285.8165
1903.0188,253.1662,41.4811,285.2107
1903.1712,253.3976,43.3762,285.1928
1903.3236,254.0791,43.5868,285.118
1903.476,257.5608,49.0614,285.175
1903.6284,260.2164,50.5354,285.175
1903.7808,262.9602,48.514,285.3531
1903.9332,263.6495,50.409,285.706
1904.0856,264.898,55.252,285.3532
1904.238,268.3984,59.8002,285.7096
1904.3904,269.5955,61.0636,286.6718
1904.5428,271.8426,60.081,285.7452
1904.6952,269.3437,68.7141,285.1928
1904.8476,269.32,72.5042,285.0859
1905.0,270.6368,69.4862,284.3339
1905.1524,270.8753,54.7467,284.4088
1905.3048,273.4906,41.6917,285.0146
1905.4572,269.8742,34.9536,284.5334
1905.6096,266.8297,33.9008,283.0723
1905.762,265.8536,35.1642,282.6679
1905.9144,265.8963,37.4804,282.4131
1906.0668,265.2961,38.5332,282.5021
1906.2192,265.7635,38.7438,280.15
1906.3716,264.9781,41.6917,279.17
1906.524,264.8631,45.2713,278.6533
1906.6764,270.7835,49.5668,279.1165
1906.8288,276.8956,49.9879,281.2369
1906.9812,282.9521,53.9886,281.3083
1907.1336,285.4214,72.5183,279.5619
1907.286,275.4782,110.2092,279.3304
1907.4384,265.7508,144.7418,279.5085
1907.5908,260.0796,161.9238,280.2035
1907.7432,257.5168,161.271,280.4856
1907.8956,266.3764,144.847,279.4372
1908.048,273.4131,115.9998,278.2576
1908.2004,273.1438,81.2777,279.4076
1908.3528,273.2,58.5368,282.8407
1908.5052,268.9427,54.3255,289.897
1908.6576,268.1222,55.231,290.3959
1908.81,268.4606,55.231,290.6454
1908.9624,268.2452,49.5457,288.1864
1909.1148,269.0047,45.6082,281.5043
1909.2672,268.2245,47.5033,279.6155
1909.4196,267.0699,47.5243,279.9433
1909.572,265.1546,46.9768,279.758
1909.7244,261.7734,48.6614,280.0966
1909.8768,259.2932,52.5989,281.2013
1910.0292,260.1197,53.1464,280.8093
1910.1816,258.241,54.6203,280.649
1910.334,252.388,59.9265,280.3638
1910.4864,250.3539,62.5375,279.9006
1910.6388,251.2319,61.6532,279.9362
1910.7912,253.8471,56.5996,281.5043
1910.9436,261.6926,53.8623,281.1978
1911.096,264.2217,46.3241,282.3061
1911.2484,262.6346,44.2185,282.1778
1911.4008,261.7943,44.2185,283.197
1911.5532,259.4157,46.1135,282.1778
1911.7056,264.1824,45.6924,281.1122
1911.858,268.0946,45.9732,280.346
1912.0104,274.41,45.1309,280.6133
1912.1628,278.2822,44.0781,280.7558
1912.3152,276.3393,41.4811,282.3738
1912.4676,277.7822,47.2716,283.8742
1912.62,276.1402,46.6399,284.1058
1912.7724,274.7303,46.8505,282.8051
1912.9248,273.1725,40.0072,282.6446
1913.0772,269.6655,39.9896,284.284
1913.2296,268.3509,41.4636,288.0188
1913.382,268.8766,41.8847,293.14
1913.5344,270.2921,42.534,293.7103
1913.6868,270.7927,46.1486,287.274
1913.8392,270.7794,46.5698,279.3125
1913.9916,271.1144,47.6226,273.7495
1914.144,270.4442,47.1664,275.4102
1914.2964,271.5915,48.4297,276.7876
1914.4488,274.0648,45.903,277.8158
1914.6012,275.9763,42.1128,277.0423
1914.7536,277.4724,40.6389,277.7445
1914.906,276.8436,44.2185,275.9804
1915.0584,275.8699,43.3762,274.9469
1915.2108,275.4714,46.9558,275.2392
1915.3632,274.0588,42.7445,275.7665
1915.5156,272.931,45.2713,276.1585
1915.668,272.7537,44.0079,276.6307
1915.8204,275.5646,56.2206,277.1207
1915.9728,275.2671,86.7524,278.2968
1916.1252,271.8801,135.8138,278.6533
1916.2776,267.9241,185.9281,277.2633
1916.43,261.9337,213.0909,277.7979
1916.5824,262.1755,223.2822,276.7288
1916.7348,262.442,222.6505,274.9469
1916.8872,263.6255,209.8061,273.3609
1917.0396,263.5673,207.8268,275.8912
1917.192,263.3897,204.0366,282.5556
1917.3444,264.6046,206.5634,293.9241
1917.4968,266.2456,199.4042,293.7459
1917.6492,267.9178,202.5627,291.0908
1917.8016,269.6705,209.5113,292.552
1917.954,270.5912,205.679,291.7502
1918.1064,271.359,193.4663,293.6033
1918.2588,272.0185,189.255,290.8592
1918.4112,272.0333,193.2978,291.7145
1918.5636,274.9279,207.4056,300.8201
1918.716,273.2784,212.2486,316.8942
1918.8684,271.7642,218.9866,317.0888
1919.0208,270.7785,212.6487,308.8207
1919.1732,267.0971,210.7536,291.7858
1919.3256,265.3997,209.4902,294.6725
1919.478,265.9251,208.669,298.5749
1919.6304,266.6151,208.669,298.4323
1919.7828,267.2007,208.4584,298.0403
1919.9352,267.1894,209.3007,297.5841
1920.0876,267.3958,214.5648,299.2876
1920.24,268.9642,211.4063,299.2163
1920.3924,275.3723,211.8275,301.9961
1920.5448,304.5335,203.1944,303.8671
1920.6972,349.987,188.8233,305.64
1920.8496,394.8733,156.607,306.1657
1921.002,427.7277,121.864,306.2905
1921.1544,417.2716,104.4398,307.7873
1921.3068,401.7336,97.0701,310.5796
1921.4592,402.9172,88.858,311.7253
1921.6116,411.1281,69.802,311.5115
1921.764,440.9964,53.378,310.3247
1921.9164,448.0846,47.4822,307.6091
1922.0688,446.9968,45.0607,307.8764
1922.2212,445.7931,46.7452,311.5471
1922.3736,439.4005,46.3241,313.2755
1922.526,412.0785,55.5889,315.7345
1922.6784,355.8087,80.7513,312.4915
1922.8308,310.6041,112.7571,302.4594
1922.9832,256.4449,141.8149,304.0525
1923.1356,234.979,163.6083,306.1836
1923.288,229.1089,174.3471,307.6197
1923.4404,228.2033,170.7675,303.5819
1923.5928,227.27,152.0273,302.7196
1923.7452,228.0262,147.6054,301.6219
1923.8976,232.0613,156.028,310.7167
1924.05,235.6804,166.3456,314.3625
1924.2024,240.0146,176.2421,324.7154
1924.3548,245.9267,177.5055,311.1372
1924.5072,246.6919,181.8923,311.0695
1924.6596,247.1842,178.9444,310.2997
1924.812,247.2283,181.05,312.1411
1924.9644,247.1835,174.4102,311.654
1925.1168,247.716,178.6215,313.2399
1925.2692,251.6049,168.0933,315.2713
1925.4216,255.7962,182.5591,315.004
1925.574,259.597,177.5055,314.6832
1925.7264,261.2819,189.3181,314.9342
1925.8788,264.711,184.4752,313.8457
1926.0312,280.0985,180.8956,314.5051
1926.1836,318.0284,170.3463,319.1974
1926.336,355.2449,157.7125,327.3703
1926.4884,390.5765,134.9716,325.0539
1926.6408,397.3196,121.0743,320.2784
1926.7932,358.0384,118.9687,316.0375
1926.9456,298.5907,139.7514,314.5748
1927.098,238.8472,151.1218,314.8792
1927.2504,217.6873,141.2253,308.019
1927.4028,218.207,128.9494,319.0311
1927.5552,221.8784,116.7367,322.8889
1927.7076,223.3285,121.3691,315.8237
1927.86,223.9722,125.7699,308.8386
1928.0124,227.9148,143.6679,314.9149
1928.1648,231.0405,159.4602,317.6234
1928.3172,233.9304,174.1365,318.789
1928.4696,233.852,170.1358,317.6946
1928.622,236.0163,166.5562,313.0439
1928.7744,239.0929,164.0294,311.0838
1928.9268,246.9678,171.715,329.4017
1929.0792,251.238,179.2953,338.5072
1929.2316,251.9618,183.296,337.6163
1929.384,251.0283,179.19,335.2285
1929.5364,250.6611,180.4534,334.0525
1929.6888,243.7079,178.9794,332.1101
1929.8412,233.8154,168.4513,333.8065
1929.9936,221.0617,152.8695,331.4509
1930.146,216.9609,134.1293,333.2684
1930.2984,218.0265,136.0244,333.3575
1930.4508,219.2242,138.7617,333.3753
1930.6032,220.0443,141.9202,331.4152
1930.7556,221.1026,145.0085,331.6647
1930.908,222.1338,138.2704,329.0631
1931.0604,234.8106,118.0984,326.4438
1931.2128,245.804,96.691,324.644
1931.3652,252.1964,85.5311,327.7624
1931.5176,248.0656,109.195,328.9384
1931.67,242.4779,132.9888,329.9006
1931.8224,238.441,154.8874,329.5086
1931.9748,239.3323,167.1879,329.9541
1932.1272,240.5624,181.9274,331.0232
1932.2796,241.0875,189.2971,329.5977
1932.432,243.5492,188.4548,318.2827
1932.5844,241.8942,179.19,326.6754
1932.7368,238.396,167.8196,340.6099
1932.8892,234.7626,154.7646,340.7346
1933.0416,228.6014,144.447,341.2336
1933.194,225.7484,138.7617,340.6989
1933.3464,226.2736,130.3392,340.4673
1933.4988,225.6208,120.8638,337.3668
1933.6512,218.2628,107.3877,337.1708
1933.8036,208.5025,100.0179,334.4088
1933.956,200.5167,92.4376,330.0966
1934.1084,198.8976,96.6489,321.3831
1934.2608,203.8696,98.544,327.9584
1934.4132,213.5134,104.0818,330.3209
1934.5656,221.1967,113.1361,328.3682
1934.718,227.0342,115.4523,331.7716
1934.8704,228.0987,119.6004,331.3262
1935.0228,227.0844,119.3267,334.2841
1935.1752,226.8436,127.3281,337.0461
1935.3276,227.7554,134.6979,338.9527
1935.48,228.5712,137.4773,331.3663
1935.6324,229.0345,140.4252,327.4594
1935.7848,229.281,144.847,324.9292
1935.9372,230.4838,145.3103,324.8222
1936.0896,235.0982,157.523,327.8515
1936.242,238.7135,160.4709,333.518
1936.3944,241.9681,156.6597,339.6476
1936.5468,245.308,133.4345,337.2599
1936.6992,243.1469,117.8527,330.7946
1936.8516,246.5145,108.1668,322.1315
1937.004,251.9071,104.6503,319.4053
1937.1564,251.183,110.7567,320.0111
1937.3088,253.6205,132.5922,328.7246
1937.4612,248.7253,156.8071,338.133
1937.6136,243.8074,167.5458,346.2941
1937.766,244.7146,176.4527,345.2606
1937.9184,246.3704,179.6112,331.4688
1938.0708,250.2123,180.664,321.3475
1938.2232,252.5804,174.1365,315.7881
1938.3756,255.5462,169.7147,320.1715
1938.528,258.1711,176.6633,327.2813
1938.6804,260.4868,184.2436,330.3283
1938.8328,269.2141,184.8753,336.0607
1938.9852,319.1374,167.223,342.0176
1939.1376,358.7416,134.7961,342.5343
1939.29,383.9432,107.6333,338.8102
1939.4424,373.7198,105.0715,330.5777
1939.5948,318.3428,125.0751,328.1544
1939.7472,258.6761,148.6933,333.5001
1939.8996,214.9574,154.5891,337.3151
1940.052,206.8889,152.694,334.3376
1940.2044,206.2689,148.2371,332.0388
1940.3568,210.9365,153.0801,321.4544
1940.5092,213.9896,153.5012,318.361
1940.6616,218.3681,161.2921,322.8443
1940.814,224.1651,162.9766,325.731
1940.9664,230.256,168.2407,327.495
1941.1188,245.0131,176.4527,329.6512
1941.2712,252.7581,192.0344,330.7025
1941.4236,256.5807,203.9489,329.5728
1941.576,256.6361,200.1587,326.4438
1941.7284,256.9444,183.3136,321.5613
1941.8808,260.7681,173.0837,319.6743
1942.0332,269.9585,172.2414,318.0703
1942.1856,271.4659,173.2942,319.4979
1942.338,270.2582,170.3463,318.8172
1942.4904,269.7636,179.6463,323.5571
1942.6428,305.7303,186.8054,315.5385
1942.7952,334.8098,189.1216,309.6405
1942.9476,353.5041,171.1886,314.2378
1943.1,397.4684,145.2892,328.1722
1943.2524,407.5155,114.1257,336.8322
1943.4048,411.6637,90.7531,344.1754
1943.5572,415.9616,93.2799,345.8219
1943.7096,399.3721,113.0729,341.287
1943.862,386.507,130.9709,341.9998
1944.0144,382.9915,146.7632,335.2285
1944.1668,377.1722,158.3442,338.2043
1944.3192,369.4168,175.3823,337.2776
1944.4716,338.9037,181.0676,333.4288
1944.624,280.6355,181.2781,328.6176
1944.7764,249.5287,169.9252,329.7225
1944.9288,228.3053,155.6069,331.4688
1945.0812,223.4776,144.6575,330.5066
1945.2336,225.72,148.2371,330.8272
1945.386,226.5701,152.8695,336.3511
1945.5384,230.1479,163.1872,337.0341
1945.6908,234.4321,163.8189,334.9826
1945.8432,236.2598,170.1358,333.0368
1945.9956,236.7294,165.0822,335.2998
1946.148,236.4951,164.8717,337.5093
1946.3004,237.6526,166.9773,340.2357
1946.4528,238.4405,173.5048,339.8615
1946.6052,241.0826,179.4006,342.3561
1946.7576,242.529,181.0851,338.2221
1946.91,245.4344,185.2964,333.3575
1947.0624,246.6688,180.4534,333.4644
1947.2148,246.0747,182.3485,331.4688
1947.3672,245.768,188.4548,331.8073
1947.5196,241.6353,187.6126,331.5043
1947.672,239.0872,183.4013,334.783
1947.8244,240.0979,159.397,329.1416
1947.9768,242.6859,153.6065,319.7438
1948.1292,245.6453,148.3424,307.8051
1948.2816,248.3093,160.134,303.0296
1948.434,250.7436,174.5576,305.2677
1948.5864,252.6182,179.1549,321.5791
1948.7388,253.3249,193.2627,333.6961
1948.8912,255.4243,187.9109,334.4801
1949.0436,260.8217,197.8425,336.7859
1949.196,266.1402,191.9467,332.4844
1949.3484,273.9304,197.2986,322.9869
1949.5008,285.2587,204.6683,325.6597
1949.6532,297.4325,214.5121,313.0795
1949.8056,331.4413,213.4593,325.1608
1949.958,366.1958,186.9283,332.7089
1950.1104,411.3446,149.9216,334.8366
1950.2628,442.4044,110.5462,333.5891
1950.4152,455.9443,78.9615,331.2371
1950.5676,456.16,60.6425,337.0104
1950.72,456.1082,53.4833,338.6872
1950.8724,445.8911,64.4326,338.6676
1951.0248,403.815,85.0679,336.6718
1951.1772,353.636,121.706,335.6491
1951.3296,292.1283,150.1322,332.7874
1951.482,256.2235,175.3999,324.2698
1951.6344,246.7813,185.0858,322.3989
1951.7868,254.9688,195.4035,323.9847
1951.9392,260.9407,197.9303,320.6543
1952.0916,264.3524,206.9845,323.0032
1952.244,263.6545,202.7732,330.0076
1952.3964,259.3481,207.9321,323.8066
1952.5488,254.3993,196.7722,319.8686
1952.7012,250.0466,179.7165,316.4117
1952.8536,244.0289,155.1857,313.2191
1953.006,240.0066,151.8167,313.9348
1953.1584,235.5161,164.0294,317.0353
1953.3108,234.473,169.9252,321.8108
1953.4632,240.2666,167.3353,315.7524
1953.6156,243.8974,163.5451,306.8964
1953.768,252.5242,163.124,305.9697
1953.9204,254.2454,156.8702,314.0684
1954.0728,252.0155,147.6054,324.9469
1954.2252,246.635,134.1293,329.277
1954.3776,238.3223,134.9716,323.5215
1954.53,238.9234,150.7639,315.5059
1954.6824,239.186,178.6636,321.0624
1954.8348,243.5108,189.613,321.4544
1954.9872,247.0865,194.5402,329.6155
1955.1396,245.4444,190.8553,337.0461
1955.292,245.3672,188.5391,342.0978
1955.4444,245.6008,186.5598,340.895
1955.5968,247.7156,185.149,340.0931
1955.7492,250.3057,193.1504,336.4936
1955.9016,251.7158,190.2025,332.9833
1956.054,252.8064,193.2978,336.1195
1956.2064,252.7838,193.0873,335.6785
1956.3588,252.2179,196.4563,336.6718
1956.5112,252.1618,190.5605,338.2756
1956.6636,252.3308,185.9281,339.9505
1956.816,253.5956,180.664,338.7032
1956.9684,254.4574,182.3485,335.5493
1957.1208,254.7862,182.5591,326.7111
1957.2732,255.2803,185.9281,330.0076
1957.4256,255.5306,185.9632,326.1943
1957.578,255.9649,188.9111,327.6198
1957.7304,258.247,196.0703,333.108
1957.8828,260.9138,199.8253,335.7928
1958.0352,267.0098,207.1951,337.0461
1958.1876,277.1679,206.1422,335.3158
1958.34,292.6384,213.7226,332.9343
1958.4924,336.7895,203.6155,330.1145
1958.6448,374.4891,166.5562,328.4752
1958.7972,420.0952,113.2835,333.3397
1958.9496,437.5869,70.6969,337.1352
1959.102,445.1918,56.5891,336.3867
1959.2544,456.231,54.694,330.8807
1959.4068,455.7621,51.7988,332.6982
1959.5592,456.2363,49.0614,335.7809
1959.7116,447.9113,47.5875,333.4288
1959.864,451.3918,54.115,330.7204
1960.0164,399.4425,75.3819,329.473
1960.1688,412.949,101.0708,327.0852
1960.3212,414.1749,120.4426,325.4816
1960.4736,415.2551,108.0194,324.5941
1960.626,438.6749,88.0158,321.4188
1960.7784,399.6403,73.4869,322.274
1960.9308,359.963,90.7531,319.7082
1961.0832,337.092,120.4427,323.86
1961.2356,297.7578,151.6061,318.9197
1961.388,269.9733,172.3467,323.9313
1961.5404,263.9154,180.3481,323.2185
1961.6928,242.5405,181.1272,321.7128
1961.8452,236.7999,170.9149,325.1608
1961.9976,236.9165,166.493,324.4124
1962.15,235.8136,152.659,320.4922
1962.3024,235.0656,151.2903,315.9633
1962.4548,237.4507,143.0783,318.7281
1962.6072,236.8365,142.236,329.0631
1962.7596,239.2742,135.3927,330.7782
1962.912,242.4389,126.4858,326.6932
1963.0644,245.0759,119.7478,327.4416
1963.2168,246.5119,121.8534,329.2948
1963.3692,244.5814,130.9709,328.4039
1963.5216,243.7862,135.1821,325.7147
1963.674,241.3522,135.6033,315.7524
1963.8264,241.7415,132.2343,310.2642
1963.9788,245.7996,134.1293,307.7694
1964.1312,248.3044,138.5512,312.0282
1964.2836,254.4153,126.7596,323.2363
1964.436,260.3198,106.5454,331.0411
1964.5884,265.4422,78.1193,328.2435
1964.7408,270.1566,68.2228,320.2249
1964.8932,268.0237,70.7495,316.0553
1965.0456,269.3326,74.7503,314.2021
1965.198,271.6565,76.2242,309.0703
1965.3504,273.6339,68.8544,309.6387
1965.5028,277.4177,61.5198,314.0774
1965.6552,276.1577,53.0972,308.999
1965.8076,274.1188,54.7817,311.7752
1965.96,272.3513,56.2206,312.1173
1966.1124,266.7362,83.5939,303.8492
1966.2648,260.8559,119.3898,304.7224
1966.4172,255.1362,161.5027,311.262
1966.5696,248.2043,174.505,317.4274
1966.722,246.7888,181.0325,312.7409
1966.8744,246.4564,182.717,307.757
1967.0268,246.8802,189.7182,305.1322
1967.1792,247.9188,190.3499,311.7253
1967.3316,249.8961,186.3492,322.7909
1967.484,252.0773,188.2267,329.4017
1967.6364,253.2943,187.3845,329.4552
1967.7888,253.2234,192.438,333.7851
1967.9412,253.4471,188.1917,335.1038
1968.0936,254.1519,185.2437,336.3351
1968.246,254.559,187.9811,334.7296
1968.3984,254.0006,187.402,333.2328
1968.5508,254.2628,188.6654,330.0236
1968.7032,253.3891,181.1378,323.7353
1968.8556,250.4181,178.1899,326.3974
1969.008,247.3051,171.0307,329.5086
1969.1604,238.1835,168.0302,328.4216
1969.3128,234.3905,161.0815,320.3141
1969.4652,233.753,166.2228,314.7189
1969.6176,232.455,162.4326,318.4074
1969.77,237.4989,164.6857,321.1247
1969.9224,239.9441,170.0726,322.1865
1970.0748,237.3067,174.7401,313.917
1970.2272,239.8965,179.4357,312.2776
1970.3796,239.2935,172.6976,310.9413
1970.532,239.7274,166.1351,309.4801
1970.6844,242.2064,168.8724,310.9768
1970.8368,240.447,170.7675,304.3304
1970.9892,241.3653,181.0851,308.7317
1971.1416,242.0844,179.6112,314.7189
1971.294,244.23,180.2253,314.4279
1971.4464,245.9794,184.0365,309.7474
1971.5988,246.7415,193.2487,304.3304
1971.7512,248.6595,203.7102,305.9697
1971.9036,249.0416,196.9511,306.2904
1972.056,251.1087,192.7925,306.9676
1972.2084,252.0555,184.6647,316.3582
1972.3608,252.0724,185.0858,324.1451
1972.5132,250.7905,186.1386,322.8622
1972.6656,251.2706,186.5598,320.7239
1972.818,255.7182,196.2457,316.1443
1972.9704,259.2242,200.8781,318.8528
1973.1228,262.4888,198.3514,319.3339
1973.2752,262.3328,199.5972,323.1013
1973.4276,263.3941,198.3338,324.7688
1973.58,271.1588,213.2839,324.1986
1973.7324,281.0471,220.4606,324.3411
1973.8848,294.8247,231.4099,320.7773
1974.0372,307.6299,234.3578,320.6882
1974.1896,324.5761,233.5156,325.3033
1974.342,360.0957,215.3544,324.5193
1974.4944,389.0172,174.2944,321.5614
1974.6468,427.0053,122.4957,316.5577
1974.7992,447.9268,82.1551,312.8122
1974.9516,450.8076,65.0994,309.5335
1975.104,429.0042,68.0473,308.3451
1975.2564,413.9282,82.9622,306.8072
1975.4088,407.6822,112.915,303.974
1975.5612,400.6561,134.8137,305.1322
1975.7136,404.6644,150.1848,304.1112
1975.866,370.0149,151.6061,306.9676
1976.0184,334.1009,150.7639,307.0567
1976.1708,292.761,138.9723,305.2285
1976.3232,265.8092,124.8645,306.0232
1976.4756,253.1899,111.5814,303.8492
1976.628,248.944,111.3709,305.7737
1976.7804,245.1574,109.8969,305.2748
1976.9328,237.961,121.0919,304.7581
1977.0852,233.1323,125.0926,302.6553
1977.2376,231.1542,146.2017,302.6198
1977.39,229.4104,153.7644,307.4487
1977.5424,230.8464,167.96,309.9969
1977.6948,233.5088,173.1714,319.2628
1977.8472,237.381,177.3827,325.2855
1977.9996,241.4822,183.1732,326.0517
1978.152,245.3667,190.1218,326.1623
1978.3044,247.2265,193.2803,326.8179
1978.4568,246.6316,198.3514,329.277
1978.6092,245.7245,197.5091,327.8514
1978.7616,244.1207,197.9303,322.5058
1978.914,243.281,199.8253,321.1693
1979.0664,245.433,195.1929,320.8307
1979.2188,249.008,199.913,326.9783
1979.3712,261.1064,198.2285,323.4769
1979.5236,276.7286,209.1779,321.458
1979.676,305.1132,226.1458,318.5855
1979.8284,329.6925,236.2529,320.7655
1979.9808,322.2386,236.0424,323.9491
1980.1332,308.8445,223.1979,325.624
1980.2856,297.597,217.3021,324.6618
1980.438,285.1361,214.5648,327.3318
1980.5904,280.2563,208.2479,321.9
1980.7428,266.8272,198.3514,323.1472
1980.8952,242.349,182.3485,322.2919
1981.0476,221.389,170.1358,321.5613
1981.2,213.3335,166.3456,318.1401
1981.3524,214.7794,163.1451,317.6946
1981.5048,216.3603,170.9359,317.7481
1981.6572,221.5025,178.7268,321.4366
1981.8096,228.8058,189.0866,322.3276
1981.962,235.9022,205.5105,321.5495
1982.1144,233.5304,204.2472,318.55
1982.2668,229.0014,198.7725,320.6348
1982.4192,224.0173,176.4527,319.0668
1982.5716,220.5539,173.2942,318.495
1982.724,223.9583,177.5055,319.6013
1982.8764,226.5592,189.7183,318.4787
1983.0288,238.5861,198.1408,317.9084
1983.1812,241.8837,207.4583,319.6191
1983.3336,243.125,217.7759,321.597
1983.486,242.1822,212.0907,324.2698
1983.6384,230.4319,213.0908,323.4858
1983.7908,229.7464,200.1763,317.7273
1983.9432,227.5385,200.808,312.9191
1984.0956,223.1255,193.2277,313.418
1984.248,218.0161,186.279,317.6234
1984.4004,219.7875,184.3839,323.5749
1984.5528,224.5021,185.8579,327.3169
1984.7052,227.5879,199.4042,326.8536
1984.8576,225.6533,196.8248,325.0539
1985.01,222.1222,197.4565,321.2763
1985.1624,218.3847,184.6121,321.401
1985.3148,216.5683,182.9802,323.3967
1985.4672,214.8009,178.7689,328.5999
1985.6196,212.6414,186.3492,330.6668
1985.772,211.6361,178.3302,327.709
1985.9244,209.7521,173.0661,320.8129
1986.0768,209.6574,162.5379,315.6277
1986.2292,211.1816,164.0821,311.8143
1986.3816,212.5832,156.9229,313.4537
1986.534,213.9734,152.2905,316.3405
1986.6864,214.9818,157.5019,314.9861
1986.8388,217.8712,156.607,314.5942
1986.9912,218.9418,151.9746,312.6341
1987.1436,220.3257,146.9211,312.337
1987.296,223.6849,143.6398,315.4406
1987.4484,223.5421,145.7454,318.2663
1987.6008,224.5983,142.587,318.7281
1987.7532,232.6887,140.4463,318.2292
1987.9056,236.7052,123.6011,312.1084
1988.058,243.815,92.8588,315.0218
1988.2104,248.8717,65.9066,316.8571
1988.3628,249.148,53.6938,318.2113
1988.5152,252.3107,50.7459,318.0688
1988.6676,253.0815,52.641,314.5585
1988.82,253.7394,47.798,311.0125
1988.9724,254.64,45.903,309.1771
1989.1248,255.9393,40.4809,309.3643
1989.2772,256.9172,43.871,309.5157
1989.4296,258.1082,45.1344,310.3889
1989.582,258.5871,48.0297,309.9612
1989.7344,257.5482,46.9558,311.2085
1989.8868,257.4062,50.1143,312.4915
1990.0392,256.3745,49.4826,313.2399
1990.1916,253.8776,54.5361,313.7418
1990.344,252.732,50.9565,314.7366
1990.4964,250.9857,49.4826,313.5428
1990.6488,251.3771,43.5868,313.7092
1990.8012,252.5235,45.545,315.6811
1990.9536,251.9045,46.2995,319.2953
1991.106,252.2865,48.2157,321.3831
1991.2584,250.164,46.8891,321.1901
1991.4108,248.3863,48.8719,314.3625
1991.5632,247.9894,46.9558,310.2997
1991.7156,246.0355,45.6924,316.6003
1991.868,245.7281,43.7096,320.7773
1992.0204,244.6569,46.3592,320.7595
1992.1728,243.403,49.0965,320.1358
1992.3252,243.0593,48.5526,320.6704
1992.4776,243.0979,48.9386,320.3675
1992.63,243.2636,48.9386,320.2962
1992.7824,244.1035,50.4126,320.9911
1992.9348,244.9944,46.9383,321.6861
1993.0872,245.787,46.3065,322.8977
1993.2396,247.4176,44.2185,321.3654
1993.392,249.0588,44.236,319.6191
1993.5444,250.5585,41.9198,314.9149
1993.6968,252.4004,46.1662,312.5627
1993.8492,255.9145,50.7986,309.8543
1994.0016,257.632,54.6414,310.9813
1994.154,258.9138,51.0092,311.1729
1994.3064,260.3607,48.8684,310.8878
1994.4588,259.8295,47.9735,310.8165
1994.6112,258.251,49.658,309.9612
1994.7636,258.2137,48.4999,312.2849
1994.916,258.1376,46.1837,313.7032
1995.0684,257.8912,45.6222,314.0418
1995.2208,259.1908,50.395,313.2755
1995.3732,256.6187,53.2201,313.7032
1995.5256,250.6747,56.7295,313.6854
1995.678,244.6241,59.6774,314.701
1995.8304,242.0869,65.2749,313.9527
1995.9828,245.306,65.2749,313.5963
1996.1352,249.5686,64.4326,313.4359
1996.2876,254.535,79.1721,313.2933
1996.44,258.4002,112.915,313.0795
1996.5924,252.4178,148.5003,313.6676
1996.7448,252.0777,177.3476,313.7388
1996.8972,250.4111,187.1915,313.4359
1997.0496,248.6298,178.9795,312.2064
1997.202,251.0826,149.7111,312.1084
1997.3544,250.3988,121.1445,312.3846
1997.5068,246.4831,99.0353,314.0774
1997.6592,246.7063,87.6649,314.8852
1997.8116,247.3605,80.0144,314.8079
1997.964,263.0091,76.0136,313.4804
1998.1164,320.5009,78.5404,313.8992
1998.2688,343.0246,81.1724,313.614
1998.4212,342.8032,110.4409,313.8457
1998.5736,332.4489,139.0776,313.4715
1998.726,294.9259,162.3449,313.5785
1998.8784,255.0627,167.609,313.0439
1999.0308,238.5868,180.664,310.2463
1999.1832,230.3269,191.7537,316.768
1999.3356,218.6328,191.3326,316.572
1999.488,218.3894,181.4361,307.9298
1999.6404,226.2246,162.5204,307.7798
1999.7928,233.6943,148.8337,308.304
1999.9452,239.4601,129.0407,308.4822
2000.0976,241.8522,126.3385,307.2735
2000.25,242.5081,126.3385,307.6269
2000.4024,243.0623,125.0751,306.0944
2000.5548,245.9481,121.9868,304.9214
2000.7072,249.6366,108.3001,305.3105
2000.8596,251.7208,93.6308,305.7025
2001.012,252.1545,81.1374,305.3298
2001.1644,251.5141,80.5057,304.17
2001.3168,251.9209,85.9101,302.4415
2001.4692,249.049,82.3832,302.6554
2001.6216,247.9726,77.9613,303.2613
2001.774,246.1663,67.1524,303.2613
2001.9264,243.4919,60.5898,303.4751
2002.0788,245.0325,53.6412,304.3126
2002.2312,245.7696,57.3085,304.5948
2002.3836,245.5071,60.2389,305.0966
2002.536,245.6342,62.1866,305.0966
2002.6884,246.0441,55.431,305.0075
2002.8408,246.1277,57.5191,303.5464
2002.9932,245.0714,58.0981,303.4572
2003.1456,246.5575,60.4143,303.0117
2003.298,245.8809,57.3261,303.6889
2003.4504,243.9067,53.5359,304.063
2003.6028,244.7634,56.4312,304.17
2003.7552,244.5739,56.2382,303.5285
2003.9076,244.0695,55.3959,304.6404
2004.06,244.0283,53.5535,309.0168
2004.2124,245.1305,52.2024,312.8479
2004.3648,246.3705,55.3608,318.1223
2004.5172,246.2915,50.8337,318.8885
2004.6696,247.7363,52.5357,318.7281
2004.822,247.2417,47.6928,322.1138
2004.9744,246.3445,50.588,320.2249
2005.1268,246.5314,49.5352,321.8642
2005.2792,245.9282,53.9571,321.4723
2005.4316,247.8005,52.8516,320.4714
2005.584,249.8643,50.8512,320.3853
2005.7364,251.1233,50.8512,318.3316
2005.8888,252.1901,51.3776,317.071
2006.0412,250.875,51.4829,314.3625
2006.1936,249.8925,48.9562,303.9028
2006.346,248.915,49.6931,301.6709
2006.4984,248.5455,50.7459,301.711
2006.6508,249.5455,50.3248,303.9576
2006.8032,250.7031,48.8509,305.3995
2006.9556,253.5536,47.8858,307.0611
2007.108,254.5544,48.5175,307.8051
2007.2604,255.2985,48.0963,307.1279
2007.4128,257.7039,48.2192,305.3787
2007.5652,259.2141,48.8509,305.3105
2007.7176,262.0296,45.6924,306.4404
2007.87,266.6036,45.903,306.6825
2008.0224,270.1663,46.7452,306.8488
2008.1748,269.6311,52.0093,305.5777
2008.3272,268.5045,53.2727,305.5599
2008.4796,267.4108,55.045,305.9014
2008.632,267.974,57.3612,303.7453
2008.7844,265.0918,67.8894,303.0652
2008.9368,257.997,68.6439,302.994
2009.0892,252.1978,71.1707,303.0103
2009.2416,244.5729,62.1164,305.0075
2009.394,256.1156,58.5368,309.2335
2009.5464,259.9657,48.1139,311.7609
2009.6988,267.0486,44.7449,315.9841
2009.8512,272.313,40.9547,317.0888
2010.0036,272.5123,46.5522,313.329
2010.156,269.6657,44.0254,315.0812
2010.3084,263.2408,48.1314,316.376
2010.4608,257.1141,52.9569,318.5143
2010.6132,253.2898,69.2931,318.838
2010.7656,247.6212,93.0342,320.4922
2010.918,243.5822,126.9351,321.7039
2011.0704,239.4504,163.2223,322.0558
2011.2228,237.3538,187.8056,319.6903
2011.3752,239.1353,198.755,311.5827
2011.5276,239.5175,193.3505,303.2968
2011.68,237.9598,194.1927,301.0873
2011.8324,235.6892,184.2962,303.3504
2011.9848,232.6965,180.8219,310.5849
2012.1372,231.1587,174.0839,317.5342
2012.2896,230.8108,175.9965,318.74
2012.442,230.9561,184.8928,316.0553
2012.5944,231.9568,190.9992,318.7103
2012.7468,233.0374,190.3499,319.423
2012.8992,233.3137,178.9444,317.6293
2013.0516,232.645,175.9965,315.8237
2013.204,232.1555,178.3127,316.2692
2013.3564,230.4149,179.0848,317.9441
2013.5088,229.1013,174.4523,315.9633
2013.6612,230.1198,168.346,315.0218
2013.8136,231.1364,177.7161,315.8415
2013.966,233.5234,180.0323,315.6039
2014.1184,234.8931,188.4548,317.267
2014.2708,234.9578,181.9274,318.4624
2014.4232,234.3608,176.8738,317.4808
2014.5756,232.7347,172.2414,315.1792
2014.728,234.6213,172.6626,314.2912
2014.8804,237.0228,183.6119,316.584
2015.0328,240.4718,187.6126,320.6674
2015.1852,242.9036,194.5788,319.2449
2015.3376,245.8937,197.7583,314.7872
2015.49,249.8653,195.3719,313.9348
2015.6424,253.9785,191.9853,314.1338
2015.7948,259.5359,192.1748,316.6254
2015.9472,263.1828,203.6155,318.6747
2016.0996,266.8113,217.7233,318.8885
2016.252,268.3019,216.4599,315.7019
2016.4044,269.8037,209.0901,312.3846
2016.5568,272.5279,205.0894,312.239
2016.7092,274.4156,200.6676,319.9041
2016.8616,276.9187,203.6155,325.6063
2017.014,282.0531,198.3514,338.145
2017.1664,286.2438,199.9482,336.5116
2017.3188,287.8045,199.7376,333.7852
2017.4712,292.0489,200.7904,323.9669
2017.6236,294.5782,208.8796,322.6483
2017.776,297.568,215.4071,326.2863
2017.9284,302.7823,225.2509,328.2078
2018.0808,311.0738,226.7249,329.3304
2018.2332,330.1435,224.4087,331.1049
2018.3856,358.7134,218.9866,331.736
2018.538,373.3896,198.4216,332.2706
2018.6904,396.2169,176.5229,331.3975
2018.8428,378.6874,154.7295,330.0595
2018.9952,321.6566,151.922,330.8807
2019.1476,289.603,159.9059,330.6491
2019.3,241.4633,178.7514,331.9379
2019.4524,215.0822,199.7025,330.4353
2019.6048,214.8649,204.3524,328.2256
2019.7572,214.5118,202.1064,323.2156
2019.9096,214.6913,196.9476,320.7773
2020.062,215.7781,197.5091,324.5193
2020.2144,218.1217,200.3868,328.4752
2020.3668,221.9523,199.3691,330.9519
2020.5192,226.0859,206.3879,330.3283
2020.6716,230.6507,212.003,330.0789
2020.824,232.101,212.8101,326.319
2020.9764,230.532,216.8108,323.3076
2021.1288,227.1954,207.16,324.0916
2021.2812,228.6332,204.4226,321.2763
2021.4336,230.4461,179.9972,318.4966
2021.586,228.1571,156.8352,317.3382
2021.7384,236.2633,135.1471,314.7723
2021.8908,239.1243,125.4611,313.0795
2022.0432,242.8766,113.301,313.4359
2022.1956,253.2461,103.8256,319.1202
2022.348,259.9904,91.8235,330.9341
2022.5004,254.782,99.8074,332.4606
2022.6528,256.7605,106.6507,329.1166
2022.8052,255.1265,111.7042,324.0204
2022.9576,253.8393,103.7028,318.9598
2023.11,260.7157,88.0684,319.9814
2023.2624,259.4694,90.3846,320.9377
2023.4148,261.2135,102.1762,316.0909
2023.5672,262.4449,114.5469,313.6854
2023.7196,261.0264,112.0201,313.3497
2023.872,259.117,112.7922,313.5785
2024.0244,258.7414,118.0563,313.0884
2024.1768,257.8164,126.6894,314.0358
2024.3292,258.5097,115.8804,314.0061
2024.4816,259.2178,104.7206,315.7182
2024.634,261.9044,92.7184,316.768
2024.7864,262.6088,83.1728,323.6566
2024.9388,262.5766,77.084,319.1379
2025.0912,262.6586,72.4516,313.614
2025.2436,259.4412,73.5044,307.0611
2025.396,254.8593,77.5578,309.4801
2025.5484,254.703,80.0845,313.0082
2025.7008,254.6809,83.8747,317.0413
2025.8532,255.619,81.4883,317.8193
2026.0056,263.8192,93.8589,316.0286
2026.158,285.953,122.2851,312.9014
2026.3104,292.923,156.3965,309.6227
2026.4628,299.5227,174.9788,308.7673
2026.6152,291.7069,165.7315,310.7363
2026.7676,270.1565,157.9406,307.912
2026.92,259.4895,150.7814,303.7424
2027.0724,248.7851,152.7116,304.2354
2027.2248,250.504,151.8694,307.6447
2027.3772,247.5651,160.52,310.2642
2027.5296,243.8023,170.785,314.309
2027.682,242.5246,178.5759,303.2434
2027.8344,242.4483,186.2966,299.1094
2027.9868,242.0938,188.5777,309.2859
2028.1392,245.0684,198.8953,314.897
2028.2916,248.0134,203.3347,319.2271
2028.444,252.124,210.1079,323.7709
2028.5964,254.3184,206.1598,323.7888
2028.7488,253.6441,199.4568,321.401
2028.9012,250.4812,194.2278,319.7082
2029.0536,245.6891,192.0695,325.9804
2029.206,243.708,187.4371,337.1352
2029.3584,247.5336,180.6815,340.4673
2029.5108,260.4532,177.3125,335.3354
2029.6632,267.0138,174.9436,328.1188
2029.8156,268.7891,178.2951,326.1587
2029.968,261.0988,158.5372,323.9669
2030.1204,238.8014,138.3757,321.9534
2030.2728,234.315,123.8468,319.3875
2030.4252,232.7558,119.4074,319.7794
2030.5776,227.522,123.1975,318.6568
2030.73,227.1275,126.5666,320.5457
2030.8824,235.1012,143.1836,321.1693
2031.0348,240.9047,160.134,320.9941
2031.1872,246.4336,160.3446,318.051
2031.3396,249.4456,143.9205,317.7302
2031.492,252.0911,120.2321,312.2064
2031.6444,253.8086,101.7025,309.691
2031.7968,252.8009,89.2792,311.3867
2031.9492,254.512,78.3298,316.9106
2032.1016,251.8683,72.434,321.3297
2032.254,249.8481,73.2763,332.1666
2032.4064,249.4545,75.5925,322.5414
2032.5588,247.3179,85.0679,302.798
2032.7112,243.8086,96.0172,302.3405
2032.8636,243.1306,93.9116,304.7046
2033.016,243.4209,82.12,306.4153
2033.1684,244.5584,67.5911,300.4295
2033.3208,248.553,62.7481,297.292
2033.4732,249.4205,62.5375,299.3351
2033.6256,251.7844,58.3262,301.9248
2033.778,253.621,55.1678,301.4586
2033.9304,255.4665,53.6938,302.1386
2034.0828,258.2782,55.7995,297.9304
2034.2352,258.1363,60.853,295.5457
2034.3876,259.5965,81.0672,298.6491
2034.54,259.4468,125.7068,302.3881
2034.6924,264.1378,181.2957,303.7602
2034.8448,271.4668,221.3029,299.8088
2034.9972,277.0369,245.0966,293.8469
2035.1496,279.2466,249.0973,295.2783
2035.302,277.0408,240.8853,296.8033
2035.4544,281.3785,224.8824,297.4167
2035.6068,286.3857,209.4235,303.4217
2035.7592,287.8838,200.5798,311.3511
2035.9116,288.376,196.3686,311.4713
2036.064,276.6504,202.3521,310.1393
2036.2164,271.552,213.7401,311.3867
2036.3688,274.3,214.3718,313.1211
2036.5212,265.0656,203.1768,315.0218
2036.6736,261.2819,189.0515,312.2777
2036.826,255.9992,164.9945,309.391
2036.9784,252.3787,126.9175,304.4314
2037.1308,262.1728,82.2779,304.2413
2037.2832,270.5389,52.641,304.063
2037.4356,272.3414,46.7101,305.4174
2037.588,269.8743,47.763,307.3388
2037.7404,265.5383,46.7101,315.0396
2037.8928,259.8502,46.3241,295.3496
2038.0452,252.9678,48.0086,296.0802
2038.1976,252.9421,49.272,308.7852
2038.35,255.5818,52.1673,315.0396
2038.5024,252.37,52.5884,317.2848
2038.6548,249.7315,54.9046,319.7201
2038.8072,241.5092,55.7995,317.7302
2038.9596,230.314,57.1682,313.1508
2039.112,234.5781,61.59,309.2663
2039.2644,239.5025,61.6602,307.9833
2039.4168,245.7881,60.081,308.7673
2039.5692,252.2565,52.9218,308.0902
2039.7216,254.2711,49.8335,310.567
2039.874,254.5015,46.675,312.9741
2040.0264,252.3672,46.0434,312.9726
2040.1788,248.8582,47.5875,313.0439
2040.3312,245.929,50.009,317.0739
2040.4836,243.9393,53.2727,318.9241
2040.636,243.1832,53.2727,322.1672
2040.7884,243.6326,51.4829,322.7909
2040.9408,244.08,48.4297,322.7374
2041.0932,243.5667,46.1135,322.4478
2041.2456,242.5853,44.043,325.6776
2041.398,241.5636,42.3585,324.5223
2041.5504,240.9789,41.8952,325.0539
2041.7028,241.7598,44.1763,320.0794
2041.8552,243.309,44.3869,314.7366
2042.0076,244.6616,45.4818,311.2917
2042.16,244.7386,45.903,306.1123
2042.3124,243.381,53.0621,302.4222
2042.4648,243.1195,48.8509,297.3275
2042.6172,244.0779,46.5347,289.4694
2042.7696,245.1979,40.8494,285.0681
2042.922,246.5451,42.3234,284.9789
2043.0744,246.1296,45.6924,288.4403
2043.2268,246.6478,50.9565,288.0617
2043.3792,247.9171,51.3776,288.5709
2043.5316,249.4563,50.3248,288.2042
2043.684,249.7396,48.6403,287.7379
2043.8364,249.7386,49.4826,289.4515
2043.9888,250.7322,47.3769,291.1087
2044.1412,252.3593,45.2713,291.18
2044.2936,252.9779,49.4826,288.1626
2044.446,255.3048,49.079,288.2042
2044.5984,256.9942,52.2374,288.3824
2044.7508,258.2474,49.7107,292.1957
2044.9032,257.5335,53.764,294.4675
2045.0556,255.4372,51.4478,292.1957
2045.208,254.3351,51.0267,287.8121
2045.3604,250.9495,50.2546,286.8499
2045.5128,252.3853,52.3603,286.7608
2045.6652,253.0755,51.3601,288.0795
2045.8176,250.1158,48.4824,288.8635
2045.97,251.0527,52.5182,291.0731
2046.1224,249.3876,54.3606,293.8528
2046.2748,244.3272,58.3964,297.1671
2046.4272,238.117,57.098,304.1522
2046.5796,230.2795,59.6247,307.716
2046.732,222.9431,63.6781,312.242
2046.8844,221.7029,73.5746,310.9234
2047.0368,253.8448,103.0536,301.6219
2047.1892,290.9704,146.2894,295.3318
2047.3416,343.3275,175.9789,294.5478
2047.494,378.4374,185.1736,291.8749
2047.6464,339.6231,180.1727,289.5228
2047.7988,302.4282,187.8232,290.2177
2047.9512,273.2961,198.8427,291.6451
2048.1036,287.4041,203.2645,289.9505
2048.256,298.8177,196.0352,296.9177
2048.4084,292.8963,193.5084,301.6546
2048.5608,279.6211,194.9823,299.0025
2048.7132,241.4037,201.6327,298.8956
2048.8656,230.1434,202.6855,302.9227
2049.018,225.6965,198.6848,303.2434
2049.1704,224.4465,191.9292,304.6333
2049.3228,222.3672,188.5602,304.0067
2049.4752,221.4722,193.8242,302.2099
2049.6276,222.4306,190.1394,309.3375
2049.78,225.5643,187.0511,307.3774
2049.9324,234.997,178.418,308.6455
2050.0848,240.2866,174.2067,306.5221
2050.2372,237.0082,171.5044,302.1446
2050.3896,228.6888,173.3995,301.4437
2050.542,219.4336,168.346,300.3152
2050.6944,212.0129,165.6438,304.366
2050.8468,209.7044,162.0642,310.1393
2050.9992,217.2003,173.224,320.7952
2051.1516,233.3217,186.9809,311.6183
2051.304,248.0683,198.1408,311.1773
2051.4564,287.9067,205.5105,304.1166
2051.6088,315.6425,183.84,303.8849
2051.7612,311.2129,172.0484,307.7472
2051.9136,307.0522,153.9399,311.1372
2052.066,273.0197,148.6582,311.7654
2052.2184,240.7618,136.8667,311.0125
2052.3708,236.1137,137.4282,312.7054
2052.5232,237.4484,142.0606,312.9726
2052.6756,239.618,137.007,313.3661
2052.828,242.5148,135.8489,313.4537
2052.9804,242.8129,143.6398,318.6212
2053.1328,239.3923,144.7628,323.2156
2053.2852,236.403,139.6742,321.4723
2053.4376,238.4325,120.3725,321.6148
2053.59,239.5142,115.2487,316.7146
2053.7424,239.1833,104.317,311.1551
2053.8948,242.9565,97.0876,311.6539
2054.0472,240.1943,96.2453,319.2983
2054.1996,240.7657,103.1939,321.0446
2054.352,241.1831,124.8996,317.4452
2054.5044,241.024,129.9531,311.0659
2054.6568,244.3142,122.6185,302.798
2054.8092,245.7828,103.229,301.1586
2054.9616,246.0607,91.2093,302.3882
2055.114,245.1189,84.2081,304.5799
2055.2664,246.7566,81.4006,308.696
2055.4188,248.4074,81.8392,311.5649
2055.5712,247.8513,90.5776,312.349
2055.7236,247.4566,95.0697,308.9455
2055.876,250.3917,106.212,309.8365
2056.0284,255.8345,115.5821,308.4109
2056.1808,257.1046,125.9524,305.7025
2056.3332,255.0752,134.8136,305.6312
2056.4856,247.9196,146.6754,307.217
2056.638,243.6169,163.6785,306.7181
2056.7904,239.8825,174.312,307.6982
2056.9428,237.3852,179.0847,307.0448
2057.0952,238.2512,181.7694,304.3482
2057.2476,240.0801,192.1924,302.5306
2057.4,241.3455,202.2994,304.669
2057.5524,242.244,207.3179,310.0503
2057.7048,242.4417,202.4749,319.1647
2057.8572,243.0107,200.5798,321.3654
2058.0096,244.6356,205.5106,320.3141
2058.162,246.1262,207.0722,319.9398
2058.3144,248.5905,206.23,321.3861
2058.4668,248.5535,200.1236,330.8985
2058.6192,252.1133,199.1936,332.9655
2058.7716,261.6438,196.2457,335.9724
2058.924,303.338,181.9274,329.5086
2059.0764,372.6815,144.64,321.5495
2059.2288,400.0346,98.3159,322.9334
2059.3812,441.8187,61.4672,326.9397
2059.5336,444.6273,58.7474,324.5905
2059.686,423.0819,81.4883,323.9832
2059.8384,421.0985,108.0194,319.7617
2059.9908,418.7562,116.1436,325.1757
2060.1432,413.5453,112.1429,321.8642
2060.2956,403.6198,106.2471,317.4095
2060.448,351.8227,124.2328,312.8271
2060.6004,306.7298,142.973,315.7345
2060.7528,277.2852,168.6618,318.1757
2060.9052,247.3486,180.8746,316.486
2061.0576,243.2723,189.0164,312.7231
2061.21,239.4742,189.2269,309.2009
2061.3624,232.8512,184.1734,313.8814
2061.5148,229.4177,189.9639,319.7527
2061.6672,225.6117,195.228,324.8757
2061.8196,222.8871,198.2636,334.9435
2061.972,220.0278,186.4896,330.7737
2062.1244,214.9955,168.1705,326.3903
2062.2768,212.5032,162.187,328.8137
2062.4292,210.9616,159.4848,338.9942
2062.5816,211.2902,163.9066,342.4986
2062.734,213.9384,164.6787,346.0268
2062.8864,224.7398,175.5403,343.7638
2063.0388,232.5527,189.5954,336.9214
2063.1912,236.3048,193.0346,347.0247
2063.3436,236.3109,189.3147,348.1295
2063.496,233.4734,185.156,345.8486
2063.6484,229.4737,189.0515,348.5497
2063.8008,233.0764,186.4545,350.2143
2063.9532,243.1973,188.9813,359.2159
2064.1056,253.1295,199.9832,343.9955
2064.258,275.0386,208.1952,342.0532
2064.4104,313.72,210.4062,329.9006
2064.5628,316.2865,202.4574,325.486
2064.7152,309.7096,201.4046,326.4259
2064.8676,293.3664,189.6305,328.0652
2065.02,244.5908,177.8389,322.5058
2065.1724,227.2077,168.3635,318.4787
2065.3248,222.0273,163.7311,317.1066
2065.4772,227.1322,172.5748,316.964
2065.6296,238.5282,188.49,317.9263
2065.782,255.0899,205.2825,318.3153
2065.9344,273.0898,211.1782,312.7231
2066.0868,278.9371,204.5279,313.3646
2066.2392,275.0309,202.3521,311.4387
2066.3916,268.8963,195.772,309.3197
2066.544,273.6094,195.5614,307.9432
2066.6964,269.1386,190.929,309.1415
2066.8488,261.1895,176.6633,310.6057
2067.0012,249.7041,159.6076,313.828
2067.1536,229.5016,145.2892,312.8597
2067.306,218.7816,140.2357,313.828
2067.4584,219.0141,139.8145,312.3698
2067.6108,242.018,137.5861,315.8237
2067.7632,294.8538,143.6924,328.0475
2067.9156,312.3767,150.0094,337.1649
2068.068,330.0062,158.1336,339.1739
2068.2204,341.4743,176.4527,333.5179
2068.3728,308.1508,193.8944,331.3173
2068.5252,298.244,207.16,335.7452
2068.6776,284.1843,199.1585,335.8581
2068.83,262.8983,189.5077,335.4334
2068.9824,251.3145,184.8753,329.0987
2069.1348,246.2758,181.0851,332.7161
2069.2872,243.8321,178.1899,334.7801
2069.4396,242.7626,180.2955,333.4466
2069.592,251.6131,183.0328,336.2175
2069.7444,256.8044,187.402,336.6897
2069.8968,259.9805,190.5605,337.8182
2070.0492,268.7776,190.2622,336.2264
2070.2016,279.5616,183.9453,334.2901
2070.354,298.4715,163.8539,339.6654
2070.5064,350.8835,135.9367,342.9145
2070.6588,397.1082,103.7204,343.7638
2070.8112,432.7165,74.5748,342.9308
2070.9636,439.8062,60.467,337.9549
2071.116,442.6693,53.7114,336.8144
2071.2684,437.8651,59.8879,327.0853
2071.4208,402.773,75.4697,331.3499
2071.5732,349.4227,104.8083,326.4259
2071.7256,303.0237,137.4282,321.597
2071.878,251.6588,165.6438,323.7353
2072.0304,231.8848,174.8559,323.7175
2072.1828,228.3921,169.4514,321.9742
2072.3352,231.5236,160.3972,317.2135
2072.4876,232.4814,158.1336,317.267
2072.64,234.9835,165.8543,325.5885
2072.7924,235.1065,167.3282,328.582
2072.9448,234.3761,165.0121,325.0123
2073.0972,233.966,158.1863,319.5835
2073.2496,231.4637,154.7295,316.875
2073.402,229.4875,161.6255,321.6861
2073.5544,229.3394,166.9072,323.86
2073.7068,232.411,171.6273,329.9006
2073.8592,238.0993,159.6251,331.1658
2074.0116,250.1097,135.691,330.5333
2074.164,259.4624,110.0022,328.9384
2074.3164,266.867,88.858,326.1587
2074.4688,266.9347,81.8217,324.4301
2074.6212,263.395,69.0124,322.5414
2074.7736,262.3153,62.5726,324.1956
2074.926,265.3551,53.9746,323.7531
2075.0784,268.1532,53.5184,320.1893
2075.2308,271.6633,52.255,321.6311
2075.3832,274.0593,49.4826,322.6275
2075.5356,273.9206,54.9572,321.793
2075.688,268.2905,65.0643,316.9269
2075.8404,259.473,104.8609,322.2919
2075.9928,252.1589,148.6582,324.4837
2076.1452,245.1053,190.2622,322.7255
2076.2976,252.2426,212.1609,323.5749
2076.45,284.6973,209.0024,317.6412
2076.6024,325.4416,199.5446,312.0104
2076.7548,331.4508,183.5417,308.7436
2076.9072,326.2629,182.91,314.7189
2077.0596,290.2308,187.7354,326.123
2077.212,297.2931,182.8925,332.1103
2077.3644,298.5385,178.6812,331.7419
2077.5168,298.5809,167.4862,326.2299
2077.6692,297.9659,173.5925,323.6284
2077.8216,285.5134,177.1721,324.9633
2077.974,254.2615,180.0323,322.1138
2078.1264,268.6337,176.8738,326.6294
2078.2788,271.9995,163.7487,327.7267
2078.4312,291.9259,154.2733,331.3618
2078.5836,331.2543,147.7984,331.497
2078.736,335.3702,163.4504,332.9299
2078.8884,336.0742,188.5952,331.3618
2079.0408,330.6052,201.5975,334.4534
2079.1932,284.6703,202.7381,331.8726
2079.3456,258.4852,191.0694,326.8536
2079.498,254.4414,183.8575,323.9669
2079.6504,265.337,182.5064,323.9179
2079.8028,275.4967,185.6824,316.9818
2079.9552,290.4205,202.4749,313.917
2080.1076,291.3965,211.7397,317.267
2080.26,289.9436,218.6884,318.2114
2080.4124,300.514,208.6866,319.1157
2080.5648,304.2342,196.3335,319.2628
2080.7172,302.8784,178.418,319.7794
2080.8696,290.6609,164.5207,322.1672
2081.022,263.3295,154.0978,323.1472
2081.1744,245.0754,148.6232,324.1986
2081.3268,251.4555,162.0993,325.878
2081.4792,268.8745,189.0865,325.8379
2081.6316,288.5986,207.6513,329.0988
2081.784,309.1352,213.5471,332.4488
2081.9364,293.7154,208.9498,335.1216
2082.0888,274.8081,208.4935,336.1551
2082.2412,251.4761,184.2787,329.8472
2082.3936,249.0207,142.7625,331.736
2082.546,256.7926,104.0187,331.54
2082.6984,259.5411,80.067,337.0817
2082.8508,259.2589,71.0127,333.5357
2083.0032,256.1394,71.2233,327.798
2083.1556,252.5508,84.6468,327.2456
2083.308,250.6082,96.6489,325.8557
2083.4604,246.7004,114.0205,323.7219
2083.6128,243.9631,124.7592,322.3455
2083.7652,239.0594,145.6051,319.3934
2083.9176,231.2196,153.9223,319.769
2084.07,229.226,169.5041,320.8307
2084.2224,232.8217,164.4506,318.0049
2084.3748,237.3634,159.2215,320.9556
2084.5272,238.7134,143.6398,327.6584
2084.6796,238.1553,145.1137,334.4207
2084.832,235.8671,154.3786,337.545
2084.9844,232.3009,171.2237,330.9906
2085.1368,232.895,181.7519,319.4914
2085.2892,234.567,193.7189,310.9947
2085.4416,235.74,196.2457,310.965
2085.594,236.3994,196.4563,312.4737
2085.7464,235.5123,198.1408,312.2717
2085.8988,236.2849,193.0171,312.2064
2086.0512,237.33,194.491,312.5004
2086.2036,239.3946,195.5438,310.9768
2086.356,241.2224,207.8268,310.4097
2086.5084,243.0749,210.3535,311.9926
2086.6608,243.6478,204.4577,310.377
2086.8132,245.6432,197.088,312.1351
2086.9656,252.4928,196.6669,314.5911
2087.118,278.9252,178.2074,318.2827
2087.2704,337.6288,147.465,318.201
2087.4228,392.2655,125.3558,319.5835
2087.5752,407.7758,135.0067,322.9869
2087.7276,373.1536,169.7147,328.4217
2087.88,340.2687,192.6661,326.1764
2088.0324,328.586,199.6147,328.5895
2088.1848,336.1392,185.1209,325.5023
2088.3372,340.3683,183.647,316.9106
2088.4896,323.4617,182.4889,317.1601
2088.642,274.7218,191.3326,324.8757
2088.7944,243.596,188.9111,330.9906
2088.9468,241.1011,195.5088,325.7845
2089.0992,262.1526,199.8078,323.9313
2089.2516,312.8623,205.8089,319.769
2089.404,336.4904,198.0531,316.964
2089.5564,335.9969,187.4371,325.1429
2089.7088,297.1299,181.1202,335.0147
2089.8612,273.7277,181.1202,340.8564
2090.0136,258.8462,185.9632,345.6348
2090.166,245.0893,189.1216,342.0175
2090.3184,240.4293,186.9985,334.192
2090.4708,235.5168,186.1562,328.3682
2090.6232,232.4059,184.6647,325.1608
2090.7756,230.072,188.2267,330.56
2090.928,224.2956,184.226,339.5986
2091.0804,219.3316,168.7847,334.7653
2091.2328,216.4292,150.6761,332.4844
2091.3852,210.3462,135.5155,331.8073
2091.5376,210.0099,132.2343,332.7516
2091.69,209.2929,132.2343,335.6205
2091.8424,210.351,137.2878,338.8992
2091.9948,211.2788,152.4484,336.6748
2092.1472,212.2496,159.4672,333.6961
2092.2996,219.3085,174.2067,328.4395
2092.452,225.3729,178.2074,334.4207
2092.6044,232.0184,186.5598,333.9634
2092.7568,244.4389,178.7689,334.3553
2092.9092,250.5712,169.5041,331.8399
2093.0616,253.6067,151.3078,324.2342
2093.214,251.1404,124.7768,314.9669
2093.3664,246.4038,95.7189,313.5072
2093.5188,242.0656,78.9264,309.1683
2093.6712,237.0842,74.294,305.9668
2093.8236,240.734,72.399,301.1052
2093.976,243.4241,66.9945,298.7798
2094.1284,245.0698,65.0994,295.9911
2094.2808,246.2249,63.4149,294.5655
2094.4332,248.1772,59.9406,294.1572
2094.5856,250.6472,60.9934,291.8215
2094.738,250.6889,60.7653,294.1735
2094.8904,248.9673,64.8362,297.6839
2095.0428,245.0315,60.8179,304.17
2095.1952,235.6456,68.2052,306.6291
2095.3476,228.4176,84.4186,304.3171
2095.5,223.3524,106.756,305.4708
2095.6524,221.6565,117.5123,307.6002
2095.8048,220.798,119.618,310.1393
2095.9572,228.0956,116.7753,310.9413
2096.1096,258.4994,123.0747,311.2085
2096.262,305.0713,116.1261,312.3846
2096.4144,347.9101,97.4912,312.3044
2096.5668,385.2021,70.732,313.2399
2096.7192,421.5374,62.6253,310.9977
2096.8716,411.2364,89.5775,315.6989
2097.024,376.0499,128.3739,321.1871
2097.1764,348.0869,162.38,327.4773
2097.3288,335.6666,170.0831,325.4043
2097.4812,320.6315,173.9435,318.6568
2097.6336,334.2968,188.4724,316.964
2097.786,339.2016,211.2484,314.5406
2097.9384,323.2259,225.9177,318.8351
2098.0908,311.7663,220.0219,329.0988
2098.2432,278.6791,204.9666,333.898
2098.3956,254.463,188.3671,328.7067
2098.548,230.5419,176.7861,325.0361
2098.7004,232.0096,177.7512,328.6875
2098.8528,241.8494,175.821,316.4829
2099.0052,251.8376,185.0858,317.2314
2099.1576,260.2985,192.4907,319.0311
2099.31,272.2066,202.1415,316.6433
2099.4624,288.9583,202.5627,320.9555
2099.6148,302.192,197.474,316.1443
2099.7672,296.4691,179.9972,322.8399
2099.9196,278.9572,164.5383,324.7509
2100.072,258.1675,146.4649,321.5793
2100.2244,240.4777,156.221,319.7617
2100.3768,238.2776,165.7841,324.3411
2100.5292,235.2729,173.4346,331.9142
2100.6816,234.0009,165.1524,316.3226
2100.834,232.347,160.0287,314.0522
2100.9864,232.4205,161.643,312.0638
2101.1388,234.1273,168.3811,318.9687
2101.2912,239.7332,177.7161,328.2791
2101.4436,241.4713,186.3317,339.2719
2101.596,246.7399,198.3338,341.9463
2101.7484,253.9891,200.9659,335.3028
2101.9008,252.0983,198.2461,336.7966
2102.0532,246.7959,187.016,339.1665
2102.2056,240.3223,182.0677,339.9906
2102.358,231.9441,174.5576,335.8344
2102.5104,230.0885,173.7856,335.6621
2102.6628,232.556,168.5215,326.8892
2102.8152,234.6914,176.2421,325.7964
2102.9676,243.1177,180.2955,323.5749
2103.12,245.2907,182.8223,327.994
2103.2724,245.9508,182.4011,325.1429
2103.4248,252.4643,181.8221,324.555
2103.5772,293.8131,179.7164,329.6512
2103.7296,317.3776,183.8049,328.6712
2103.882,337.5547,195.4912,330.2926
2104.0344,346.1268,210.4413,322.5621
2104.1868,336.2726,210.4413,316.4116
2104.3392,357.225,188.1215,314.4605
2104.4916,392.4898,149.9567,316.9818
2104.644,391.3733,108.3879,319.5479
2104.7964,364.4067,82.9096,319.6013
2104.9488,324.7515,86.5769,313.1537
2105.1012,281.0208,102.6675,317.2314
2105.2536,229.1875,119.5127,316.0286
2105.406,217.8725,137.165,310.6917
2105.5584,217.7553,150.0971,309.7117
2105.7108,221.8127,162.9941,312.8479
2105.8632,235.36,162.3625,314.4159
2106.0156,246.3197,175.4876,315.7019
2106.168,249.82,182.3836,316.1801
2106.3204,249.1182,188.49,313.4716
2106.4728,242.7772,180.1902,309.6227
2106.6252,243.5088,181.6642,308.7852
2106.7776,247.5805,182.4713,319.524
2106.93,250.6332,191.1571,326.4259
2107.0824,252.4752,193.0171,332.1814
2107.2348,251.6175,196.4212,329.1774
2107.3872,246.0291,189.6656,329.4195
2107.5396,242.5155,185.9105,329.8472
2107.692,241.958,182.8925,327.7565
2107.8444,244.1469,187.1213,330.257
2107.9968,247.1452,191.122,325.6984
2108.1492,250.3668,195.5614,328.4573
2108.3016,252.2659,194.7191,324.9826
2108.454,253.8551,197.5617,323.0196
2108.6064,254.1539,204.563,321.294
2108.7588,254.1737,207.0898,322.1211
2108.9112,255.366,206.7739,323.2364
2109.0636,253.5493,202.0889,329.473
2109.216,254.3985,203.1417,329.1879
2109.3684,256.9633,204.6156,330.5985
2109.5208,288.4836,202.1415,331.5935
2109.6732,327.8296,184.6647,327.4787
2109.8256,328.0001,153.7118,326.7764
2109.978,317.1353,142.7625,326.2299
2110.1304,273.0488,160.0287,325.0777
2110.2828,217.4815,176.0316,328.0475
2110.4352,210.2245,168.2232,330.9252
2110.5876,208.2459,148.009,327.1743
2110.74,210.4182,148.4301,322.0396
2110.8924,217.0002,164.24,326.3903
2111.0448,226.6558,179.8217,327.2337
2111.1972,236.2846,197.9302,331.5459
2111.3496,247.4316,200.264,331.6113
2111.502,248.8211,186.5773,334.0124
2111.6544,246.1823,144.8856,330.3372
2111.8068,244.2756,107.5983,326.7111
2111.9592,241.8774,88.0158,325.731
2112.1116,246.1941,90.332,322.5949
2112.264,253.0252,100.2285,320.4031
2112.4164,259.108,118.1265,318.201
2112.5688,257.1822,125.9349,310.2463
2112.7212,256.1195,137.7265,306.5548
2112.8736,267.5492,153.9399,305.649
2113.026,283.7451,179.0321,304.5294
2113.1784,281.1179,195.8772,306.2014
2113.3308,273.7892,196.0878,311.2917
2113.4832,255.3267,191.8239,318.3896
2113.6356,235.3737,193.4733,324.7182
2113.788,236.9953,197.825,328.2969
2113.9404,247.4685,213.1961,330.0923
2114.0928,261.4674,215.3193,333.3753
2114.2452,271.339,198.3338,321.8762
2114.3976,269.1501,162.7134,318.8351
2114.55,262.3777,127.3562,321.401
2114.7024,252.9349,103.9836,323.0359
2114.8548,251.093,89.3143,325.535
2115.0072,253.3981,90.1565,332.5557
2115.1596,250.5456,106.0015,334.4207
2115.312,243.7688,135.0242,329.9719
2115.4644,238.8268,152.9397,328.0177
2115.6168,239.8234,162.1519,326.4171
2115.7692,241.1963,139.1127,325.6063
2115.9216,248.9803,118.0387,319.3696
2116.074,251.2722,103.8081,317.221
2116.2264,247.4626,110.4233,311.4936
2116.3788,244.2566,121.4604,310.4423
2116.5312,236.3092,133.5854,311.2798
2116.6836,235.4177,144.5347,309.4622
2116.836,234.2751,154.554,312.0103
2116.9884,234.1055,153.431,313.1865
2117.1408,245.2412,141.2183,312.9904
2117.2932,252.7956,123.8643,312.046
2117.4456,257.6127,102.2464,307.3716
2117.598,257.4291,104.1415,310.3176
2117.7504,247.9529,117.4948,313.4537
2117.9028,233.508,141.2359,317.6783
2118.0552,229.8441,153.4486,314.1843
2118.2076,235.5609,144.3943,312.0267
2118.36,241.3077,124.6539,308.9811
2118.5124,246.9212,92.2271,319.2626
2118.6648,249.3953,76.7331,323.4858
2118.8172,245.2381,69.258,328.4098
2118.9696,245.1857,88.4194,329.6512
2119.122,246.838,106.4402,323.9832
2119.2744,252.8216,121.6885,320.8842
2119.4268,258.3045,130.3216,312.4187
2119.5792,257.2738,142.9555,310.4245
2119.7316,254.0328,154.1329,312.1411
2119.884,248.2369,162.8538,311.4579
2120.0364,246.7132,164.9594,309.5691
2120.1888,249.5629,150.3077,311.602
2120.3412,249.7304,115.2663,312.5627
2120.4936,253.1069,76.5225,318.3153
2120.646,252.4327,54.5361,323.1472
2120.7984,248.8398,49.272,323.7383
2120.9508,246.28,47.5349,321.6682
2121.1032,245.5368,49.2193,317.6293
2121.2556,244.6451,51.8865,305.5242
2121.408,247.7081,49.6229,302.2099
2121.5604,249.5696,48.4999,299.1094
2121.7128,246.1009,45.8328,296.1158
2121.8652,241.3845,47.3243,300.1519
2122.0176,241.9422,46.7628,303.8315
2122.17,242.9593,49.4299,305.4174
2122.3224,243.7522,52.1322,301.8343
2122.4748,246.4316,53.6061,299.8757
2122.6272,247.4827,51.8689,299.1985
2122.7796,249.9219,49.9914,296.2405
2122.932,255.7878,59.5019,292.8193
2123.0844,263.5253,75.6276,291.2868
2123.2368,265.1465,108.0018,287.6725
2123.3892,261.5329,129.4443,289.9148
2123.5416,258.6034,140.727,293.7637
2123.694,250.5272,132.7782,294.5299
2123.8464,246.0409,135.6559,296.9711
2123.9988,258.3589,136.428,303.7067
2124.1512,284.8872,142.8326,304.8115
2124.3036,291.9413,143.9556,307.9298
2124.456,293.0065,154.6418,316.4473
2124.6084,290.1603,171.6273,319.5894
2124.7608,272.8127,190.578,317.8906
2124.9132,280.2108,198.6145,314.2021
2125.0656,304.7542,206.3879,314.0031
2125.218,333.6989,185.5421,312.6696
2125.3704,326.9417,170.5569,317.7125
2125.5228,308.0679,151.0095,318.1401
2125.6752,277.5934,153.5188,313.222
2125.8276,236.2675,165.6086,312.0994
2125.98,228.7922,177.5757,306.4687
2126.1324,239.7406,199.1936,302.9048
2126.2848,248.3407,201.8432,307.6982
2126.4372,249.3106,196.4388,304.3839
2126.5896,246.7617,182.2081,302.3882
2126.742,235.1321,173.575,306.3795
2126.8944,230.3723,174.7682,305.8034
2127.0468,231.178,169.083,308.4109
2127.1992,232.6338,170.3463,302.3079
2127.3516,233.2974,173.9786,309.0703
2127.504,231.855,178.1899,317.025
2127.6564,229.6213,178.2776,334.9256
2127.8088,225.6927,166.4333,329.9126
2127.9612,221.473,164.7664,322.4879
2128.1136,220.4328,157.73,321.9905
2128.266,224.0828,159.3444,326.3368
2128.4184,228.7328,160.5902,321.098
2128.5708,232.2329,163.9592,319.2137
2128.7232,235.8593,173.4171,313.6275
2128.8756,238.8226,174.0488,316.1801
2129.028,243.794,190.4727,314.8257
2129.1804,250.6038,188.9286,323.8036
2129.3328,259.7558,201.5625,333.6783
2129.4852,272.8803,192.4731,343.5352
2129.6376,282.9172,194.7893,364.2913
2129.79,332.9743,189.3147,330.7456
2129.9424,356.5233,182.7521,322.7017
2130.0948,352.4788,176.5931,316.9106
2130.2472,337.5283,175.3297,319.6013
2130.3996,301.0565,183.6294,312.2553
2130.552,268.3769,168.6794,327.7267
2130.7044,249.6785,139.2881,332.5913
2130.8568,248.4841,105.5102,329.1523
2131.0092,246.0641,95.8242,320.0467
2131.1616,244.5368,100.2636,314.4516
2131.314,248.5139,108.5633,308.4644
2131.4664,250.4382,112.1429,310.2997
2131.6188,252.6031,103.2641,307.5378
2131.7712,241.4472,96.7191,308.7272
2131.9236,233.7087,92.0867,310.6562
2132.076,234.4106,98.7546,313.2042
2132.2284,233.6539,93.9116,310.5136
2132.3808,234.2483,82.3306,308.4659
2132.5332,238.392,66.9594,307.6982
2132.6856,236.5525,60.7828,306.8429
2132.838,235.7767,57.5015,306.7003
2132.9904,235.9869,56.4487,304.6273
2133.1428,233.8516,64.9415,303.3147
2133.2952,233.6578,83.3834,301.9783
2133.4476,243.6832,113.2133,297.3454
2133.6,254.5897,148.5881,297.8324
2133.7524,275.0506,180.3306,296.6326
2133.9048,292.5134,205.6685,296.591
2134.0572,309.817,210.4413,296.3831
2134.2096,310.4743,203.9664,301.0829
2134.362,298.5483,177.8565,312.9014
2134.5144,283.888,135.9718,320.1774
2134.6668,261.0226,96.5963,326.0161
2134.8192,256.5837,68.6088,325.9983
2134.9716,255.8955,66.1347,328.5732
2135.124,254.8973,68.6614,328.4573
2135.2764,251.7075,66.1171,326.172
2135.4288,250.2603,60.4845,317.6412
2135.5812,250.5357,52.9042,310.7853
2135.7336,249.9133,61.1162,313.3661
2135.886,250.891,68.4509,309.6404
2136.0384,248.1426,88.665,308.6946
2136.1908,242.9603,113.5116,305.5065
2136.3432,236.3889,144.2013,312.8271
2136.4956,232.1209,167.1528,313.7388
2136.648,230.8635,181.6115,316.7472
2136.8004,231.569,183.7523,319.0667
2136.9528,235.3629,182.9977,323.5927
2137.1052,248.4743,177.1721,325.1964
2137.2576,262.225,175.4876,328.7038
2137.41,266.378,177.0318,329.9719
2137.5624,262.1917,177.2423,326.8581
2137.7148,248.9729,182.7696,325.9924
2137.8672,239.6142,186.6124,323.9343
2138.0196,240.4103,199.1761,324.9469
2138.172,243.5476,201.4397,324.2773
2138.3244,244.8952,199.141,328.4573
2138.4768,244.1344,192.052,327.6584
2138.6292,240.7375,181.2957,328.2465
2138.7816,237.9652,175.3823,324.7509
2138.934,235.1956,161.8185,326.5151
2139.0864,230.6508,163.0994,327.838
2139.2388,228.4968,172.8731,332.4666
2139.3912,228.5311,179.4883,335.5641
2139.5436,230.3466,182.4538,335.4988
2139.696,232.26,173.382,333.411
2139.8484,230.9041,171.3992,330.1412
2140.0008,232.514,174.7506,328.1009
2140.1532,232.1,174.3646,327.0214
2140.3056,231.1063,172.3467,324.1095
2140.458,231.3546,164.7488,324.7331
2140.6104,235.8688,154.712,324.261
2140.7628,242.0189,143.9732,327.2456
2140.9152,243.6462,129.3039,329.5799
2141.0676,247.1794,133.1292,330.6802
2141.22,248.7406,129.0933,328.7067
2141.3724,246.484,120.6181,325.8127
2141.5248,247.9313,97.2982,326.6041
2141.6772,249.9889,79.4353,326.1557
2141.8296,246.2521,84.6292,326.123
2141.982,244.332,103.3168,327.3882
2142.1344,242.5014,128.3213,330.8272
2142.2868,234.2038,149.0267,333.2863
2142.4392,232.8952,153.6942,330.9519
2142.5916,230.8711,159.4321,326.5477
2142.744,231.8998,150.1146,323.8422
2142.8964,244.8804,152.8169,326.7927
2143.0488,291.8245,153.4486,328.8181
2143.2012,335.8155,164.0645,331.6647
2143.3536,378.5734,177.3301,328.8018
2143.506,400.4589,183.1206,326.0338
2143.6584,360.2094,176.7685,326.3354
2143.8108,312.7793,153.6591,326.6398
2143.9632,272.3876,142.6045,326.6219
2144.1156,225.6211,141.8149,328.5241
2144.268,218.3031,151.6588,330.3817
2144.4204,220.7164,152.4835,328.3607
2144.5728,223.9858,149.2022,329.5369
2144.7252,232.6398,144.9909,333.6961
2144.8776,264.5169,150.2024,333.2773
2145.03,288.7228,166.8018,333.8163
2145.1824,264.7071,178.804,334.4089
2145.3348,229.8661,182.2432,335.9889
2145.4872,228.5067,170.2762,337.5628
2145.6396,226.0959,168.1705,334.1267
2145.792,229.8094,180.3657,333.8921
2145.9444,235.4321,194.3331,331.4152
2146.0968,231.4625,192.5082,332.1101
2146.2492,230.7448,173.3644,330.2719
2146.4016,226.5236,156.8878,328.1365
2146.554,225.9009,151.3429,326.8091
2146.7064,257.6616,163.3451,326.9605
2146.8588,291.4161,171.1886,327.103
2147.0112,314.3039,167.0826,330.4353
2147.1636,328.0804,152.9748,329.3898
2147.316,306.5826,135.6735,327.5307
2147.4684,288.355,121.0042,331.6276
2147.6208,309.8638,118.1265,335.9235
2147.7732,317.9149,147.4299,341.8527
2147.9256,335.6433,191.4379,344.4053
2148.078,320.9597,216.9161,345.5769
2148.2304,290.1064,208.0724,347.1614
2148.3828,248.7416,190.3148,349.8223
2148.5352,213.0758,171.9782,349.5372
2148.6876,205.1869,165.6613,349.4155
2148.84,204.2546,156.3965,349.7866
2148.9924,204.9083,150.0269,351.7824
2149.1448,208.296,137.6036,349.6115
2149.2972,212.1165,133.5503,348.0939
2149.4496,216.7355,139.9198,348.7175
2149.602,219.7824,162.5204,347.831
2149.7544,222.1042,180.664,344.1737
2149.9068,225.9738,200.1938,347.8088
2150.0592,233.6953,195.9474,347.4554
2150.2116,235.1092,196.9125,347.5771
2150.364,234.1936,186.1738,347.1286
2150.5164,226.2682,186.3668,348.967
2150.6688,240.897,179.2251,351.3591
2150.8212,219.787,168.3109,348.8423
2150.9736,217.1443,159.2391,345.1003
2151.126,216.7784,155.156,344.1559
2151.2784,219.6687,170.3302,344.5122
2151.4308,228.8403,180.367,345.0052
2151.5832,248.1649,187.7314,343.6035
2151.7356,289.8831,182.2081,343.9925
2151.888,284.9209,174.6656,338.5785
2152.0404,311.5029,158.2592,335.4008
2152.1928,283.8538,148.2223,331.1658
2152.3452,248.404,156.0618,330.9906
2152.4976,239.934,174.7844,343.5679
2152.65,216.1054,180.367,356.8251
2152.8024,212.1797,177.1748,389.8423
2152.9548,212.0505,177.8767,387.6045
2153.1072,214.7505,180.4359,343.3064
2153.2596,215.5544,184.8753,336.4402
2153.412,221.2867,182.2432,345.2339
2153.5644,228.7531,184.9806,342.4571
2153.7168,267.5113,182.8749,340.2535
2153.8692,283.1437,184.2436,340.35
2154.0216,289.5716,181.5484,345.6749
2154.174,290.8251,171.2307,347.2564
2154.3264,287.0246,151.2271,349.6767
2154.4788,290.8113,121.5797,345.6883
2154.6312,272.769,96.5226,345.7076
2154.7836,249.8656,81.5725,357.7517
2154.936,245.076,85.0679,361.96
2155.0884,240.9002,86.1207,371.7931
2155.2408,242.544,76.161,350.6895
2155.3932,245.7317,64.3694,336.6748
2155.5456,251.4068,56.368,334.1594
2155.698,254.5667,57.9051,331.1658
2155.8504,255.1434,56.7049,332.1176
2156.0028,254.2364,64.7063,334.1415
2156.1552,252.3847,91.8691,332.1993
2156.3076,250.7689,115.9576,330.7381
2156.46,246.7496,130.1497,328.7364
2156.6124,251.0949,119.2003,323.8066
2156.7648,252.8911,106.6928,323.0848
2156.9172,249.5527,109.9355,325.1103
2157.0696,249.2016,132.4869,324.0649
2157.222,239.3176,156.5755,324.5905
2157.3744,228.5121,166.5609,324.7183
2157.5268,224.2358,153.8217,325.4459
2157.6792,219.0831,133.4391,325.2083
2157.8316,216.4612,112.8507,325.838
2157.984,215.8327,103.4829,329.9942
2158.1364,216.8202,102.4277,330.2036
2158.2888,218.9902,101.3983,327.8545
2158.4412,219.319,98.31,335.8255
2158.5936,220.7509,102.6079,337.5985
2158.746,220.2625,124.9979,337.1975
2158.8984,223.503,154.8512,334.3732
2159.0508,227.2088,180.1493,329.1938
2159.2032,231.452,186.8405,335.8344
2159.3556,236.63,189.9288,337.153
2159.508,239.7148,186.8405,338.2429
2159.6604,235.2542,175.5169,341.0732
2159.8128,233.9724,145.9209,341.1504
2159.9652,237.9489,124.303,337.7202
2160.1176,239.9158,115.2955,333.3397
2160.27,245.9846,119.4132,330.6313
2160.4224,244.3846,132.2811,330.7203
2160.5748,238.8949,152.8695,330.0269
2160.7272,232.5934,167.5388,330.0076
2160.8796,232.8743,174.2301,332.7874
2161.032,234.5627,175.2595,334.8781
2161.1844,237.46,179.6346,337.1975
2161.3368,237.4718,175.7742,339.4189
2161.4892,233.8018,159.5608,340.693
2161.6416,229.119,141.2885,339.808
2161.794,223.0165,122.2441,338.2919
2161.9464,223.4617,110.1484,336.7431
2162.0988,224.3468,111.6926,339.4843
2162.2512,225.2776,130.2222,340.889
2162.4036,225.1273,146.9503,339.2067
2162.556,226.8835,156.4725,334.3553
2162.7084,239.5977,165.9947,330.4025
2162.8608,246.0329,177.8331,329.4225
2163.0132,246.8758,187.6126,339.7457
2163.1656,245.0287,194.8186,342.57
2163.318,229.2589,201.5098,340.35
2163.4704,226.4336,205.6275,345.8709
2163.6228,223.9705,199.1936,342.6857
2163.7752,222.1893,194.8186,337.2242
2163.9276,218.6291,189.9288,340.2193
2164.08,221.5889,181.1787,342.2774
2164.2324,231.4811,178.3478,343.2649
2164.3848,249.0729,179.1199,344.6295
2164.5372,273.375,195.0759,343.6582
2164.6896,288.3851,197.1348,343.6985
2164.842,308.9209,197.6495,341.3815
2164.9944,309.3067,193.7892,344.4825
2165.1468,317.9882,193.7891,342.1053
2165.2992,340.8915,196.6201,341.8364
2165.4516,344.5432,187.87,340.399
2165.604,344.9702,184.5243,339.0294
2165.7564,308.9773,190.7009,334.3391
2165.9088,284.1739,199.9657,333.359
2166.0612,243.9323,207.6864,338.547
2166.2136,227.8493,199.2579,334.9597
2166.366,222.6343,187.4196,323.6892
2166.5184,229.6545,171.2061,320.0467
2166.6708,226.3562,156.9872,322.381
2166.8232,227.1232,155.8034,322.5556
2166.9756,231.8066,171.2448,322.6127
2167.128,233.8175,184.5951,321.5791
2167.2804,237.7896,183.9002,324.0204
2167.4328,240.0801,181.584,323.1651
2167.5852,242.2357,178.7853,320.4388
2167.7376,243.6938,190.1862,323.6284
2167.89,243.2499,193.0171,329.1416
2168.0424,244.2772,199.8692,332.1815
2168.1948,247.3345,191.3764,337.4915
2168.3472,249.7668,188.494,347.9976
2168.4996,254.9698,191.6788,347.8088
2168.652,252.5832,197.0833,345.3853
2168.8044,244.9603,199.7083,346.3708
2168.9568,233.9274,182.4655,346.1516
2169.1092,224.6822,175.5169,344.2984
2169.2616,219.6781,152.8695,346.5863
2169.414,221.1881,139.487,345.4032
2169.5664,223.2331,115.0382,343.0688
2169.7188,228.0421,106.5712,342.9602
2169.8712,232.1792,105.2844,342.7303
2170.0236,231.757,107.8579,342.7054
2170.176,229.2064,122.5015,341.9463
2170.3284,226.681,131.509,341.9605
2170.4808,222.2533,146.1783,338.2364
2170.6332,224.419,142.5753,336.786
2170.7856,224.9218,154.9284,338.3737
2170.938,226.5733,158.0167,342.7402
2171.0904,229.2401,165.0425,340.3532
2171.2428,232.7695,162.7263,348.2916
2171.3952,235.0227,167.3587,351.0358
2171.5476,236.7559,171.3992,342.6368
2171.7,236.7714,173.2007,344.2648
2171.8524,237.7282,172.4801,343.8945
2172.0048,237.4978,177.2411,344.5871
2172.1572,236.6061,178.5279,349.4045
2172.3096,238.0708,180.5353,351.0597
2172.462,236.88,169.5977,352.018
2172.6144,236.3185,158.5314,354.4354
2172.7668,233.7834,159.9983,352.9326
2172.9192,234.302,166.1748,349.3827
2173.0716,234.834,167.0434,346.203
2173.224,235.4877,169.5912,346.4862
2173.3764,236.1267,170.878,347.1831
2173.5288,236.2681,178.5022,346.4208
2173.6812,235.6873,177.5757,345.6151
2173.8336,235.2236,172.686,345.0923
2173.986,235.1007,172.9433,346.0941
2174.1384,236.6209,172.4286,345.4887
2174.2908,237.2903,173.7154,342.9798
2174.4432,235.7065,178.6051,345.9853
2174.5956,235.0792,177.5757,344.7929
2174.748,237.0327,180.1493,346.7257
2174.9004,238.904,181.6934,346.4862
2175.0528,243.7233,178.3478,343.6985
2175.2052,249.1003,186.5832,339.6476
2175.3576,252.1418,191.2156,342.3482
2175.51,253.6449,203.3113,344.0687
2175.6624,251.9894,205.3702,342.2828
2175.8148,249.9048,203.054,345.6803
2175.9672,249.0585,203.5687,342.8709
2176.1196,248.0925,196.6201,347.5098
2176.272,247.4206,200.4804,349.7965
2176.4244,248.8126,199.451,352.4971
2176.5768,251.6496,201.2525,349.4481
2176.7292,253.9744,198.1642,347.5751
2176.8816,254.996,191.9876,350.1232
2177.034,254.1743,189.4141,351.4735
2177.1864,249.5621,189.4141,349.2521
2177.3388,244.9694,187.0979,350.929
2177.4912,240.1506,191.4729,347.1396
2177.6436,238.4551,184.7817,348.272
2177.796,239.6015,195.0759,349.3392
2177.9484,243.951,193.2744,353.1723
2178.1008,247.2077,197.4436,352.4753
2178.2532,259.9486,192.0391,351.2857
2178.4056,269.8814,204.9069,352.2707
2178.558,273.377,210.7746,352.018
2178.7104,278.089,219.5247,350.4526
2178.8628,286.8052,216.4365,349.3827
2179.0152,284.5018,219.8336,353.0416
2179.1676,287.4262,206.7084,360.3374
2179.32,295.3375,185.0905,360.5989
2179.4724,291.8609,169.083,358.1596
2179.6248,291.4216,161.7998,348.664
2179.7772,290.7115,169.7778,349.8619
2179.9296,287.0165,161.5424,347.2485
2180.082,282.4788,169.083,347.6404
2180.2344,265.5463,151.3254,349.753
2180.3868,263.2362,128.781,351.7566
2180.5392,258.4106,89.6629,353.5861
2180.6916,268.7852,65.7288,342.3918
2180.844,262.9683,66.6552,336.9906
2180.9964,253.0981,84.5672,328.9978
2181.1488,232.2747,110.8175,330.9143
2181.3012,236.1554,142.987,330.7619
2181.4536,228.523,165.7373,325.9488
2181.606,229.6433,177.6786,324.6856
2181.7584,232.2968,175.6198,329.2374
2181.9108,235.1374,174.8477,332.0687
2182.0632,237.7039,171.1418,335.0305
2182.2156,240.5574,155.9578,337.7093
2182.368,244.6371,126.6192,340.3227
2182.5204,248.9922,100.6262,342.5442
2182.6728,252.3078,90.8467,343.3718
2182.8252,246.1254,98.6703,338.2756
2182.9776,239.1887,113.3396,344.1776
2183.13,234.5695,128.5236,345.223
2183.2824,229.3228,144.8915,347.8212
2183.4348,227.0119,156.7299,351.7349
2183.5872,228.5395,160.0755,347.5969
2183.7396,228.4504,163.9358,346.1595
2183.892,226.7932,170.3698,347.0742
2184.0444,226.4608,171.3992,341.39
2184.1968,228.844,177.3184,340.693
2184.3492,231.0737,180.4066,342.762
2184.5016,234.4112,197.9068,341.5685
2184.654,235.4235,194.5612,345.1141
2184.8064,231.808,185.972,342.8926
2184.9588,227.7626,166.1555,342.627
2185.1112,227.4408,159.979,338.7982
2185.2636,226.4565,162.649,338.2102
2185.416,230.0771,175.2595,340.5624
2185.5684,235.6709,184.267,342.3918
2185.7208,240.83,195.5907,344.7003
2185.8732,244.2741,199.7083,344.5696
2186.0256,240.1968,199.9657,344.9399
2186.178,237.9566,188.2881,332.134
2186.3304,235.7458,178.3542,323.5096
2186.4828,232.9632,171.1483,325.4261
2186.6352,234.0797,179.834,324.9469
2186.7876,239.2595,190.2827,325.4697
2186.94,240.5321,196.2019,329.7818
2187.0924,244.4149,197.6495,330.8708
2187.2448,246.0088,195.0759,337.7965
2187.3972,245.3549,192.7597,344.3083
2187.5496,243.2471,187.0979,345.9852
2187.702,246.2577,179.1198,340.4535
2187.8544,246.9559,174.2301,341.1068
2188.0068,257.062,146.1783,336.7293
2188.1592,268.0475,121.2147,330.3045
2188.3116,271.4795,92.1335,336.7728
2188.464,270.6286,89.0452,342.0433
2188.6164,258.8877,90.5893,346.203
2188.7688,249.5145,100.6262,349.9489
2188.9212,246.3127,109.8911,351.6477
2189.0736,248.1134,112.2073,345.724
2189.226,246.3115,118.1264,338.9725
2189.3784,245.1792,125.0751,334.6385
2189.5308,238.3981,146.1783,332.9398
2189.6832,231.3245,154.1563,334.4861
2189.8356,230.0086,154.1563,335.6186
2189.988,231.9382,154.1563,344.6786
2190.1404,234.4469,158.7887,345.419
2190.2928,240.9766,173.5867,344.4389
2190.4452,246.7475,179.5059,348.6205
2190.5976,246.2139,177.1897,346.8565
2190.75,241.7311,162.649,337.9271
2190.9024,233.1058,150.0386,343.5242
2191.0548,222.9019,145.9209,342.4136
2191.2072,222.9189,147.9798,339.9308
2191.3596,225.4613,146.1783,350.0797
2191.512,228.9389,157.7336,331.8944
2191.6644,232.5619,174.4617,323.3005
2191.8168,237.9271,185.7854,320.4388
2191.9692,241.0681,190.1862,317.5204
2192.1216,243.2627,191.4729,315.8653
2192.274,245.7174,196.3627,322.9216
2192.4264,248.9189,200.4804,336.4462
2192.5788,251.0612,193.7892,351.2513
2192.7312,249.787,189.6714,357.92
2192.8836,249.7707,185.039,351.0379
2193.036,246.3614,188.1273,350.0579
2193.1884,243.4579,195.7451,348.3896
2193.3408,241.3901,191.1126,350.45
2193.4932,241.02,187.2523,348.2502
2193.6456,240.705,184.5243,344.9616
2193.798,240.5618,190.7009,339.4908
2193.9504,239.5618,193.5318,336.9253
2194.1028,238.6556,188.1273,332.134
2194.2552,235.5499,186.8405,328.1702
2194.4076,236.4373,187.0979,331.2585
2194.56,237.2179,182.9802,333.5714
2194.7124,239.2057,182.9802,332.5913
2194.8648,241.6886,178.9268,336.9906
2195.0172,243.0274,177.64,340.8629
2195.1696,244.498,179.0555,339.6259
2195.322,247.2218,190.5722,337.6222
2195.4744,247.8269,198.5502,341.4989
2195.6268,248.5563,190.9582,344.5479
2195.7792,248.8313,189.9288,343.1367
2195.9316,247.6624,191.9877,344.1994
2196.084,244.9942,195.848,345.7675
2196.2364,241.8075,190.4435,345.0705
2196.3888,234.7175,181.1787,345.8415
2196.5412,228.2143,174.7448,342.1304
2196.6936,225.848,158.7887,342.9145
2196.846,221.3291,156.2151,342.9145
2196.9984,221.3055,145.4062,341.2375
2197.1508,222.6024,143.3474,345.1141
2197.3032,220.0888,136.3987,344.3737
2197.4556,220.6959,127.6486,345.724
2197.608,229.9052,128.9354,343.4589
2197.7604,242.4361,123.2736,338.6458
2197.9128,247.4226,133.8895,338.3409
2198.0652,253.1898,124.11,334.29
2198.2176,250.8276,121.7938,334.3336
2198.37,245.0666,114.5235,338.2756
2198.5224,246.808,113.2367,344.3954
2198.6748,247.7178,122.5015,347.7085
2198.8272,249.1887,127.6486,348.6205
2198.9796,249.2064,140.0017,349.1867
2199.132,245.5377,147.4651,342.7402
2199.2844,238.9229,163.6785,334.2247
2199.4368,234.1469,179.1199,326.2537
2199.5892,231.4256,185.2964,321.2446
2199.7416,230.8877,178.6051,323.3789
2199.894,231.2222,173.458,326.9724
2200.0464,231.3714,170.1124,333.114
2200.1988,232.1733,168.3109,344.2865
2200.3512,233.6889,169.3403,348.6859
2200.5036,234.049,167.0241,342.9798
2200.656,234.2791,174.9764,341.8255
2200.8084,233.6944,179.0941,347.5098
2200.9608,232.505,185.2706,348.4245
2201.1132,233.1913,186.0685,346.9653
2201.2656,233.4972,189.4141,349.5352
2201.418,234.11,192.5023,350.6895
2201.5704,235.3884,196.1054,351.2993
2201.7228,235.7913,186.8663,351.3428
2201.8752,238.5509,185.8368,346.8347
2202.0276,237.7061,184.8074,343.6331
2202.18,233.503,187.0979,341.4117
2202.3324,231.2468,180.664,339.3427
2202.4848,229.0641,155.2887,339.6477
2202.6372,228.347,142.4209,343.851
2202.7896,230.3309,123.8912,347.9018
2202.942,230.4245,121.9868,349.8619
2203.0944,228.1682,110.4058,350.7548
2203.2468,226.756,105.516,350.2757
2203.3992,226.5098,104.8726,348.8383
2203.5516,226.9472,104.6153,347.3355
2203.704,228.7652,99.7255,348.3308
2203.8564,231.1458,97.7953,350.7548
2204.0088,231.5539,95.9938,350.9726
2204.1612,232.1031,95.2218,346.4862
2204.3136,231.1893,87.1923,346.8347
2204.466,229.9187,84.3613,345.5933
2204.6184,228.7042,91.8247,344.0579
2204.7708,227.0608,97.0232,343.7202
2204.9232,224.9181,105.0013,348.076
2205.0756,223.3566,103.1998,349.557
2205.228,220.9334,109.119,350.4281
2205.3804,222.744,99.4681,349.9489
2205.5328,226.5189,90.9754,348.076
2205.6852,228.7962,84.7988,350.1232
2205.8376,231.0427,89.0452,348.1414
2205.99,230.4599,92.3908,349.361
2206.1424,228.2946,87.7584,350.2103
2206.2948,228.1343,84.9275,348.6205
2206.4472,229.9391,85.4422,351.0597
2206.5996,231.7571,90.332,349.7617
2206.752,232.1058,94.1923,351.1468
2206.9044,230.2247,97.538,350.6677
2207.0568,227.5928,105.7734,347.4009
2207.2092,224.8283,115.0382,346.6168
2207.3616,224.135,139.2297,347.8801
2207.514,223.6671,156.9872,347.1178
2207.6664,224.4958,171.6565,347.6622
2207.8188,223.9118,166.2521,347.3138
2207.9712,221.5106,159.0461,342.1739
2208.1236,219.5597,147.465,339.5605
2208.276,216.3711,144.8915,339.6913
2208.4284,213.8755,139.7444,338.929
2208.5808,213.0777,135.3693,337.7093
2208.7332,213.9525,127.906,338.5152
2208.8856,215.5704,115.5529,338.7764
2209.038,222.2018,106.8028,341.4989
2209.1904,230.0583,102.4277,346.2902
2209.3428,237.6528,94.1923,342.6749
2209.4952,242.047,89.8173,342.958
2209.6476,240.815,82.6113,345.5524
2209.8,235.2221,90.0747,347.2049
2209.9524,228.4979,94.1923,346.5516
2210.1048,233.988,95.6593,345.3972
2210.2572,236.896,83.8209,343.0887
2210.4096,238.2962,70.4384,342.4136
2210.562,241.4753,59.6101,346.9871
2210.7144,235.7386,63.1874,347.0306
2210.8668,236.4148,58.1367,344.8964
2211.0192,238.8301,56.1744,341.673
2211.1716,242.7358,48.2993,336.2065
2211.324,245.378,51.0337,335.1613
2211.4764,244.3806,52.0631,337.644
2211.6288,243.7452,64.5964,336.9525
2211.7812,242.7681,76.7436,337.3827
2211.9336,239.1148,76.4862,335.8146
2212.086,234.3019,66.9641,334.987
2212.2384,229.2776,55.5889,334.2465
2212.3908,227.6416,54.8168,333.7674
2212.5432,230.7491,53.7874,334.5078
2212.6956,233.3488,53.1183,337.4698
2212.848,236.4155,53.3756,336.9035
2213.0004,237.7033,54.1477,336.1195
2213.1528,237.0225,66.9126,336.8164
2213.3052,239.1439,73.6038,337.7093
2213.4576,239.1828,75.4053,337.2301
2213.61,239.6344,60.9934,337.7528
2213.7624,241.279,50.8536,337.4479
2213.9148,239.9764,46.2211,336.3808
2214.0672,239.2276,46.4785,335.0741
2214.2196,236.9568,53.2727,334.3162
2214.372,236.0865,52.5006,334.1376
2214.5244,235.3999,54.0448,334.3989
2214.6768,234.3661,53.5301,333.0269
2214.8292,235.0743,53.9161,332.526
2214.9816,232.865,52.6293,330.2175
2215.134,231.6682,50.3131,329.564
2215.2864,231.0915,54.8168,329.3768
2215.4388,233.4184,57.6478,326.1448
2215.5912,236.715,53.0154,327.5387
2215.7436,241.6,52.5006,326.907
2215.896,244.5302,57.9051,326.6892
2216.0484,247.0472,60.736,321.7717
2216.2008,247.1341,60.9934,318.0649
2216.3532,243.7462,57.1331,318.6311
2216.5056,241.1598,65.3684,317.9778
2216.658,239.9617,64.339,318.239
2216.8104,240.6508,67.1699,317.5422
2216.9628,242.9099,66.9126,316.1069
2217.1152,243.896,71.8024,317.4768
2217.2676,240.4932,71.8024,317.2591
2217.42,238.4378,64.339,317.2808
2217.5724,235.6243,56.8757,316.6275
2217.7248,234.6466,48.3829,315.6256
2217.8772,235.285,49.4124,315.6954
2218.0296,233.2935,56.6183,316.5404
2218.182,233.4899,65.1754,317.4986
2218.3344,234.0092,66.9769,318.348
2218.4868,232.8972,65.6901,319.5677
2218.6392,236.4999,71.545,319.3412
2218.7916,244.1148,88.5305,319.4152
2218.944,254.9157,97.7953,320.1992
2219.0964,264.0569,89.3026,320.6783
2219.2488,268.5409,75.6627,317.3026
2219.4012,261.9769,70.5156,316.9106
2219.5536,253.0609,77.4642,315.0594
2219.706,248.5561,78.4936,314.3843
2219.8584,245.291,75.148,316.1266
2220.0108,246.632,69.4862,316.9542
2220.1632,247.9416,79.523,313.23
2220.3156,245.0083,85.4422,310.464
2220.468,241.6795,84.4771,308.0248
2220.6204,239.9497,65.1754,305.3242
2220.7728,239.7133,58.7415,304.6927
2220.9252,240.7265,81.7878,308.3733
2221.0776,242.3134,117.3029,309.8107
2221.23,242.5371,143.8106,308.5693
2221.3824,240.3628,150.875,302.9069
2221.5348,236.6162,154.7354,297.9413
2221.6872,233.7369,163.5627,295.219
2221.8396,232.857,158.0939,297.0483
2221.992,233.2136,141.7839,298.2897
2222.1444,233.1801,126.2653,301.0339
2222.2968,232.2429,138.6184,309.5712
2222.4492,231.8835,155.2372,308.639
2222.6016,229.1944,161.4137,307.6764
2222.754,230.8009,145.4577,308.1119
2222.9064,231.8016,143.6047,308.2427
2223.0588,234.9101,142.0606,307.3932
2223.2112,238.9991,140.2591,310.0503
2223.3636,237.6196,132.2811,311.1392
2223.516,238.9301,133.3105,311.2263
2223.6684,236.0739,140.7738,312.6768
2223.8208,233.2091,145.9724,313.2517
2223.9732,234.585,142.8841,314.6891
2224.1256,234.1445,133.6193,315.778
2224.278,230.7168,126.3618,315.2446
2224.4304,232.4458,124.303,315.5777
2224.5828,233.7754,122.7589,314.0358
2224.7352,234.0559,118.1264,316.1702
2224.8876,233.1377,111.1778,314.6674
2225.04,231.3664,110.4572,311.7054
2225.1924,230.2604,117.4059,315.1029
2225.3448,233.2703,123.5824,315.6954
2225.4972,235.5199,131.7663,316.1483
2225.6496,235.1664,127.3913,316.2791
2225.802,235.0327,129.7075,316.388
2225.9544,232.7297,129.9648,316.584
2226.1068,232.0548,140.5164,315.887
2226.2592,235.4756,138.6892,316.597
2226.4116,237.2622,129.4244,316.8453
2226.564,235.5908,121.189,316.6711
2226.7164,236.0668,131.7663,316.8017
2226.8688,230.2054,141.5459,322.1592
2227.0212,227.0823,140.2591,325.5546
2227.1736,226.0944,125.8471,329.6075
2227.326,225.4962,127.3913,330.4353
2227.4784,227.4033,124.0456,333.0704
2227.6308,227.6915,132.7958,333.0029
2227.7832,228.9172,136.1414,332.2646
2227.9356,226.6799,153.3842,333.3536
2228.088,227.2505,151.8401,334.2901
2228.2404,229.4381,138.226,333.5496
2228.3928,225.7921,117.6375,331.9597
2228.5452,227.2463,120.4684,335.1177
2228.6976,226.2735,133.3105,334.0287
2228.85,224.3513,139.7444,331.5459
2229.0024,225.8106,134.3399,335.0741
2229.1548,226.8934,124.303,336.1195
2229.3072,226.2114,128.4207,334.4643
2229.4596,225.9734,126.8766,334.9435
2229.612,225.1789,129.9648,335.1613
2229.7644,222.6498,117.8691,335.7275
2229.9168,221.9817,115.0382,336.6639
2230.0692,220.2916,117.8691,336.9035
2230.2216,219.08,124.0456,336.7728
2230.374,218.2517,129.7075,340.0615
2230.5264,215.29,131.509,339.0161
2230.6788,218.9534,137.4282,338.0142
2230.8312,224.5562,136.6561,336.6857
2230.9836,227.5939,128.1633,338.6893
2231.136,231.481,120.9574,339.2339
2231.2884,230.0499,131.509,339.125
2231.4408,227.2444,136.6561,336.7511
2231.5932,230.1881,138.7149,337.4698
2231.7456,235.7538,119.4132,339.4734
2231.898,236.5982,113.494,337.056
2232.0504,235.28,122.5015,339.8001
2232.2028,229.6143,140.8253,339.713
2232.3552,220.5536,150.6048,346.0941
2232.5076,216.8339,145.9724,353.9318
2232.66,218.7323,148.2371,353.8692
2232.8124,223.6367,155.1857,357.4845
2232.9648,226.6322,155.9578,358.7912
2233.1172,226.0312,148.2371,357.4845
2233.2696,225.0595,139.2811,354.174
2233.422,221.5905,146.7444,356.3084
2233.5744,219.5451,147.5165,355.263
2233.7268,221.8891,148.2114,359.2921
2233.8792,219.7582,136.373,359.4663
2234.0316,221.1679,129.167,358.0072
2234.184,222.7688,121.0603,354.9364
2234.3364,221.973,125.9501,356.6351
2234.4888,224.9079,138.3032,357.9418
2234.6412,223.1977,150.5791,354.3265
2234.7936,220.9277,156.2409,356.8093
2234.946,221.763,155.9835,353.1288
2235.0984,220.6551,157.2446,353.1288
2235.2508,221.027,154.3365,355.7857
2235.4032,221.747,154.5938,352.6931
2235.5556,221.3386,153.0497,353.6296
2235.708,220.2198,161.1049,352.998
2235.8604,220.8072,156.7299,353.2158
2236.0128,220.966,163.73,353.194
2236.1652,219.828,164.2446,352.4971
2236.3176,220.553,172.3256,351.8872
2236.47,219.9476,176.6492,353.2375
2236.6224,217.5989,166.355,355.6333
2236.7748,217.2145,161.877,351.9526
2236.9272,216.2595,153.6159,351.8002
2237.0796,217.6039,161.0792,355.3088
2237.232,220.5849,163.3954,354.2611
2237.3844,231.4132,155.1857,353.7603
2237.5368,239.3975,142.7297,353.6732
2237.6892,241.7612,134.7516,353.891
2237.8416,240.9239,146.59,352.1051
2237.994,228.914,166.2521,353.4554
2238.1464,222.5882,175.2338,355.6333
2238.2988,220.0847,169.0572,354.0434
2238.4512,218.6305,155.16,354.283
2238.6036,219.1353,158.5314,355.3284
2238.756,219.8726,163.1638,357.6805
2238.9084,223.7834,170.1124,356.9836
2239.0608,226.3687,172.2999,357.6805
2239.2132,227.7987,174.1014,358.0072
2239.3656,226.93,177.447,358.7912
2239.518,223.6037,178.3478,355.1106
2239.6704,222.8834,178.0904,353.0155
2239.8228,223.929,179.3772,356.1777
2239.9752,227.0544,171.1418,356.0906
2240.1276,231.1664,160.8476,356.5698
2240.28,240.7542,149.5239,357.3102
2240.4324,242.1336,142.5753,357.724
2240.5848,237.6145,144.1451,356.548
2240.7372,234.7531,146.4614,353.2812
2240.8896,229.9742,144.4025,352.4971
2241.042,230.0387,149.0092,350.3693
2241.1944,229.2723,154.671,356.1124
2241.3468,229.4695,163.1638,356.3738
2241.4992,229.4255,161.877,358.2032
2241.6516,224.2254,166.5094,356.7222
2241.804,225.0692,164.6307,355.1759
2241.9564,224.0786,160.513,356.156
2242.1088,222.4443,154.5938,352.6277
2242.2612,221.93,154.4137,349.7748
2242.4136,221.5344,168.0535,350.733
2242.566,222.4868,168.3109,353.6732
2242.7184,222.4695,175.208,356.352
2242.8708,224.8336,163.8844,355.5244
2243.0232,224.5807,160.2814,353.5643
2243.1756,226.9492,157.5019,353.9127
2243.328,225.7043,170.1124,355.9382
2243.4804,225.1734,175.7742,355.2413
2243.6328,227.2142,173.458,354.0652
2243.7852,224.2865,165.9947,351.4082
2243.9376,223.7287,166.2521,353.7167
2244.09,223.1336,168.5682,354.1088
2244.2424,222.8552,163.1638,354.1305
2244.3948,222.9659,162.0057,353.7385
2244.5472,224.9402,155.0571,353.0416
2244.6996,224.6861,155.1857,352.802
2244.852,225.814,153.2556,350.8419
2245.0044,224.6451,156.2666,349.8401
2245.1568,224.7282,159.2262,353.9345
2245.3092,226.4316,165.9175,354.9951
2245.4616,226.6667,178.425,355.0887
2245.614,228.6193,188.2045,355.0235
2245.7664,230.0515,192.0134,358.2032
2245.9188,228.9991,191.6788,357.8329
2246.0712,228.9966,190.6494,357.3755
2246.2236,230.729,189.0281,358.1161
2246.376,231.7102,189.2854,357.1142
2246.5284,232.2155,185.4251,354.7186
2246.6808,229.7613,179.6346,354.7795
2246.8332,231.455,177.8331,358.2032
2246.9856,230.244,175.0022,357.3755
2247.138,232.6534,174.3073,356.5044
2247.2904,237.2989,177.6529,358.6823
2247.4428,234.7701,181.4361,352.4753
2247.5952,235.2502,179.5573,353.0634
2247.7476,233.1396,176.4691,354.0935
2247.9,231.3797,181.9508,350.6459
2248.0524,232.5395,186.6089,356.3301
2248.2048,233.3706,182.2339,358.8565
2248.3572,232.7898,183.0059,357.3755
2248.5096,235.1036,171.6565,354.6315
2248.662,235.8819,164.7079,354.8492
2248.8144,235.1031,156.3696,357.3669
2248.9668,234.9029,162.0314,354.9799
2249.1192,232.2188,168.4653,360.4246
2249.2716,231.9581,178.425,362.0144
2249.424,229.4386,179.9691,359.6406
2249.5764,226.2177,172.2484,360.1306
2249.7288,225.595,161.1306,357.1796
2249.8812,225.2752,160.3586,358.5037
2250.0336,225.9733,169.8808,356.7658
2250.186,229.2293,170.8844,356.0688
2250.3384,230.0596,172.094,356.8964
2250.4908,229.1449,168.7484,361.2478
2250.6432,229.2788,164.3733,357.4409
2250.7956,227.5125,163.4211,357.4409
2250.948,227.4076,164.7079,358.1901
2251.1004,226.1742,164.4506,356.2431
2251.2528,226.7418,167.0241,355.5244
2251.4052,225.3192,167.5388,357.3538
2251.5576,224.3447,167.7962,357.9744
2251.71,225.7666,165.2226,361.1869
2251.8624,225.7872,161.3623,356.3955
2252.0148,227.7597,170.8844,355.4808
2252.1672,228.4317,179.6346,356.9399
2252.3196,227.8166,181.1787,355.655
2252.472,228.8758,176.2889,356.4653
2252.6244,230.0196,169.083,365.8475
2252.7768,231.2495,169.3403,366.7186
2252.9292,231.2604,171.7852,364.3448
2253.0816,230.8484,173.3293,359.2485
2253.234,230.5654,171.5278,358.7911
2253.3864,230.9238,175.2595,359.0526
2253.5388,234.0269,177.7559,358.2032
2253.6912,235.4876,175.697,363.6696
2253.8436,236.8172,174.1529,361.3458
2253.996,236.9088,172.1712,357.2448
2254.1484,236.2124,181.1787,358.421
2254.3008,234.74,180.1493,354.1523
2254.4532,230.7125,173.561,360.5988
2254.6056,228.6802,165.8403,361.0561
2254.758,228.407,159.149,363.0163
2254.9104,228.7747,158.5314,365.8737
2255.0628,230.4936,164.7851,365.9347
2255.2152,231.6028,167.1013,366.8058
2255.3676,230.8624,172.5058,365.9347
2255.52,231.7533,171.6565,363.1252
2255.6724,232.8538,173.0205,362.0144
2255.8248,232.9863,177.6529,359.0743
2255.9772,233.404,175.5941,359.3269
2256.1296,232.9334,177.8331,361.7966
2256.282,232.861,167.719,359.3357
2256.4344,232.2061,172.8661,360.4246
2256.5868,231.6908,178.2706,359.0743
2256.7392,232.2719,180.1493,362.2975
2256.8916,231.8049,177.8331,361.4264
2257.044,230.9947,172.5058,360.8754
2257.1964,232.163,173.0205,358.9437
2257.3488,232.2109,174.2558,355.7203
2257.5012,233.218,171.605,356.818
2257.6536,233.7708,171.8624,358.6823
2257.806,233.333,175.3367,357.724
2257.9584,232.7908,175.5941,359.719
2258.1108,232.0177,178.6823,360.773
2258.2632,233.2386,180.3037,362.0319
2258.4156,234.133,186.7376,363.3865
2258.568,234.2227,194.2009,363.8743
2258.7204,235.6582,185.631,365.1506
2258.8728,232.3466,175.0794,364.8457
2259.0252,229.9785,172.7632,364.58
2259.1776,229.2254,171.605,364.4232
2259.33,226.9721,174.6933,361.8402
2259.4824,227.7697,174.2301,361.0518
2259.6348,227.872,169.9065,360.2068
2259.7872,226.1787,168.105,361.1215
2259.9396,227.5911,161.6196,359.6841
2260.092,227.653,165.48,360.111
2260.2444,227.8619,170.3698,359.7495
2260.3968,228.9992,175.5169,357.7676
2260.5492,230.0139,179.3772,357.8373
2260.7016,230.8158,172.9948,353.5861
2260.854,231.0215,168.6197,353.2594
2261.0064,232.2023,165.5314,355.5832
2261.1588,230.947,166.4579,359.6624
2261.3112,230.4362,167.23,356.1777
2261.4636,229.8876,160.4358,355.4155
2261.616,228.5925,162.8035,355.1715
2261.7684,228.5003,162.8035,356.9836
2261.9208,229.2619,174.4874,360.503
2262.0732,230.0153,182.9802,361.1215
2262.2256,230.7946,180.9728,361.9055
2262.378,231.3741,176.0058,360.8362
2262.5304,231.8287,176.7779,357.8764
2262.6828,234.6705,173.9985,354.6532
2262.8352,236.8728,165.3255,355.6419
2262.9876,236.3056,153.7446,356.8747
2263.14,237.5292,158.0167,359.2703
2263.2924,237.0359,157.5019,358.0529
2263.4448,231.8526,156.524,360.7077
2263.5972,232.1417,151.6342,360.4899
2263.7496,232.7564,160.3843,358.5516
2263.902,235.1929,162.0057,357.5433
2264.0544,237.2211,163.0351,356.2649
2264.2068,235.5619,160.6931,358.2467
2264.3592,233.1003,159.7924,357.4191
2264.5116,229.1759,162.8807,358.4427
2264.664,230.384,161.7226,359.5752
2264.8164,230.4119,153.4872,360.0913
2264.9688,231.4341,147.3106,357.8547
2265.1212,231.6686,150.7849,360.2068
2265.2736,231.0645,164.4248,360.4246
2265.426,230.8692,168.7227,354.9799
2265.5784,228.4504,166.9469,350.5457
2265.7308,226.5326,159.2005,351.9526
2265.8832,225.1924,159.2777,351.7566
2266.0356,223.4784,166.9984,354.8928
2266.188,224.898,166.3035,356.7222
2266.3404,225.8996,163.4469,356.8964
2266.4928,225.9276,152.8953,358.7389
2266.6452,227.3054,157.9909,357.0925
2266.7976,228.3283,163.0866,355.6768
2266.95,228.5698,168.7484,354.2307
2267.1024,227.4521,169.4433,353.2375
2267.2548,226.4199,159.9983,351.2122
2267.4072,226.6257,161.0277,352.8456
2267.5596,226.7578,156.3953,354.4572
2267.712,226.5993,169.5205,353.4989
2267.8644,225.1481,166.9726,354.9756
2268.0168,225.9834,173.4837,355.6986
2268.1692,226.7974,170.4984,354.5225
2268.3216,227.6151,176.3919,352.9109
2268.474,227.9568,173.3551,351.2122
2268.6264,227.147,174.0242,352.643
2268.7788,226.2359,166.741,352.3229
2268.9312,225.5686,167.9763,352.4318
2269.0836,225.7439,170.0867,351.4473
2269.236,226.7571,177.8845,352.3447
2269.3884,226.3522,178.5022,353.5643
2269.5408,226.7123,174.8477,352.9545
2269.6932,229.3754,175.8514,355.7203
2269.8456,231.8664,180.2522,355.3936
2269.998,235.5236,188.4876,353.8474
2270.1504,238.7777,194.5097,353.525
2270.3028,240.9361,193.0943,353.1069
2270.4552,241.1165,194.5355,351.6237
2270.6076,238.9924,191.1126,352.1704
2270.76,236.7138,190.4435,349.8401
2270.9124,235.0146,184.6273,348.3112
2271.0648,233.233,182.4912,348.4899
2271.2172,233.4985,182.6456,349.4045
2271.3696,234.1978,186.7633,345.9591
2271.522,237.0298,180.5096,350.2103
2271.6744,241.2301,180.2522,348.5334
2271.8268,245.7124,181.9507,345.3711
2271.9792,250.2714,182.6199,346.5079
2272.1316,250.0454,189.0538,349.557
2272.284,257.0995,183.7265,349.9577
2272.4364,252.0284,189.3884,349.4916
2272.5888,254.1044,188.1531,351.9744
2272.7412,254.525,192.8112,350.6241
2272.8936,247.9314,195.6421,352.1704
2273.046,256.2849,197.2635,351.8394
2273.1984,254.0695,202.1018,349.9708
2273.3508,255.6252,199.2708,354.871
2273.5032,253.739,199.9657,353.6732
2273.6556,250.3518,195.1274,355.9948
2273.808,251.951,196.4142,359.0308
2273.9604,253.7735,194.5612,358.9436
2274.1128,257.1364,199.9657,358.7389
2274.2652,261.4088,205.6275,354.1959
2274.4176,263.9693,212.8078,356.2648
2274.57,267.3573,212.0357,356.8964
2274.7224,268.4272,213.3482,357.2013
2274.8748,271.5116,216.4622,364.6497
2275.0272,271.8204,217.4916,367.3633
2275.1796,270.0821,213.3225,367.9383
2275.332,267.3588,207.1459,369.9419
2275.4844,263.6262,201.9988,369.049
2275.6368,259.4139,203.054,366.8145
2275.7892,257.1073,200.7377,366.9799
2275.9416,255.6048,204.3665,366.5205
2276.094,253.7477,198.7046,370.8784
2276.2464,247.5614,187.1751,367.8729
2276.3988,241.5664,178.6566,365.5862
2276.5512,237.0762,179.9434,357.6586
2276.7036,235.2387,189.9031,359.5316
2276.856,235.4512,190.9325,360.6794
2277.0084,236.8863,186.6089,358.2467
2277.1608,236.9772,188.4361,365.9999
2277.3132,234.9982,182.2596,356.6787
2277.4656,234.8856,185.2964,351.7806
2277.618,234.9951,180.4581,347.7276
2277.7704,233.6507,182.517,349.9185
2277.9228,236.7607,187.1236,350.1015
2278.0752,239.0443,187.3295,353.0546
2278.2276,241.2358,190.8295,356.9182
2278.38,242.8473,186.2229,354.0434
2278.5324,239.4446,175.6713,348.8383
2278.6848,235.6269,171.7337,348.1544
2278.8372,232.2815,160.6674,351.9526
2278.9896,229.8255,165.4542,354.1719
2279.142,229.5567,166.9212,357.2013
2279.2944,229.9329,175.8772,363.4823
2279.4468,230.0659,174.436,361.9926
2279.5992,230.7247,167.4874,358.0333
2279.7516,230.5096,157.7593,356.1124
2279.904,230.9233,157.2446,353.6819
2280.0564,231.168,160.6417,348.9689
2280.2088,230.2171,164.7594,347.1744
2280.3612,229.9661,172.2227,346.7911
2280.5136,230.1057,171.5278,349.8837
2280.666,230.6227,175.7485,351.1729
2280.8184,228.9894,168.2852,351.4953
2280.9708,227.6888,171.9911,352.8391
2281.1232,228.7526,166.2263,354.0544
2281.2756,230.4217,167.9506,351.8437
2281.428,231.7341,163.0866,351.5258
2281.5804,232.1924,164.116,351.9309
2281.7328,230.0305,163.8844,354.0739
2281.8852,226.5015,164.1417,351.626
2282.0376,224.6261,166.7925,349.8009
2282.19,225.0348,169.1602,346.9
2282.3424,226.3666,165.8917,349.4677
2282.4948,227.4836,164.5278,352.3229
2282.6472,229.6371,162.8549,354.7403
2282.7996,230.8858,173.5867,352.9109
2282.952,230.7407,169.9837,352.2314
2283.1044,229.6564,173.2006,352.3447
2283.2568,227.5696,166.4065,350.6241
2283.4092,226.4232,162.5461,353.133
2283.5616,226.7784,156.3696,349.8401
2283.714,229.4514,163.3182,349.4873
2283.8664,231.9214,168.7227,353.8038
2284.0188,231.6794,173.6124,351.7217
2284.1712,231.6167,167.2815,353.3247
2284.3236,229.5191,164.9138,354.858
2284.476,229.0155,168.7741,351.7131
2284.6284,231.0267,173.6639,352.6822
2284.7808,230.3143,179.4544,345.9417
2284.9332,230.268,174.0499,349.0364
2285.0856,229.8658,169.6749,353.3466
2285.238,228.96,170.6014,345.6063
2285.3904,228.4603,164.4248,350.6459
2285.5428,229.3226,163.3954,351.5388
2285.6952,229.9063,171.9653,353.4663
2285.8476,231.6049,172.9948,348.9908
2286.0,231.9448,173.3551,354.5661
2286.1524,229.5636,159.9211,360.6402
2286.3048,226.8777,155.546,355.1759
2286.4572,224.7471,148.5974,352.7367
2286.6096,224.1536,140.1047,352.7802
2286.762,222.9821,138.8179,354.7207
2286.9144,221.6775,143.3474,355.6768
2287.0668,220.2906,151.5827,355.8946
2287.2192,218.0564,145.0974,360.4246
2287.3716,219.7245,126.6707,359.597
2287.524,224.1957,122.2956,359.2486
2287.6764,225.2524,135.498,358.8783
2287.8288,227.5355,163.9616,354.8057
2287.9812,228.4461,169.0572,357.7196
2288.1336,228.2463,174.6933,355.6986
2288.286,231.6537,169.3918,358.0333
2288.4384,232.7676,176.3404,359.989
2288.5908,233.3132,182.7743,355.3936
2288.7432,234.3085,179.5316,354.8776
2288.8956,234.7512,176.2375,351.6042
2289.048,236.1718,168.3366,350.3846
2289.2004,236.7645,179.665,352.0615
2289.3528,236.7666,182.7275,356.8964
2289.5052,237.9684,182.159,358.6823
2289.6576,237.6799,178.3689,357.2666
2289.81,237.5868,178.5584,358.347
2289.9624,237.8124,188.6654,360.3374
2290.1148,237.1277,186.0685,358.0333
2290.2672,236.441,185.0683,357.1796
2290.4196,233.6514,172.7503,358.9545
2290.572,231.7796,166.6331,358.6823
2290.7244,229.5274,164.7178,359.5099
2290.8768,225.9674,165.8759,359.6014
2291.0292,225.5802,173.5372,358.9654
2291.1816,223.9636,174.6062,356.8964
2291.334,221.7999,179.6247,358.8348
2291.4864,222.9426,176.8452,359.9738
2291.6388,225.9408,179.7596,358.2685
2291.7912,229.3334,175.4029,355.3675
2291.9436,231.8122,176.6382,356.0035
2292.096,232.9617,173.2963,354.6532
2292.2484,232.3276,172.3256,350.8789
2292.4008,231.0278,167.23,350.7112
2292.5532,229.7606,168.5039,357.0141
2292.7056,228.7414,173.5899,356.7004
2292.858,228.415,173.0086,358.1117
2293.0104,228.8914,167.1022,361.5571
2293.1628,230.7795,158.9666,355.9948
2293.3152,232.9905,159.2391,352.8891
2293.4676,233.9985,160.3682,356.1712
2293.62,235.0422,,362.6025
2293.7724,236.4924,,360.8383
2293.9248,236.8812,,369.3038
2294.0772,237.3052,,363.7349
2294.2296,235.9927,,365.462
2294.382,235.9062,,362.5807
2294.5344,233.6201,,357.7196
2294.6868,232.0715,,355.6768
2294.8392,232.6595,,356.3868
2294.9916,233.0673,,360.1632
2295.144,231.3895,,358.5429
2295.2964,230.9697,,361.47
2295.4488,231.2845,,359.9019
2295.6012,230.8778,,362.7375
2295.7536,232.5356,,364.2794
2295.906,234.2669,,360.185
2296.0584,234.7787,,356.622
2296.2108,233.0392,,356.7658
2296.3632,233.1118,,359.8365
2296.5156,229.6763,,356.1124
2296.668,230.015,,354.9799
2296.8204,230.3993,,358.9741
2296.9728,231.972,,361.165
2297.1252,232.8647,,358.2685
2297.2776,232.8863,,357.4256
2297.43,232.9186,,360.381
2297.5824,232.9504,,358.4427
2297.7348,232.9731,,358.4645
2297.8872,232.9844,,361.4047
2298.0396,233.0376,,358.4427
2298.192,233.0275,,356.0144
2298.3444,233.056,,352.4971
2298.4968,233.0758,,352.6931
2298.6492,233.0713,,352.349
2298.8016,233.1027,,351.0815
2298.954,233.104,,357.2666
2299.1064,233.0973,,354.8928
2299.2588,233.1228,,354.1719
2299.4112,233.0698,,356.6133
2299.5636,,,356.3476
2299.716,,,357.1577
2299.8684,,,359.4663
2300.0208,,,361.7182
2300.1732,,,360.5117
2300.3256,,,359.1505
2300.478,,,353.3247
2300.6304,,,355.3937
2300.7828,,,358.2881
2300.9352,,,358.1508
2301.0876,,,358.0072
2301.24,,,353.7407
2301.3924,,,353.2811
2301.5448,,,354.9363
2301.6972,,,356.0252
2301.8496,,,353.1723
2302.002,,,352.1138
2302.1544,,,357.332
2302.3068,,,357.3974
2302.4592,,,354.0542
2302.6116,,,357.2101
2302.764,,,357.2172
2302.9164,,,357.896
2303.0688,,,346.5436
2303.2212,,,365.307
2303.3736,,,364.9524
2303.526,,,358.9456
2303.6784,,,354.626
2303.8308,,,357.2557
2303.9832,,,358.4947
2304.1356,,,359.4609
2304.288,,,362.9878
2304.4404,,,369.3656
2304.5928,,,351.7349
2304.7452,,,351.755
2304.8976,,,321.7204
2305.05,,,292.5602
2305.2024,,,259.7152
2305.3548,,,229.8967
2305.5072,,,201.9057
2305.6596,,,174.4513
2305.812,,,146.0188
2305.9644,,,117.269
2306.1168,,,88.2907
2306.2692,,,60.3925
2306.4216,,,35.0252
2306.574,,,29.2829
2306.7264,,,29.1695
2306.8788,,,29.2068
